"Nouveau","Ancien","SHA256"
"C:\Users\bouss\eco-tri-ia\data\raw\garbage_dataset_v2\six_classes\cardboard\cardboard_100.jpg","C:\Users\bouss\eco-tri-ia\data\classification\v2\val\cardboard\cardboard196.jpg","2E2814038C3594BB3D50FA40A8A4763AD9087A2B53E21C061F51D7CF0A90B78B"
"C:\Users\bouss\eco-tri-ia\data\raw\garbage_dataset_v2\six_classes\cardboard\cardboard_1000.jpg","C:\Users\bouss\eco-tri-ia\data\classification\v2\train\cardboard\cardboard140.jpg","5C07AB0E59BBF265410C979526AB9B388B28A5FD5FE93FA7D713ED96954BA7F4"
"C:\Users\bouss\eco-tri-ia\data\raw\garbage_dataset_v2\six_classes\cardboard\cardboard_1016.jpg","C:\Users\bouss\eco-tri-ia\data\classification\v2\train\cardboard\cardboard115.jpg","448E75E25FC89C0AF92631D09FE6A6B3C86D121478BA1B9FD8F57A6CCB2A98E1"
"C:\Users\bouss\eco-tri-ia\data\raw\garbage_dataset_v2\six_classes\cardboard\cardboard_1017.jpg","C:\Users\bouss\eco-tri-ia\data\classification\v2\test\cardboard\cardboard346.jpg","3324E4A5A61AA8FC1A7764E1131AB92968F10A5FF02AEB29E5EF4513FBD55EBC"
"C:\Users\bouss\eco-tri-ia\data\raw\garbage_dataset_v2\six_classes\cardboard\cardboard_1018.jpg","C:\Users\bouss\eco-tri-ia\data\classification\v2\train\cardboard\cardboard380.jpg","450D323ADB8F48ED84871A410BA3D17E3AB51B8C3A239654541127F6A10A5E99"
"C:\Users\bouss\eco-tri-ia\data\raw\garbage_dataset_v2\six_classes\cardboard\cardboard_102.jpg","C:\Users\bouss\eco-tri-ia\data\classification\v2\train\cardboard\cardboard28.jpg","3A0E12D4D8E11D8D37F4404A56E4E675CB87F17146449A5E0C779DB8035C5641"
"C:\Users\bouss\eco-tri-ia\data\raw\garbage_dataset_v2\six_classes\cardboard\cardboard_1022.jpg","C:\Users\bouss\eco-tri-ia\data\classification\v2\test\cardboard\cardboard399.jpg","60495C8BC2534D43EBD44B7F4E534CC7F4C2408CED3DBA5B0415E5B79CB4B007"
"C:\Users\bouss\eco-tri-ia\data\raw\garbage_dataset_v2\six_classes\cardboard\cardboard_1023.jpg","C:\Users\bouss\eco-tri-ia\data\classification\v2\train\cardboard\cardboard142.jpg","4CB2DF483CA108F9625290F9F10B6AA5EEFBF3BC9FB11E9F75804C14D2FE17BE"
"C:\Users\bouss\eco-tri-ia\data\raw\garbage_dataset_v2\six_classes\cardboard\cardboard_1029.jpg","C:\Users\bouss\eco-tri-ia\data\classification\v2\train\cardboard\cardboard168.jpg","C5ADF70B3390C88D5799A29251D4D6DED545F8E9B2B27A11BF5DEFAC377491D9"
"C:\Users\bouss\eco-tri-ia\data\raw\garbage_dataset_v2\six_classes\cardboard\cardboard_1031.jpg","C:\Users\bouss\eco-tri-ia\data\classification\v2\train\cardboard\cardboard391.jpg","1378754E2CA5C4A0B7DB35F370DCC2E5A10ED5E0480B6F6F9B0AC8C788641E87"
"C:\Users\bouss\eco-tri-ia\data\raw\garbage_dataset_v2\six_classes\cardboard\cardboard_1033.jpg","C:\Users\bouss\eco-tri-ia\data\classification\v2\train\cardboard\cardboard116.jpg","9537B0FD18AC7A43BD2F9CBFDBFD28D1E2460B4DD9D2BBC634745477F917C8CA"
"C:\Users\bouss\eco-tri-ia\data\raw\garbage_dataset_v2\six_classes\cardboard\cardboard_1036.jpg","C:\Users\bouss\eco-tri-ia\data\classification\v2\train\cardboard\cardboard72.jpg","BF07EBB21C8182AE7954A72A317B9FCFF4CDC852BAC1716F0F99C0367A60A337"
"C:\Users\bouss\eco-tri-ia\data\raw\garbage_dataset_v2\six_classes\cardboard\cardboard_104.jpg","C:\Users\bouss\eco-tri-ia\data\classification\v2\test\cardboard\cardboard96.jpg","6F8BEFD29C103EA83A36BE7E8711829D8B23CA25D494C6672053576B82C7757C"
"C:\Users\bouss\eco-tri-ia\data\raw\garbage_dataset_v2\six_classes\cardboard\cardboard_1041.jpg","C:\Users\bouss\eco-tri-ia\data\classification\v2\train\cardboard\cardboard167.jpg","AEEF14B55DE1B144084E8C760D2353476589AB96310AF05AB3EFC395EABF2FB4"
"C:\Users\bouss\eco-tri-ia\data\raw\garbage_dataset_v2\six_classes\cardboard\cardboard_1045.jpg","C:\Users\bouss\eco-tri-ia\data\classification\v2\val\cardboard\cardboard31.jpg","C236ABB3035210D316970D34BAB994D39FACAC9BE0A17EF8351DC0FD0C9DCD9D"
"C:\Users\bouss\eco-tri-ia\data\raw\garbage_dataset_v2\six_classes\cardboard\cardboard_1047.jpg","C:\Users\bouss\eco-tri-ia\data\classification\v2\train\cardboard\cardboard216.jpg","CE928B2777C2F4EAD19F07CB8E673CFF4B9B8F3B7472D2D3A184C6E6D8AAAE41"
"C:\Users\bouss\eco-tri-ia\data\raw\garbage_dataset_v2\six_classes\cardboard\cardboard_105.jpg","C:\Users\bouss\eco-tri-ia\data\classification\v2\train\cardboard\cardboard219.jpg","2A0B62FDA0FF643A92FEA69F05C0C1D6BB75D8F11E93B684B6EB052337E89334"
"C:\Users\bouss\eco-tri-ia\data\raw\garbage_dataset_v2\six_classes\cardboard\cardboard_1050.jpg","C:\Users\bouss\eco-tri-ia\data\classification\v2\val\cardboard\cardboard360.jpg","E46438A35440CD67F9214DF0232AC1534408AD69E6F164586AACD69D2F73963C"
"C:\Users\bouss\eco-tri-ia\data\raw\garbage_dataset_v2\six_classes\cardboard\cardboard_1053.jpg","C:\Users\bouss\eco-tri-ia\data\classification\v2\train\cardboard\cardboard306.jpg","216D0A8818C95E559DED0F4671401FF7923B6C3141DEA7497E5022E65BED4260"
"C:\Users\bouss\eco-tri-ia\data\raw\garbage_dataset_v2\six_classes\cardboard\cardboard_1063.jpg","C:\Users\bouss\eco-tri-ia\data\classification\v2\train\cardboard\cardboard117.jpg","17B467E667F6EC479E92721A9F9022C2D7F127BAE2AFD95CF25C0AC5C8D49935"
"C:\Users\bouss\eco-tri-ia\data\raw\garbage_dataset_v2\six_classes\cardboard\cardboard_1068.jpg","C:\Users\bouss\eco-tri-ia\data\classification\v2\val\cardboard\cardboard392.jpg","5544BA127A8F5938080130CC3DEC06B9BAB5E881F8465FC1C2EEE8B7ED14C749"
"C:\Users\bouss\eco-tri-ia\data\raw\garbage_dataset_v2\six_classes\cardboard\cardboard_1069.jpg","C:\Users\bouss\eco-tri-ia\data\classification\v2\train\cardboard\cardboard180.jpg","D0D33E05DDF5A1464AF7D3CEED2D30DC161BDD7AC140402020091087C4E6F6D9"
"C:\Users\bouss\eco-tri-ia\data\raw\garbage_dataset_v2\six_classes\cardboard\cardboard_1073.jpg","C:\Users\bouss\eco-tri-ia\data\classification\v2\train\cardboard\cardboard13.jpg","E006FA15195442CE465A792C52F129B123DA255EE3CE2ECF68AD688E531BE659"
"C:\Users\bouss\eco-tri-ia\data\raw\garbage_dataset_v2\six_classes\cardboard\cardboard_1079.jpg","C:\Users\bouss\eco-tri-ia\data\classification\v2\train\cardboard\cardboard195.jpg","02D2FD8BF5530E970DBEF1107CEE1A731C781A838D61174953A3D171963F5D94"
"C:\Users\bouss\eco-tri-ia\data\raw\garbage_dataset_v2\six_classes\cardboard\cardboard_1082.jpg","C:\Users\bouss\eco-tri-ia\data\classification\v2\test\cardboard\cardboard234.jpg","17111E478C7B5036548661B8C4EA6453A562F0CDC8A3EA3A6F4645B331893348"
"C:\Users\bouss\eco-tri-ia\data\raw\garbage_dataset_v2\six_classes\cardboard\cardboard_1085.jpg","C:\Users\bouss\eco-tri-ia\data\classification\v2\test\cardboard\cardboard78.jpg","922A4EEBB8634424A2B96F8D649CB97EF38F98BD08148F973C010EDCB8C31DE6"
"C:\Users\bouss\eco-tri-ia\data\raw\garbage_dataset_v2\six_classes\cardboard\cardboard_1088.jpg","C:\Users\bouss\eco-tri-ia\data\classification\v2\val\cardboard\cardboard204.jpg","BDE9127611FC86B82D3A0D620DD75227B627D6813FA8D56F026E18F00669015E"
"C:\Users\bouss\eco-tri-ia\data\raw\garbage_dataset_v2\six_classes\cardboard\cardboard_1094.jpg","C:\Users\bouss\eco-tri-ia\data\classification\v2\train\cardboard\cardboard209.jpg","52B6C183732B04BD232645F5E8685C19280DBC2F0CE9725B156B472924183CB5"
"C:\Users\bouss\eco-tri-ia\data\raw\garbage_dataset_v2\six_classes\cardboard\cardboard_1105.jpg","C:\Users\bouss\eco-tri-ia\data\classification\v2\test\cardboard\cardboard172.jpg","DC136340244A6E65ADF8371C06BF0D9D7ADCB086EAD81D4B072ACEBA22D80DB0"
"C:\Users\bouss\eco-tri-ia\data\raw\garbage_dataset_v2\six_classes\cardboard\cardboard_1107.jpg","C:\Users\bouss\eco-tri-ia\data\classification\v2\train\cardboard\cardboard302.jpg","4D31E3FBBCAE76E4735880AF8E8DC3F52D70835D7437B0C698A50DBDF5D590DC"
"C:\Users\bouss\eco-tri-ia\data\raw\garbage_dataset_v2\six_classes\cardboard\cardboard_1112.jpg","C:\Users\bouss\eco-tri-ia\data\classification\v2\train\cardboard\cardboard8.jpg","FF000A600923C11B57616F7D963F81E169D1C165BD093DFE02107B15FD75238B"
"C:\Users\bouss\eco-tri-ia\data\raw\garbage_dataset_v2\six_classes\cardboard\cardboard_1114.jpg","C:\Users\bouss\eco-tri-ia\data\classification\v2\val\cardboard\cardboard223.jpg","49ECBABB2B1F30AF7050C50D541873DE3836C8F8A16E2E6C4B9E01A28CA81B8B"
"C:\Users\bouss\eco-tri-ia\data\raw\garbage_dataset_v2\six_classes\cardboard\cardboard_1122.jpg","C:\Users\bouss\eco-tri-ia\data\classification\v2\train\cardboard\cardboard295.jpg","41EE3FC020AA9B670F392A81DBA3DD965CF2BD79762B61FDB508F5AB79E2D55E"
"C:\Users\bouss\eco-tri-ia\data\raw\garbage_dataset_v2\six_classes\cardboard\cardboard_1128.jpg","C:\Users\bouss\eco-tri-ia\data\classification\v2\test\cardboard\cardboard11.jpg","F78D1A1C78D94C7B215B9310F701EA48256C42C105E2455A3C698EF495552523"
"C:\Users\bouss\eco-tri-ia\data\raw\garbage_dataset_v2\six_classes\cardboard\cardboard_1130.jpg","C:\Users\bouss\eco-tri-ia\data\classification\v2\test\cardboard\cardboard227.jpg","5B32BA74F6F497A7160D1A97B163905FE75407C71A909E566AE5C7B4F24F677A"
"C:\Users\bouss\eco-tri-ia\data\raw\garbage_dataset_v2\six_classes\cardboard\cardboard_1132.jpg","C:\Users\bouss\eco-tri-ia\data\classification\v2\train\cardboard\cardboard171.jpg","770E0A53378932F757EBDC1422B58F53B243F303A56EDDA8DEC68884E375881E"
"C:\Users\bouss\eco-tri-ia\data\raw\garbage_dataset_v2\six_classes\cardboard\cardboard_1134.jpg","C:\Users\bouss\eco-tri-ia\data\classification\v2\val\cardboard\cardboard266.jpg","00E86B371FEE7FF97B1709CF88E5EF4859AC4FD7463A9F15F2C67E7696BE8029"
"C:\Users\bouss\eco-tri-ia\data\raw\garbage_dataset_v2\six_classes\cardboard\cardboard_1135.jpg","C:\Users\bouss\eco-tri-ia\data\classification\v2\train\cardboard\cardboard260.jpg","64B61897F78D65C0EE7932007C80517F94435F184E68FC3F6268598BA919CD30"
"C:\Users\bouss\eco-tri-ia\data\raw\garbage_dataset_v2\six_classes\cardboard\cardboard_1136.jpg","C:\Users\bouss\eco-tri-ia\data\classification\v2\train\cardboard\cardboard175.jpg","D4AF0E938445156556763CB843543EDDE80B739FBDECECCCA278C48DD9368D8B"
"C:\Users\bouss\eco-tri-ia\data\raw\garbage_dataset_v2\six_classes\cardboard\cardboard_1138.jpg","C:\Users\bouss\eco-tri-ia\data\classification\v2\val\cardboard\cardboard374.jpg","D73CED2CBEEC5AEB982AA5063D53C22598C367B5694743E7131FE12AF74E23E2"
"C:\Users\bouss\eco-tri-ia\data\raw\garbage_dataset_v2\six_classes\cardboard\cardboard_1139.jpg","C:\Users\bouss\eco-tri-ia\data\classification\v2\train\cardboard\cardboard208.jpg","74AE98F30F3DD02757AC78FD7A4F111F777E612D3EA85A2788C0158DCA01C0E8"
"C:\Users\bouss\eco-tri-ia\data\raw\garbage_dataset_v2\six_classes\cardboard\cardboard_114.jpg","C:\Users\bouss\eco-tri-ia\data\classification\v2\val\cardboard\cardboard284.jpg","693C859854FCB31DE06BDA96DC635D92DF3CAD0E8204EE246BD94674DFE54C35"
"C:\Users\bouss\eco-tri-ia\data\raw\garbage_dataset_v2\six_classes\cardboard\cardboard_1143.jpg","C:\Users\bouss\eco-tri-ia\data\classification\v2\train\cardboard\cardboard67.jpg","CD8E7572765723C2187E3D5CCB0A2E9A0FEB4B184D3D5F3EA798CB2B7683F69C"
"C:\Users\bouss\eco-tri-ia\data\raw\garbage_dataset_v2\six_classes\cardboard\cardboard_1145.jpg","C:\Users\bouss\eco-tri-ia\data\classification\v2\train\cardboard\cardboard1.jpg","9573FD98A5ACA2AB9A4C5B9EBCDFA4DCF9719B216C2025EE4305C4DF611C885F"
"C:\Users\bouss\eco-tri-ia\data\raw\garbage_dataset_v2\six_classes\cardboard\cardboard_1146.jpg","C:\Users\bouss\eco-tri-ia\data\classification\v2\train\cardboard\cardboard202.jpg","A6D3FD0F1FE12E064594E598EA1EBF4BF2357D3AEB657AFF74302B129F003664"
"C:\Users\bouss\eco-tri-ia\data\raw\garbage_dataset_v2\six_classes\cardboard\cardboard_1147.jpg","C:\Users\bouss\eco-tri-ia\data\classification\v2\train\cardboard\cardboard108.jpg","99BCAEAF983807A7517BD9C795C9176189806C05194163201CF64AACE1531143"
"C:\Users\bouss\eco-tri-ia\data\raw\garbage_dataset_v2\six_classes\cardboard\cardboard_1154.jpg","C:\Users\bouss\eco-tri-ia\data\classification\v2\train\cardboard\cardboard325.jpg","FFBDF7C4CCB857BC8EB6F1626A8C761B47D3471CAEA41F73F95637A6A1173685"
"C:\Users\bouss\eco-tri-ia\data\raw\garbage_dataset_v2\six_classes\cardboard\cardboard_1155.jpg","C:\Users\bouss\eco-tri-ia\data\classification\v2\train\cardboard\cardboard245.jpg","27C5990593A694D2EFADA37217663B621C2475CD8333D0070CBA01C828887D2A"
"C:\Users\bouss\eco-tri-ia\data\raw\garbage_dataset_v2\six_classes\cardboard\cardboard_1156.jpg","C:\Users\bouss\eco-tri-ia\data\classification\v2\train\cardboard\cardboard23.jpg","6D0A8B0300BF3BB64274DC4752B94438A4F20100E6AAFFCC731D12388811BB49"
"C:\Users\bouss\eco-tri-ia\data\raw\garbage_dataset_v2\six_classes\cardboard\cardboard_1157.jpg","C:\Users\bouss\eco-tri-ia\data\classification\v2\train\cardboard\cardboard43.jpg","A338A6634227B5C862884D6370E44A2DF0263FE442E5D12CDE76CFDD3A2F6957"
"C:\Users\bouss\eco-tri-ia\data\raw\garbage_dataset_v2\six_classes\cardboard\cardboard_1159.jpg","C:\Users\bouss\eco-tri-ia\data\classification\v2\train\cardboard\cardboard393.jpg","36CA36EFF9248B61E3087FDA771B26DD2B7D79AF7735FFE513E4E0E05276E0BA"
"C:\Users\bouss\eco-tri-ia\data\raw\garbage_dataset_v2\six_classes\cardboard\cardboard_1164.jpg","C:\Users\bouss\eco-tri-ia\data\classification\v2\train\cardboard\cardboard326.jpg","546A15DDF1837D41E0D1662B3B6831C3A1854832AF0551DE3680867C11ED339C"
"C:\Users\bouss\eco-tri-ia\data\raw\garbage_dataset_v2\six_classes\cardboard\cardboard_1168.jpg","C:\Users\bouss\eco-tri-ia\data\classification\v2\train\cardboard\cardboard207.jpg","0D19E7E6EF97E06BAE787B9283EAA8F08DF88B9B653E5BE0E9FF75720D0239FB"
"C:\Users\bouss\eco-tri-ia\data\raw\garbage_dataset_v2\six_classes\cardboard\cardboard_1174.jpg","C:\Users\bouss\eco-tri-ia\data\classification\v2\val\cardboard\cardboard162.jpg","D89184DA82F070E7B41F440BF1998DCD79CF20F27DE0FD5F48F92D89D71DE15D"
"C:\Users\bouss\eco-tri-ia\data\raw\garbage_dataset_v2\six_classes\cardboard\cardboard_1177.jpg","C:\Users\bouss\eco-tri-ia\data\classification\v2\train\cardboard\cardboard321.jpg","904D117504CB0F5BD28DC898FDF13C5A66273C103A97390ED84434151797DCA2"
"C:\Users\bouss\eco-tri-ia\data\raw\garbage_dataset_v2\six_classes\cardboard\cardboard_1181.jpg","C:\Users\bouss\eco-tri-ia\data\classification\v2\test\cardboard\cardboard119.jpg","9ECA298B852C5D86700D995A32ED4B4B0EC29498B090649FB0CA3749658E66DC"
"C:\Users\bouss\eco-tri-ia\data\raw\garbage_dataset_v2\six_classes\cardboard\cardboard_1185.jpg","C:\Users\bouss\eco-tri-ia\data\classification\v2\train\cardboard\cardboard106.jpg","2C0F7B6223C9143F9ED4202B398F2E65FEBEB1B1EDF50E65C2FDD7AC83DA4260"
"C:\Users\bouss\eco-tri-ia\data\raw\garbage_dataset_v2\six_classes\cardboard\cardboard_1191.jpg","C:\Users\bouss\eco-tri-ia\data\classification\v2\train\cardboard\cardboard137.jpg","4D89FCB735EA15EDCA28D80BD5A288C97A2F169EED7EE8D3DFDE62D7B22890BC"
"C:\Users\bouss\eco-tri-ia\data\raw\garbage_dataset_v2\six_classes\cardboard\cardboard_1192.jpg","C:\Users\bouss\eco-tri-ia\data\classification\v2\test\cardboard\cardboard394.jpg","7967131A88D275148711ED1BD7F6940CE41E7AF6AA57A50F43E91C8E430BE3CC"
"C:\Users\bouss\eco-tri-ia\data\raw\garbage_dataset_v2\six_classes\cardboard\cardboard_1196.jpg","C:\Users\bouss\eco-tri-ia\data\classification\v2\train\cardboard\cardboard320.jpg","334BDB99D42E0956314413CCC65D70B8663A942612A9373BD2B8C3153B8A6CAF"
"C:\Users\bouss\eco-tri-ia\data\raw\garbage_dataset_v2\six_classes\cardboard\cardboard_1198.jpg","C:\Users\bouss\eco-tri-ia\data\classification\v2\train\cardboard\cardboard231.jpg","24A795211199B3E25140DD3D856B8D306D4F16078FC828587D70D03B4B273DE4"
"C:\Users\bouss\eco-tri-ia\data\raw\garbage_dataset_v2\six_classes\cardboard\cardboard_12.jpg","C:\Users\bouss\eco-tri-ia\data\classification\v2\train\cardboard\cardboard122.jpg","CF30FCEB14B4638F56B5BE8C0BAC37051CDC971CC24055762ABB7D75B6086BA5"
"C:\Users\bouss\eco-tri-ia\data\raw\garbage_dataset_v2\six_classes\cardboard\cardboard_1203.jpg","C:\Users\bouss\eco-tri-ia\data\classification\v2\train\cardboard\cardboard375.jpg","9D5DBC110B3BC4EC6A14DC2EA591AEB9997D91DF54C3E069EC665BD07694DC8B"
"C:\Users\bouss\eco-tri-ia\data\raw\garbage_dataset_v2\six_classes\cardboard\cardboard_1204.jpg","C:\Users\bouss\eco-tri-ia\data\classification\v2\test\cardboard\cardboard358.jpg","382B0693C5D560A52B8632547013392B9DCC18CDF0B84C9FE7035073497B854C"
"C:\Users\bouss\eco-tri-ia\data\raw\garbage_dataset_v2\six_classes\cardboard\cardboard_1212.jpg","C:\Users\bouss\eco-tri-ia\data\classification\v2\train\cardboard\cardboard123.jpg","B07444B5C289F4C8562828A1C3F397D0D3F2FA4A99324273ED9B3F58A1871D3C"
"C:\Users\bouss\eco-tri-ia\data\raw\garbage_dataset_v2\six_classes\cardboard\cardboard_1213.jpg","C:\Users\bouss\eco-tri-ia\data\classification\v2\train\cardboard\cardboard109.jpg","5C0111570535A620D024FE6ACB97E12E6D82834C44076447AD50BB9E0EA31835"
"C:\Users\bouss\eco-tri-ia\data\raw\garbage_dataset_v2\six_classes\cardboard\cardboard_1223.jpg","C:\Users\bouss\eco-tri-ia\data\classification\v2\train\cardboard\cardboard89.jpg","25ED31F2CB519F4AF3F49D1888C8BA42B97E68FA28D10D038B3E6131D0CB5D7F"
"C:\Users\bouss\eco-tri-ia\data\raw\garbage_dataset_v2\six_classes\cardboard\cardboard_1224.jpg","C:\Users\bouss\eco-tri-ia\data\classification\v2\val\cardboard\cardboard347.jpg","F4BB139BF1FBBDA71918F0CA7B480FDC487DB5CE2AEBF22B63F664E38DEA356C"
"C:\Users\bouss\eco-tri-ia\data\raw\garbage_dataset_v2\six_classes\cardboard\cardboard_1227.jpg","C:\Users\bouss\eco-tri-ia\data\classification\v2\train\cardboard\cardboard30.jpg","0C2F6C0EDCBE5048E00E8CF3544C7D88DA44BA424EF3EE6CF0124ABEF83CE311"
"C:\Users\bouss\eco-tri-ia\data\raw\garbage_dataset_v2\six_classes\cardboard\cardboard_1228.jpg","C:\Users\bouss\eco-tri-ia\data\classification\v2\train\cardboard\cardboard395.jpg","7A97A90AD526F5298C13AD8E43F92189838FDDF1D525537E8BB4B9BC76D510B6"
"C:\Users\bouss\eco-tri-ia\data\raw\garbage_dataset_v2\six_classes\cardboard\cardboard_1231.jpg","C:\Users\bouss\eco-tri-ia\data\classification\v2\train\cardboard\cardboard98.jpg","5E3F3EB21F52EB2502111E13EFB593EA267ECC7DBDD1361195E5AE402998BF32"
"C:\Users\bouss\eco-tri-ia\data\raw\garbage_dataset_v2\six_classes\cardboard\cardboard_1232.jpg","C:\Users\bouss\eco-tri-ia\data\classification\v2\val\cardboard\cardboard47.jpg","8CEB045C85AC2941EF70218ACD1B0DC00024F84651973E0CC842CF992F03A49F"
"C:\Users\bouss\eco-tri-ia\data\raw\garbage_dataset_v2\six_classes\cardboard\cardboard_1238.jpg","C:\Users\bouss\eco-tri-ia\data\classification\v2\val\cardboard\cardboard12.jpg","25D47A740100C9FFBC37F5EFE9F49113F9EDC75208FDEED383B3EE88F1DE2167"
"C:\Users\bouss\eco-tri-ia\data\raw\garbage_dataset_v2\six_classes\cardboard\cardboard_124.jpg","C:\Users\bouss\eco-tri-ia\data\classification\v2\train\cardboard\cardboard183.jpg","8746597E062E9897FD53526A66C5AC35C2AEFCA4CA2C5E6CF3F928B87362E55D"
"C:\Users\bouss\eco-tri-ia\data\raw\garbage_dataset_v2\six_classes\cardboard\cardboard_1240.jpg","C:\Users\bouss\eco-tri-ia\data\classification\v2\train\cardboard\cardboard337.jpg","FC9B771A9B4AE60823FDE39497A4FACD82926D13B51C0C851AEB6BD26BEC2F14"
"C:\Users\bouss\eco-tri-ia\data\raw\garbage_dataset_v2\six_classes\cardboard\cardboard_1242.jpg","C:\Users\bouss\eco-tri-ia\data\classification\v2\test\cardboard\cardboard139.jpg","5D9A890325E8BE067316639D0A107166C5FA5025A693271941BFE282CC350598"
"C:\Users\bouss\eco-tri-ia\data\raw\garbage_dataset_v2\six_classes\cardboard\cardboard_1248.jpg","C:\Users\bouss\eco-tri-ia\data\classification\v2\train\cardboard\cardboard86.jpg","0C0F13539196D62FD91DDF05ACE7A2D4D980DBC3800CB532E97F9E75362F3F8B"
"C:\Users\bouss\eco-tri-ia\data\raw\garbage_dataset_v2\six_classes\cardboard\cardboard_1251.jpg","C:\Users\bouss\eco-tri-ia\data\classification\v2\train\cardboard\cardboard144.jpg","10CEB0BFFEBD2FA284A0BD4000DFB9A0EE68AF5412279CEDCB414300BE18161A"
"C:\Users\bouss\eco-tri-ia\data\raw\garbage_dataset_v2\six_classes\cardboard\cardboard_1256.jpg","C:\Users\bouss\eco-tri-ia\data\classification\v2\train\cardboard\cardboard155.jpg","60D831303691885A30CEE326A4A313221BD4C53C3747D6C560CC45FEC749FEB6"
"C:\Users\bouss\eco-tri-ia\data\raw\garbage_dataset_v2\six_classes\cardboard\cardboard_1258.jpg","C:\Users\bouss\eco-tri-ia\data\classification\v2\train\cardboard\cardboard138.jpg","7D70EDC60CFB2C34A6C9D636200D39F61B0C5D7ED4A69B30B1F99CC4DFDA1984"
"C:\Users\bouss\eco-tri-ia\data\raw\garbage_dataset_v2\six_classes\cardboard\cardboard_1260.jpg","C:\Users\bouss\eco-tri-ia\data\classification\v2\train\cardboard\cardboard359.jpg","2EC5C45FAA603F8DF4771D73C961445B6E9FC634C550A379A8D5EA4F7BF570F4"
"C:\Users\bouss\eco-tri-ia\data\raw\garbage_dataset_v2\six_classes\cardboard\cardboard_1262.jpg","C:\Users\bouss\eco-tri-ia\data\classification\v2\train\cardboard\cardboard226.jpg","CE76DCE4CB943E15AB516AE2B71F241AD19426B8DD6F26C30DD67CCF5D233F73"
"C:\Users\bouss\eco-tri-ia\data\raw\garbage_dataset_v2\six_classes\cardboard\cardboard_1266.jpg","C:\Users\bouss\eco-tri-ia\data\classification\v2\train\cardboard\cardboard210.jpg","4AADC37B0C115185220DD1D207FA5BC3633C93CB09C5FD193B19B3F10E0BE0A9"
"C:\Users\bouss\eco-tri-ia\data\raw\garbage_dataset_v2\six_classes\cardboard\cardboard_1268.jpg","C:\Users\bouss\eco-tri-ia\data\classification\v2\train\cardboard\cardboard238.jpg","3E8809962BA990C69E8E5CF5F85E13A720C32B59CE530B4757CAA260778319AF"
"C:\Users\bouss\eco-tri-ia\data\raw\garbage_dataset_v2\six_classes\cardboard\cardboard_1269.jpg","C:\Users\bouss\eco-tri-ia\data\classification\v2\test\cardboard\cardboard294.jpg","1928C692335255284B24FB66446D694CC8B0FF360DB60DDD21662F25158D07D4"
"C:\Users\bouss\eco-tri-ia\data\raw\garbage_dataset_v2\six_classes\cardboard\cardboard_1281.jpg","C:\Users\bouss\eco-tri-ia\data\classification\v2\train\cardboard\cardboard74.jpg","59BD90B91EA0E57F74A27FECE286FEA17E421FCCBCB9A1A137E1141EE5B4BB69"
"C:\Users\bouss\eco-tri-ia\data\raw\garbage_dataset_v2\six_classes\cardboard\cardboard_1289.jpg","C:\Users\bouss\eco-tri-ia\data\classification\v2\train\cardboard\cardboard182.jpg","7E3F9B753D038EF4FB3CBC0FA67D2CF4BF16058E83FC3251E1C5A51CA6B08A86"
"C:\Users\bouss\eco-tri-ia\data\raw\garbage_dataset_v2\six_classes\cardboard\cardboard_129.jpg","C:\Users\bouss\eco-tri-ia\data\classification\v2\train\cardboard\cardboard247.jpg","688CFE07FA8A383F41CAC090792207D77ABA6987538218753058D836E0772B71"
"C:\Users\bouss\eco-tri-ia\data\raw\garbage_dataset_v2\six_classes\cardboard\cardboard_1296.jpg","C:\Users\bouss\eco-tri-ia\data\classification\v2\test\cardboard\cardboard273.jpg","7FF7A2D63BD81CCB00072311BDAE1811E05BE2407165AB3DD57D81D41A28CCD4"
"C:\Users\bouss\eco-tri-ia\data\raw\garbage_dataset_v2\six_classes\cardboard\cardboard_1297.jpg","C:\Users\bouss\eco-tri-ia\data\classification\v2\test\cardboard\cardboard150.jpg","6A3464C6A63D939CF7DFBDE1B97305CBFB47DFBFB2982676DCB5896A5C137687"
"C:\Users\bouss\eco-tri-ia\data\raw\garbage_dataset_v2\six_classes\cardboard\cardboard_130.jpg","C:\Users\bouss\eco-tri-ia\data\classification\v2\train\cardboard\cardboard169.jpg","A6B0A3670259DD8027B06E87AE292E8ECA1C87634D785E8949A42C7D19709F04"
"C:\Users\bouss\eco-tri-ia\data\raw\garbage_dataset_v2\six_classes\cardboard\cardboard_1300.jpg","C:\Users\bouss\eco-tri-ia\data\classification\v2\train\cardboard\cardboard40.jpg","8B0231FDC23671C896A016A56FB0B549C2ADD9E85771DCB647E18AF23E1C6223"
"C:\Users\bouss\eco-tri-ia\data\raw\garbage_dataset_v2\six_classes\cardboard\cardboard_1304.jpg","C:\Users\bouss\eco-tri-ia\data\classification\v2\train\cardboard\cardboard65.jpg","488B43FD579F12007C389291A746D121E2BC5A5741CEBDA417B202E42EF8A7D9"
"C:\Users\bouss\eco-tri-ia\data\raw\garbage_dataset_v2\six_classes\cardboard\cardboard_1306.jpg","C:\Users\bouss\eco-tri-ia\data\classification\v2\train\cardboard\cardboard148.jpg","6DF32DF3445F1FD3A9D2163BCE9CD36982D755ABE5C635ED5548A82812E85631"
"C:\Users\bouss\eco-tri-ia\data\raw\garbage_dataset_v2\six_classes\cardboard\cardboard_1307.jpg","C:\Users\bouss\eco-tri-ia\data\classification\v2\train\cardboard\cardboard299.jpg","66B0EB2C973B01FCD6A0853047D52F76CDB6F97428E1C10E8EF68B6DF7414B12"
"C:\Users\bouss\eco-tri-ia\data\raw\garbage_dataset_v2\six_classes\cardboard\cardboard_1310.jpg","C:\Users\bouss\eco-tri-ia\data\classification\v2\test\cardboard\cardboard254.jpg","E9A6DAC80DA0113821417577293902328611A143698E4390A0B0CB40170F28BB"
"C:\Users\bouss\eco-tri-ia\data\raw\garbage_dataset_v2\six_classes\cardboard\cardboard_1313.jpg","C:\Users\bouss\eco-tri-ia\data\classification\v2\train\cardboard\cardboard376.jpg","8AB818052AA60477936B59FEABA1AD62C9A4C1AFAA8C6643FDFB43B6D94EC4E0"
"C:\Users\bouss\eco-tri-ia\data\raw\garbage_dataset_v2\six_classes\cardboard\cardboard_1314.jpg","C:\Users\bouss\eco-tri-ia\data\classification\v2\train\cardboard\cardboard261.jpg","6A50DEE7C1AAEA0110DFE3483F88741407375757FF6BF34783AE2B241F13E98C"
"C:\Users\bouss\eco-tri-ia\data\raw\garbage_dataset_v2\six_classes\cardboard\cardboard_1317.jpg","C:\Users\bouss\eco-tri-ia\data\classification\v2\train\cardboard\cardboard235.jpg","D550D9D6C2B831D3DEE5BB985A259A4F872DF22BAAF2A1E04113350E54A2E264"
"C:\Users\bouss\eco-tri-ia\data\raw\garbage_dataset_v2\six_classes\cardboard\cardboard_132.jpg","C:\Users\bouss\eco-tri-ia\data\classification\v2\train\cardboard\cardboard126.jpg","0417170E5E24A3210F42957A6B7C058C5985B2E01C11A76384CF4EDE41FC6580"
"C:\Users\bouss\eco-tri-ia\data\raw\garbage_dataset_v2\six_classes\cardboard\cardboard_1321.jpg","C:\Users\bouss\eco-tri-ia\data\classification\v2\val\cardboard\cardboard130.jpg","C03D6CE3DE22E4139E2429950D3C993F6924ACBE505801E38BA88E34A6B769DD"
"C:\Users\bouss\eco-tri-ia\data\raw\garbage_dataset_v2\six_classes\cardboard\cardboard_1323.jpg","C:\Users\bouss\eco-tri-ia\data\classification\v2\train\cardboard\cardboard401.jpg","85CA420C5C55E66DA50252C1BD17DE82408FB0909EF3EEB49573DD57F34C53AC"
"C:\Users\bouss\eco-tri-ia\data\raw\garbage_dataset_v2\six_classes\cardboard\cardboard_1329.jpg","C:\Users\bouss\eco-tri-ia\data\classification\v2\val\cardboard\cardboard267.jpg","946CD8879F7FEE0903565FFC3800EBDA7CA33AC087561CA0BF1612714BCD4D5C"
"C:\Users\bouss\eco-tri-ia\data\raw\garbage_dataset_v2\six_classes\cardboard\cardboard_1331.jpg","C:\Users\bouss\eco-tri-ia\data\classification\v2\test\cardboard\cardboard310.jpg","DCB9CA4EB14F4C322B8EF26DD1A429DCB0E3058CE5B0631A90B59DD80DA2A23C"
"C:\Users\bouss\eco-tri-ia\data\raw\garbage_dataset_v2\six_classes\cardboard\cardboard_1332.jpg","C:\Users\bouss\eco-tri-ia\data\classification\v2\test\cardboard\cardboard146.jpg","713E15013B9C91AF101F879A8F92B4D24EFB4F90820907768211D6D5D920BC3A"
"C:\Users\bouss\eco-tri-ia\data\raw\garbage_dataset_v2\six_classes\cardboard\cardboard_1339.jpg","C:\Users\bouss\eco-tri-ia\data\classification\v2\val\cardboard\cardboard281.jpg","8BEB0F6C0462C17405722A71A08BB18FBA20E964CF12ADB1A63020968782564F"
"C:\Users\bouss\eco-tri-ia\data\raw\garbage_dataset_v2\six_classes\cardboard\cardboard_134.jpg","C:\Users\bouss\eco-tri-ia\data\classification\v2\train\cardboard\cardboard25.jpg","3D52014C2951D04CF94CEBB05398F782E76614A815DA114F6F0B925C7D5D0444"
"C:\Users\bouss\eco-tri-ia\data\raw\garbage_dataset_v2\six_classes\cardboard\cardboard_1340.jpg","C:\Users\bouss\eco-tri-ia\data\classification\v2\test\cardboard\cardboard156.jpg","7B5DAF5075FFB94CC6F4E408E780BA39C65C62C4741102D793A098D745FE41C4"
"C:\Users\bouss\eco-tri-ia\data\raw\garbage_dataset_v2\six_classes\cardboard\cardboard_1341.jpg","C:\Users\bouss\eco-tri-ia\data\classification\v2\train\cardboard\cardboard332.jpg","BCB4217C513C71A3EF74A282274A3617FB997DA61C8D083F451EF0A266594940"
"C:\Users\bouss\eco-tri-ia\data\raw\garbage_dataset_v2\six_classes\cardboard\cardboard_1342.jpg","C:\Users\bouss\eco-tri-ia\data\classification\v2\train\cardboard\cardboard61.jpg","F5DDC7F1E11D9192EFB6618268AFE867FAB4546550E4A7FF2139B1698DBB2CFC"
"C:\Users\bouss\eco-tri-ia\data\raw\garbage_dataset_v2\six_classes\cardboard\cardboard_1350.jpg","C:\Users\bouss\eco-tri-ia\data\classification\v2\train\cardboard\cardboard342.jpg","BE001A7B04E7181E07A4BC372628114D44BCD4444FF9FD6A0DB9DE7F4867A227"
"C:\Users\bouss\eco-tri-ia\data\raw\garbage_dataset_v2\six_classes\cardboard\cardboard_1352.jpg","C:\Users\bouss\eco-tri-ia\data\classification\v2\train\cardboard\cardboard355.jpg","D59A4102CD59F11F979BF7D8A20B83059D73C7447379B8BE663912515C8BF0E1"
"C:\Users\bouss\eco-tri-ia\data\raw\garbage_dataset_v2\six_classes\cardboard\cardboard_1358.jpg","C:\Users\bouss\eco-tri-ia\data\classification\v2\train\cardboard\cardboard316.jpg","60E0336F708AC59F5554A28E05F655B6C7D8F2878556F341DE6253BD94543824"
"C:\Users\bouss\eco-tri-ia\data\raw\garbage_dataset_v2\six_classes\cardboard\cardboard_1360.jpg","C:\Users\bouss\eco-tri-ia\data\classification\v2\train\cardboard\cardboard240.jpg","705D5AB527EE3DDEC7D11F20471FA197839774BA54514AFBC0EB2226B9BF8916"
"C:\Users\bouss\eco-tri-ia\data\raw\garbage_dataset_v2\six_classes\cardboard\cardboard_1366.jpg","C:\Users\bouss\eco-tri-ia\data\classification\v2\train\cardboard\cardboard314.jpg","348D553C251EECFC62B7068976DEEEA134C4B0F1650A736CC64B8B6E54FBDBC7"
"C:\Users\bouss\eco-tri-ia\data\raw\garbage_dataset_v2\six_classes\cardboard\cardboard_1369.jpg","C:\Users\bouss\eco-tri-ia\data\classification\v2\val\cardboard\cardboard69.jpg","D93B97232606619E72649F54C1A5A925F018BC2C94A606725A6F6045E2D76486"
"C:\Users\bouss\eco-tri-ia\data\raw\garbage_dataset_v2\six_classes\cardboard\cardboard_137.jpg","C:\Users\bouss\eco-tri-ia\data\classification\v2\train\cardboard\cardboard166.jpg","1A6498EB76DB159D786146EA850B90B628D4DCE34144E856863F804194EE6347"
"C:\Users\bouss\eco-tri-ia\data\raw\garbage_dataset_v2\six_classes\cardboard\cardboard_1372.jpg","C:\Users\bouss\eco-tri-ia\data\classification\v2\val\cardboard\cardboard379.jpg","796CBB824C2665E4A3C1C4AB1DFBF3E2B3BD9DB6B4B95CD6A604C9392FDDA609"
"C:\Users\bouss\eco-tri-ia\data\raw\garbage_dataset_v2\six_classes\cardboard\cardboard_1377.jpg","C:\Users\bouss\eco-tri-ia\data\classification\v2\test\cardboard\cardboard378.jpg","9FFA79AB146150EBF71455264C24B666A5D524301D55A2CBA766D2FA71B8C476"
"C:\Users\bouss\eco-tri-ia\data\raw\garbage_dataset_v2\six_classes\cardboard\cardboard_1378.jpg","C:\Users\bouss\eco-tri-ia\data\classification\v2\train\cardboard\cardboard34.jpg","982207D4815396370F8B1DB6BCF2AA9FE1C10DAF873EF31E0A94E712E21DF398"
"C:\Users\bouss\eco-tri-ia\data\raw\garbage_dataset_v2\six_classes\cardboard\cardboard_1387.jpg","C:\Users\bouss\eco-tri-ia\data\classification\v2\test\cardboard\cardboard82.jpg","29EBA1D56170AFF46DBA36017BA310B0E72101448F8A03551CA9E23AAFDAD4C2"
"C:\Users\bouss\eco-tri-ia\data\raw\garbage_dataset_v2\six_classes\cardboard\cardboard_139.jpg","C:\Users\bouss\eco-tri-ia\data\classification\v2\train\cardboard\cardboard3.jpg","CDBD6D14568286CD85C1EC1FBCEFC95EB2F98D1D26935B526B2F858B244F166D"
"C:\Users\bouss\eco-tri-ia\data\raw\garbage_dataset_v2\six_classes\cardboard\cardboard_1390.jpg","C:\Users\bouss\eco-tri-ia\data\classification\v2\train\cardboard\cardboard276.jpg","D0933F3B77F8A7FF2F269A6FDB641FE22C94BB06A4EE54099CC5761D48B73FED"
"C:\Users\bouss\eco-tri-ia\data\raw\garbage_dataset_v2\six_classes\cardboard\cardboard_1392.jpg","C:\Users\bouss\eco-tri-ia\data\classification\v2\val\cardboard\cardboard188.jpg","294AA55989DECF8A64E054F4B880897E11B310007655FEE733A6D25C3187BC95"
"C:\Users\bouss\eco-tri-ia\data\raw\garbage_dataset_v2\six_classes\cardboard\cardboard_14.jpg","C:\Users\bouss\eco-tri-ia\data\classification\v2\train\cardboard\cardboard9.jpg","8F06853006F83CD1B7A6B2561EE61FBB3A4BCC287E7E26884131A0D91E9DACCA"
"C:\Users\bouss\eco-tri-ia\data\raw\garbage_dataset_v2\six_classes\cardboard\cardboard_140.jpg","C:\Users\bouss\eco-tri-ia\data\classification\v2\val\cardboard\cardboard329.jpg","C292C1019120F623C4045A6DB9D9E29B44E694A477F9C6589BF000A3D1EC7446"
"C:\Users\bouss\eco-tri-ia\data\raw\garbage_dataset_v2\six_classes\cardboard\cardboard_1402.jpg","C:\Users\bouss\eco-tri-ia\data\classification\v2\val\cardboard\cardboard333.jpg","80D7FBFF6AEF0CC81E65044A3DBCEC2ADEADCA5C29F7500092B0B40F986483BC"
"C:\Users\bouss\eco-tri-ia\data\raw\garbage_dataset_v2\six_classes\cardboard\cardboard_142.jpg","C:\Users\bouss\eco-tri-ia\data\classification\v2\train\cardboard\cardboard367.jpg","0C2F1933DACA344522A87B444D5CAC5EF2BED44DA2C1D5276E21432AA2C7EAE7"
"C:\Users\bouss\eco-tri-ia\data\raw\garbage_dataset_v2\six_classes\cardboard\cardboard_143.jpg","C:\Users\bouss\eco-tri-ia\data\classification\v2\train\cardboard\cardboard36.jpg","3E69C4338ACD879596B5C97185F04DE6D09725F6273485154DB96173AECD54F2"
"C:\Users\bouss\eco-tri-ia\data\raw\garbage_dataset_v2\six_classes\cardboard\cardboard_149.jpg","C:\Users\bouss\eco-tri-ia\data\classification\v2\test\cardboard\cardboard371.jpg","0A2811895C18884B47751B2C019FA4E4C4786D9E85AB39D64148527DF00648ED"
"C:\Users\bouss\eco-tri-ia\data\raw\garbage_dataset_v2\six_classes\cardboard\cardboard_15.jpg","C:\Users\bouss\eco-tri-ia\data\classification\v2\train\cardboard\cardboard37.jpg","6E2373083CEEB539CBAA5DFD9937D4A42C7267390BA9083454AB7E254A43DE3C"
"C:\Users\bouss\eco-tri-ia\data\raw\garbage_dataset_v2\six_classes\cardboard\cardboard_155.jpg","C:\Users\bouss\eco-tri-ia\data\classification\v2\train\cardboard\cardboard388.jpg","F0799626E8BEDE4E00C94184D7C17516034E25932FCBDD4D82B71F8A96FD1DAF"
"C:\Users\bouss\eco-tri-ia\data\raw\garbage_dataset_v2\six_classes\cardboard\cardboard_156.jpg","C:\Users\bouss\eco-tri-ia\data\classification\v2\val\cardboard\cardboard249.jpg","4A102C2780D348520CB806607BA6B91199F7426FDCC909E358A22CAE14C4EA3A"
"C:\Users\bouss\eco-tri-ia\data\raw\garbage_dataset_v2\six_classes\cardboard\cardboard_158.jpg","C:\Users\bouss\eco-tri-ia\data\classification\v2\val\cardboard\cardboard178.jpg","F903E09CDF3EA30285B007F53147A7B891F2277781A74BCCC35B36568C892EE5"
"C:\Users\bouss\eco-tri-ia\data\raw\garbage_dataset_v2\six_classes\cardboard\cardboard_163.jpg","C:\Users\bouss\eco-tri-ia\data\classification\v2\train\cardboard\cardboard259.jpg","0B10A1D8D6C09965C27C30E4F76422F8B76318ACF08A02EF93B54D9616308280"
"C:\Users\bouss\eco-tri-ia\data\raw\garbage_dataset_v2\six_classes\cardboard\cardboard_164.jpg","C:\Users\bouss\eco-tri-ia\data\classification\v2\val\cardboard\cardboard22.jpg","65CB3041BBAF174B8D27B28B3CBFA678325E0D57F51A48742FAA97F06A465895"
"C:\Users\bouss\eco-tri-ia\data\raw\garbage_dataset_v2\six_classes\cardboard\cardboard_166.jpg","C:\Users\bouss\eco-tri-ia\data\classification\v2\train\cardboard\cardboard157.jpg","9A6BBEE24D5B0385868E0939833E6B9BDA7792A169D0CF3CADB66A6FEE9429C7"
"C:\Users\bouss\eco-tri-ia\data\raw\garbage_dataset_v2\six_classes\cardboard\cardboard_173.jpg","C:\Users\bouss\eco-tri-ia\data\classification\v2\train\cardboard\cardboard317.jpg","9EE00B4D9EA88E330EC53523C2DEA1B780385DD28690B76F1AE871138802BC3C"
"C:\Users\bouss\eco-tri-ia\data\raw\garbage_dataset_v2\six_classes\cardboard\cardboard_187.jpg","C:\Users\bouss\eco-tri-ia\data\classification\v2\val\cardboard\cardboard94.jpg","883026BA5E84644C7E0041773091765F10DC8689FE68F556E0F174FAD1CD41C2"
"C:\Users\bouss\eco-tri-ia\data\raw\garbage_dataset_v2\six_classes\cardboard\cardboard_189.jpg","C:\Users\bouss\eco-tri-ia\data\classification\v2\val\cardboard\cardboard145.jpg","E57E3B344B171C2FF32E3B50985CDFA163F01D81265D11C97CA7C96B8F3A612A"
"C:\Users\bouss\eco-tri-ia\data\raw\garbage_dataset_v2\six_classes\cardboard\cardboard_191.jpg","C:\Users\bouss\eco-tri-ia\data\classification\v2\train\cardboard\cardboard268.jpg","AF69F4EF54E473917C663AC4EC761BBC8B054733F5EEA6978D8A1A1446848D15"
"C:\Users\bouss\eco-tri-ia\data\raw\garbage_dataset_v2\six_classes\cardboard\cardboard_192.jpg","C:\Users\bouss\eco-tri-ia\data\classification\v2\test\cardboard\cardboard163.jpg","458AC3217EFD4424D16C41DE6CBC367124594A43C8C8D988F733B007C31A4455"
"C:\Users\bouss\eco-tri-ia\data\raw\garbage_dataset_v2\six_classes\cardboard\cardboard_199.jpg","C:\Users\bouss\eco-tri-ia\data\classification\v2\train\cardboard\cardboard224.jpg","6BC53F23FA43A458E30A2F3B75DDC6EDA6C02D2D2557F3034291840CCCE35DDD"
"C:\Users\bouss\eco-tri-ia\data\raw\garbage_dataset_v2\six_classes\cardboard\cardboard_200.jpg","C:\Users\bouss\eco-tri-ia\data\classification\v2\train\cardboard\cardboard361.jpg","6A62BEE00C5BBE0670670E965AA1295EB6919C8808A08CA19202E331895B2DF2"
"C:\Users\bouss\eco-tri-ia\data\raw\garbage_dataset_v2\six_classes\cardboard\cardboard_209.jpg","C:\Users\bouss\eco-tri-ia\data\classification\v2\train\cardboard\cardboard59.jpg","4F9771DF1DD0AEC9A905098A05D2A8F426ADC266D532B2ED2D76800C01B95BF3"
"C:\Users\bouss\eco-tri-ia\data\raw\garbage_dataset_v2\six_classes\cardboard\cardboard_210.jpg","C:\Users\bouss\eco-tri-ia\data\classification\v2\val\cardboard\cardboard174.jpg","C00C0DEAC6EA17C761BE9345F20B4D96F4C6C6C3818D55CE94AF252AA4BC611E"
"C:\Users\bouss\eco-tri-ia\data\raw\garbage_dataset_v2\six_classes\cardboard\cardboard_212.jpg","C:\Users\bouss\eco-tri-ia\data\classification\v2\train\cardboard\cardboard128.jpg","575037D1FC88DE2351AAD0FD7EA2D210CF153828DA7F6F025F44E3B51E678287"
"C:\Users\bouss\eco-tri-ia\data\raw\garbage_dataset_v2\six_classes\cardboard\cardboard_216.jpg","C:\Users\bouss\eco-tri-ia\data\classification\v2\test\cardboard\cardboard143.jpg","4D01E5D817C5F6B4E97CADB176366B66295E632CF2226F7971F2E557424CC77D"
"C:\Users\bouss\eco-tri-ia\data\raw\garbage_dataset_v2\six_classes\cardboard\cardboard_220.jpg","C:\Users\bouss\eco-tri-ia\data\classification\v2\train\cardboard\cardboard330.jpg","60E7B4E2B0AC8B39A6494D4F49BF9C37515FEE5A8B2154CF079501971B4498D2"
"C:\Users\bouss\eco-tri-ia\data\raw\garbage_dataset_v2\six_classes\cardboard\cardboard_221.jpg","C:\Users\bouss\eco-tri-ia\data\classification\v2\test\cardboard\cardboard48.jpg","4C3E9BA3A79AEDDA1F6346FB8F7FF400E9FBC2C35AF71D081BC0D7A86AC55C54"
"C:\Users\bouss\eco-tri-ia\data\raw\garbage_dataset_v2\six_classes\cardboard\cardboard_223.jpg","C:\Users\bouss\eco-tri-ia\data\classification\v2\train\cardboard\cardboard368.jpg","35F9C610D3146313B087DF883C8276BF97F37565DE61CDC7A75C7721129E2382"
"C:\Users\bouss\eco-tri-ia\data\raw\garbage_dataset_v2\six_classes\cardboard\cardboard_224.jpg","C:\Users\bouss\eco-tri-ia\data\classification\v2\train\cardboard\cardboard312.jpg","C0E6C7503A7DA3F833F1CCE19C0E4AECB29FC49A55503D4E438EEFB810F96173"
"C:\Users\bouss\eco-tri-ia\data\raw\garbage_dataset_v2\six_classes\cardboard\cardboard_232.jpg","C:\Users\bouss\eco-tri-ia\data\classification\v2\test\cardboard\cardboard256.jpg","2B8355BBF7E90D8690EF27A299AAF413176CFA7FD6C90594A530E98CA4D66D37"
"C:\Users\bouss\eco-tri-ia\data\raw\garbage_dataset_v2\six_classes\cardboard\cardboard_234.jpg","C:\Users\bouss\eco-tri-ia\data\classification\v2\val\cardboard\cardboard92.jpg","C0082C81D357FC12B22B80B4D7B7F405E70DD1D2EE5EAD90748A63BC3C7707DB"
"C:\Users\bouss\eco-tri-ia\data\raw\garbage_dataset_v2\six_classes\cardboard\cardboard_239.jpg","C:\Users\bouss\eco-tri-ia\data\classification\v2\train\cardboard\cardboard322.jpg","D3883CE118F2E6E671ABE8BEDB60624B33268AADA4745CA60B91B1D3731E571E"
"C:\Users\bouss\eco-tri-ia\data\raw\garbage_dataset_v2\six_classes\cardboard\cardboard_246.jpg","C:\Users\bouss\eco-tri-ia\data\classification\v2\train\cardboard\cardboard402.jpg","0508C9888988E9C335D2ED849C10F4206E73BEF9C2603B5FCA4C73CB8D956EB4"
"C:\Users\bouss\eco-tri-ia\data\raw\garbage_dataset_v2\six_classes\cardboard\cardboard_247.jpg","C:\Users\bouss\eco-tri-ia\data\classification\v2\test\cardboard\cardboard331.jpg","0E59C74D7C807699786867D35CA45E7B68E1BB7743DBA994DE8E55D9FF997CF3"
"C:\Users\bouss\eco-tri-ia\data\raw\garbage_dataset_v2\six_classes\cardboard\cardboard_252.jpg","C:\Users\bouss\eco-tri-ia\data\classification\v2\train\cardboard\cardboard290.jpg","9CF5DA54B456FC68CDAA5ED5EF415BCBA50A4A95E220B01AAF9BD1DC05F8CE2B"
"C:\Users\bouss\eco-tri-ia\data\raw\garbage_dataset_v2\six_classes\cardboard\cardboard_253.jpg","C:\Users\bouss\eco-tri-ia\data\classification\v2\train\cardboard\cardboard343.jpg","257611CAB3BDB086ACE64CB249436BB66DA6A52AC2FC292A2B8A74B62B49C768"
"C:\Users\bouss\eco-tri-ia\data\raw\garbage_dataset_v2\six_classes\cardboard\cardboard_261.jpg","C:\Users\bouss\eco-tri-ia\data\classification\v2\test\cardboard\cardboard201.jpg","B5EAD8EF7426DFF4F6C3851044CAC9CDC96297C4A11D8ABC5E48F701213EFC88"
"C:\Users\bouss\eco-tri-ia\data\raw\garbage_dataset_v2\six_classes\cardboard\cardboard_266.jpg","C:\Users\bouss\eco-tri-ia\data\classification\v2\train\cardboard\cardboard271.jpg","F50C13B1AF91C3EE565FE5B969017C652CA350B897C2BDA2AB55070B96D5BCAC"
"C:\Users\bouss\eco-tri-ia\data\raw\garbage_dataset_v2\six_classes\cardboard\cardboard_268.jpg","C:\Users\bouss\eco-tri-ia\data\classification\v2\train\cardboard\cardboard14.jpg","5CFA131C4B8EA1B8308B279B7F88027CB18D63AB24B36127F216008F9354C953"
"C:\Users\bouss\eco-tri-ia\data\raw\garbage_dataset_v2\six_classes\cardboard\cardboard_274.jpg","C:\Users\bouss\eco-tri-ia\data\classification\v2\val\cardboard\cardboard365.jpg","3CAB8DA92906464C455C754C576CF7697FFB5D6EC169E7884F792F33CAD264AB"
"C:\Users\bouss\eco-tri-ia\data\raw\garbage_dataset_v2\six_classes\cardboard\cardboard_279.jpg","C:\Users\bouss\eco-tri-ia\data\classification\v2\train\cardboard\cardboard300.jpg","D36C3441712E40F3F10A6B07AA076FFB9439D9872183F6BBFA6D0D7B8909A568"
"C:\Users\bouss\eco-tri-ia\data\raw\garbage_dataset_v2\six_classes\cardboard\cardboard_28.jpg","C:\Users\bouss\eco-tri-ia\data\classification\v2\train\cardboard\cardboard194.jpg","7273C1134C973D5BF88C0A1B1E5B38098AD224883C866E48D9D45A1F8FD32F58"
"C:\Users\bouss\eco-tri-ia\data\raw\garbage_dataset_v2\six_classes\cardboard\cardboard_281.jpg","C:\Users\bouss\eco-tri-ia\data\classification\v2\train\cardboard\cardboard243.jpg","F9BF17F7469D89FE014D0FF258AE374B308788162677874C01D8E626B13DAE5B"
"C:\Users\bouss\eco-tri-ia\data\raw\garbage_dataset_v2\six_classes\cardboard\cardboard_283.jpg","C:\Users\bouss\eco-tri-ia\data\classification\v2\train\cardboard\cardboard127.jpg","5090E856D0FE490C802CE604FD5D186A4EAD5E5B9B4B325AC728850189AC8B36"
"C:\Users\bouss\eco-tri-ia\data\raw\garbage_dataset_v2\six_classes\cardboard\cardboard_285.jpg","C:\Users\bouss\eco-tri-ia\data\classification\v2\train\cardboard\cardboard125.jpg","5EC499F5F409E2EF67239F34B4CB719CBD4B693D7A4D41C95A17FDD4198087CB"
"C:\Users\bouss\eco-tri-ia\data\raw\garbage_dataset_v2\six_classes\cardboard\cardboard_288.jpg","C:\Users\bouss\eco-tri-ia\data\classification\v2\test\cardboard\cardboard113.jpg","4A2125F33133FC44E1B6A596C7A3C98FBAC109B5C12BB8D6B69F92E04D2A31DA"
"C:\Users\bouss\eco-tri-ia\data\raw\garbage_dataset_v2\six_classes\cardboard\cardboard_289.jpg","C:\Users\bouss\eco-tri-ia\data\classification\v2\train\cardboard\cardboard298.jpg","C858B0AC1EA6378015F8C05C62394D5EC16C0890DD2DDD4403259B1D764560C8"
"C:\Users\bouss\eco-tri-ia\data\raw\garbage_dataset_v2\six_classes\cardboard\cardboard_294.jpg","C:\Users\bouss\eco-tri-ia\data\classification\v2\test\cardboard\cardboard135.jpg","3E3A0532E27CAB09824CC8DE8DBC113E9597367EF0768C765BDAD44F4E7869F1"
"C:\Users\bouss\eco-tri-ia\data\raw\garbage_dataset_v2\six_classes\cardboard\cardboard_296.jpg","C:\Users\bouss\eco-tri-ia\data\classification\v2\test\cardboard\cardboard258.jpg","BCAF9B3DF55145FDBDAF69B5EC34C2B866F89CD2416FF81653A9ABEC7E939CCB"
"C:\Users\bouss\eco-tri-ia\data\raw\garbage_dataset_v2\six_classes\cardboard\cardboard_299.jpg","C:\Users\bouss\eco-tri-ia\data\classification\v2\train\cardboard\cardboard382.jpg","D4BCBE962C81694FE3862EA7C6FA72C0D7AD175D17E8E4B10349144267496068"
"C:\Users\bouss\eco-tri-ia\data\raw\garbage_dataset_v2\six_classes\cardboard\cardboard_3.jpg","C:\Users\bouss\eco-tri-ia\data\classification\v2\train\cardboard\cardboard293.jpg","33355577B83C41982CF47D4F28EF2D977AF0C7E596A3DAE45170B6BB40FE9E63"
"C:\Users\bouss\eco-tri-ia\data\raw\garbage_dataset_v2\six_classes\cardboard\cardboard_301.jpg","C:\Users\bouss\eco-tri-ia\data\classification\v2\val\cardboard\cardboard244.jpg","974BAA1B30858FED49ED4A15E0C108BF2B0B24C0AEA6A6A1AC86DC6BB7FBC563"
"C:\Users\bouss\eco-tri-ia\data\raw\garbage_dataset_v2\six_classes\cardboard\cardboard_302.jpg","C:\Users\bouss\eco-tri-ia\data\classification\v2\train\cardboard\cardboard214.jpg","7C74D1EF9A2E93B9CDA080C26D33235E3A94864E3FB5BC00E098AB5AFE87CA4A"
"C:\Users\bouss\eco-tri-ia\data\raw\garbage_dataset_v2\six_classes\cardboard\cardboard_306.jpg","C:\Users\bouss\eco-tri-ia\data\classification\v2\train\cardboard\cardboard307.jpg","D7923C86AF0B7870A618B7D8F53CC11094D0250B8EC67BCB4CC6F6BD1CF15B9E"
"C:\Users\bouss\eco-tri-ia\data\raw\garbage_dataset_v2\six_classes\cardboard\cardboard_307.jpg","C:\Users\bouss\eco-tri-ia\data\classification\v2\test\cardboard\cardboard264.jpg","CCF7F4E88F3F8C986161937E52E741265572CA997555BACD2E5F0DD75508016A"
"C:\Users\bouss\eco-tri-ia\data\raw\garbage_dataset_v2\six_classes\cardboard\cardboard_309.jpg","C:\Users\bouss\eco-tri-ia\data\classification\v2\train\cardboard\cardboard315.jpg","3F35AFDF48A24F5233F1E1F7A8711B108F806A00F1D012643A732A01EA004820"
"C:\Users\bouss\eco-tri-ia\data\raw\garbage_dataset_v2\six_classes\cardboard\cardboard_31.jpg","C:\Users\bouss\eco-tri-ia\data\classification\v2\test\cardboard\cardboard199.jpg","4803D51B94B42B9E3357E9C1B72F656F622D389743422215B63FEB0EAAD16D6D"
"C:\Users\bouss\eco-tri-ia\data\raw\garbage_dataset_v2\six_classes\cardboard\cardboard_311.jpg","C:\Users\bouss\eco-tri-ia\data\classification\v2\train\cardboard\cardboard286.jpg","1A9A65F62C99390C99E17C3B929ECC449F88E3586721B0E2113834336395A0F1"
"C:\Users\bouss\eco-tri-ia\data\raw\garbage_dataset_v2\six_classes\cardboard\cardboard_314.jpg","C:\Users\bouss\eco-tri-ia\data\classification\v2\train\cardboard\cardboard32.jpg","72AF894B22FDEE442EA31C705EAF6B4F1E65D0F692C5C65379D1CFD2FE4DB21E"
"C:\Users\bouss\eco-tri-ia\data\raw\garbage_dataset_v2\six_classes\cardboard\cardboard_315.jpg","C:\Users\bouss\eco-tri-ia\data\classification\v2\train\cardboard\cardboard403.jpg","D9FB7BD8D7022F02394FE714AD0F99DA54057835C1C0A22CE80953C776F1D342"
"C:\Users\bouss\eco-tri-ia\data\raw\garbage_dataset_v2\six_classes\cardboard\cardboard_319.jpg","C:\Users\bouss\eco-tri-ia\data\classification\v2\val\cardboard\cardboard131.jpg","24C750B1DC48FEEC1847B04BD82ABAB80B66082365CEBC9F61960F189F349605"
"C:\Users\bouss\eco-tri-ia\data\raw\garbage_dataset_v2\six_classes\cardboard\cardboard_325.jpg","C:\Users\bouss\eco-tri-ia\data\classification\v2\train\cardboard\cardboard228.jpg","B41F4388DF1476E62B5C2BF9B568764A3A74D3AE45A3BCB7A1AD03B493FA9C0B"
"C:\Users\bouss\eco-tri-ia\data\raw\garbage_dataset_v2\six_classes\cardboard\cardboard_328.jpg","C:\Users\bouss\eco-tri-ia\data\classification\v2\train\cardboard\cardboard340.jpg","69FFC7F99383B36F83C97078DC696AD1C56E402F368DE0E9D00F85602C5B0226"
"C:\Users\bouss\eco-tri-ia\data\raw\garbage_dataset_v2\six_classes\cardboard\cardboard_330.jpg","C:\Users\bouss\eco-tri-ia\data\classification\v2\train\cardboard\cardboard50.jpg","52277ADA9F5A8AD268273BD6A3BC2ED42A08A950CA3B96FFF04FB31CCE42BF78"
"C:\Users\bouss\eco-tri-ia\data\raw\garbage_dataset_v2\six_classes\cardboard\cardboard_332.jpg","C:\Users\bouss\eco-tri-ia\data\classification\v2\val\cardboard\cardboard212.jpg","D5FAA87E6021912BC14ADD04F04C9CF6548DC920A750E47680696D8DB6DE25ED"
"C:\Users\bouss\eco-tri-ia\data\raw\garbage_dataset_v2\six_classes\cardboard\cardboard_335.jpg","C:\Users\bouss\eco-tri-ia\data\classification\v2\train\cardboard\cardboard105.jpg","61BC3FA9AEFFC93CD85E7CF6AF5F5419F2ECF14F1844A3EC28631D09BF2EEC5E"
"C:\Users\bouss\eco-tri-ia\data\raw\garbage_dataset_v2\six_classes\cardboard\cardboard_336.jpg","C:\Users\bouss\eco-tri-ia\data\classification\v2\train\cardboard\cardboard16.jpg","C9A105D6D78B97099BA3EB73CC839756360930B718B1D538474F64BC67D2F164"
"C:\Users\bouss\eco-tri-ia\data\raw\garbage_dataset_v2\six_classes\cardboard\cardboard_339.jpg","C:\Users\bouss\eco-tri-ia\data\classification\v2\train\cardboard\cardboard192.jpg","D88DF2BCEFF6F2702C550F6F78E64EB598A9FB961222F83DE9EDE85FEA44FC45"
"C:\Users\bouss\eco-tri-ia\data\raw\garbage_dataset_v2\six_classes\cardboard\cardboard_341.jpg","C:\Users\bouss\eco-tri-ia\data\classification\v2\train\cardboard\cardboard387.jpg","7FC8374271509D01E96B9BF0408B5C96F767BE1B74FA64861DD0B993FDAC60D0"
"C:\Users\bouss\eco-tri-ia\data\raw\garbage_dataset_v2\six_classes\cardboard\cardboard_348.jpg","C:\Users\bouss\eco-tri-ia\data\classification\v2\train\cardboard\cardboard81.jpg","4C77715D60B246E29EC1D99D42C8FC18CDD377CF2826136125EB4AA82EAB32CB"
"C:\Users\bouss\eco-tri-ia\data\raw\garbage_dataset_v2\six_classes\cardboard\cardboard_357.jpg","C:\Users\bouss\eco-tri-ia\data\classification\v2\train\cardboard\cardboard282.jpg","B109571AAA56F308851FD848E61484C62477C0082E9420D2A6966E0C96DBFFB1"
"C:\Users\bouss\eco-tri-ia\data\raw\garbage_dataset_v2\six_classes\cardboard\cardboard_36.jpg","C:\Users\bouss\eco-tri-ia\data\classification\v2\train\cardboard\cardboard323.jpg","C2D9CA1F7A33C086DE846F04C9CC755C70DEDD8EE44F92AB35CE4D3192CBF38A"
"C:\Users\bouss\eco-tri-ia\data\raw\garbage_dataset_v2\six_classes\cardboard\cardboard_361.jpg","C:\Users\bouss\eco-tri-ia\data\classification\v2\train\cardboard\cardboard383.jpg","C3BC0AC0A346864525D4C75F9E6EDB426E935659D5E70D3598FDA0123B07D761"
"C:\Users\bouss\eco-tri-ia\data\raw\garbage_dataset_v2\six_classes\cardboard\cardboard_374.jpg","C:\Users\bouss\eco-tri-ia\data\classification\v2\train\cardboard\cardboard73.jpg","CD081EEF211499354CC78174839D030BEC4F76C196B794A4DBCACCDC0DDE324A"
"C:\Users\bouss\eco-tri-ia\data\raw\garbage_dataset_v2\six_classes\cardboard\cardboard_375.jpg","C:\Users\bouss\eco-tri-ia\data\classification\v2\val\cardboard\cardboard356.jpg","38014677D0CA639B0C8A5EC235B9F7B7987CC95A77764C7DBCD5955F936B5F3E"
"C:\Users\bouss\eco-tri-ia\data\raw\garbage_dataset_v2\six_classes\cardboard\cardboard_378.jpg","C:\Users\bouss\eco-tri-ia\data\classification\v2\val\cardboard\cardboard129.jpg","C2AE83DC97726813EE11ABA8F734474448BAFAA3816AFB15EBFFDE35DE7980F7"
"C:\Users\bouss\eco-tri-ia\data\raw\garbage_dataset_v2\six_classes\cardboard\cardboard_380.jpg","C:\Users\bouss\eco-tri-ia\data\classification\v2\train\cardboard\cardboard5.jpg","3A1BCBD1887B7C525CC5B1A4BF2007E221F32F17FDDB6E7557DA7A9B9194AD76"
"C:\Users\bouss\eco-tri-ia\data\raw\garbage_dataset_v2\six_classes\cardboard\cardboard_381.jpg","C:\Users\bouss\eco-tri-ia\data\classification\v2\train\cardboard\cardboard17.jpg","39385C062633523815827CDF6687D430BD880A937D7CA2FFC08EF11DD6BCDC35"
"C:\Users\bouss\eco-tri-ia\data\raw\garbage_dataset_v2\six_classes\cardboard\cardboard_384.jpg","C:\Users\bouss\eco-tri-ia\data\classification\v2\train\cardboard\cardboard29.jpg","A90C9F2EE92075B333D024F9A63148B59FA4EA79C7BDFC4EB8E80C4BDA89B9AD"
"C:\Users\bouss\eco-tri-ia\data\raw\garbage_dataset_v2\six_classes\cardboard\cardboard_388.jpg","C:\Users\bouss\eco-tri-ia\data\classification\v2\train\cardboard\cardboard257.jpg","6A9B724D039AEFA9C1FF60BA61BB773CB30BBB79C230F133B0817627D07AEE44"
"C:\Users\bouss\eco-tri-ia\data\raw\garbage_dataset_v2\six_classes\cardboard\cardboard_40.jpg","C:\Users\bouss\eco-tri-ia\data\classification\v2\test\cardboard\cardboard112.jpg","6E6F1D82B3B218EF2C6376BF266EFA908814C54FD0B2A44C5C600FFFF5596079"
"C:\Users\bouss\eco-tri-ia\data\raw\garbage_dataset_v2\six_classes\cardboard\cardboard_402.jpg","C:\Users\bouss\eco-tri-ia\data\classification\v2\train\cardboard\cardboard41.jpg","0AAF69CB9229AC6D01D5E9D12C2E64018BEB1FA0906C98B07004B4EBBAF748C3"
"C:\Users\bouss\eco-tri-ia\data\raw\garbage_dataset_v2\six_classes\cardboard\cardboard_403.jpg","C:\Users\bouss\eco-tri-ia\data\classification\v2\train\cardboard\cardboard91.jpg","D856FD4588CE3E9B629C6791FA95B6E4D6D8BD6747B79BB83101011284A60268"
"C:\Users\bouss\eco-tri-ia\data\raw\garbage_dataset_v2\six_classes\cardboard\cardboard_404.jpg","C:\Users\bouss\eco-tri-ia\data\classification\v2\val\cardboard\cardboard297.jpg","F454B259A11B7DB3B7D4BA33326701249285C39369AE48602F9A91BF98140749"
"C:\Users\bouss\eco-tri-ia\data\raw\garbage_dataset_v2\six_classes\cardboard\cardboard_405.jpg","C:\Users\bouss\eco-tri-ia\data\classification\v2\train\cardboard\cardboard351.jpg","D1EA540AE48743C2D49EEB92A92F1A9DD42719F7CA461BE64C29FFE7FFF05462"
"C:\Users\bouss\eco-tri-ia\data\raw\garbage_dataset_v2\six_classes\cardboard\cardboard_41.jpg","C:\Users\bouss\eco-tri-ia\data\classification\v2\train\cardboard\cardboard64.jpg","FB6C8D912B1D12F2E09CB5BD597C48F3DF78E7033A14E1F8C087ABC28B3E3CA0"
"C:\Users\bouss\eco-tri-ia\data\raw\garbage_dataset_v2\six_classes\cardboard\cardboard_410.jpg","C:\Users\bouss\eco-tri-ia\data\classification\v2\train\cardboard\cardboard285.jpg","7D3CCB8EB0125ED7AFA1F558D227B1C7849CD075DC9DBF10752C7021BDAF9DC7"
"C:\Users\bouss\eco-tri-ia\data\raw\garbage_dataset_v2\six_classes\cardboard\cardboard_413.jpg","C:\Users\bouss\eco-tri-ia\data\classification\v2\train\cardboard\cardboard303.jpg","0D8E4333A63DD90E6312ACB99840D7EA42C0AE632B9CC269703235A6AFCD445F"
"C:\Users\bouss\eco-tri-ia\data\raw\garbage_dataset_v2\six_classes\cardboard\cardboard_417.jpg","C:\Users\bouss\eco-tri-ia\data\classification\v2\train\cardboard\cardboard7.jpg","D52A5C162CAD2B925BA37E49FEE6644008F70C341B286C178127C4424CA1C04B"
"C:\Users\bouss\eco-tri-ia\data\raw\garbage_dataset_v2\six_classes\cardboard\cardboard_424.jpg","C:\Users\bouss\eco-tri-ia\data\classification\v2\train\cardboard\cardboard252.jpg","EAD1CFB68DA63FF271DF2470E15394502BCBF1B65B13F55EA66447077895BD4A"
"C:\Users\bouss\eco-tri-ia\data\raw\garbage_dataset_v2\six_classes\cardboard\cardboard_429.jpg","C:\Users\bouss\eco-tri-ia\data\classification\v2\train\cardboard\cardboard136.jpg","8BC75C6725F0E9588BA990ED5E5F1BCA9DA5259EB8E31BE0D11BA35AFB18412E"
"C:\Users\bouss\eco-tri-ia\data\raw\garbage_dataset_v2\six_classes\cardboard\cardboard_431.jpg","C:\Users\bouss\eco-tri-ia\data\classification\v2\val\cardboard\cardboard99.jpg","244FD7B2518017BF260F2E3A251E8ADBA9B1150DD0E1C0B479B16F889227DA87"
"C:\Users\bouss\eco-tri-ia\data\raw\garbage_dataset_v2\six_classes\cardboard\cardboard_434.jpg","C:\Users\bouss\eco-tri-ia\data\classification\v2\train\cardboard\cardboard336.jpg","BA24F78E408489720C9F0410D406AB49FE66379E6C4A09B7A554266DB50B632A"
"C:\Users\bouss\eco-tri-ia\data\raw\garbage_dataset_v2\six_classes\cardboard\cardboard_436.jpg","C:\Users\bouss\eco-tri-ia\data\classification\v2\test\cardboard\cardboard377.jpg","836403B50CF91C009D42C3E64EF132A4799C2808A43CE155549E4DC57CDFE446"
"C:\Users\bouss\eco-tri-ia\data\raw\garbage_dataset_v2\six_classes\cardboard\cardboard_44.jpg","C:\Users\bouss\eco-tri-ia\data\classification\v2\train\cardboard\cardboard26.jpg","9A5CA9E612F1A627A4CC86DC025AED499E9C7219BF184684058C021B3ECD7971"
"C:\Users\bouss\eco-tri-ia\data\raw\garbage_dataset_v2\six_classes\cardboard\cardboard_440.jpg","C:\Users\bouss\eco-tri-ia\data\classification\v2\train\cardboard\cardboard344.jpg","29717507E973BBDD88947EF1E867F2FF29DFC65E15287CBECAE1A9440C7B25A5"
"C:\Users\bouss\eco-tri-ia\data\raw\garbage_dataset_v2\six_classes\cardboard\cardboard_446.jpg","C:\Users\bouss\eco-tri-ia\data\classification\v2\train\cardboard\cardboard349.jpg","163AA7DCC4A05BBAB15C462392B9806B5A064AB1C606EA103C96262F044658CE"
"C:\Users\bouss\eco-tri-ia\data\raw\garbage_dataset_v2\six_classes\cardboard\cardboard_449.jpg","C:\Users\bouss\eco-tri-ia\data\classification\v2\train\cardboard\cardboard56.jpg","287FF00FF0F172099B74B41526C880CBAA6BEC85B065C6B0C82D677E1294B796"
"C:\Users\bouss\eco-tri-ia\data\raw\garbage_dataset_v2\six_classes\cardboard\cardboard_452.jpg","C:\Users\bouss\eco-tri-ia\data\classification\v2\train\cardboard\cardboard341.jpg","8D78685AFA2D683C03A94711F9D0F6292E4DEED5ABDCD0BA7B3F5582FE601D6A"
"C:\Users\bouss\eco-tri-ia\data\raw\garbage_dataset_v2\six_classes\cardboard\cardboard_458.jpg","C:\Users\bouss\eco-tri-ia\data\classification\v2\val\cardboard\cardboard57.jpg","42ECA9D4F3D04039B1FDA9F02B359DFD5399D91C4E1DE7A194B577E484603356"
"C:\Users\bouss\eco-tri-ia\data\raw\garbage_dataset_v2\six_classes\cardboard\cardboard_459.jpg","C:\Users\bouss\eco-tri-ia\data\classification\v2\train\cardboard\cardboard398.jpg","6AF4835C742A0137982A6C33B705D0C75FFAC42D5E9D11D2DEBC439E2C3B2A58"
"C:\Users\bouss\eco-tri-ia\data\raw\garbage_dataset_v2\six_classes\cardboard\cardboard_465.jpg","C:\Users\bouss\eco-tri-ia\data\classification\v2\train\cardboard\cardboard236.jpg","ACB9A6C78AA943B8A65DBDD1A86494A863639240370BDF43450BF9DE07EE6624"
"C:\Users\bouss\eco-tri-ia\data\raw\garbage_dataset_v2\six_classes\cardboard\cardboard_466.jpg","C:\Users\bouss\eco-tri-ia\data\classification\v2\train\cardboard\cardboard164.jpg","446A1F224747B2056F5FE0BF50903519608E559FD1CE7ECAD8AAF3AD7077BD97"
"C:\Users\bouss\eco-tri-ia\data\raw\garbage_dataset_v2\six_classes\cardboard\cardboard_471.jpg","C:\Users\bouss\eco-tri-ia\data\classification\v2\train\cardboard\cardboard45.jpg","FE35730EB2AE0AA2006DFB74E6C6F46EBDAE0190241E4CE14225D8D205816C9B"
"C:\Users\bouss\eco-tri-ia\data\raw\garbage_dataset_v2\six_classes\cardboard\cardboard_475.jpg","C:\Users\bouss\eco-tri-ia\data\classification\v2\train\cardboard\cardboard103.jpg","DF9C4036AA2BF59A9C833B02FCEF925A767866751DCA3B169E71054438DEF7AE"
"C:\Users\bouss\eco-tri-ia\data\raw\garbage_dataset_v2\six_classes\cardboard\cardboard_478.jpg","C:\Users\bouss\eco-tri-ia\data\classification\v2\train\cardboard\cardboard55.jpg","8BD1AABEDD29051527B25EAA4F3163B6C4B06AF66D14DA23412A8916F6C28591"
"C:\Users\bouss\eco-tri-ia\data\raw\garbage_dataset_v2\six_classes\cardboard\cardboard_48.jpg","C:\Users\bouss\eco-tri-ia\data\classification\v2\train\cardboard\cardboard390.jpg","44474BF3FEFD8DD4D0CBE096A918F7EB5CB8C54EFE0D35E0F5EF1CC9FDB84635"
"C:\Users\bouss\eco-tri-ia\data\raw\garbage_dataset_v2\six_classes\cardboard\cardboard_482.jpg","C:\Users\bouss\eco-tri-ia\data\classification\v2\train\cardboard\cardboard362.jpg","5F198438EA3A1D93C5EF87BE3F09879E0041B065F6C72FFE533650910741B5BC"
"C:\Users\bouss\eco-tri-ia\data\raw\garbage_dataset_v2\six_classes\cardboard\cardboard_485.jpg","C:\Users\bouss\eco-tri-ia\data\classification\v2\train\cardboard\cardboard198.jpg","D348D8B5C733BBC3FE31C40BCF57999EEDFBFD6AEE6184B73D33F1E0D62A3B9C"
"C:\Users\bouss\eco-tri-ia\data\raw\garbage_dataset_v2\six_classes\cardboard\cardboard_486.jpg","C:\Users\bouss\eco-tri-ia\data\classification\v2\train\cardboard\cardboard319.jpg","B65499A31B3227A11CF6ED1143C12D54DDD51424F4B2906BB38AD76D26DEC885"
"C:\Users\bouss\eco-tri-ia\data\raw\garbage_dataset_v2\six_classes\cardboard\cardboard_493.jpg","C:\Users\bouss\eco-tri-ia\data\classification\v2\val\cardboard\cardboard42.jpg","A1EBA714981782A0B9E1543FA7FE9AE42DEEDC294D1C9D8F8D494FCD95B1EBFE"
"C:\Users\bouss\eco-tri-ia\data\raw\garbage_dataset_v2\six_classes\cardboard\cardboard_494.jpg","C:\Users\bouss\eco-tri-ia\data\classification\v2\val\cardboard\cardboard38.jpg","9BA6B8511BC5667D6DC5F313E103E1CE76C4E20BB0FD7E1129DFA90FE05A98C2"
"C:\Users\bouss\eco-tri-ia\data\raw\garbage_dataset_v2\six_classes\cardboard\cardboard_497.jpg","C:\Users\bouss\eco-tri-ia\data\classification\v2\train\cardboard\cardboard272.jpg","2E4F22B829C7EE7EA58F2245F11B3AD1424F773314C89CF3925880BA03C9B6B8"
"C:\Users\bouss\eco-tri-ia\data\raw\garbage_dataset_v2\six_classes\cardboard\cardboard_5.jpg","C:\Users\bouss\eco-tri-ia\data\classification\v2\test\cardboard\cardboard170.jpg","9923220494B8E731421962EA59DD0EB4FF4BA9E0339C85C2FA4C91E61F2634FC"
"C:\Users\bouss\eco-tri-ia\data\raw\garbage_dataset_v2\six_classes\cardboard\cardboard_500.jpg","C:\Users\bouss\eco-tri-ia\data\classification\v2\train\cardboard\cardboard246.jpg","82A332A37E0B03C24482B8478781ED1467EE7843BF807CAB5165242D823D98F8"
"C:\Users\bouss\eco-tri-ia\data\raw\garbage_dataset_v2\six_classes\cardboard\cardboard_503.jpg","C:\Users\bouss\eco-tri-ia\data\classification\v2\train\cardboard\cardboard51.jpg","780465492648DCBDEC9E5FD35752FB9541501AE94BB9D10027D37552D4D90407"
"C:\Users\bouss\eco-tri-ia\data\raw\garbage_dataset_v2\six_classes\cardboard\cardboard_51.jpg","C:\Users\bouss\eco-tri-ia\data\classification\v2\test\cardboard\cardboard76.jpg","21611CF22ABE1189B1EF40C04F9794BAE470937977BBA35527AF7270CD596F2B"
"C:\Users\bouss\eco-tri-ia\data\raw\garbage_dataset_v2\six_classes\cardboard\cardboard_510.jpg","C:\Users\bouss\eco-tri-ia\data\classification\v2\test\cardboard\cardboard389.jpg","A89C0CEBB6F211B3DA34D56832082E6BF3A1D03D0ABB8D7B043A937E37ECCBE1"
"C:\Users\bouss\eco-tri-ia\data\raw\garbage_dataset_v2\six_classes\cardboard\cardboard_515.jpg","C:\Users\bouss\eco-tri-ia\data\classification\v2\train\cardboard\cardboard134.jpg","9720C0BA08FCDF017CEB7B92191F3F6BA6CD05C8CC27B79ACCC183DFCD8F686D"
"C:\Users\bouss\eco-tri-ia\data\raw\garbage_dataset_v2\six_classes\cardboard\cardboard_52.jpg","C:\Users\bouss\eco-tri-ia\data\classification\v2\val\cardboard\cardboard203.jpg","21FCA9F2141321B5856DD917EF588B9C60DD431E6435169D6120E4DAC61C820D"
"C:\Users\bouss\eco-tri-ia\data\raw\garbage_dataset_v2\six_classes\cardboard\cardboard_522.jpg","C:\Users\bouss\eco-tri-ia\data\classification\v2\test\cardboard\cardboard85.jpg","C7497D10F2FB86D28E0CEBBCECF9E8D8A971B5F932A8F9DFF8B4F484962DBF4D"
"C:\Users\bouss\eco-tri-ia\data\raw\garbage_dataset_v2\six_classes\cardboard\cardboard_525.jpg","C:\Users\bouss\eco-tri-ia\data\classification\v2\train\cardboard\cardboard79.jpg","B5DF0D59EE6A777B7D7D503802EAA1BFD97C4FA1C7238DAC4FB2280CD472CC37"
"C:\Users\bouss\eco-tri-ia\data\raw\garbage_dataset_v2\six_classes\cardboard\cardboard_532.jpg","C:\Users\bouss\eco-tri-ia\data\classification\v2\train\cardboard\cardboard111.jpg","6E3A26FD8D05780BAF6107B104A2D077F4046FE5CDA9F00AA12C8A34630DBD0E"
"C:\Users\bouss\eco-tri-ia\data\raw\garbage_dataset_v2\six_classes\cardboard\cardboard_533.jpg","C:\Users\bouss\eco-tri-ia\data\classification\v2\train\cardboard\cardboard229.jpg","2AD343008C70F6944BFA9C17E20D739957622803E62C54B9CCC0E27BBF4AB3B2"
"C:\Users\bouss\eco-tri-ia\data\raw\garbage_dataset_v2\six_classes\cardboard\cardboard_538.jpg","C:\Users\bouss\eco-tri-ia\data\classification\v2\test\cardboard\cardboard211.jpg","9AA6CF0E9A86DE7A3CE785CDA8DCEDF23539392A690E37D504AFD0504596BF95"
"C:\Users\bouss\eco-tri-ia\data\raw\garbage_dataset_v2\six_classes\cardboard\cardboard_551.jpg","C:\Users\bouss\eco-tri-ia\data\classification\v2\val\cardboard\cardboard124.jpg","ABB69D945DBC094FF1BC3106DEA049B049DB52D5F2C840BEDCCBCE030B4E5271"
"C:\Users\bouss\eco-tri-ia\data\raw\garbage_dataset_v2\six_classes\cardboard\cardboard_56.jpg","C:\Users\bouss\eco-tri-ia\data\classification\v2\train\cardboard\cardboard100.jpg","13277FA7AE788F6F342A7D41ADA36D4ADCD20C58E504F2302B619F3B79087B92"
"C:\Users\bouss\eco-tri-ia\data\raw\garbage_dataset_v2\six_classes\cardboard\cardboard_564.jpg","C:\Users\bouss\eco-tri-ia\data\classification\v2\train\cardboard\cardboard327.jpg","CF3CA7021AF61D06C5BAF94E3974ACD09DF0F7AC5168C588F89B094DBEBE8167"
"C:\Users\bouss\eco-tri-ia\data\raw\garbage_dataset_v2\six_classes\cardboard\cardboard_567.jpg","C:\Users\bouss\eco-tri-ia\data\classification\v2\train\cardboard\cardboard46.jpg","774D6C72B77FAFE3E1CAAC78568ED0A24449CDB72A96A2430ECC8C5C8377884E"
"C:\Users\bouss\eco-tri-ia\data\raw\garbage_dataset_v2\six_classes\cardboard\cardboard_572.jpg","C:\Users\bouss\eco-tri-ia\data\classification\v2\train\cardboard\cardboard181.jpg","4DEAD5453EE522CD3BF8DCDB0D1808CDDB659DFDD00EC9014B5055F0FEC088F0"
"C:\Users\bouss\eco-tri-ia\data\raw\garbage_dataset_v2\six_classes\cardboard\cardboard_58.jpg","C:\Users\bouss\eco-tri-ia\data\classification\v2\train\cardboard\cardboard71.jpg","DA5C633EF062700959779E2480F0BF45CD529517BA984BDF85E4E28BB1A39359"
"C:\Users\bouss\eco-tri-ia\data\raw\garbage_dataset_v2\six_classes\cardboard\cardboard_585.jpg","C:\Users\bouss\eco-tri-ia\data\classification\v2\train\cardboard\cardboard193.jpg","121F732624EF127B41164313832909F2FB582583F035112C8232BC421E29A5B0"
"C:\Users\bouss\eco-tri-ia\data\raw\garbage_dataset_v2\six_classes\cardboard\cardboard_587.jpg","C:\Users\bouss\eco-tri-ia\data\classification\v2\train\cardboard\cardboard173.jpg","D886F1CB47CD1C4E22BBD89C058932961E1E872BE7540F2E7CCA1A5F2FB289B8"
"C:\Users\bouss\eco-tri-ia\data\raw\garbage_dataset_v2\six_classes\cardboard\cardboard_590.jpg","C:\Users\bouss\eco-tri-ia\data\classification\v2\train\cardboard\cardboard21.jpg","D701FAF2B056316B6198B2E5E07030B2308E8474D4CF30E9543728591F2ACBDA"
"C:\Users\bouss\eco-tri-ia\data\raw\garbage_dataset_v2\six_classes\cardboard\cardboard_592.jpg","C:\Users\bouss\eco-tri-ia\data\classification\v2\train\cardboard\cardboard385.jpg","BD87374325ED92AF0909D2B2C17CF82E485E4ACE9D810EC3720A0C11A2C2B18A"
"C:\Users\bouss\eco-tri-ia\data\raw\garbage_dataset_v2\six_classes\cardboard\cardboard_602.jpg","C:\Users\bouss\eco-tri-ia\data\classification\v2\val\cardboard\cardboard77.jpg","1898227EB225DA726A809BDC5EDC4B26F3251B93C445161E96FF80508650F25C"
"C:\Users\bouss\eco-tri-ia\data\raw\garbage_dataset_v2\six_classes\cardboard\cardboard_604.jpg","C:\Users\bouss\eco-tri-ia\data\classification\v2\train\cardboard\cardboard381.jpg","5D14A1BEA6909C3AB86F976D03263861E93910596A2E9B995836546E516625D4"
"C:\Users\bouss\eco-tri-ia\data\raw\garbage_dataset_v2\six_classes\cardboard\cardboard_606.jpg","C:\Users\bouss\eco-tri-ia\data\classification\v2\train\cardboard\cardboard287.jpg","0FB29FAB42BCE798A7D4731BA232ACFC60F96096C5BEB59160714EE1AB8E7C0D"
"C:\Users\bouss\eco-tri-ia\data\raw\garbage_dataset_v2\six_classes\cardboard\cardboard_607.jpg","C:\Users\bouss\eco-tri-ia\data\classification\v2\test\cardboard\cardboard110.jpg","B4618EC2441A57414E3080C66E35137EE240AA6588342F61B98FF55A2920B923"
"C:\Users\bouss\eco-tri-ia\data\raw\garbage_dataset_v2\six_classes\cardboard\cardboard_608.jpg","C:\Users\bouss\eco-tri-ia\data\classification\v2\train\cardboard\cardboard63.jpg","B225FEFCC1067D4C489A0CC77E91ADDE71AA89D32472680B2D54498A36C70188"
"C:\Users\bouss\eco-tri-ia\data\raw\garbage_dataset_v2\six_classes\cardboard\cardboard_610.jpg","C:\Users\bouss\eco-tri-ia\data\classification\v2\train\cardboard\cardboard270.jpg","F99E6CD788B810361482E608903B05CDFDBA27137A85413A3725164635CCCB8D"
"C:\Users\bouss\eco-tri-ia\data\raw\garbage_dataset_v2\six_classes\cardboard\cardboard_618.jpg","C:\Users\bouss\eco-tri-ia\data\classification\v2\test\cardboard\cardboard88.jpg","5995ADF9C82EC8E6D03320F8FE0C7FDD2AEA46DBF82358C165762773115F01CD"
"C:\Users\bouss\eco-tri-ia\data\raw\garbage_dataset_v2\six_classes\cardboard\cardboard_623.jpg","C:\Users\bouss\eco-tri-ia\data\classification\v2\train\cardboard\cardboard354.jpg","E77D22B4F9E1FB34F7F288B59B260B76ADA6D73CB1764D5A62208E981C6A2A6A"
"C:\Users\bouss\eco-tri-ia\data\raw\garbage_dataset_v2\six_classes\cardboard\cardboard_624.jpg","C:\Users\bouss\eco-tri-ia\data\classification\v2\val\cardboard\cardboard70.jpg","34AFF6ECDB35BADCDF43D49DD388103E0E17102DCB97F649A5F71FD5D6F0175B"
"C:\Users\bouss\eco-tri-ia\data\raw\garbage_dataset_v2\six_classes\cardboard\cardboard_629.jpg","C:\Users\bouss\eco-tri-ia\data\classification\v2\train\cardboard\cardboard324.jpg","79B166CE55A07D1694D143CFABC6E07DD817C4541C85B079D80AC0819B29FBFD"
"C:\Users\bouss\eco-tri-ia\data\raw\garbage_dataset_v2\six_classes\cardboard\cardboard_632.jpg","C:\Users\bouss\eco-tri-ia\data\classification\v2\train\cardboard\cardboard107.jpg","F684A75B78C3B036EF269AE3065DC465B3EBEE2816AAFB2C1C33CA2F97E035B4"
"C:\Users\bouss\eco-tri-ia\data\raw\garbage_dataset_v2\six_classes\cardboard\cardboard_636.jpg","C:\Users\bouss\eco-tri-ia\data\classification\v2\train\cardboard\cardboard161.jpg","5D2E969D3A067CF79834DA828870E513A0E99428C6DE513F14586C5D47A297DE"
"C:\Users\bouss\eco-tri-ia\data\raw\garbage_dataset_v2\six_classes\cardboard\cardboard_643.jpg","C:\Users\bouss\eco-tri-ia\data\classification\v2\val\cardboard\cardboard262.jpg","EBAD65ECB19E65BC941D49F37841C5BB5A812DB7AC76E356DBC0AF178374A1C2"
"C:\Users\bouss\eco-tri-ia\data\raw\garbage_dataset_v2\six_classes\cardboard\cardboard_644.jpg","C:\Users\bouss\eco-tri-ia\data\classification\v2\train\cardboard\cardboard4.jpg","C383C12C7625BA8F8C90B16B346F8D250315B76554B7C6932E9DB48CF162485A"
"C:\Users\bouss\eco-tri-ia\data\raw\garbage_dataset_v2\six_classes\cardboard\cardboard_647.jpg","C:\Users\bouss\eco-tri-ia\data\classification\v2\test\cardboard\cardboard6.jpg","3B0A8C4F56F40C65C2803095CB0E749C96F1FBDA615FF23EEC4FCA0C0F8E1769"
"C:\Users\bouss\eco-tri-ia\data\raw\garbage_dataset_v2\six_classes\cardboard\cardboard_648.jpg","C:\Users\bouss\eco-tri-ia\data\classification\v2\train\cardboard\cardboard33.jpg","7EE288C8FFAF785AA8CA468ED3688FFD0524B26BCF3409692AC74E6FA92E1CDD"
"C:\Users\bouss\eco-tri-ia\data\raw\garbage_dataset_v2\six_classes\cardboard\cardboard_649.jpg","C:\Users\bouss\eco-tri-ia\data\classification\v2\train\cardboard\cardboard19.jpg","7B87232D430DE1F8E8B17559075F03B73EE2EB550D6C61544281D57657740034"
"C:\Users\bouss\eco-tri-ia\data\raw\garbage_dataset_v2\six_classes\cardboard\cardboard_651.jpg","C:\Users\bouss\eco-tri-ia\data\classification\v2\train\cardboard\cardboard104.jpg","8C5FC72FB93EFEB74D912C8EAD8DFDE62894AABD5AA5CEB67CB261D7EFA13E09"
"C:\Users\bouss\eco-tri-ia\data\raw\garbage_dataset_v2\six_classes\cardboard\cardboard_654.jpg","C:\Users\bouss\eco-tri-ia\data\classification\v2\test\cardboard\cardboard350.jpg","C4154176338A6AF396600A1FE62CE65B31452EE01BA4F35F907F744F25D61E0B"
"C:\Users\bouss\eco-tri-ia\data\raw\garbage_dataset_v2\six_classes\cardboard\cardboard_655.jpg","C:\Users\bouss\eco-tri-ia\data\classification\v2\train\cardboard\cardboard184.jpg","D46CB1DF29467B1AB46333D2A838225AA1F40AF0164C54BA97630DF53C926ED9"
"C:\Users\bouss\eco-tri-ia\data\raw\garbage_dataset_v2\six_classes\cardboard\cardboard_659.jpg","C:\Users\bouss\eco-tri-ia\data\classification\v2\train\cardboard\cardboard309.jpg","8EADAE8CDF1CB45D4755B05571D5400EF4D2DAF6297D4D6A55ECA9E4FC01B802"
"C:\Users\bouss\eco-tri-ia\data\raw\garbage_dataset_v2\six_classes\cardboard\cardboard_665.jpg","C:\Users\bouss\eco-tri-ia\data\classification\v2\train\cardboard\cardboard279.jpg","90CC4F1FA51B32BB82637B946EF03A11152AC9C6A4348F4DC3EB5B2EEC7F203F"
"C:\Users\bouss\eco-tri-ia\data\raw\garbage_dataset_v2\six_classes\cardboard\cardboard_666.jpg","C:\Users\bouss\eco-tri-ia\data\classification\v2\train\cardboard\cardboard218.jpg","189F3C6C3C086D1C64A557BE1206C99C7867C49CB890AC9E3890F8C4B5A64546"
"C:\Users\bouss\eco-tri-ia\data\raw\garbage_dataset_v2\six_classes\cardboard\cardboard_667.jpg","C:\Users\bouss\eco-tri-ia\data\classification\v2\val\cardboard\cardboard62.jpg","D8B0F41DFE01BEABE7BF3C0A7CF6E6E984E4A16E5CE5455AA6A0869FBF3018A3"
"C:\Users\bouss\eco-tri-ia\data\raw\garbage_dataset_v2\six_classes\cardboard\cardboard_668.jpg","C:\Users\bouss\eco-tri-ia\data\classification\v2\train\cardboard\cardboard179.jpg","BE36636033D78B61DDBBBDECCCFCB0537380E04EB84121289268018FB0827B9C"
"C:\Users\bouss\eco-tri-ia\data\raw\garbage_dataset_v2\six_classes\cardboard\cardboard_669.jpg","C:\Users\bouss\eco-tri-ia\data\classification\v2\train\cardboard\cardboard93.jpg","082481ED884286C4380D107D5C20EC264AD27808210A960F2D7FE1ACBFAEB2CA"
"C:\Users\bouss\eco-tri-ia\data\raw\garbage_dataset_v2\six_classes\cardboard\cardboard_67.jpg","C:\Users\bouss\eco-tri-ia\data\classification\v2\train\cardboard\cardboard191.jpg","2B82E19CB55B982D291C8838F84C7E4D3639013727FC814FE4AA7589F20FADAD"
"C:\Users\bouss\eco-tri-ia\data\raw\garbage_dataset_v2\six_classes\cardboard\cardboard_670.jpg","C:\Users\bouss\eco-tri-ia\data\classification\v2\train\cardboard\cardboard152.jpg","B740093EB803B7CB8CFB25CF27D1F30BFA9D38FB67794A20B76E5BF7A1F0B32E"
"C:\Users\bouss\eco-tri-ia\data\raw\garbage_dataset_v2\six_classes\cardboard\cardboard_671.jpg","C:\Users\bouss\eco-tri-ia\data\classification\v2\val\cardboard\cardboard165.jpg","2E89F7E3C69E7520D2897FB65AE91E05969FA3E51B16F1EAB01D1277EDAA6A7D"
"C:\Users\bouss\eco-tri-ia\data\raw\garbage_dataset_v2\six_classes\cardboard\cardboard_675.jpg","C:\Users\bouss\eco-tri-ia\data\classification\v2\train\cardboard\cardboard304.jpg","AD9125050E6D448CE7ACC3DB28B7A0FF3B8C05438276D1752608FE83E09E174E"
"C:\Users\bouss\eco-tri-ia\data\raw\garbage_dataset_v2\six_classes\cardboard\cardboard_679.jpg","C:\Users\bouss\eco-tri-ia\data\classification\v2\train\cardboard\cardboard83.jpg","8D072E685D5097DCDF845C3A22E7464934634F9C359D33520812426ACAA74790"
"C:\Users\bouss\eco-tri-ia\data\raw\garbage_dataset_v2\six_classes\cardboard\cardboard_682.jpg","C:\Users\bouss\eco-tri-ia\data\classification\v2\train\cardboard\cardboard265.jpg","7EC50537BB0C191C59EB2187AC99EA2F143BF915A61755249487E268FF0DAEAE"
"C:\Users\bouss\eco-tri-ia\data\raw\garbage_dataset_v2\six_classes\cardboard\cardboard_683.jpg","C:\Users\bouss\eco-tri-ia\data\classification\v2\train\cardboard\cardboard296.jpg","21C3C200B36649B8790DF2A1EC57C2DA2643DB3C32E051CD4583AEC9B450F5CD"
"C:\Users\bouss\eco-tri-ia\data\raw\garbage_dataset_v2\six_classes\cardboard\cardboard_689.jpg","C:\Users\bouss\eco-tri-ia\data\classification\v2\train\cardboard\cardboard373.jpg","F7A11CB5FE406A56C10D0E0C03834DCEAA81B287666EEC2B5E22CA1748DB8EA8"
"C:\Users\bouss\eco-tri-ia\data\raw\garbage_dataset_v2\six_classes\cardboard\cardboard_691.jpg","C:\Users\bouss\eco-tri-ia\data\classification\v2\train\cardboard\cardboard255.jpg","5180641CE08953111AEBEF2CD06547461B0867530E70D509CF66B2EA8860C267"
"C:\Users\bouss\eco-tri-ia\data\raw\garbage_dataset_v2\six_classes\cardboard\cardboard_693.jpg","C:\Users\bouss\eco-tri-ia\data\classification\v2\train\cardboard\cardboard352.jpg","06ED07EE05770C9B54C0BB775E50183A898985C514EC191AD00432C0BAE46583"
"C:\Users\bouss\eco-tri-ia\data\raw\garbage_dataset_v2\six_classes\cardboard\cardboard_699.jpg","C:\Users\bouss\eco-tri-ia\data\classification\v2\val\cardboard\cardboard311.jpg","158EC60972D4E8744A17D7C303BDB4EAB9C7189B28C371BC298552B2FC4D8972"
"C:\Users\bouss\eco-tri-ia\data\raw\garbage_dataset_v2\six_classes\cardboard\cardboard_7.jpg","C:\Users\bouss\eco-tri-ia\data\classification\v2\train\cardboard\cardboard278.jpg","EEB7A8C4F9E60D5AE0D5A2E50D221DDF22C5C25B668F9C52146EB3B92F39878A"
"C:\Users\bouss\eco-tri-ia\data\raw\garbage_dataset_v2\six_classes\cardboard\cardboard_705.jpg","C:\Users\bouss\eco-tri-ia\data\classification\v2\test\cardboard\cardboard20.jpg","836A0B77BCF24950F06B5C69DFE84079F208F12DFCD2AA9B1970B81F3F78E4E2"
"C:\Users\bouss\eco-tri-ia\data\raw\garbage_dataset_v2\six_classes\cardboard\cardboard_709.jpg","C:\Users\bouss\eco-tri-ia\data\classification\v2\val\cardboard\cardboard308.jpg","00780D2F2ABC38C3F1F3C2A89C017702E890C652CFA8C6B70597278BB80D5AE0"
"C:\Users\bouss\eco-tri-ia\data\raw\garbage_dataset_v2\six_classes\cardboard\cardboard_717.jpg","C:\Users\bouss\eco-tri-ia\data\classification\v2\train\cardboard\cardboard114.jpg","C64E75B62EAAE06B8903DBAA196D044498C126746AB424EA29C09534B0EBBEED"
"C:\Users\bouss\eco-tri-ia\data\raw\garbage_dataset_v2\six_classes\cardboard\cardboard_72.jpg","C:\Users\bouss\eco-tri-ia\data\classification\v2\train\cardboard\cardboard154.jpg","DBFE72D71C02BB7B8656A52EAA5DA5A722CCA50B4C6155BFF1027C45C9906A1D"
"C:\Users\bouss\eco-tri-ia\data\raw\garbage_dataset_v2\six_classes\cardboard\cardboard_720.jpg","C:\Users\bouss\eco-tri-ia\data\classification\v2\test\cardboard\cardboard141.jpg","86FFFDF4A0EF8B31D297ADAAF32AB1E681A5104365B857411AACF8E053050B88"
"C:\Users\bouss\eco-tri-ia\data\raw\garbage_dataset_v2\six_classes\cardboard\cardboard_723.jpg","C:\Users\bouss\eco-tri-ia\data\classification\v2\val\cardboard\cardboard222.jpg","18AAA625B4D836E878B024712E47E0DDA8682FAF64FED862A806FBCBFE260A1E"
"C:\Users\bouss\eco-tri-ia\data\raw\garbage_dataset_v2\six_classes\cardboard\cardboard_737.jpg","C:\Users\bouss\eco-tri-ia\data\classification\v2\train\cardboard\cardboard185.jpg","65FEFBD73DD0F968703BA0C7319E33D8B52CFAD221BCA536733CEED485675D14"
"C:\Users\bouss\eco-tri-ia\data\raw\garbage_dataset_v2\six_classes\cardboard\cardboard_738.jpg","C:\Users\bouss\eco-tri-ia\data\classification\v2\train\cardboard\cardboard313.jpg","599B5806792A91633A29552B7C7D041A38DC2BAFC47D9A198A14FBF64EA74CB5"
"C:\Users\bouss\eco-tri-ia\data\raw\garbage_dataset_v2\six_classes\cardboard\cardboard_744.jpg","C:\Users\bouss\eco-tri-ia\data\classification\v2\train\cardboard\cardboard120.jpg","AD5DB05D8CD20A051B84B0354659E462DFD9709FEBBC88C9D2D1ACAC5FF7B3F6"
"C:\Users\bouss\eco-tri-ia\data\raw\garbage_dataset_v2\six_classes\cardboard\cardboard_749.jpg","C:\Users\bouss\eco-tri-ia\data\classification\v2\train\cardboard\cardboard242.jpg","085D315F8E07CC02331078E9EEC61642A2B69101B20E234CEB69E2E6535680CF"
"C:\Users\bouss\eco-tri-ia\data\raw\garbage_dataset_v2\six_classes\cardboard\cardboard_753.jpg","C:\Users\bouss\eco-tri-ia\data\classification\v2\test\cardboard\cardboard225.jpg","315EBAAD65063F231A4D92EC7079A65F4D3CE88B89727C36BE32AD807653E36C"
"C:\Users\bouss\eco-tri-ia\data\raw\garbage_dataset_v2\six_classes\cardboard\cardboard_758.jpg","C:\Users\bouss\eco-tri-ia\data\classification\v2\train\cardboard\cardboard241.jpg","6BECD18D976D5B709D4138ADCB3DFE4030B75C939A1D08FAD9C94E75A26BAA81"
"C:\Users\bouss\eco-tri-ia\data\raw\garbage_dataset_v2\six_classes\cardboard\cardboard_759.jpg","C:\Users\bouss\eco-tri-ia\data\classification\v2\test\cardboard\cardboard292.jpg","46E27E260D1CE2341235F162B7B7681DAE08F8D8D494A9B50365B6A64CCFA7A0"
"C:\Users\bouss\eco-tri-ia\data\raw\garbage_dataset_v2\six_classes\cardboard\cardboard_760.jpg","C:\Users\bouss\eco-tri-ia\data\classification\v2\train\cardboard\cardboard335.jpg","5239B67FF27FE06ED865E6CB7D43E99116E2B330E41980A67DA26170312B72A1"
"C:\Users\bouss\eco-tri-ia\data\raw\garbage_dataset_v2\six_classes\cardboard\cardboard_764.jpg","C:\Users\bouss\eco-tri-ia\data\classification\v2\train\cardboard\cardboard291.jpg","5D7229CE799F48FA99A4E674129E0C8FDE2969641D44BDD931A2254FCEC4128F"
"C:\Users\bouss\eco-tri-ia\data\raw\garbage_dataset_v2\six_classes\cardboard\cardboard_769.jpg","C:\Users\bouss\eco-tri-ia\data\classification\v2\train\cardboard\cardboard102.jpg","5A88BCE0103F59145F02B7FC0F50AA6DC3FBF29A1FFCAEEEA0EA6661A58E0278"
"C:\Users\bouss\eco-tri-ia\data\raw\garbage_dataset_v2\six_classes\cardboard\cardboard_77.jpg","C:\Users\bouss\eco-tri-ia\data\classification\v2\train\cardboard\cardboard158.jpg","1696CEB0931601A838034F60F36E90B802E78DC87146B0CCA102AFE9CC55C4F7"
"C:\Users\bouss\eco-tri-ia\data\raw\garbage_dataset_v2\six_classes\cardboard\cardboard_770.jpg","C:\Users\bouss\eco-tri-ia\data\classification\v2\train\cardboard\cardboard53.jpg","E4314CC06F459255F4CAEBD1561F10EBE55C92CA2B70EC05DCE49F099990D6C0"
"C:\Users\bouss\eco-tri-ia\data\raw\garbage_dataset_v2\six_classes\cardboard\cardboard_775.jpg","C:\Users\bouss\eco-tri-ia\data\classification\v2\test\cardboard\cardboard90.jpg","154AA49E8581D68981E2C0048C51B1AE448BABC4CC08C03A91A815AF12F66F80"
"C:\Users\bouss\eco-tri-ia\data\raw\garbage_dataset_v2\six_classes\cardboard\cardboard_776.jpg","C:\Users\bouss\eco-tri-ia\data\classification\v2\train\cardboard\cardboard338.jpg","8170427A6CFAD81F832C9492B919DBC4400C808FBD5D077A00FF40DFFEDF2D87"
"C:\Users\bouss\eco-tri-ia\data\raw\garbage_dataset_v2\six_classes\cardboard\cardboard_78.jpg","C:\Users\bouss\eco-tri-ia\data\classification\v2\train\cardboard\cardboard233.jpg","1CF3B1A8E31D787EC92F311F8CEE8E6B8112D07E43A4BAB02403515EE86DA762"
"C:\Users\bouss\eco-tri-ia\data\raw\garbage_dataset_v2\six_classes\cardboard\cardboard_780.jpg","C:\Users\bouss\eco-tri-ia\data\classification\v2\train\cardboard\cardboard363.jpg","9D466F391A744BF0CAD368E76C5D4D02E18634F8037A014A84A927546365C7E2"
"C:\Users\bouss\eco-tri-ia\data\raw\garbage_dataset_v2\six_classes\cardboard\cardboard_783.jpg","C:\Users\bouss\eco-tri-ia\data\classification\v2\val\cardboard\cardboard221.jpg","5302461A04D678D5E8637BA2AFEDB6ADBCC4297C8FC008B9C3FBCA17FAFEAAAC"
"C:\Users\bouss\eco-tri-ia\data\raw\garbage_dataset_v2\six_classes\cardboard\cardboard_785.jpg","C:\Users\bouss\eco-tri-ia\data\classification\v2\train\cardboard\cardboard237.jpg","21B47FABAC906F045EA315B7FE3FA0E235014E41C001226446E226327FD59032"
"C:\Users\bouss\eco-tri-ia\data\raw\garbage_dataset_v2\six_classes\cardboard\cardboard_788.jpg","C:\Users\bouss\eco-tri-ia\data\classification\v2\train\cardboard\cardboard217.jpg","3F5FBA27F5C8A3E46BDBCBCCB8E42FF38514E6BD5B6AC3AAC96A8D44A05E52EA"
"C:\Users\bouss\eco-tri-ia\data\raw\garbage_dataset_v2\six_classes\cardboard\cardboard_789.jpg","C:\Users\bouss\eco-tri-ia\data\classification\v2\train\cardboard\cardboard24.jpg","731D84161364895186464ACD03EA91FCF8B1CE794D5C119BD0BCABCAA550FBF6"
"C:\Users\bouss\eco-tri-ia\data\raw\garbage_dataset_v2\six_classes\cardboard\cardboard_790.jpg","C:\Users\bouss\eco-tri-ia\data\classification\v2\train\cardboard\cardboard289.jpg","4F7CF4831D43996B4AA3483C887E5CFEC080C650F45618AB21F93FECD034BFC3"
"C:\Users\bouss\eco-tri-ia\data\raw\garbage_dataset_v2\six_classes\cardboard\cardboard_792.jpg","C:\Users\bouss\eco-tri-ia\data\classification\v2\train\cardboard\cardboard149.jpg","8BDD9137310A29365D06B152FC545355154BD24B457FEA0398E41BD045B1EBF7"
"C:\Users\bouss\eco-tri-ia\data\raw\garbage_dataset_v2\six_classes\cardboard\cardboard_795.jpg","C:\Users\bouss\eco-tri-ia\data\classification\v2\val\cardboard\cardboard384.jpg","4A6146E74921414E224D8B49EE1341B8847EB68D2EEB563A8265361497B6C838"
"C:\Users\bouss\eco-tri-ia\data\raw\garbage_dataset_v2\six_classes\cardboard\cardboard_797.jpg","C:\Users\bouss\eco-tri-ia\data\classification\v2\train\cardboard\cardboard205.jpg","CB18509203C2D290DFD7F7C89B371499E85EAAF6C1681DCB31C0548588C28429"
"C:\Users\bouss\eco-tri-ia\data\raw\garbage_dataset_v2\six_classes\cardboard\cardboard_8.jpg","C:\Users\bouss\eco-tri-ia\data\classification\v2\train\cardboard\cardboard60.jpg","AFA0B403935CD2AE6E7EEEA6403CF0C49720B0104AA6EDA122189631C5995E6F"
"C:\Users\bouss\eco-tri-ia\data\raw\garbage_dataset_v2\six_classes\cardboard\cardboard_802.jpg","C:\Users\bouss\eco-tri-ia\data\classification\v2\train\cardboard\cardboard280.jpg","C34DC0814F96979E3DF5383522338A06D370D3CD60004BA1829BCD0E6F4D7417"
"C:\Users\bouss\eco-tri-ia\data\raw\garbage_dataset_v2\six_classes\cardboard\cardboard_806.jpg","C:\Users\bouss\eco-tri-ia\data\classification\v2\train\cardboard\cardboard151.jpg","5AA74001D4AF60FE4970C591F247B628D481CF7C3444B0FFD1D1585B1A6E5DC5"
"C:\Users\bouss\eco-tri-ia\data\raw\garbage_dataset_v2\six_classes\cardboard\cardboard_812.jpg","C:\Users\bouss\eco-tri-ia\data\classification\v2\train\cardboard\cardboard95.jpg","9A52A19F10F0188A54C09716C926C29BED255F32C18D068B47795B442A1336DE"
"C:\Users\bouss\eco-tri-ia\data\raw\garbage_dataset_v2\six_classes\cardboard\cardboard_822.jpg","C:\Users\bouss\eco-tri-ia\data\classification\v2\train\cardboard\cardboard248.jpg","43F7D35BCFD1392405F5E3E3D3A8CDA18EDECA51644C1A1AFE44592A6E60D383"
"C:\Users\bouss\eco-tri-ia\data\raw\garbage_dataset_v2\six_classes\cardboard\cardboard_827.jpg","C:\Users\bouss\eco-tri-ia\data\classification\v2\val\cardboard\cardboard397.jpg","F0D5BE1412DF388259A878F02F055C6C63F79E0326078A4AB0585DF7D8DAEC1B"
"C:\Users\bouss\eco-tri-ia\data\raw\garbage_dataset_v2\six_classes\cardboard\cardboard_83.jpg","C:\Users\bouss\eco-tri-ia\data\classification\v2\train\cardboard\cardboard49.jpg","C3DDE25C4E27A9CE16061E54D0862C7FA0AF89AD957E59A955454BD6EA33ECAE"
"C:\Users\bouss\eco-tri-ia\data\raw\garbage_dataset_v2\six_classes\cardboard\cardboard_830.jpg","C:\Users\bouss\eco-tri-ia\data\classification\v2\train\cardboard\cardboard54.jpg","717DDCB392BE8566739F1EA3C4A5DE6F66E3A4E8405E2E54C2310C8261C57D59"
"C:\Users\bouss\eco-tri-ia\data\raw\garbage_dataset_v2\six_classes\cardboard\cardboard_837.jpg","C:\Users\bouss\eco-tri-ia\data\classification\v2\train\cardboard\cardboard372.jpg","D0794E6BC06131435A388869C9D836045538403BC261D45E213D6ADB72EAC80C"
"C:\Users\bouss\eco-tri-ia\data\raw\garbage_dataset_v2\six_classes\cardboard\cardboard_839.jpg","C:\Users\bouss\eco-tri-ia\data\classification\v2\train\cardboard\cardboard357.jpg","868C4AFE5202CD867753D6FF2422894C43D74D64B907DB1D57FE33FD93F7307D"
"C:\Users\bouss\eco-tri-ia\data\raw\garbage_dataset_v2\six_classes\cardboard\cardboard_84.jpg","C:\Users\bouss\eco-tri-ia\data\classification\v2\train\cardboard\cardboard160.jpg","14D11E57928A1DB1778BC6731D4FAB8746CEF8224FB13F95CED869E614C8F1E3"
"C:\Users\bouss\eco-tri-ia\data\raw\garbage_dataset_v2\six_classes\cardboard\cardboard_841.jpg","C:\Users\bouss\eco-tri-ia\data\classification\v2\train\cardboard\cardboard177.jpg","8AA23475ABF49B4B68B3F3B1C9D6BAEABE834D4E90B37A63CECBECAF07776C36"
"C:\Users\bouss\eco-tri-ia\data\raw\garbage_dataset_v2\six_classes\cardboard\cardboard_846.jpg","C:\Users\bouss\eco-tri-ia\data\classification\v2\train\cardboard\cardboard301.jpg","7DAC1BE538D66C303F6C767C4CEEC8A065E6404AA606B6DF3FC7B554E4FB5F5B"
"C:\Users\bouss\eco-tri-ia\data\raw\garbage_dataset_v2\six_classes\cardboard\cardboard_848.jpg","C:\Users\bouss\eco-tri-ia\data\classification\v2\test\cardboard\cardboard66.jpg","6D37C5A6A8D98DB663EFD00EC2E1D000D3F5DD31D9701E6377D49DE87C37FB73"
"C:\Users\bouss\eco-tri-ia\data\raw\garbage_dataset_v2\six_classes\cardboard\cardboard_850.jpg","C:\Users\bouss\eco-tri-ia\data\classification\v2\test\cardboard\cardboard58.jpg","57377AE353EC92A26BCB378A5B26D68910BEC776600EBC486D17FB0A93BDABF9"
"C:\Users\bouss\eco-tri-ia\data\raw\garbage_dataset_v2\six_classes\cardboard\cardboard_862.jpg","C:\Users\bouss\eco-tri-ia\data\classification\v2\test\cardboard\cardboard2.jpg","C368BDA01FCF3D9CB13CB16062BBBF5C96843CEB905E730FA9D69F533B318D7E"
"C:\Users\bouss\eco-tri-ia\data\raw\garbage_dataset_v2\six_classes\cardboard\cardboard_864.jpg","C:\Users\bouss\eco-tri-ia\data\classification\v2\train\cardboard\cardboard277.jpg","6CEA49417728035FCE0F47EA18E26565EA26197DF31F1CB31266D6B0593892E7"
"C:\Users\bouss\eco-tri-ia\data\raw\garbage_dataset_v2\six_classes\cardboard\cardboard_865.jpg","C:\Users\bouss\eco-tri-ia\data\classification\v2\train\cardboard\cardboard263.jpg","DA59749D8AC3A70598658F13558C4B632F968AC1A5FA4EAC9AF6D28278F33B18"
"C:\Users\bouss\eco-tri-ia\data\raw\garbage_dataset_v2\six_classes\cardboard\cardboard_872.jpg","C:\Users\bouss\eco-tri-ia\data\classification\v2\val\cardboard\cardboard345.jpg","98D4483687580535D6E1621C6A11D69CAADCA915DAE1FF3B7BDD5AC231D2D46F"
"C:\Users\bouss\eco-tri-ia\data\raw\garbage_dataset_v2\six_classes\cardboard\cardboard_876.jpg","C:\Users\bouss\eco-tri-ia\data\classification\v2\train\cardboard\cardboard328.jpg","B57558462CB51318B46F8990BD3CF6FF9ACB410F4941A84DEC453E03354408C9"
"C:\Users\bouss\eco-tri-ia\data\raw\garbage_dataset_v2\six_classes\cardboard\cardboard_881.jpg","C:\Users\bouss\eco-tri-ia\data\classification\v2\train\cardboard\cardboard339.jpg","8F61C28B7A3CAFA66E3C9A2FF6C818C288A8F31F21AD69F85135B04447060B04"
"C:\Users\bouss\eco-tri-ia\data\raw\garbage_dataset_v2\six_classes\cardboard\cardboard_884.jpg","C:\Users\bouss\eco-tri-ia\data\classification\v2\train\cardboard\cardboard334.jpg","E20217C46A83B281BCDA09E3D2679E22292D3E3C25BC934969F8D9582F94A21A"
"C:\Users\bouss\eco-tri-ia\data\raw\garbage_dataset_v2\six_classes\cardboard\cardboard_889.jpg","C:\Users\bouss\eco-tri-ia\data\classification\v2\train\cardboard\cardboard186.jpg","BAB81C8185B5066823D5784139E56E3A91828ECAFB0DC1B3C6C0BBD68804C8C1"
"C:\Users\bouss\eco-tri-ia\data\raw\garbage_dataset_v2\six_classes\cardboard\cardboard_89.jpg","C:\Users\bouss\eco-tri-ia\data\classification\v2\val\cardboard\cardboard232.jpg","BD6B74C2562BFDB1C0D707616AB1B59DA7C6931C78279ED99E19A97126667CBB"
"C:\Users\bouss\eco-tri-ia\data\raw\garbage_dataset_v2\six_classes\cardboard\cardboard_893.jpg","C:\Users\bouss\eco-tri-ia\data\classification\v2\train\cardboard\cardboard200.jpg","235A53570ABBAD7ADCB2901EAD6D7385E36C679F1A3AA7BCE179A641D4D1A873"
"C:\Users\bouss\eco-tri-ia\data\raw\garbage_dataset_v2\six_classes\cardboard\cardboard_897.jpg","C:\Users\bouss\eco-tri-ia\data\classification\v2\train\cardboard\cardboard251.jpg","58E9BCEB219AE9F7632C08199B4E475B59BB03CF9FBAE1B3649E51C98B10E0E2"
"C:\Users\bouss\eco-tri-ia\data\raw\garbage_dataset_v2\six_classes\cardboard\cardboard_904.jpg","C:\Users\bouss\eco-tri-ia\data\classification\v2\train\cardboard\cardboard369.jpg","6EB120431A68732A016783D3B66E4F390EAE8D7E961CCB7EB78CDCF0A4750477"
"C:\Users\bouss\eco-tri-ia\data\raw\garbage_dataset_v2\six_classes\cardboard\cardboard_906.jpg","C:\Users\bouss\eco-tri-ia\data\classification\v2\test\cardboard\cardboard370.jpg","9D751726E7B3A86C8C27E03984A3D10CAF63DF1E1479E5CC31BFB7B620B59273"
"C:\Users\bouss\eco-tri-ia\data\raw\garbage_dataset_v2\six_classes\cardboard\cardboard_908.jpg","C:\Users\bouss\eco-tri-ia\data\classification\v2\val\cardboard\cardboard283.jpg","E9EFEDE53192FFD5126CB11CE465FFCC102A3FB65120C3E0663B2F2CE18CB74E"
"C:\Users\bouss\eco-tri-ia\data\raw\garbage_dataset_v2\six_classes\cardboard\cardboard_909.jpg","C:\Users\bouss\eco-tri-ia\data\classification\v2\train\cardboard\cardboard396.jpg","09EF119AC332F41DF67786CD6A579806ABBE9CB55591F0DD817C986DC6A306AF"
"C:\Users\bouss\eco-tri-ia\data\raw\garbage_dataset_v2\six_classes\cardboard\cardboard_912.jpg","C:\Users\bouss\eco-tri-ia\data\classification\v2\train\cardboard\cardboard215.jpg","995196B4035E706DEA1737E2C445C9E0964014A94FCC2871B91B4A66AA3B7C71"
"C:\Users\bouss\eco-tri-ia\data\raw\garbage_dataset_v2\six_classes\cardboard\cardboard_914.jpg","C:\Users\bouss\eco-tri-ia\data\classification\v2\test\cardboard\cardboard305.jpg","416CF318238625E3C4A465E685E372EA5EDBB69C10C832B666B2FDB1050BC17E"
"C:\Users\bouss\eco-tri-ia\data\raw\garbage_dataset_v2\six_classes\cardboard\cardboard_916.jpg","C:\Users\bouss\eco-tri-ia\data\classification\v2\train\cardboard\cardboard253.jpg","3FACD5E43FF1D5A9868BDB443B23967AEBF11D2361E706B09857D8E5BDC06436"
"C:\Users\bouss\eco-tri-ia\data\raw\garbage_dataset_v2\six_classes\cardboard\cardboard_918.jpg","C:\Users\bouss\eco-tri-ia\data\classification\v2\train\cardboard\cardboard121.jpg","B73B7CE6A180A0C33E20AE591D0E727E70A4A53B5F07F87350C245A69F0A3D6F"
"C:\Users\bouss\eco-tri-ia\data\raw\garbage_dataset_v2\six_classes\cardboard\cardboard_920.jpg","C:\Users\bouss\eco-tri-ia\data\classification\v2\train\cardboard\cardboard133.jpg","2EB0BB8EF2C6DA8E6D82698F32A6C3EFCD6FC4A1509E31D37F5D60445ECC45D7"
"C:\Users\bouss\eco-tri-ia\data\raw\garbage_dataset_v2\six_classes\cardboard\cardboard_921.jpg","C:\Users\bouss\eco-tri-ia\data\classification\v2\train\cardboard\cardboard118.jpg","A6B2370BB703F31CBF1E79AB9EF3E7F716A4579493B058A61FCA85E37AE7157E"
"C:\Users\bouss\eco-tri-ia\data\raw\garbage_dataset_v2\six_classes\cardboard\cardboard_922.jpg","C:\Users\bouss\eco-tri-ia\data\classification\v2\train\cardboard\cardboard18.jpg","C4E683190B4D8634E9C7030E178EEF58B07D09AD68C1ECBD9EB55DAD02364360"
"C:\Users\bouss\eco-tri-ia\data\raw\garbage_dataset_v2\six_classes\cardboard\cardboard_926.jpg","C:\Users\bouss\eco-tri-ia\data\classification\v2\train\cardboard\cardboard318.jpg","352BD249D8783B2B576E8D95AD3BC2B1B44161004DE7C1B4E77AF1EF5C41D185"
"C:\Users\bouss\eco-tri-ia\data\raw\garbage_dataset_v2\six_classes\cardboard\cardboard_927.jpg","C:\Users\bouss\eco-tri-ia\data\classification\v2\val\cardboard\cardboard52.jpg","EA96D215A65017B5A0013B3F644518EF9A8F7FAEB15D20113B68E240CFB63564"
"C:\Users\bouss\eco-tri-ia\data\raw\garbage_dataset_v2\six_classes\cardboard\cardboard_93.jpg","C:\Users\bouss\eco-tri-ia\data\classification\v2\val\cardboard\cardboard80.jpg","F48920B82E11077A3A6DFE610BC1E42BB6D4F9B65BD81610D973CB90F79D29F9"
"C:\Users\bouss\eco-tri-ia\data\raw\garbage_dataset_v2\six_classes\cardboard\cardboard_932.jpg","C:\Users\bouss\eco-tri-ia\data\classification\v2\test\cardboard\cardboard68.jpg","A9CF8D4031615579CB9A8A1432BDA79D3A88C839CE70F996A4B0CDBCE2A34DA8"
"C:\Users\bouss\eco-tri-ia\data\raw\garbage_dataset_v2\six_classes\cardboard\cardboard_935.jpg","C:\Users\bouss\eco-tri-ia\data\classification\v2\train\cardboard\cardboard366.jpg","F76CA7D8C9085167729D8750E4F5DA52ECD6D2D16DE680600198D7206F8049B0"
"C:\Users\bouss\eco-tri-ia\data\raw\garbage_dataset_v2\six_classes\cardboard\cardboard_94.jpg","C:\Users\bouss\eco-tri-ia\data\classification\v2\train\cardboard\cardboard153.jpg","6E4B49547DAF86F258EBC12AA2BBDD574E2D77837CFA36DBCA0CFA2891520F14"
"C:\Users\bouss\eco-tri-ia\data\raw\garbage_dataset_v2\six_classes\cardboard\cardboard_942.jpg","C:\Users\bouss\eco-tri-ia\data\classification\v2\train\cardboard\cardboard159.jpg","087C11B5A5003EAABDED9748B1EE459BAAED56492C02CD1BCDF17587AAC01233"
"C:\Users\bouss\eco-tri-ia\data\raw\garbage_dataset_v2\six_classes\cardboard\cardboard_945.jpg","C:\Users\bouss\eco-tri-ia\data\classification\v2\train\cardboard\cardboard400.jpg","1731B5A1BB78A2B82EEB0E49085D59C4C4F8D9B0327369E322B0D28FA6B072B3"
"C:\Users\bouss\eco-tri-ia\data\raw\garbage_dataset_v2\six_classes\cardboard\cardboard_947.jpg","C:\Users\bouss\eco-tri-ia\data\classification\v2\test\cardboard\cardboard353.jpg","9BB88F6C16FD5944403A0E9DA568E1908301422D5908B2B4AF99CF50DB12C504"
"C:\Users\bouss\eco-tri-ia\data\raw\garbage_dataset_v2\six_classes\cardboard\cardboard_948.jpg","C:\Users\bouss\eco-tri-ia\data\classification\v2\test\cardboard\cardboard101.jpg","2F3DAFED35830C61C3464C876F7CFB82AD3B635078F6306BCA02A03F8E90D00F"
"C:\Users\bouss\eco-tri-ia\data\raw\garbage_dataset_v2\six_classes\cardboard\cardboard_952.jpg","C:\Users\bouss\eco-tri-ia\data\classification\v2\test\cardboard\cardboard220.jpg","F7F3094A1DF464B9EBAD857980ABC2556B755436A2DA36380688E88B6E693689"
"C:\Users\bouss\eco-tri-ia\data\raw\garbage_dataset_v2\six_classes\cardboard\cardboard_954.jpg","C:\Users\bouss\eco-tri-ia\data\classification\v2\train\cardboard\cardboard44.jpg","0ADFED199FC150B2E773AC4953DE42BE1A5E13D4BD1FA9AC0611EA829A3D3A83"
"C:\Users\bouss\eco-tri-ia\data\raw\garbage_dataset_v2\six_classes\cardboard\cardboard_960.jpg","C:\Users\bouss\eco-tri-ia\data\classification\v2\test\cardboard\cardboard274.jpg","2A5936D0ECD31B7CA320925993FA0B0CFB561803A1407C57AD627C996AE8A7F7"
"C:\Users\bouss\eco-tri-ia\data\raw\garbage_dataset_v2\six_classes\cardboard\cardboard_965.jpg","C:\Users\bouss\eco-tri-ia\data\classification\v2\train\cardboard\cardboard288.jpg","CBCA9E105606E20B8C361A09798BB07C02397325D6886561C6F4F2EC26027E28"
"C:\Users\bouss\eco-tri-ia\data\raw\garbage_dataset_v2\six_classes\cardboard\cardboard_975.jpg","C:\Users\bouss\eco-tri-ia\data\classification\v2\test\cardboard\cardboard190.jpg","088ABE8DA4601C733F63AB5AC545693835A927AE20A66C49E6906AC7FF157BD2"
"C:\Users\bouss\eco-tri-ia\data\raw\garbage_dataset_v2\six_classes\cardboard\cardboard_978.jpg","C:\Users\bouss\eco-tri-ia\data\classification\v2\train\cardboard\cardboard39.jpg","20A458F8B0AD7AFB390ACC577C2A88944F74BBFFFBBF240B5A7DD00B35C61320"
"C:\Users\bouss\eco-tri-ia\data\raw\garbage_dataset_v2\six_classes\cardboard\cardboard_980.jpg","C:\Users\bouss\eco-tri-ia\data\classification\v2\train\cardboard\cardboard250.jpg","DB13544F3B344B8F49B2C2DA857AD0AABE503FBAE3A08C7AC4526BD86EA27A1B"
"C:\Users\bouss\eco-tri-ia\data\raw\garbage_dataset_v2\six_classes\cardboard\cardboard_981.jpg","C:\Users\bouss\eco-tri-ia\data\classification\v2\val\cardboard\cardboard27.jpg","FFA853CB7C8DC3FE1EF474084DBB5A275A132175096B3534090183D87569E9C9"
"C:\Users\bouss\eco-tri-ia\data\raw\garbage_dataset_v2\six_classes\cardboard\cardboard_982.jpg","C:\Users\bouss\eco-tri-ia\data\classification\v2\train\cardboard\cardboard213.jpg","B3C979A3F4B7246548B51EE34782DFAB7E146A569511F62BCA9B11701460C951"
"C:\Users\bouss\eco-tri-ia\data\raw\garbage_dataset_v2\six_classes\cardboard\cardboard_990.jpg","C:\Users\bouss\eco-tri-ia\data\classification\v2\train\cardboard\cardboard230.jpg","F7DE0D793E463836EF67FE1C48D501B5BBC33ED6F3018AFF502B539569FC4045"
"C:\Users\bouss\eco-tri-ia\data\raw\garbage_dataset_v2\six_classes\cardboard\cardboard_993.jpg","C:\Users\bouss\eco-tri-ia\data\classification\v2\train\cardboard\cardboard187.jpg","2D92E10FE0EFB5CB4B68E2DDB150CD7FF5E21EF770972C71D6B8432823447E05"
"C:\Users\bouss\eco-tri-ia\data\raw\garbage_dataset_v2\six_classes\cardboard\cardboard_996.jpg","C:\Users\bouss\eco-tri-ia\data\classification\v2\train\cardboard\cardboard348.jpg","4E53D96FADCEF283A1B30BBC0B76DDB811B90A844BBB7DFD8EB30FF92470C982"
"C:\Users\bouss\eco-tri-ia\data\raw\garbage_dataset_v2\six_classes\cardboard\cardboard_998.jpg","C:\Users\bouss\eco-tri-ia\data\classification\v2\train\cardboard\cardboard35.jpg","881027A86EAF5E514E18AF4E0738603B416D60C4099C55D448F618737FF448DA"
"C:\Users\bouss\eco-tri-ia\data\raw\garbage_dataset_v2\six_classes\cardboard\cardboard_999.jpg","C:\Users\bouss\eco-tri-ia\data\classification\v2\val\cardboard\cardboard197.jpg","0FABBACD1A327EE0220DB83ADA47C24B77645A6BEE64AA5969B8E2AD9DEE98F5"
"C:\Users\bouss\eco-tri-ia\data\raw\garbage_dataset_v2\six_classes\glass\glass_1007.jpg","C:\Users\bouss\eco-tri-ia\data\classification\v2\train\glass\glass288.jpg","C3BA0A9A397845B3C8FE9A9C625774C25481604D00A4CF0944FB3D3DF2A9AD10"
"C:\Users\bouss\eco-tri-ia\data\raw\garbage_dataset_v2\six_classes\glass\glass_101.jpg","C:\Users\bouss\eco-tri-ia\data\classification\v2\test\glass\glass364.jpg","0EE7095B9A08E846175AF981CA30CBD3D56D28FA7147EB48109BA5659B699A46"
"C:\Users\bouss\eco-tri-ia\data\raw\garbage_dataset_v2\six_classes\glass\glass_1013.jpg","C:\Users\bouss\eco-tri-ia\data\classification\v2\train\glass\glass13.jpg","766244C3FE106D582E31F8AB9A38ED37B7C41248B4BC8963A06185C4A4DFFE8E"
"C:\Users\bouss\eco-tri-ia\data\raw\garbage_dataset_v2\six_classes\glass\glass_1017.jpg","C:\Users\bouss\eco-tri-ia\data\classification\v2\train\glass\glass108.jpg","EB3FFDF15081F878165C879BF8F254D1285CE77AA29B7FF94FBCF1D831E33945"
"C:\Users\bouss\eco-tri-ia\data\raw\garbage_dataset_v2\six_classes\glass\glass_1019.jpg","C:\Users\bouss\eco-tri-ia\data\classification\v2\train\glass\glass469.jpg","0381217BB245AADB51014EBD8F8CD802013DC1EE9A3CFD263C5FA9563A346760"
"C:\Users\bouss\eco-tri-ia\data\raw\garbage_dataset_v2\six_classes\glass\glass_1028.jpg","C:\Users\bouss\eco-tri-ia\data\classification\v2\train\glass\glass485.jpg","0E561C15C18303512B8BAAD98B5E5B7920B44CC23AE0D7CB6565D7C5AA5022EF"
"C:\Users\bouss\eco-tri-ia\data\raw\garbage_dataset_v2\six_classes\glass\glass_1034.jpg","C:\Users\bouss\eco-tri-ia\data\classification\v2\train\glass\glass1.jpg","084511AFF76DDB2668538ED7A25FE803D53E625CD3734F5A5656E00A76FB7A92"
"C:\Users\bouss\eco-tri-ia\data\raw\garbage_dataset_v2\six_classes\glass\glass_1037.jpg","C:\Users\bouss\eco-tri-ia\data\classification\v2\train\glass\glass28.jpg","72E2B14802D6F6816C7728B22BC48183C90A85DF630B37506CA04B61A49F9D9C"
"C:\Users\bouss\eco-tri-ia\data\raw\garbage_dataset_v2\six_classes\glass\glass_104.jpg","C:\Users\bouss\eco-tri-ia\data\classification\v2\test\glass\glass142.jpg","E01F9B9BAA357268202A1390B114CD915AC4A6EB93487BBA38D7B2B1D61DA447"
"C:\Users\bouss\eco-tri-ia\data\raw\garbage_dataset_v2\six_classes\glass\glass_1042.jpg","C:\Users\bouss\eco-tri-ia\data\classification\v2\val\glass\glass114.jpg","6098988022480B9C9B7472AED9C531D64279A3EB9F19C255B0D991458D03C7A5"
"C:\Users\bouss\eco-tri-ia\data\raw\garbage_dataset_v2\six_classes\glass\glass_1054.jpg","C:\Users\bouss\eco-tri-ia\data\classification\v2\train\glass\glass292.jpg","3B41C3A115D25E41FDCABD738D207E7A2F99F45519CE8AD45A58293DE281AC33"
"C:\Users\bouss\eco-tri-ia\data\raw\garbage_dataset_v2\six_classes\glass\glass_1055.jpg","C:\Users\bouss\eco-tri-ia\data\classification\v2\train\glass\glass120.jpg","F40585778DE2EE95C4D1E2FA538B16BE129899EE5C76D84039A1DD94333469DA"
"C:\Users\bouss\eco-tri-ia\data\raw\garbage_dataset_v2\six_classes\glass\glass_106.jpg","C:\Users\bouss\eco-tri-ia\data\classification\v2\test\glass\glass230.jpg","C4F927F45E85C72C8E795C195055770271FD9D1D0699FEB610807D7752E6A2E6"
"C:\Users\bouss\eco-tri-ia\data\raw\garbage_dataset_v2\six_classes\glass\glass_1065.jpg","C:\Users\bouss\eco-tri-ia\data\classification\v2\train\glass\glass210.jpg","962485F5AB898217BF3882AFCE48E67129DC2EE635456A1F2560894FB9362A8D"
"C:\Users\bouss\eco-tri-ia\data\raw\garbage_dataset_v2\six_classes\glass\glass_1067.jpg","C:\Users\bouss\eco-tri-ia\data\classification\v2\test\glass\glass40.jpg","C786A9A24DF9030B543D55D5B37688FC6BB61188F90F82893F2DC021C02467B0"
"C:\Users\bouss\eco-tri-ia\data\raw\garbage_dataset_v2\six_classes\glass\glass_1069.jpg","C:\Users\bouss\eco-tri-ia\data\classification\v2\train\glass\glass412.jpg","EFF551A94AB9E54817CFE22911B17DE4F5C02FA64851153DBDD7BFE1B9E82066"
"C:\Users\bouss\eco-tri-ia\data\raw\garbage_dataset_v2\six_classes\glass\glass_1078.jpg","C:\Users\bouss\eco-tri-ia\data\classification\v2\train\glass\glass349.jpg","2A05D2057EF441BB72B549C2FAF5D5F519D1F0BA7E3F69B765FFF30F5D91F0EA"
"C:\Users\bouss\eco-tri-ia\data\raw\garbage_dataset_v2\six_classes\glass\glass_1083.jpg","C:\Users\bouss\eco-tri-ia\data\classification\v2\train\glass\glass243.jpg","CED562F62B3E7082287976D5B69A827EB303528A0EF9D9CF9ACA0091162CB154"
"C:\Users\bouss\eco-tri-ia\data\raw\garbage_dataset_v2\six_classes\glass\glass_1090.jpg","C:\Users\bouss\eco-tri-ia\data\classification\v2\train\glass\glass318.jpg","FEB6CE284CC9EEBED14648F907A7FDD0743AD6C36B89008DE84D0409A74FFFA2"
"C:\Users\bouss\eco-tri-ia\data\raw\garbage_dataset_v2\six_classes\glass\glass_1093.jpg","C:\Users\bouss\eco-tri-ia\data\classification\v2\test\glass\glass156.jpg","663993B05999FD215301AF80D27832C79C1798971A7EF073F57ECB579FF5453B"
"C:\Users\bouss\eco-tri-ia\data\raw\garbage_dataset_v2\six_classes\glass\glass_1096.jpg","C:\Users\bouss\eco-tri-ia\data\classification\v2\train\glass\glass201.jpg","F217722BF9BF5F719BB4FA12D8DD4D7B829FF92ED1827A8D3F798A41A0D35BA7"
"C:\Users\bouss\eco-tri-ia\data\raw\garbage_dataset_v2\six_classes\glass\glass_1099.jpg","C:\Users\bouss\eco-tri-ia\data\classification\v2\train\glass\glass456.jpg","A0A84C28C84B5F160B64B9412093E8E4B267B4BC15408BB93549D5079AF4A47D"
"C:\Users\bouss\eco-tri-ia\data\raw\garbage_dataset_v2\six_classes\glass\glass_11.jpg","C:\Users\bouss\eco-tri-ia\data\classification\v2\train\glass\glass78.jpg","BB0072515B4E6EDBC874B4F1CF218A5183751EEDB980150E5E48A0CC07E48352"
"C:\Users\bouss\eco-tri-ia\data\raw\garbage_dataset_v2\six_classes\glass\glass_1102.jpg","C:\Users\bouss\eco-tri-ia\data\classification\v2\val\glass\glass290.jpg","7D3D2D3C8C53A451BB5916A58A4942C0A008075E0D13EE9DA54E362AA8B78598"
"C:\Users\bouss\eco-tri-ia\data\raw\garbage_dataset_v2\six_classes\glass\glass_1104.jpg","C:\Users\bouss\eco-tri-ia\data\classification\v2\train\glass\glass226.jpg","CA0542181ABB36215DA026AA5C02B977CE8D4258878CEE101FB4B6BE30C32488"
"C:\Users\bouss\eco-tri-ia\data\raw\garbage_dataset_v2\six_classes\glass\glass_1111.jpg","C:\Users\bouss\eco-tri-ia\data\classification\v2\val\glass\glass434.jpg","FBD6C0C6BD04248A6CB09EEC0786ADF3DC4F29A824C60E3F71365EA0FFD763DD"
"C:\Users\bouss\eco-tri-ia\data\raw\garbage_dataset_v2\six_classes\glass\glass_1113.jpg","C:\Users\bouss\eco-tri-ia\data\classification\v2\train\glass\glass319.jpg","37C2E5159358AB9CD6A644E910018C716CF7310DBE6EDC76F87606E22E146316"
"C:\Users\bouss\eco-tri-ia\data\raw\garbage_dataset_v2\six_classes\glass\glass_1114.jpg","C:\Users\bouss\eco-tri-ia\data\classification\v2\train\glass\glass293.jpg","317B8D9894FFB98BF8C0B3AA81206FE1FFA19C19EF3BF012E7FC174F549FFB27"
"C:\Users\bouss\eco-tri-ia\data\raw\garbage_dataset_v2\six_classes\glass\glass_1119.jpg","C:\Users\bouss\eco-tri-ia\data\classification\v2\test\glass\glass125.jpg","2B43BC547CE40566B8EFF014C87B19F02E1705745AD0B3186E99177BAE16963E"
"C:\Users\bouss\eco-tri-ia\data\raw\garbage_dataset_v2\six_classes\glass\glass_1125.jpg","C:\Users\bouss\eco-tri-ia\data\classification\v2\train\glass\glass413.jpg","CA9825E95DCF5A0714175CA6EC0F441D495D82CE0E1C4F612D3ED064D38866F8"
"C:\Users\bouss\eco-tri-ia\data\raw\garbage_dataset_v2\six_classes\glass\glass_1126.jpg","C:\Users\bouss\eco-tri-ia\data\classification\v2\train\glass\glass47.jpg","F6B1F3ECF04BFF83360DEE0390F9D2D7585B4A99D87BE7D0573CFFF278951D0C"
"C:\Users\bouss\eco-tri-ia\data\raw\garbage_dataset_v2\six_classes\glass\glass_113.jpg","C:\Users\bouss\eco-tri-ia\data\classification\v2\val\glass\glass277.jpg","2D420703FFE1DAA3B7966C2FAA247C02BD020602C080940FC96F887634A7BA00"
"C:\Users\bouss\eco-tri-ia\data\raw\garbage_dataset_v2\six_classes\glass\glass_1130.jpg","C:\Users\bouss\eco-tri-ia\data\classification\v2\train\glass\glass279.jpg","A146D28AFBB1FC9B2A5F151841A9EF8F8D275D188E8F39A5ADB799E252366A94"
"C:\Users\bouss\eco-tri-ia\data\raw\garbage_dataset_v2\six_classes\glass\glass_1131.jpg","C:\Users\bouss\eco-tri-ia\data\classification\v2\train\glass\glass406.jpg","721B398A34C5E13720E4EF04E6768E8298D738F1EEC7ED94497C59A844079A87"
"C:\Users\bouss\eco-tri-ia\data\raw\garbage_dataset_v2\six_classes\glass\glass_1134.jpg","C:\Users\bouss\eco-tri-ia\data\classification\v2\train\glass\glass452.jpg","F50A94247184C7B675B504A02E1611CDCB26CE539210704AD0CAC81CBE4D9B01"
"C:\Users\bouss\eco-tri-ia\data\raw\garbage_dataset_v2\six_classes\glass\glass_1135.jpg","C:\Users\bouss\eco-tri-ia\data\classification\v2\train\glass\glass197.jpg","695123647DF273F08DD4EA828F1EA8DF0684CB31A3C86D4E465ED3E22C0E95CF"
"C:\Users\bouss\eco-tri-ia\data\raw\garbage_dataset_v2\six_classes\glass\glass_1136.jpg","C:\Users\bouss\eco-tri-ia\data\classification\v2\train\glass\glass310.jpg","B196FBF78445391DEA3D9099D39697F9ECDEFA76F8EE911E16E324C792B8534D"
"C:\Users\bouss\eco-tri-ia\data\raw\garbage_dataset_v2\six_classes\glass\glass_1137.jpg","C:\Users\bouss\eco-tri-ia\data\classification\v2\test\glass\glass299.jpg","9BA1D9FBFDFEF35081EE696C2BB72E4668DE135060F1C144D6748D46F73D8F8C"
"C:\Users\bouss\eco-tri-ia\data\raw\garbage_dataset_v2\six_classes\glass\glass_1138.jpg","C:\Users\bouss\eco-tri-ia\data\classification\v2\train\glass\glass325.jpg","C3F2F46F0D2AD8149EA358B253AF1EF7593AFB5C78B8A56A12FAAB820EBA16BF"
"C:\Users\bouss\eco-tri-ia\data\raw\garbage_dataset_v2\six_classes\glass\glass_1139.jpg","C:\Users\bouss\eco-tri-ia\data\classification\v2\train\glass\glass73.jpg","3634290F2E8E578E36042841453D307EB95437FDC0001834403B3A3F9B7D27E2"
"C:\Users\bouss\eco-tri-ia\data\raw\garbage_dataset_v2\six_classes\glass\glass_1143.jpg","C:\Users\bouss\eco-tri-ia\data\classification\v2\train\glass\glass395.jpg","B1A2793B62F7ECCA9DE42562D84DA7490151D79BF94BD6FFFFB661AAC184B44E"
"C:\Users\bouss\eco-tri-ia\data\raw\garbage_dataset_v2\six_classes\glass\glass_1148.jpg","C:\Users\bouss\eco-tri-ia\data\classification\v2\train\glass\glass54.jpg","9A1AA316817747DF30BFF8EF23267EC5BD7D9AF091F9CF18E41717DC84740F25"
"C:\Users\bouss\eco-tri-ia\data\raw\garbage_dataset_v2\six_classes\glass\glass_1149.jpg","C:\Users\bouss\eco-tri-ia\data\classification\v2\test\glass\glass477.jpg","14882250D08EB7D7E509275D44E326B5DB190634C97221B3E8D93E3030C6E22C"
"C:\Users\bouss\eco-tri-ia\data\raw\garbage_dataset_v2\six_classes\glass\glass_1151.jpg","C:\Users\bouss\eco-tri-ia\data\classification\v2\train\glass\glass301.jpg","23CC05AB246BEBE4DA8836386DF7C56DA500FF7B6F4EDE68D4D8E45182A3ED98"
"C:\Users\bouss\eco-tri-ia\data\raw\garbage_dataset_v2\six_classes\glass\glass_1152.jpg","C:\Users\bouss\eco-tri-ia\data\classification\v2\test\glass\glass366.jpg","719509EA0C6E99E7F6DD9607573795773242094DA0F036268DCA31373D209C0F"
"C:\Users\bouss\eco-tri-ia\data\raw\garbage_dataset_v2\six_classes\glass\glass_1153.jpg","C:\Users\bouss\eco-tri-ia\data\classification\v2\train\glass\glass163.jpg","95851206148705A6BA4B7DF6F0B8D094E47B8053930FC5DA8A5FDD46876C2B24"
"C:\Users\bouss\eco-tri-ia\data\raw\garbage_dataset_v2\six_classes\glass\glass_1154.jpg","C:\Users\bouss\eco-tri-ia\data\classification\v2\train\glass\glass220.jpg","6D2B84F527458A009BF1E57C05ACE354A0377684840DEA2A4DD6986BAAC0215B"
"C:\Users\bouss\eco-tri-ia\data\raw\garbage_dataset_v2\six_classes\glass\glass_1156.jpg","C:\Users\bouss\eco-tri-ia\data\classification\v2\val\glass\glass344.jpg","1C1DE73C97844DD318C3373005C897BC825A5FF42C60424337322DBEE603638C"
"C:\Users\bouss\eco-tri-ia\data\raw\garbage_dataset_v2\six_classes\glass\glass_1159.jpg","C:\Users\bouss\eco-tri-ia\data\classification\v2\train\glass\glass30.jpg","D0C85BEA887F625EE9A5E2625D559516EC471A7E94D5B2D52B2ABBDE1B19B299"
"C:\Users\bouss\eco-tri-ia\data\raw\garbage_dataset_v2\six_classes\glass\glass_117.jpg","C:\Users\bouss\eco-tri-ia\data\classification\v2\train\glass\glass249.jpg","C209A8EC595B3BE49ED1994932AFB6A10D7269A3D6941C2AC4AE90D331C8D2A3"
"C:\Users\bouss\eco-tri-ia\data\raw\garbage_dataset_v2\six_classes\glass\glass_1173.jpg","C:\Users\bouss\eco-tri-ia\data\classification\v2\train\glass\glass437.jpg","8596099C171405979A7B9F7AC2320B4AA9280E87B79F9474EFC33697ED699E6B"
"C:\Users\bouss\eco-tri-ia\data\raw\garbage_dataset_v2\six_classes\glass\glass_1178.jpg","C:\Users\bouss\eco-tri-ia\data\classification\v2\test\glass\glass455.jpg","88C4A19AF26F2B4BFD8781ACCA88F80062FD3C2F31C69EFB2F5AD15A446C9A9C"
"C:\Users\bouss\eco-tri-ia\data\raw\garbage_dataset_v2\six_classes\glass\glass_118.jpg","C:\Users\bouss\eco-tri-ia\data\classification\v2\test\glass\glass180.jpg","BEC56112AED5D71705DCDB36599254E6B4A8463C633DFBA7B105A9547E2ED084"
"C:\Users\bouss\eco-tri-ia\data\raw\garbage_dataset_v2\six_classes\glass\glass_119.jpg","C:\Users\bouss\eco-tri-ia\data\classification\v2\val\glass\glass475.jpg","78A43C5D8FC5C7FDA039B052885C29C2D2488467E86327AD14A06A8C24F34FAB"
"C:\Users\bouss\eco-tri-ia\data\raw\garbage_dataset_v2\six_classes\glass\glass_1201.jpg","C:\Users\bouss\eco-tri-ia\data\classification\v2\train\glass\glass361.jpg","5EC7BE1CB8DF2BCE73B2C55406F4D3DC21D97A8B334723551F9966BEA0064994"
"C:\Users\bouss\eco-tri-ia\data\raw\garbage_dataset_v2\six_classes\glass\glass_1205.jpg","C:\Users\bouss\eco-tri-ia\data\classification\v2\val\glass\glass10.jpg","F11D856B820653D32078FA0B0CDCA5B3976F1410D40FE8E222431D2087607F6F"
"C:\Users\bouss\eco-tri-ia\data\raw\garbage_dataset_v2\six_classes\glass\glass_1207.jpg","C:\Users\bouss\eco-tri-ia\data\classification\v2\train\glass\glass55.jpg","490F8ED0F65CAAEFE89C5DA34064B3E4F53A29FE6A5CD1D062684C96D4E5EFCD"
"C:\Users\bouss\eco-tri-ia\data\raw\garbage_dataset_v2\six_classes\glass\glass_1211.jpg","C:\Users\bouss\eco-tri-ia\data\classification\v2\val\glass\glass409.jpg","F8C7AB3BEBC752FF423246F0AACE0B8C1C6AD4016CEBF841B9C50260D8ADE3C3"
"C:\Users\bouss\eco-tri-ia\data\raw\garbage_dataset_v2\six_classes\glass\glass_1212.jpg","C:\Users\bouss\eco-tri-ia\data\classification\v2\train\glass\glass205.jpg","42BD941E901F1E87DBF0E61F3AD0F75686D462A6D9E8636D79FB5542E06287D6"
"C:\Users\bouss\eco-tri-ia\data\raw\garbage_dataset_v2\six_classes\glass\glass_122.jpg","C:\Users\bouss\eco-tri-ia\data\classification\v2\train\glass\glass379.jpg","93CD4B08545039186E95E8785C324E5B62F2D3A14D5139113E59E7D7BA04E549"
"C:\Users\bouss\eco-tri-ia\data\raw\garbage_dataset_v2\six_classes\glass\glass_1221.jpg","C:\Users\bouss\eco-tri-ia\data\classification\v2\test\glass\glass42.jpg","B2F6FC320DF5A2E21F07E4A7DC8927E99C505C2630ED036EF4FCE8F1156600E4"
"C:\Users\bouss\eco-tri-ia\data\raw\garbage_dataset_v2\six_classes\glass\glass_123.jpg","C:\Users\bouss\eco-tri-ia\data\classification\v2\train\glass\glass238.jpg","FD3EC108EBF57F80B7E9239E401DCA8CD40C8B7D6AA21BC38456D59A28745BB3"
"C:\Users\bouss\eco-tri-ia\data\raw\garbage_dataset_v2\six_classes\glass\glass_1234.jpg","C:\Users\bouss\eco-tri-ia\data\classification\v2\train\glass\glass138.jpg","92F556A2399516E96F5ADFA879C524769FC9EFEEBC66960C0572E956B2ECC1DA"
"C:\Users\bouss\eco-tri-ia\data\raw\garbage_dataset_v2\six_classes\glass\glass_1242.jpg","C:\Users\bouss\eco-tri-ia\data\classification\v2\train\glass\glass184.jpg","9E2B82A7D9E1B266764A7735B9F8D6B10530D15063CCD9180A9B5A91FC8D1D9B"
"C:\Users\bouss\eco-tri-ia\data\raw\garbage_dataset_v2\six_classes\glass\glass_1243.jpg","C:\Users\bouss\eco-tri-ia\data\classification\v2\test\glass\glass329.jpg","EEFD9034DDA5356AD38474EACE7542896E9C3AB359291CD33D0062110ECA0887"
"C:\Users\bouss\eco-tri-ia\data\raw\garbage_dataset_v2\six_classes\glass\glass_1248.jpg","C:\Users\bouss\eco-tri-ia\data\classification\v2\train\glass\glass135.jpg","DA6DA5F684A7073A2A22C2E01E1FF7FE2122BC543E28B4573BE1F84A049A1F4E"
"C:\Users\bouss\eco-tri-ia\data\raw\garbage_dataset_v2\six_classes\glass\glass_1250.jpg","C:\Users\bouss\eco-tri-ia\data\classification\v2\train\glass\glass381.jpg","6B7A7D11F2FC67528AF282827D789419E96CB788880F25F575A1480403BD2A81"
"C:\Users\bouss\eco-tri-ia\data\raw\garbage_dataset_v2\six_classes\glass\glass_1253.jpg","C:\Users\bouss\eco-tri-ia\data\classification\v2\train\glass\glass22.jpg","C1277F608DF20F1121D902F157C7A0FE0684CA732BCEA485E7164D54A4746052"
"C:\Users\bouss\eco-tri-ia\data\raw\garbage_dataset_v2\six_classes\glass\glass_1261.jpg","C:\Users\bouss\eco-tri-ia\data\classification\v2\train\glass\glass390.jpg","D7A3A28F5267C6FF29A10BE760C053AD8C4C66A3DA554EC52DB4464447171C1B"
"C:\Users\bouss\eco-tri-ia\data\raw\garbage_dataset_v2\six_classes\glass\glass_1263.jpg","C:\Users\bouss\eco-tri-ia\data\classification\v2\test\glass\glass175.jpg","57FD26C959D2C1D95ECE113CEB242AC54983DADF4BC5C70A97624539952BE2D1"
"C:\Users\bouss\eco-tri-ia\data\raw\garbage_dataset_v2\six_classes\glass\glass_1265.jpg","C:\Users\bouss\eco-tri-ia\data\classification\v2\train\glass\glass462.jpg","11CB062AFA3DB500529C6D040C119597825AAFFED8BB5122C74AABBD36DCADF4"
"C:\Users\bouss\eco-tri-ia\data\raw\garbage_dataset_v2\six_classes\glass\glass_1268.jpg","C:\Users\bouss\eco-tri-ia\data\classification\v2\train\glass\glass423.jpg","93593C57DD926131E3C2A1A2354936F9C898DE04DC1C4D5B62B783908137BB8D"
"C:\Users\bouss\eco-tri-ia\data\raw\garbage_dataset_v2\six_classes\glass\glass_1273.jpg","C:\Users\bouss\eco-tri-ia\data\classification\v2\test\glass\glass311.jpg","B39AA12F708CFE510FED276ED590EED15B6630D2DDD258CE455C88EEE39E4DCA"
"C:\Users\bouss\eco-tri-ia\data\raw\garbage_dataset_v2\six_classes\glass\glass_1274.jpg","C:\Users\bouss\eco-tri-ia\data\classification\v2\train\glass\glass258.jpg","E3CED4D2C69352B7414C435EB3F0BC753389996C0646F0BB58485FA76F4F02FC"
"C:\Users\bouss\eco-tri-ia\data\raw\garbage_dataset_v2\six_classes\glass\glass_1279.jpg","C:\Users\bouss\eco-tri-ia\data\classification\v2\train\glass\glass82.jpg","A9ABAE3CFBF6BDE6FD8B546E4C2EC4ECB2B0916C04345A568F2596E08641CD54"
"C:\Users\bouss\eco-tri-ia\data\raw\garbage_dataset_v2\six_classes\glass\glass_1282.jpg","C:\Users\bouss\eco-tri-ia\data\classification\v2\train\glass\glass446.jpg","BD56995EBE7CEE2E1D1F838C735B56005D9D3AE0192DFCF36D86849BB4D66BE6"
"C:\Users\bouss\eco-tri-ia\data\raw\garbage_dataset_v2\six_classes\glass\glass_1283.jpg","C:\Users\bouss\eco-tri-ia\data\classification\v2\train\glass\glass282.jpg","CF13E8D4C14218624204D76FB2CFE3C74B15F07965D1B6C780B1617F1461BBDD"
"C:\Users\bouss\eco-tri-ia\data\raw\garbage_dataset_v2\six_classes\glass\glass_1290.jpg","C:\Users\bouss\eco-tri-ia\data\classification\v2\test\glass\glass158.jpg","D3189E6C0168E9D3E173A1A5F1B39FFC1B0897D142FA9AC5CF8C0EC1F0E9FD59"
"C:\Users\bouss\eco-tri-ia\data\raw\garbage_dataset_v2\six_classes\glass\glass_1292.jpg","C:\Users\bouss\eco-tri-ia\data\classification\v2\val\glass\glass363.jpg","623E7E12344E32B096D3986926C718B5F23C44F54DF1029917737B9D4288AE87"
"C:\Users\bouss\eco-tri-ia\data\raw\garbage_dataset_v2\six_classes\glass\glass_1294.jpg","C:\Users\bouss\eco-tri-ia\data\classification\v2\val\glass\glass222.jpg","E88B95D26DB54665D8EF4A54909C0F374435DF8EB7F26D7D1DBAC0E639DB7FF5"
"C:\Users\bouss\eco-tri-ia\data\raw\garbage_dataset_v2\six_classes\glass\glass_13.jpg","C:\Users\bouss\eco-tri-ia\data\classification\v2\train\glass\glass39.jpg","CC81D4BC6D925497C073A7C95C9621DD1C5F833028466BEACBF0332AA356801E"
"C:\Users\bouss\eco-tri-ia\data\raw\garbage_dataset_v2\six_classes\glass\glass_130.jpg","C:\Users\bouss\eco-tri-ia\data\classification\v2\train\glass\glass372.jpg","3A33C3A34BD6F93CB166D7502BA11FCC6B9D8F585E4AD96709BFA540D6883E0C"
"C:\Users\bouss\eco-tri-ia\data\raw\garbage_dataset_v2\six_classes\glass\glass_1300.jpg","C:\Users\bouss\eco-tri-ia\data\classification\v2\val\glass\glass378.jpg","BFEB29B44E861E40747FE4474DE23BE84C0AB951DDD62CA9BB9158BAA9C258BE"
"C:\Users\bouss\eco-tri-ia\data\raw\garbage_dataset_v2\six_classes\glass\glass_1305.jpg","C:\Users\bouss\eco-tri-ia\data\classification\v2\train\glass\glass316.jpg","89004D864142144B6940C47E078186016E3CDA35CC057BC1536312B9A36D785E"
"C:\Users\bouss\eco-tri-ia\data\raw\garbage_dataset_v2\six_classes\glass\glass_1306.jpg","C:\Users\bouss\eco-tri-ia\data\classification\v2\test\glass\glass335.jpg","32D575A9F636744896F9B3594655990CD662955575244FEADBDC23EF50964714"
"C:\Users\bouss\eco-tri-ia\data\raw\garbage_dataset_v2\six_classes\glass\glass_1310.jpg","C:\Users\bouss\eco-tri-ia\data\classification\v2\train\glass\glass237.jpg","48E70823113177375748A7B0C3226614DE98DD109FF3D665BE2920F5E7264ADA"
"C:\Users\bouss\eco-tri-ia\data\raw\garbage_dataset_v2\six_classes\glass\glass_1311.jpg","C:\Users\bouss\eco-tri-ia\data\classification\v2\test\glass\glass501.jpg","2885B55E189A43DEC7092927818FDBA46638703A7D8E224B70F00E37260CE780"
"C:\Users\bouss\eco-tri-ia\data\raw\garbage_dataset_v2\six_classes\glass\glass_1313.jpg","C:\Users\bouss\eco-tri-ia\data\classification\v2\train\glass\glass41.jpg","56547E1418465473898C49AD3EB5A5228901BEBBEA4BD9DB02B7129BEA65D3B2"
"C:\Users\bouss\eco-tri-ia\data\raw\garbage_dataset_v2\six_classes\glass\glass_1315.jpg","C:\Users\bouss\eco-tri-ia\data\classification\v2\train\glass\glass166.jpg","37B39B89AC20B1E95790047208D505C94E11284D100B2005BF27FB297B278E3E"
"C:\Users\bouss\eco-tri-ia\data\raw\garbage_dataset_v2\six_classes\glass\glass_1318.jpg","C:\Users\bouss\eco-tri-ia\data\classification\v2\train\glass\glass401.jpg","456D3C327CC80E01F1C1BF8547BE1CB4BBC1A987178B5AAD384795F013E9C497"
"C:\Users\bouss\eco-tri-ia\data\raw\garbage_dataset_v2\six_classes\glass\glass_132.jpg","C:\Users\bouss\eco-tri-ia\data\classification\v2\val\glass\glass302.jpg","39B5C2BCE4FA36BD900247E549871485CA3BE3A2EB318A3B425DA04583F460E7"
"C:\Users\bouss\eco-tri-ia\data\raw\garbage_dataset_v2\six_classes\glass\glass_1337.jpg","C:\Users\bouss\eco-tri-ia\data\classification\v2\val\glass\glass422.jpg","5ACCFE0D7AE9B747D9338133EC6F3C9B8770FC0C30658E2E485B2C581C0CB42F"
"C:\Users\bouss\eco-tri-ia\data\raw\garbage_dataset_v2\six_classes\glass\glass_1341.jpg","C:\Users\bouss\eco-tri-ia\data\classification\v2\train\glass\glass9.jpg","B598653EAD82A29E42E12039C3865F5D120832A30FDABA7B8F6CC5EFEE270022"
"C:\Users\bouss\eco-tri-ia\data\raw\garbage_dataset_v2\six_classes\glass\glass_1343.jpg","C:\Users\bouss\eco-tri-ia\data\classification\v2\test\glass\glass183.jpg","B595CAD8529817E670420280FBB0BD4A6717C521310B91424A3EC56CF8B9937B"
"C:\Users\bouss\eco-tri-ia\data\raw\garbage_dataset_v2\six_classes\glass\glass_1349.jpg","C:\Users\bouss\eco-tri-ia\data\classification\v2\train\glass\glass410.jpg","569B966E1BCBFE5A07566B18A1456FF5EFF849110327650F0F8F5E68F37FD182"
"C:\Users\bouss\eco-tri-ia\data\raw\garbage_dataset_v2\six_classes\glass\glass_135.jpg","C:\Users\bouss\eco-tri-ia\data\classification\v2\test\glass\glass492.jpg","98877759EAD414A4D505EAAC1E37AE0A503FE30E9D104B6C66298BAF5143CE7E"
"C:\Users\bouss\eco-tri-ia\data\raw\garbage_dataset_v2\six_classes\glass\glass_1353.jpg","C:\Users\bouss\eco-tri-ia\data\classification\v2\test\glass\glass121.jpg","726B624CA2206FA9A82D656E9B35AB893D4543850FD45DF8722520F0AC37A2ED"
"C:\Users\bouss\eco-tri-ia\data\raw\garbage_dataset_v2\six_classes\glass\glass_136.jpg","C:\Users\bouss\eco-tri-ia\data\classification\v2\train\glass\glass198.jpg","AAF5E70ABC0B9CCD6EB85D220BDD97A64B7F8E91391DED59A8BA1828D73C5CD8"
"C:\Users\bouss\eco-tri-ia\data\raw\garbage_dataset_v2\six_classes\glass\glass_1360.jpg","C:\Users\bouss\eco-tri-ia\data\classification\v2\train\glass\glass95.jpg","7D4FFE90D81FAE7E7C22969E4CACC16BAB4AD752EAC84D48D36AE0D79B0DB2F6"
"C:\Users\bouss\eco-tri-ia\data\raw\garbage_dataset_v2\six_classes\glass\glass_1362.jpg","C:\Users\bouss\eco-tri-ia\data\classification\v2\train\glass\glass81.jpg","9A3E8228A3B16603FBE919F1DF0B36104BA555A0AD385A7E87EAA7B23538C90C"
"C:\Users\bouss\eco-tri-ia\data\raw\garbage_dataset_v2\six_classes\glass\glass_1364.jpg","C:\Users\bouss\eco-tri-ia\data\classification\v2\train\glass\glass20.jpg","DA59384BC0CEC94C8F3B5B4E9FB60FC43037651A2EEF134AD3E9CC54EE0A0C61"
"C:\Users\bouss\eco-tri-ia\data\raw\garbage_dataset_v2\six_classes\glass\glass_1367.jpg","C:\Users\bouss\eco-tri-ia\data\classification\v2\train\glass\glass182.jpg","C52823646CF1218879CF7237BB4EBBAC7D512181F7903636D4C7E8E18696C12B"
"C:\Users\bouss\eco-tri-ia\data\raw\garbage_dataset_v2\six_classes\glass\glass_1373.jpg","C:\Users\bouss\eco-tri-ia\data\classification\v2\train\glass\glass263.jpg","92A9AB9DCD2BEA53CCC6926BC4D1509E0EBA74F124342B9190E3C92FA68DE1B5"
"C:\Users\bouss\eco-tri-ia\data\raw\garbage_dataset_v2\six_classes\glass\glass_1381.jpg","C:\Users\bouss\eco-tri-ia\data\classification\v2\test\glass\glass351.jpg","A9651B6A9339DF4F29EAB974EF39B088C3AEE497CAC561C64A411B01D98C7D16"
"C:\Users\bouss\eco-tri-ia\data\raw\garbage_dataset_v2\six_classes\glass\glass_1382.jpg","C:\Users\bouss\eco-tri-ia\data\classification\v2\train\glass\glass204.jpg","B1E25090DA37CA1424B754D5A7B8FA467295B88C9648BF0D184E166514EF7360"
"C:\Users\bouss\eco-tri-ia\data\raw\garbage_dataset_v2\six_classes\glass\glass_1385.jpg","C:\Users\bouss\eco-tri-ia\data\classification\v2\train\glass\glass267.jpg","B3585984DE7BD265B238537B2C57713AB62D3DB03E98A81C0B5973B74540B2FA"
"C:\Users\bouss\eco-tri-ia\data\raw\garbage_dataset_v2\six_classes\glass\glass_1386.jpg","C:\Users\bouss\eco-tri-ia\data\classification\v2\train\glass\glass380.jpg","EDE5686A09B092A33D3CF441A5E02397A9FC917F9A0B761FA5EC232A71C2AA91"
"C:\Users\bouss\eco-tri-ia\data\raw\garbage_dataset_v2\six_classes\glass\glass_1393.jpg","C:\Users\bouss\eco-tri-ia\data\classification\v2\train\glass\glass393.jpg","156C79B6C5A7219B4A066D9BBBDF53DB03C73BC493D40BBE6AA4F036A01E8686"
"C:\Users\bouss\eco-tri-ia\data\raw\garbage_dataset_v2\six_classes\glass\glass_1402.jpg","C:\Users\bouss\eco-tri-ia\data\classification\v2\train\glass\glass174.jpg","01AB3F001CC739FFF5EEB801BE46140C80D43A4577384FF20A1ACEF9F446CF84"
"C:\Users\bouss\eco-tri-ia\data\raw\garbage_dataset_v2\six_classes\glass\glass_1403.jpg","C:\Users\bouss\eco-tri-ia\data\classification\v2\train\glass\glass347.jpg","8B8BCF3B00F54432B3A5EF9E259B39F80FF28C99307BE805BF578E2A036BFC88"
"C:\Users\bouss\eco-tri-ia\data\raw\garbage_dataset_v2\six_classes\glass\glass_1404.jpg","C:\Users\bouss\eco-tri-ia\data\classification\v2\train\glass\glass357.jpg","FC8441E7380A41222F22A908A3F144957052E7BAD43E6E40AD1CA6888B987C2F"
"C:\Users\bouss\eco-tri-ia\data\raw\garbage_dataset_v2\six_classes\glass\glass_1410.jpg","C:\Users\bouss\eco-tri-ia\data\classification\v2\val\glass\glass76.jpg","F56926CB59ACF8831282B11066020DDEAECF59108B14C73046787BCEAFE8F131"
"C:\Users\bouss\eco-tri-ia\data\raw\garbage_dataset_v2\six_classes\glass\glass_1411.jpg","C:\Users\bouss\eco-tri-ia\data\classification\v2\train\glass\glass303.jpg","DC0A40BC54FA0A39AB2CDEA6DACD091C16904F6899E42E07515A3BF6E18216E4"
"C:\Users\bouss\eco-tri-ia\data\raw\garbage_dataset_v2\six_classes\glass\glass_1423.jpg","C:\Users\bouss\eco-tri-ia\data\classification\v2\train\glass\glass144.jpg","3B673C0A98F66B2153983E049F2231ACD197DA6322EC81A5E26DC4281DCF1EDD"
"C:\Users\bouss\eco-tri-ia\data\raw\garbage_dataset_v2\six_classes\glass\glass_1427.jpg","C:\Users\bouss\eco-tri-ia\data\classification\v2\train\glass\glass4.jpg","B8A2A77180D65ECB054431B2FEBDB5C20E5FCF5A823418C1835F2C2FC34974D7"
"C:\Users\bouss\eco-tri-ia\data\raw\garbage_dataset_v2\six_classes\glass\glass_1429.jpg","C:\Users\bouss\eco-tri-ia\data\classification\v2\train\glass\glass388.jpg","D6D9F191F330BB9F9268E70E835F5A24AD80CD19157D0B29C218B218CC765826"
"C:\Users\bouss\eco-tri-ia\data\raw\garbage_dataset_v2\six_classes\glass\glass_1432.jpg","C:\Users\bouss\eco-tri-ia\data\classification\v2\train\glass\glass294.jpg","9524B4582BF56F1EF08CB70530D04B2B65CE3A29F20169D28FD6BBBDBE96B352"
"C:\Users\bouss\eco-tri-ia\data\raw\garbage_dataset_v2\six_classes\glass\glass_1435.jpg","C:\Users\bouss\eco-tri-ia\data\classification\v2\train\glass\glass196.jpg","A11E9D23A7B72CF45327529A371F06EFDD1CB423D7DF11178219D1721A85434B"
"C:\Users\bouss\eco-tri-ia\data\raw\garbage_dataset_v2\six_classes\glass\glass_1450.jpg","C:\Users\bouss\eco-tri-ia\data\classification\v2\train\glass\glass19.jpg","40C8393AAE8BBA3C72093E8E1085F898CFF0BA21A28DA08608F65C0DCFBF6C5D"
"C:\Users\bouss\eco-tri-ia\data\raw\garbage_dataset_v2\six_classes\glass\glass_1451.jpg","C:\Users\bouss\eco-tri-ia\data\classification\v2\train\glass\glass321.jpg","F1F6B0D8958793E1B761B783767F1548519C9752698CBAF104F7C4D3F25F66F2"
"C:\Users\bouss\eco-tri-ia\data\raw\garbage_dataset_v2\six_classes\glass\glass_1453.jpg","C:\Users\bouss\eco-tri-ia\data\classification\v2\train\glass\glass245.jpg","9BA5ACFECEE46BD977CE2FF7CB52B3BE768FC3F487D17A2B3C7C5486A8DCBCB6"
"C:\Users\bouss\eco-tri-ia\data\raw\garbage_dataset_v2\six_classes\glass\glass_1459.jpg","C:\Users\bouss\eco-tri-ia\data\classification\v2\val\glass\glass86.jpg","5ED81B37171E301D46A3B3C82D73A4808947FED6551C7BEF70FB96FF6939BB0C"
"C:\Users\bouss\eco-tri-ia\data\raw\garbage_dataset_v2\six_classes\glass\glass_1462.jpg","C:\Users\bouss\eco-tri-ia\data\classification\v2\train\glass\glass425.jpg","8DCE43C70C1455F7DA0AA562231E7C6BE49569B0FA034059E8A9C7627B3EFB0B"
"C:\Users\bouss\eco-tri-ia\data\raw\garbage_dataset_v2\six_classes\glass\glass_1470.jpg","C:\Users\bouss\eco-tri-ia\data\classification\v2\train\glass\glass454.jpg","D12E1F54EB875DB98F49CBE4BCF8C463B095331E8867696DBEDF30C8E57BDCCF"
"C:\Users\bouss\eco-tri-ia\data\raw\garbage_dataset_v2\six_classes\glass\glass_1477.jpg","C:\Users\bouss\eco-tri-ia\data\classification\v2\train\glass\glass394.jpg","A8F78387C605A6FB821A5EAFA75CAD13A1E52D1C61D55F38A399972CC8805ADE"
"C:\Users\bouss\eco-tri-ia\data\raw\garbage_dataset_v2\six_classes\glass\glass_1484.jpg","C:\Users\bouss\eco-tri-ia\data\classification\v2\val\glass\glass157.jpg","CC7E7354F7F9E59579775E989E76FFB826A2693095033EEAA373A1EA3A62402D"
"C:\Users\bouss\eco-tri-ia\data\raw\garbage_dataset_v2\six_classes\glass\glass_1490.jpg","C:\Users\bouss\eco-tri-ia\data\classification\v2\test\glass\glass225.jpg","C247465BFDD8DB0F8CF4C783B2D8B9E27CDD6C7A41E06385C38702BF129D27E3"
"C:\Users\bouss\eco-tri-ia\data\raw\garbage_dataset_v2\six_classes\glass\glass_1491.jpg","C:\Users\bouss\eco-tri-ia\data\classification\v2\train\glass\glass57.jpg","F648F8B660A09532BF649B8FD03708AD000CA34600F7B86B380266E96713D003"
"C:\Users\bouss\eco-tri-ia\data\raw\garbage_dataset_v2\six_classes\glass\glass_1495.jpg","C:\Users\bouss\eco-tri-ia\data\classification\v2\val\glass\glass141.jpg","0A03E1ABDDFDE7FB459220A2235C9AC71C5A1E425DA3E15B25E4B26697F430F2"
"C:\Users\bouss\eco-tri-ia\data\raw\garbage_dataset_v2\six_classes\glass\glass_1498.jpg","C:\Users\bouss\eco-tri-ia\data\classification\v2\train\glass\glass231.jpg","4E6863464C1FA0976C3177E9CB6117E481FF252F6B7294FAED6BD2D4AEB7D868"
"C:\Users\bouss\eco-tri-ia\data\raw\garbage_dataset_v2\six_classes\glass\glass_1501.jpg","C:\Users\bouss\eco-tri-ia\data\classification\v2\train\glass\glass373.jpg","38DEC10915658F16888EE956E108457632DC1BAF95B8F8A9D29D8D26C18C484A"
"C:\Users\bouss\eco-tri-ia\data\raw\garbage_dataset_v2\six_classes\glass\glass_1508.jpg","C:\Users\bouss\eco-tri-ia\data\classification\v2\train\glass\glass154.jpg","7B0B2410231626F2AE574750C944AC9770CAA8C3492A4EA50FCF7571762686A9"
"C:\Users\bouss\eco-tri-ia\data\raw\garbage_dataset_v2\six_classes\glass\glass_1538.jpg","C:\Users\bouss\eco-tri-ia\data\classification\v2\val\glass\glass61.jpg","EC88FE102840837987B2E2C538F0B25102957D49B59CB8CCA01B3AF54CD5B0BE"
"C:\Users\bouss\eco-tri-ia\data\raw\garbage_dataset_v2\six_classes\glass\glass_1555.jpg","C:\Users\bouss\eco-tri-ia\data\classification\v2\test\glass\glass432.jpg","4DC22AD211981DCD187EEAA8592AA7426AE31AAEF0852C1E79D6033557CE410C"
"C:\Users\bouss\eco-tri-ia\data\raw\garbage_dataset_v2\six_classes\glass\glass_1557.jpg","C:\Users\bouss\eco-tri-ia\data\classification\v2\train\glass\glass15.jpg","E55621B76D93AE7C1A769A8530A30D0120ED284C1D730DB3B617C1E040E93A05"
"C:\Users\bouss\eco-tri-ia\data\raw\garbage_dataset_v2\six_classes\glass\glass_1558.jpg","C:\Users\bouss\eco-tri-ia\data\classification\v2\val\glass\glass295.jpg","6EE935357EFF0892280896C41D8F0DAC64C415A0194E28C2E224DD28DEEB176E"
"C:\Users\bouss\eco-tri-ia\data\raw\garbage_dataset_v2\six_classes\glass\glass_1561.jpg","C:\Users\bouss\eco-tri-ia\data\classification\v2\train\glass\glass94.jpg","DD1E6DA5BDC5F73AA15142E6B7C668453B3349937FE5BF2EEDB4D6A39C60C738"
"C:\Users\bouss\eco-tri-ia\data\raw\garbage_dataset_v2\six_classes\glass\glass_1570.jpg","C:\Users\bouss\eco-tri-ia\data\classification\v2\train\glass\glass242.jpg","53C48D14DC7B8DDD3F0926EAFA1966CE7BCC5A73AFCE2D9E85FE91325B6F72E6"
"C:\Users\bouss\eco-tri-ia\data\raw\garbage_dataset_v2\six_classes\glass\glass_1573.jpg","C:\Users\bouss\eco-tri-ia\data\classification\v2\train\glass\glass470.jpg","67CDD7981DD535045D6D8FDABECC4EF5FF63BD96BDE6EEAA16AAAFA779B59593"
"C:\Users\bouss\eco-tri-ia\data\raw\garbage_dataset_v2\six_classes\glass\glass_1576.jpg","C:\Users\bouss\eco-tri-ia\data\classification\v2\val\glass\glass481.jpg","8F539CAABA93C61E0B5B788F14F9BB03FAB8C5A7911E191A4210C0BB64DB4DB1"
"C:\Users\bouss\eco-tri-ia\data\raw\garbage_dataset_v2\six_classes\glass\glass_1584.jpg","C:\Users\bouss\eco-tri-ia\data\classification\v2\train\glass\glass53.jpg","E9319D2AC8CF666814030B0222C3F45A56094EBAF3D89EE18F93DE9FDB267EB1"
"C:\Users\bouss\eco-tri-ia\data\raw\garbage_dataset_v2\six_classes\glass\glass_1588.jpg","C:\Users\bouss\eco-tri-ia\data\classification\v2\test\glass\glass308.jpg","C0CE0CF6611D7BD34DDCE4D913E41EAF2CF2D1D97F56AFA8546FD98D9C1A9366"
"C:\Users\bouss\eco-tri-ia\data\raw\garbage_dataset_v2\six_classes\glass\glass_1590.jpg","C:\Users\bouss\eco-tri-ia\data\classification\v2\val\glass\glass139.jpg","45A69094577EF5145E52BF1885B5C52F90DB42455C6382E663D99B11A0E9B21C"
"C:\Users\bouss\eco-tri-ia\data\raw\garbage_dataset_v2\six_classes\glass\glass_1592.jpg","C:\Users\bouss\eco-tri-ia\data\classification\v2\train\glass\glass84.jpg","4B91AE276E0D7D43D842608A18788FA3F7ACDE3ED171521275707D7616D825EB"
"C:\Users\bouss\eco-tri-ia\data\raw\garbage_dataset_v2\six_classes\glass\glass_1593.jpg","C:\Users\bouss\eco-tri-ia\data\classification\v2\test\glass\glass185.jpg","C1D7A8A84753D430E208139416F6CE1CDB3C897A50B2F284632DD4D30805ADD4"
"C:\Users\bouss\eco-tri-ia\data\raw\garbage_dataset_v2\six_classes\glass\glass_1601.jpg","C:\Users\bouss\eco-tri-ia\data\classification\v2\train\glass\glass322.jpg","F799D188B2642A677CF12F2522E4E73C0AFBF7991AAA7F76C1B6B17E89FF8C66"
"C:\Users\bouss\eco-tri-ia\data\raw\garbage_dataset_v2\six_classes\glass\glass_1602.jpg","C:\Users\bouss\eco-tri-ia\data\classification\v2\train\glass\glass232.jpg","AC75F12B8C64C81A4780B0740B163F0129D7F736F32D87DFDAD5C309CFC19CF5"
"C:\Users\bouss\eco-tri-ia\data\raw\garbage_dataset_v2\six_classes\glass\glass_1603.jpg","C:\Users\bouss\eco-tri-ia\data\classification\v2\train\glass\glass457.jpg","B6694CEAD09370AA6A0E82677DD40192DF562E34489AD847F071AD93D71BEEAA"
"C:\Users\bouss\eco-tri-ia\data\raw\garbage_dataset_v2\six_classes\glass\glass_1604.jpg","C:\Users\bouss\eco-tri-ia\data\classification\v2\train\glass\glass343.jpg","F13BA3DE1E5EC82F96B06EE8810D95ADF558136474D2DD100F6D29DD7C1747A6"
"C:\Users\bouss\eco-tri-ia\data\raw\garbage_dataset_v2\six_classes\glass\glass_1605.jpg","C:\Users\bouss\eco-tri-ia\data\classification\v2\val\glass\glass397.jpg","AF12F267B156BEAD9D63532AF706E069814B4FEDBA2FAC77CFC411770CD31153"
"C:\Users\bouss\eco-tri-ia\data\raw\garbage_dataset_v2\six_classes\glass\glass_1611.jpg","C:\Users\bouss\eco-tri-ia\data\classification\v2\train\glass\glass248.jpg","7120850E2324B64B353B3160DF7AECB846E08DE901E2AB92AD6E2FCA17CC743D"
"C:\Users\bouss\eco-tri-ia\data\raw\garbage_dataset_v2\six_classes\glass\glass_1614.jpg","C:\Users\bouss\eco-tri-ia\data\classification\v2\train\glass\glass326.jpg","0CC5DFCA0AE745D898EF5B6B9CC68C1F82E19F51FC35D6DB997AFABD0A26DEC4"
"C:\Users\bouss\eco-tri-ia\data\raw\garbage_dataset_v2\six_classes\glass\glass_1616.jpg","C:\Users\bouss\eco-tri-ia\data\classification\v2\test\glass\glass90.jpg","09C42F13F1174B8A13F64AF3D6FE4589A14B8A2B4124819BEAD0F3FBFC467D1E"
"C:\Users\bouss\eco-tri-ia\data\raw\garbage_dataset_v2\six_classes\glass\glass_162.jpg","C:\Users\bouss\eco-tri-ia\data\classification\v2\train\glass\glass100.jpg","4C7CFF0C0F5DACFF26BF871C6D5B96F29B26D536A637BF5FC4DA7FCEA87212C5"
"C:\Users\bouss\eco-tri-ia\data\raw\garbage_dataset_v2\six_classes\glass\glass_1621.jpg","C:\Users\bouss\eco-tri-ia\data\classification\v2\train\glass\glass403.jpg","5F95DD2522F31BFB2AD3B1C5C304983780C35691C4D1A9A3315DEB3B54900DAE"
"C:\Users\bouss\eco-tri-ia\data\raw\garbage_dataset_v2\six_classes\glass\glass_1625.jpg","C:\Users\bouss\eco-tri-ia\data\classification\v2\train\glass\glass312.jpg","83CDEDB5BD0CDAFA92FC5DC81430BDC3A00B508D32008ABDE5D408DC024C4A62"
"C:\Users\bouss\eco-tri-ia\data\raw\garbage_dataset_v2\six_classes\glass\glass_1629.jpg","C:\Users\bouss\eco-tri-ia\data\classification\v2\val\glass\glass153.jpg","5FBD69D4C331F2593D2694AAD0E3BD5EEBE4D5E4309C000EBBA66F2A7AE4A681"
"C:\Users\bouss\eco-tri-ia\data\raw\garbage_dataset_v2\six_classes\glass\glass_1633.jpg","C:\Users\bouss\eco-tri-ia\data\classification\v2\val\glass\glass269.jpg","A06EEFB006AA3C59FE25C95D68F7316B07C979B36ECD9197F7F79A4BECFFD8EB"
"C:\Users\bouss\eco-tri-ia\data\raw\garbage_dataset_v2\six_classes\glass\glass_1638.jpg","C:\Users\bouss\eco-tri-ia\data\classification\v2\train\glass\glass229.jpg","E35C8842B9293CF517D462EC898F37CF3BCBA321F866FEC7955763B3E9658B57"
"C:\Users\bouss\eco-tri-ia\data\raw\garbage_dataset_v2\six_classes\glass\glass_1639.jpg","C:\Users\bouss\eco-tri-ia\data\classification\v2\val\glass\glass286.jpg","CB42ABF2660A1074D8D6357DBF8665C89C08610580E7AC531082FB50B814CA36"
"C:\Users\bouss\eco-tri-ia\data\raw\garbage_dataset_v2\six_classes\glass\glass_1643.jpg","C:\Users\bouss\eco-tri-ia\data\classification\v2\train\glass\glass21.jpg","94414919083006BDAA55D3FA5C1CF98324B0C3A87436C6D25C27E34EF9FFAAA6"
"C:\Users\bouss\eco-tri-ia\data\raw\garbage_dataset_v2\six_classes\glass\glass_1645.jpg","C:\Users\bouss\eco-tri-ia\data\classification\v2\train\glass\glass91.jpg","C1C6EB287885D70899AB080246CB1FB6CCDA43953C0D74D036D5937E0578B876"
"C:\Users\bouss\eco-tri-ia\data\raw\garbage_dataset_v2\six_classes\glass\glass_1664.jpg","C:\Users\bouss\eco-tri-ia\data\classification\v2\train\glass\glass124.jpg","316177EC6EECD3DEF5DA9A85F80236CB5802F2829A3672BEE659CA6FEA2C7381"
"C:\Users\bouss\eco-tri-ia\data\raw\garbage_dataset_v2\six_classes\glass\glass_1669.jpg","C:\Users\bouss\eco-tri-ia\data\classification\v2\train\glass\glass323.jpg","0AE973374777878D2F29B4AE38A5F70B901573E8AA4D17B2AC2F9340EB781804"
"C:\Users\bouss\eco-tri-ia\data\raw\garbage_dataset_v2\six_classes\glass\glass_1682.jpg","C:\Users\bouss\eco-tri-ia\data\classification\v2\test\glass\glass461.jpg","5CE11A41FC65C17C6A91431FDCDE57580CFFA6041B1041672CCEC43AB25BCFAD"
"C:\Users\bouss\eco-tri-ia\data\raw\garbage_dataset_v2\six_classes\glass\glass_169.jpg","C:\Users\bouss\eco-tri-ia\data\classification\v2\val\glass\glass405.jpg","E4140946E47CEA6C65CC3470024E17F369813EC3A2AD47CBFF73252E5602899D"
"C:\Users\bouss\eco-tri-ia\data\raw\garbage_dataset_v2\six_classes\glass\glass_1694.jpg","C:\Users\bouss\eco-tri-ia\data\classification\v2\train\glass\glass72.jpg","F527881746641648A7B0522A5BF446E6D0E34B08CD1A2EC35308539347637A36"
"C:\Users\bouss\eco-tri-ia\data\raw\garbage_dataset_v2\six_classes\glass\glass_1696.jpg","C:\Users\bouss\eco-tri-ia\data\classification\v2\val\glass\glass436.jpg","37A4389FD332B9872644BC5C4D8A44FCD1E3378878FF6CF201D70B659735CFC6"
"C:\Users\bouss\eco-tri-ia\data\raw\garbage_dataset_v2\six_classes\glass\glass_1698.jpg","C:\Users\bouss\eco-tri-ia\data\classification\v2\train\glass\glass473.jpg","60F151C68C9520151AFE4F0DE9497931B2C55A7ED7F01779B8651E54A4CABB17"
"C:\Users\bouss\eco-tri-ia\data\raw\garbage_dataset_v2\six_classes\glass\glass_1699.jpg","C:\Users\bouss\eco-tri-ia\data\classification\v2\train\glass\glass181.jpg","993B631986ADE472A92AB48C766D0CD1BDF56A4CF9652165350ED2496A310FB1"
"C:\Users\bouss\eco-tri-ia\data\raw\garbage_dataset_v2\six_classes\glass\glass_1703.jpg","C:\Users\bouss\eco-tri-ia\data\classification\v2\train\glass\glass324.jpg","D24FC812595F6819E2A6CFA39E47A6426CFA0A9B9775EB7727CD8F39C0455C1F"
"C:\Users\bouss\eco-tri-ia\data\raw\garbage_dataset_v2\six_classes\glass\glass_1707.jpg","C:\Users\bouss\eco-tri-ia\data\classification\v2\train\glass\glass259.jpg","9A0F65E4E801F9BD63B366B0C03A91E9DC703CE44113CCBD88962CF50F14AD0C"
"C:\Users\bouss\eco-tri-ia\data\raw\garbage_dataset_v2\six_classes\glass\glass_1708.jpg","C:\Users\bouss\eco-tri-ia\data\classification\v2\train\glass\glass6.jpg","8BA68772A1B797C4AC15AD1623CF2BFABED9AC801962358039C7A9873D3AFBFE"
"C:\Users\bouss\eco-tri-ia\data\raw\garbage_dataset_v2\six_classes\glass\glass_1709.jpg","C:\Users\bouss\eco-tri-ia\data\classification\v2\train\glass\glass101.jpg","9D56E6E03F7F995DF99576E22433FC6733EFDAF0D27E3E85E7C74C6B5C14D38C"
"C:\Users\bouss\eco-tri-ia\data\raw\garbage_dataset_v2\six_classes\glass\glass_171.jpg","C:\Users\bouss\eco-tri-ia\data\classification\v2\train\glass\glass471.jpg","DCF5D4F53B81A52540963559616BBE97D2C1F890813435699887498BC0D3AE94"
"C:\Users\bouss\eco-tri-ia\data\raw\garbage_dataset_v2\six_classes\glass\glass_1712.jpg","C:\Users\bouss\eco-tri-ia\data\classification\v2\train\glass\glass281.jpg","9D015EDAE42CCB821521D675CCD03A12820CB15FEB1D7697CA932773FB7999DB"
"C:\Users\bouss\eco-tri-ia\data\raw\garbage_dataset_v2\six_classes\glass\glass_1715.jpg","C:\Users\bouss\eco-tri-ia\data\classification\v2\val\glass\glass404.jpg","02A46A9C5478FBCD6C96D8D10229AC80DDF002DC839EFE95BE2D9EBA97BACD0A"
"C:\Users\bouss\eco-tri-ia\data\raw\garbage_dataset_v2\six_classes\glass\glass_1717.jpg","C:\Users\bouss\eco-tri-ia\data\classification\v2\train\glass\glass400.jpg","D4816CC6379B22BFCBCB6709337E08DFC0BB6C037BF20072FA79DC63B628442F"
"C:\Users\bouss\eco-tri-ia\data\raw\garbage_dataset_v2\six_classes\glass\glass_1721.jpg","C:\Users\bouss\eco-tri-ia\data\classification\v2\test\glass\glass278.jpg","14AD5395A54CF1A0376E7BCC8D40F6ABC6066E921606226597B6139CA5664793"
"C:\Users\bouss\eco-tri-ia\data\raw\garbage_dataset_v2\six_classes\glass\glass_1725.jpg","C:\Users\bouss\eco-tri-ia\data\classification\v2\train\glass\glass487.jpg","CB031871BE0529EE77BB01B5D8526EECA41A71E8EF71C2E948958899791AF680"
"C:\Users\bouss\eco-tri-ia\data\raw\garbage_dataset_v2\six_classes\glass\glass_1728.jpg","C:\Users\bouss\eco-tri-ia\data\classification\v2\test\glass\glass369.jpg","D7E92C0BF35BBD89E620301BBB9418C4DD402514DA897FE341F523B8CA82E5C5"
"C:\Users\bouss\eco-tri-ia\data\raw\garbage_dataset_v2\six_classes\glass\glass_1733.jpg","C:\Users\bouss\eco-tri-ia\data\classification\v2\train\glass\glass215.jpg","5AF1475FFF8A3CF94013BE8089C5B3B93ACA7C1812C02CA487D82B28596B41ED"
"C:\Users\bouss\eco-tri-ia\data\raw\garbage_dataset_v2\six_classes\glass\glass_1735.jpg","C:\Users\bouss\eco-tri-ia\data\classification\v2\train\glass\glass209.jpg","31A17A6916DAACBE83312541816AB61B9D687CEC15245F362B855A83ED0947FC"
"C:\Users\bouss\eco-tri-ia\data\raw\garbage_dataset_v2\six_classes\glass\glass_1736.jpg","C:\Users\bouss\eco-tri-ia\data\classification\v2\train\glass\glass415.jpg","BAE5907E90053845469C3F15E587F4364990B39C1841D52B1AAB06756A3240A4"
"C:\Users\bouss\eco-tri-ia\data\raw\garbage_dataset_v2\six_classes\glass\glass_174.jpg","C:\Users\bouss\eco-tri-ia\data\classification\v2\train\glass\glass467.jpg","D8533C1DD6D3F32099DB8E6E571D290A3C66A1AF4D5BBBF5682F4BFB2BDBE6BB"
"C:\Users\bouss\eco-tri-ia\data\raw\garbage_dataset_v2\six_classes\glass\glass_179.jpg","C:\Users\bouss\eco-tri-ia\data\classification\v2\test\glass\glass3.jpg","0B3AAD79E2F0CD38D038386947500132CBC9693B34576ECFC9F2C0E33D90125C"
"C:\Users\bouss\eco-tri-ia\data\raw\garbage_dataset_v2\six_classes\glass\glass_180.jpg","C:\Users\bouss\eco-tri-ia\data\classification\v2\train\glass\glass234.jpg","BF65EFD72EE281A0B016B3391D84A0A99CC59B0E60D007D3E0C123D373B03C53"
"C:\Users\bouss\eco-tri-ia\data\raw\garbage_dataset_v2\six_classes\glass\glass_190.jpg","C:\Users\bouss\eco-tri-ia\data\classification\v2\train\glass\glass402.jpg","4A2FF79B97102F8D295B0455B2C5587909F2E64AB9DF7A47DD8AE9B9C41A4980"
"C:\Users\bouss\eco-tri-ia\data\raw\garbage_dataset_v2\six_classes\glass\glass_212.jpg","C:\Users\bouss\eco-tri-ia\data\classification\v2\train\glass\glass367.jpg","8F68E5162D9FFC13D14B8C7063EBD9BF07DDE10A99A02A2275CD9A98902C3D3F"
"C:\Users\bouss\eco-tri-ia\data\raw\garbage_dataset_v2\six_classes\glass\glass_213.jpg","C:\Users\bouss\eco-tri-ia\data\classification\v2\train\glass\glass35.jpg","A7B12B1CDC0E41D0D77C7E4DBFE941926307B047B5BBE60C2AEF87676F50252D"
"C:\Users\bouss\eco-tri-ia\data\raw\garbage_dataset_v2\six_classes\glass\glass_214.jpg","C:\Users\bouss\eco-tri-ia\data\classification\v2\val\glass\glass459.jpg","B31787474106C9702DE3481C327A41ADBDDB65E0E7F1DB2FCB62ABB12B37075B"
"C:\Users\bouss\eco-tri-ia\data\raw\garbage_dataset_v2\six_classes\glass\glass_222.jpg","C:\Users\bouss\eco-tri-ia\data\classification\v2\train\glass\glass255.jpg","C9BE8CCE671A82570080D018E80C24256F35B04DDC3D0A2B58ADF59F4DE1CD78"
"C:\Users\bouss\eco-tri-ia\data\raw\garbage_dataset_v2\six_classes\glass\glass_23.jpg","C:\Users\bouss\eco-tri-ia\data\classification\v2\train\glass\glass355.jpg","CC8B5C6FD847CA243AF6DF91980CEB85B4CE88AE755EFFEF7910B91A059740E3"
"C:\Users\bouss\eco-tri-ia\data\raw\garbage_dataset_v2\six_classes\glass\glass_232.jpg","C:\Users\bouss\eco-tri-ia\data\classification\v2\val\glass\glass414.jpg","E249001641A136F238D27F979FAE2E78B679F253BF5D0A38365CD4BEFAE9E2FA"
"C:\Users\bouss\eco-tri-ia\data\raw\garbage_dataset_v2\six_classes\glass\glass_240.jpg","C:\Users\bouss\eco-tri-ia\data\classification\v2\train\glass\glass285.jpg","E64374346ED90920D7CEE40DFAE3318F406F5F3134EFFD31E057B8D38C4B62F5"
"C:\Users\bouss\eco-tri-ia\data\raw\garbage_dataset_v2\six_classes\glass\glass_241.jpg","C:\Users\bouss\eco-tri-ia\data\classification\v2\train\glass\glass228.jpg","2536244DBB00085C64A7B6154C2E91418ED7E08A31F8332FC78760FDC0FB5FF8"
"C:\Users\bouss\eco-tri-ia\data\raw\garbage_dataset_v2\six_classes\glass\glass_271.jpg","C:\Users\bouss\eco-tri-ia\data\classification\v2\train\glass\glass431.jpg","65A159AA62E2D9D16CF6DA7CAB5D39FBDD39254CB1A7BB7CD566EDFEAABF82FC"
"C:\Users\bouss\eco-tri-ia\data\raw\garbage_dataset_v2\six_classes\glass\glass_275.jpg","C:\Users\bouss\eco-tri-ia\data\classification\v2\val\glass\glass240.jpg","AF9A4DD92BE8A8BBE9123C51ACD35A11B01DC18F6703BB0CCFE0F5D735748014"
"C:\Users\bouss\eco-tri-ia\data\raw\garbage_dataset_v2\six_classes\glass\glass_280.jpg","C:\Users\bouss\eco-tri-ia\data\classification\v2\val\glass\glass251.jpg","01DEF532B4D96400D1DCE7A04EE1A8A89C152FF168DEAE2252C7F91D5B2F4C67"
"C:\Users\bouss\eco-tri-ia\data\raw\garbage_dataset_v2\six_classes\glass\glass_287.jpg","C:\Users\bouss\eco-tri-ia\data\classification\v2\train\glass\glass51.jpg","2050554A0968B5B5485EDFFF6D821F399FAD3A9E16B85353BF3D8FC514B189F4"
"C:\Users\bouss\eco-tri-ia\data\raw\garbage_dataset_v2\six_classes\glass\glass_291.jpg","C:\Users\bouss\eco-tri-ia\data\classification\v2\test\glass\glass27.jpg","EB4BA3739B7ADC6D23E30CC8B461A3099EDA76A8F6E7520F2F3529DBFE5EFE56"
"C:\Users\bouss\eco-tri-ia\data\raw\garbage_dataset_v2\six_classes\glass\glass_299.jpg","C:\Users\bouss\eco-tri-ia\data\classification\v2\val\glass\glass67.jpg","47E42F629E148B54A43F1A78297FD53080D2900763074FA08FCA306BF66AEEB2"
"C:\Users\bouss\eco-tri-ia\data\raw\garbage_dataset_v2\six_classes\glass\glass_30.jpg","C:\Users\bouss\eco-tri-ia\data\classification\v2\train\glass\glass362.jpg","552DBCBACC1C63CC69540259F4AA446454124BBA167927A3E8D2151D2CC590EB"
"C:\Users\bouss\eco-tri-ia\data\raw\garbage_dataset_v2\six_classes\glass\glass_310.jpg","C:\Users\bouss\eco-tri-ia\data\classification\v2\train\glass\glass284.jpg","3D20E97C12FD189DE4743990657479F67326D30B66B8C14ED2A82F904610E25A"
"C:\Users\bouss\eco-tri-ia\data\raw\garbage_dataset_v2\six_classes\glass\glass_312.jpg","C:\Users\bouss\eco-tri-ia\data\classification\v2\train\glass\glass449.jpg","BC7D857F3F8F589AB0D8C6918439B9CC5C0DFF555C3A8547FDB4A3D27A4EC48C"
"C:\Users\bouss\eco-tri-ia\data\raw\garbage_dataset_v2\six_classes\glass\glass_315.jpg","C:\Users\bouss\eco-tri-ia\data\classification\v2\train\glass\glass117.jpg","500DA6C7E0FEC298597B752DF531FF295820F0D1FAEF156800EB1F259AA08AAB"
"C:\Users\bouss\eco-tri-ia\data\raw\garbage_dataset_v2\six_classes\glass\glass_316.jpg","C:\Users\bouss\eco-tri-ia\data\classification\v2\val\glass\glass106.jpg","DB092D75F47C3C9D7EF9915ED78F404590AC1ADA9955085DD10FD30677C4964E"
"C:\Users\bouss\eco-tri-ia\data\raw\garbage_dataset_v2\six_classes\glass\glass_320.jpg","C:\Users\bouss\eco-tri-ia\data\classification\v2\train\glass\glass448.jpg","412B46561DBF161C5F7882223D89C2B6FCE78823A98D477947BB7E0372F573FA"
"C:\Users\bouss\eco-tri-ia\data\raw\garbage_dataset_v2\six_classes\glass\glass_324.jpg","C:\Users\bouss\eco-tri-ia\data\classification\v2\train\glass\glass244.jpg","0645108795EB95F8206E17995470FBE0FF6D76F7BD352DB55770DC49718EB4E6"
"C:\Users\bouss\eco-tri-ia\data\raw\garbage_dataset_v2\six_classes\glass\glass_326.jpg","C:\Users\bouss\eco-tri-ia\data\classification\v2\test\glass\glass332.jpg","2EFBA352CB9707DB288287257C31BFB3270610EC759AE9229C64485A6CA408B0"
"C:\Users\bouss\eco-tri-ia\data\raw\garbage_dataset_v2\six_classes\glass\glass_334.jpg","C:\Users\bouss\eco-tri-ia\data\classification\v2\train\glass\glass271.jpg","ED48CB39C44B2092B6C36CA4DD84FC8E9908968B53EDBCDFEF184CC25F0E94BE"
"C:\Users\bouss\eco-tri-ia\data\raw\garbage_dataset_v2\six_classes\glass\glass_336.jpg","C:\Users\bouss\eco-tri-ia\data\classification\v2\train\glass\glass250.jpg","B6255CC25B7FFE34A6EA30C8F4F5DC263BA9A415C3EE403532C58D31023FE3EC"
"C:\Users\bouss\eco-tri-ia\data\raw\garbage_dataset_v2\six_classes\glass\glass_342.jpg","C:\Users\bouss\eco-tri-ia\data\classification\v2\train\glass\glass257.jpg","D40B14D0534FF7218D4EB292B3BCF4E41C7DB8F62F1A29E7F88DCA2432FDDF16"
"C:\Users\bouss\eco-tri-ia\data\raw\garbage_dataset_v2\six_classes\glass\glass_343.jpg","C:\Users\bouss\eco-tri-ia\data\classification\v2\train\glass\glass358.jpg","1F19DA5BC22EC90742E10F675F9AFF57756E7C51EA439530444F71E778169DC2"
"C:\Users\bouss\eco-tri-ia\data\raw\garbage_dataset_v2\six_classes\glass\glass_347.jpg","C:\Users\bouss\eco-tri-ia\data\classification\v2\train\glass\glass96.jpg","92A2B98E4813F70881CAB3A2EF2EB2721B789C86F1A2618EC71F8554EC09317C"
"C:\Users\bouss\eco-tri-ia\data\raw\garbage_dataset_v2\six_classes\glass\glass_35.jpg","C:\Users\bouss\eco-tri-ia\data\classification\v2\train\glass\glass104.jpg","7816A545B6BFA2D84A09CA273B21849998B88EB26ED7D855987FB00F619365B0"
"C:\Users\bouss\eco-tri-ia\data\raw\garbage_dataset_v2\six_classes\glass\glass_353.jpg","C:\Users\bouss\eco-tri-ia\data\classification\v2\train\glass\glass463.jpg","B98A73D579FDAC665619EA1EB95D2D7DFB47D3C45F7C2ED2BB4933B77C046748"
"C:\Users\bouss\eco-tri-ia\data\raw\garbage_dataset_v2\six_classes\glass\glass_354.jpg","C:\Users\bouss\eco-tri-ia\data\classification\v2\test\glass\glass127.jpg","BD013E93C57350FC23A0C8359567235C08BF983384DEC2F3611BA177E7A77F8D"
"C:\Users\bouss\eco-tri-ia\data\raw\garbage_dataset_v2\six_classes\glass\glass_359.jpg","C:\Users\bouss\eco-tri-ia\data\classification\v2\train\glass\glass483.jpg","9EF426243A23B174C0B1AC85F08ED3673D16E95898428694359827EBC126D46D"
"C:\Users\bouss\eco-tri-ia\data\raw\garbage_dataset_v2\six_classes\glass\glass_362.jpg","C:\Users\bouss\eco-tri-ia\data\classification\v2\train\glass\glass262.jpg","3B2881134AF110D59E8B4CCC50727239EDFA5E5C03A63DA792AE685EDAFE8C5A"
"C:\Users\bouss\eco-tri-ia\data\raw\garbage_dataset_v2\six_classes\glass\glass_368.jpg","C:\Users\bouss\eco-tri-ia\data\classification\v2\train\glass\glass439.jpg","7EB308D3A1169C1CDFBB10C9A9FACDA01204ABA733795F1051225C4932866B1F"
"C:\Users\bouss\eco-tri-ia\data\raw\garbage_dataset_v2\six_classes\glass\glass_37.jpg","C:\Users\bouss\eco-tri-ia\data\classification\v2\train\glass\glass297.jpg","92D3AC044C9ACE82A0E0087A84B5682591BBDEF9FAAD78B5C08E46012E433A3C"
"C:\Users\bouss\eco-tri-ia\data\raw\garbage_dataset_v2\six_classes\glass\glass_373.jpg","C:\Users\bouss\eco-tri-ia\data\classification\v2\train\glass\glass206.jpg","8474654CCCD1963DE561E8269FEC2EA7904EA46FCCC274CB91A7CEC993897CFA"
"C:\Users\bouss\eco-tri-ia\data\raw\garbage_dataset_v2\six_classes\glass\glass_379.jpg","C:\Users\bouss\eco-tri-ia\data\classification\v2\train\glass\glass340.jpg","6975AF3BF8E19305AAFBC82CE3C8A6EA484DC31F48E839ADB924B8B3E828BCFA"
"C:\Users\bouss\eco-tri-ia\data\raw\garbage_dataset_v2\six_classes\glass\glass_38.jpg","C:\Users\bouss\eco-tri-ia\data\classification\v2\train\glass\glass190.jpg","C7B458FBF7D599114F5EA87726A6DBC007C748AEA8E8C65819AC171550AA1BC9"
"C:\Users\bouss\eco-tri-ia\data\raw\garbage_dataset_v2\six_classes\glass\glass_384.jpg","C:\Users\bouss\eco-tri-ia\data\classification\v2\test\glass\glass464.jpg","34AB31EC6509B7F941F83B85362D25F99793CFC024B514AE79265456C6C1B55F"
"C:\Users\bouss\eco-tri-ia\data\raw\garbage_dataset_v2\six_classes\glass\glass_386.jpg","C:\Users\bouss\eco-tri-ia\data\classification\v2\train\glass\glass497.jpg","58D620F823B1BF5D1BC87BD87216DE4D1CD4658E9618E3C35A189230C8201FD3"
"C:\Users\bouss\eco-tri-ia\data\raw\garbage_dataset_v2\six_classes\glass\glass_393.jpg","C:\Users\bouss\eco-tri-ia\data\classification\v2\train\glass\glass147.jpg","E6A2A8D66786B2B85BFDC3B2CE7D7B88B703C67FA786A7E47D87BCDD9C3BF3D2"
"C:\Users\bouss\eco-tri-ia\data\raw\garbage_dataset_v2\six_classes\glass\glass_396.jpg","C:\Users\bouss\eco-tri-ia\data\classification\v2\val\glass\glass189.jpg","F25C94515D94FCAF9C132576EB4BD0247E6578C0CD0932941E5ABEC8A5339B68"
"C:\Users\bouss\eco-tri-ia\data\raw\garbage_dataset_v2\six_classes\glass\glass_397.jpg","C:\Users\bouss\eco-tri-ia\data\classification\v2\train\glass\glass155.jpg","AF01C6D84A461D5E396F6EEFABCBFB628CD3E07ED8D2FDED241A7924976695EC"
"C:\Users\bouss\eco-tri-ia\data\raw\garbage_dataset_v2\six_classes\glass\glass_424.jpg","C:\Users\bouss\eco-tri-ia\data\classification\v2\val\glass\glass254.jpg","49B80C75F7EEF7B103083F8E1D61055A6ACA02C33100C13CA19C752D9CD81C73"
"C:\Users\bouss\eco-tri-ia\data\raw\garbage_dataset_v2\six_classes\glass\glass_430.jpg","C:\Users\bouss\eco-tri-ia\data\classification\v2\train\glass\glass260.jpg","6AB261BEA2414406F198B84340C58CF8942C247A494451077376777AEFC2B020"
"C:\Users\bouss\eco-tri-ia\data\raw\garbage_dataset_v2\six_classes\glass\glass_433.jpg","C:\Users\bouss\eco-tri-ia\data\classification\v2\train\glass\glass93.jpg","877205A8DF9D0D5FEA3CCDE83297097D3760F6653E36DAE7E37B4621E9FF92BC"
"C:\Users\bouss\eco-tri-ia\data\raw\garbage_dataset_v2\six_classes\glass\glass_441.jpg","C:\Users\bouss\eco-tri-ia\data\classification\v2\val\glass\glass62.jpg","DAA3971AEF106813C3603B288B931A33B4344A16FD38957AA8495F31C7B9B0B7"
"C:\Users\bouss\eco-tri-ia\data\raw\garbage_dataset_v2\six_classes\glass\glass_452.jpg","C:\Users\bouss\eco-tri-ia\data\classification\v2\test\glass\glass399.jpg","D53AD6E2E26C9BD3321A0C003985D87EEC9D1E6C77BD6442FD078C1A93F595DD"
"C:\Users\bouss\eco-tri-ia\data\raw\garbage_dataset_v2\six_classes\glass\glass_455.jpg","C:\Users\bouss\eco-tri-ia\data\classification\v2\train\glass\glass80.jpg","3BB32682A12512D9910974E21AFA5A7384D072C28A84FC026F3FCF8ABCB474A0"
"C:\Users\bouss\eco-tri-ia\data\raw\garbage_dataset_v2\six_classes\glass\glass_458.jpg","C:\Users\bouss\eco-tri-ia\data\classification\v2\train\glass\glass203.jpg","03FC1A7C0A8AE695A6718EF0ED67F2C702A551A220DC86546E7AEFA56754A097"
"C:\Users\bouss\eco-tri-ia\data\raw\garbage_dataset_v2\six_classes\glass\glass_461.jpg","C:\Users\bouss\eco-tri-ia\data\classification\v2\train\glass\glass119.jpg","915D181548F0F3C7B6749B271FD0D73C7726157B54442CAE32ED35953D26558A"
"C:\Users\bouss\eco-tri-ia\data\raw\garbage_dataset_v2\six_classes\glass\glass_471.jpg","C:\Users\bouss\eco-tri-ia\data\classification\v2\test\glass\glass128.jpg","4A4A4E2D5BAB88AA1C75B92687F37CAF32ADFF970946E999400AD398EB66693E"
"C:\Users\bouss\eco-tri-ia\data\raw\garbage_dataset_v2\six_classes\glass\glass_473.jpg","C:\Users\bouss\eco-tri-ia\data\classification\v2\train\glass\glass162.jpg","0112AFAA0A92911EC345FBF99723DAD11D1B7005CB0D923B2526CB4CB33CC56C"
"C:\Users\bouss\eco-tri-ia\data\raw\garbage_dataset_v2\six_classes\glass\glass_48.jpg","C:\Users\bouss\eco-tri-ia\data\classification\v2\train\glass\glass330.jpg","B8462EA85337E9CAAF3205245DB37109C6070C5344CDD690EC865C91527C91B5"
"C:\Users\bouss\eco-tri-ia\data\raw\garbage_dataset_v2\six_classes\glass\glass_481.jpg","C:\Users\bouss\eco-tri-ia\data\classification\v2\val\glass\glass236.jpg","850961FC34788D29D82BB1B76396672915B8E5C5E5A1CA33B562C8B9D45BD812"
"C:\Users\bouss\eco-tri-ia\data\raw\garbage_dataset_v2\six_classes\glass\glass_483.jpg","C:\Users\bouss\eco-tri-ia\data\classification\v2\val\glass\glass256.jpg","090284C9439F7721302127D75180F285D148EAD5F923A3B0CA020260BACF18FA"
"C:\Users\bouss\eco-tri-ia\data\raw\garbage_dataset_v2\six_classes\glass\glass_487.jpg","C:\Users\bouss\eco-tri-ia\data\classification\v2\train\glass\glass476.jpg","ECB3AC2213E6B10534FE89F3CD75008ED416791A4F3A901ECA2B3717749F2F7A"
"C:\Users\bouss\eco-tri-ia\data\raw\garbage_dataset_v2\six_classes\glass\glass_489.jpg","C:\Users\bouss\eco-tri-ia\data\classification\v2\train\glass\glass396.jpg","8E16A010920314F0CF8ECB5089552A26C431D2E90BDDC55B6D287BBABD890FCC"
"C:\Users\bouss\eco-tri-ia\data\raw\garbage_dataset_v2\six_classes\glass\glass_493.jpg","C:\Users\bouss\eco-tri-ia\data\classification\v2\train\glass\glass97.jpg","45A15D21F4556DB785BFCC84229F87011FC1DD602DFC3B98C1A190D7BC8C4624"
"C:\Users\bouss\eco-tri-ia\data\raw\garbage_dataset_v2\six_classes\glass\glass_495.jpg","C:\Users\bouss\eco-tri-ia\data\classification\v2\train\glass\glass382.jpg","24AD3A3342E4F1FBF4FF5060171FB26835225DF98DBA3DBC0FA2269A71582110"
"C:\Users\bouss\eco-tri-ia\data\raw\garbage_dataset_v2\six_classes\glass\glass_498.jpg","C:\Users\bouss\eco-tri-ia\data\classification\v2\train\glass\glass289.jpg","E065F323773CB099643C7D0F7D4E31F65D54AA609A8FC780DA135B481E0AF559"
"C:\Users\bouss\eco-tri-ia\data\raw\garbage_dataset_v2\six_classes\glass\glass_52.jpg","C:\Users\bouss\eco-tri-ia\data\classification\v2\train\glass\glass241.jpg","DA46655E8CB61F112CE7E5EE2C7D84A2F58F70E2DC84E9FD24A4B531E11FBA40"
"C:\Users\bouss\eco-tri-ia\data\raw\garbage_dataset_v2\six_classes\glass\glass_53.jpg","C:\Users\bouss\eco-tri-ia\data\classification\v2\train\glass\glass111.jpg","313CB0D4734FF40AB3077207506121DB14B6227C944A80F39CC16CCC1BD0E8F0"
"C:\Users\bouss\eco-tri-ia\data\raw\garbage_dataset_v2\six_classes\glass\glass_530.jpg","C:\Users\bouss\eco-tri-ia\data\classification\v2\test\glass\glass143.jpg","29B5D945FEE290819FE065F9672C46B79F77CF0CC9EFD8A3A20FB61FC1D345CB"
"C:\Users\bouss\eco-tri-ia\data\raw\garbage_dataset_v2\six_classes\glass\glass_531.jpg","C:\Users\bouss\eco-tri-ia\data\classification\v2\val\glass\glass435.jpg","2926E04D80FE0333810E2238647CD4797F203E6477D48421EBB26757009438AA"
"C:\Users\bouss\eco-tri-ia\data\raw\garbage_dataset_v2\six_classes\glass\glass_544.jpg","C:\Users\bouss\eco-tri-ia\data\classification\v2\train\glass\glass200.jpg","CCEF76B1E159CF0E8CCEFA3DFC1E73A23CE45A629A303DBB9D7375EC3E1F62BE"
"C:\Users\bouss\eco-tri-ia\data\raw\garbage_dataset_v2\six_classes\glass\glass_552.jpg","C:\Users\bouss\eco-tri-ia\data\classification\v2\train\glass\glass14.jpg","8BF2937D21FE919FD3E32F72B60E93D1068EF5F88C122280B2097D0B69D91332"
"C:\Users\bouss\eco-tri-ia\data\raw\garbage_dataset_v2\six_classes\glass\glass_556.jpg","C:\Users\bouss\eco-tri-ia\data\classification\v2\val\glass\glass264.jpg","B80A9093E3923B2EFA86AEC48587315C63A62BE43ADA743606B5F77CB8A4EA0E"
"C:\Users\bouss\eco-tri-ia\data\raw\garbage_dataset_v2\six_classes\glass\glass_557.jpg","C:\Users\bouss\eco-tri-ia\data\classification\v2\train\glass\glass384.jpg","522C8BE0B80105819ED646FA667F3D4DD35652D85AEC16865237FF6487206B36"
"C:\Users\bouss\eco-tri-ia\data\raw\garbage_dataset_v2\six_classes\glass\glass_564.jpg","C:\Users\bouss\eco-tri-ia\data\classification\v2\train\glass\glass274.jpg","BD20A72151976C98A5235BAAC946E44EDACCF243915406E39CA2164541D64377"
"C:\Users\bouss\eco-tri-ia\data\raw\garbage_dataset_v2\six_classes\glass\glass_567.jpg","C:\Users\bouss\eco-tri-ia\data\classification\v2\train\glass\glass253.jpg","ABBA391AED4DC16B98CD8D760275783319672368D9CC928167BE3C821CE16D8C"
"C:\Users\bouss\eco-tri-ia\data\raw\garbage_dataset_v2\six_classes\glass\glass_588.jpg","C:\Users\bouss\eco-tri-ia\data\classification\v2\val\glass\glass466.jpg","97BAF9536E750D14C54B0096D370E28B4EEA6FA1B272315547E4A18C2989E077"
"C:\Users\bouss\eco-tri-ia\data\raw\garbage_dataset_v2\six_classes\glass\glass_590.jpg","C:\Users\bouss\eco-tri-ia\data\classification\v2\train\glass\glass370.jpg","EB90F408EEA74CEC4728B8924548F2E7AFA6E7BA52F69F82E5B4DC876FED4F94"
"C:\Users\bouss\eco-tri-ia\data\raw\garbage_dataset_v2\six_classes\glass\glass_6.jpg","C:\Users\bouss\eco-tri-ia\data\classification\v2\test\glass\glass272.jpg","72A6F345F436DEBBD0205B98AAE1410F970E76F478625E706EE22645AEC3C845"
"C:\Users\bouss\eco-tri-ia\data\raw\garbage_dataset_v2\six_classes\glass\glass_608.jpg","C:\Users\bouss\eco-tri-ia\data\classification\v2\train\glass\glass315.jpg","10490C2EE9D22A38BCB20DAC6987C562C537B3B35CB4E0C74ED7FF1D229FB5FD"
"C:\Users\bouss\eco-tri-ia\data\raw\garbage_dataset_v2\six_classes\glass\glass_609.jpg","C:\Users\bouss\eco-tri-ia\data\classification\v2\train\glass\glass126.jpg","912F44E409EE71466346BF1EF6AFD2075648943BE2930A0884FC00CE1D21E9F8"
"C:\Users\bouss\eco-tri-ia\data\raw\garbage_dataset_v2\six_classes\glass\glass_617.jpg","C:\Users\bouss\eco-tri-ia\data\classification\v2\test\glass\glass408.jpg","74AD083BE8B07BD0445C7571E36344B5D9F1E67747F94A91FB68ED8024CE5916"
"C:\Users\bouss\eco-tri-ia\data\raw\garbage_dataset_v2\six_classes\glass\glass_618.jpg","C:\Users\bouss\eco-tri-ia\data\classification\v2\train\glass\glass298.jpg","2D7A17F18897B1248876E5F1CC084D7E50C9990F1776F7B26D18260C456A5106"
"C:\Users\bouss\eco-tri-ia\data\raw\garbage_dataset_v2\six_classes\glass\glass_623.jpg","C:\Users\bouss\eco-tri-ia\data\classification\v2\train\glass\glass36.jpg","EC232D0D2FC6F1AA801DEC17CEDABB859E0A29270C84B05FEC05ED2AD08E63FD"
"C:\Users\bouss\eco-tri-ia\data\raw\garbage_dataset_v2\six_classes\glass\glass_628.jpg","C:\Users\bouss\eco-tri-ia\data\classification\v2\test\glass\glass107.jpg","A118C8EF6673A789E1EA95E1E0257124A73B649210DEDF43D56249868AFF2984"
"C:\Users\bouss\eco-tri-ia\data\raw\garbage_dataset_v2\six_classes\glass\glass_632.jpg","C:\Users\bouss\eco-tri-ia\data\classification\v2\test\glass\glass224.jpg","465CE672C482EE53530F99CE33B0BF787F13576BF6E3A6EB8147B2B15EE4D0CE"
"C:\Users\bouss\eco-tri-ia\data\raw\garbage_dataset_v2\six_classes\glass\glass_638.jpg","C:\Users\bouss\eco-tri-ia\data\classification\v2\train\glass\glass438.jpg","8E19F208ABB0E92BF7A9EA90879496A3CF774ABF4CCB1400DD8A5002D818B84B"
"C:\Users\bouss\eco-tri-ia\data\raw\garbage_dataset_v2\six_classes\glass\glass_642.jpg","C:\Users\bouss\eco-tri-ia\data\classification\v2\train\glass\glass472.jpg","05B945D5D004B3C64416A2B92727D8B493F87B63732E03FB5180376D34600C70"
"C:\Users\bouss\eco-tri-ia\data\raw\garbage_dataset_v2\six_classes\glass\glass_647.jpg","C:\Users\bouss\eco-tri-ia\data\classification\v2\val\glass\glass342.jpg","B3F0068E9B748FE0675042FADE8DB77CA0700A205AEE04F098DB00DE39D2163D"
"C:\Users\bouss\eco-tri-ia\data\raw\garbage_dataset_v2\six_classes\glass\glass_648.jpg","C:\Users\bouss\eco-tri-ia\data\classification\v2\val\glass\glass149.jpg","EC2D7C20B64C2CB0B417B98644C7C80CE98A4946137B2955699F2E883AC4A97A"
"C:\Users\bouss\eco-tri-ia\data\raw\garbage_dataset_v2\six_classes\glass\glass_651.jpg","C:\Users\bouss\eco-tri-ia\data\classification\v2\val\glass\glass136.jpg","3E0867FF00914AE8338566ADE7383C36AE2A0CE319C941CA1B2D12BC7AE92715"
"C:\Users\bouss\eco-tri-ia\data\raw\garbage_dataset_v2\six_classes\glass\glass_657.jpg","C:\Users\bouss\eco-tri-ia\data\classification\v2\train\glass\glass110.jpg","82CAAEA4FF69677E27EE0147B95ED7B220F465A1AD543DFD2E7ED88E41C3354F"
"C:\Users\bouss\eco-tri-ia\data\raw\garbage_dataset_v2\six_classes\glass\glass_662.jpg","C:\Users\bouss\eco-tri-ia\data\classification\v2\train\glass\glass261.jpg","77B7A8178F4E782C80435A4B8680084A33F3A708EFCB8663419D023044E56A27"
"C:\Users\bouss\eco-tri-ia\data\raw\garbage_dataset_v2\six_classes\glass\glass_663.jpg","C:\Users\bouss\eco-tri-ia\data\classification\v2\train\glass\glass88.jpg","59FC76A84FDE5CF1E04D0EC04D07B1C83A6C9D66C2DE4015F9A88A03B4E689F6"
"C:\Users\bouss\eco-tri-ia\data\raw\garbage_dataset_v2\six_classes\glass\glass_664.jpg","C:\Users\bouss\eco-tri-ia\data\classification\v2\val\glass\glass118.jpg","F4988CB65C5BBC438EEC949A7E0628C591CBA94798718C9AD7A274B764EE43B8"
"C:\Users\bouss\eco-tri-ia\data\raw\garbage_dataset_v2\six_classes\glass\glass_665.jpg","C:\Users\bouss\eco-tri-ia\data\classification\v2\test\glass\glass8.jpg","7D3842706C35CA750A320481E9F293B1EBC664E07038050CA56D3E38C84105CB"
"C:\Users\bouss\eco-tri-ia\data\raw\garbage_dataset_v2\six_classes\glass\glass_668.jpg","C:\Users\bouss\eco-tri-ia\data\classification\v2\test\glass\glass486.jpg","CFDA64D080B5F77200BA4AFE4EE4E2FECA0B32618365629F8F0BF6084B5110C1"
"C:\Users\bouss\eco-tri-ia\data\raw\garbage_dataset_v2\six_classes\glass\glass_67.jpg","C:\Users\bouss\eco-tri-ia\data\classification\v2\train\glass\glass352.jpg","D5057CDF842F5929B03B495DB6AE2438582ACCF9E96ACB641B43FFB3A450279C"
"C:\Users\bouss\eco-tri-ia\data\raw\garbage_dataset_v2\six_classes\glass\glass_670.jpg","C:\Users\bouss\eco-tri-ia\data\classification\v2\train\glass\glass453.jpg","125EA008CDA28AC07DE88F2E38EF261DD1BDDF1772B7590EEE68F02A69601595"
"C:\Users\bouss\eco-tri-ia\data\raw\garbage_dataset_v2\six_classes\glass\glass_675.jpg","C:\Users\bouss\eco-tri-ia\data\classification\v2\train\glass\glass354.jpg","6D2B60249550673AA6CC9C073B0E7607511CB9D66150E3CC10EEDA988D0B42ED"
"C:\Users\bouss\eco-tri-ia\data\raw\garbage_dataset_v2\six_classes\glass\glass_68.jpg","C:\Users\bouss\eco-tri-ia\data\classification\v2\train\glass\glass428.jpg","F23393BB7F3EC809267F5EB70EA4C0944F9A20C56C5ECE1E3AAD9529E636D02A"
"C:\Users\bouss\eco-tri-ia\data\raw\garbage_dataset_v2\six_classes\glass\glass_693.jpg","C:\Users\bouss\eco-tri-ia\data\classification\v2\train\glass\glass268.jpg","7C5D74FC1D111DEF2783FA121C6246D01BE3BEEB571C26CCA4410FB2E4012BF4"
"C:\Users\bouss\eco-tri-ia\data\raw\garbage_dataset_v2\six_classes\glass\glass_694.jpg","C:\Users\bouss\eco-tri-ia\data\classification\v2\train\glass\glass314.jpg","164810AE1E213437A55F4EA5B91EE15778F979837ED5A93F4047620062744E63"
"C:\Users\bouss\eco-tri-ia\data\raw\garbage_dataset_v2\six_classes\glass\glass_698.jpg","C:\Users\bouss\eco-tri-ia\data\classification\v2\test\glass\glass474.jpg","B24337B35CB4A8DDA89D38213AADD2FF0037916838140BA19D1FC5D018D4C297"
"C:\Users\bouss\eco-tri-ia\data\raw\garbage_dataset_v2\six_classes\glass\glass_699.jpg","C:\Users\bouss\eco-tri-ia\data\classification\v2\train\glass\glass407.jpg","90C0931C3CF6C7ED6CCBBF8D1BC81B248876B19A9A84F5AA9DCD56809ABE8AF3"
"C:\Users\bouss\eco-tri-ia\data\raw\garbage_dataset_v2\six_classes\glass\glass_701.jpg","C:\Users\bouss\eco-tri-ia\data\classification\v2\train\glass\glass283.jpg","9A9DA045E6CFCAB09CEA51164C28A3006549D5D9A532725C0535D2E440C88758"
"C:\Users\bouss\eco-tri-ia\data\raw\garbage_dataset_v2\six_classes\glass\glass_703.jpg","C:\Users\bouss\eco-tri-ia\data\classification\v2\train\glass\glass5.jpg","7190667DCF9367717C8197AE8DEFB1614BDAF2FA2CE61B6C2333B8B7322A53A6"
"C:\Users\bouss\eco-tri-ia\data\raw\garbage_dataset_v2\six_classes\glass\glass_707.jpg","C:\Users\bouss\eco-tri-ia\data\classification\v2\val\glass\glass69.jpg","A628149C45066502561A77573C71ACCBAFC87018E1128282C2B8F4F5C464CF38"
"C:\Users\bouss\eco-tri-ia\data\raw\garbage_dataset_v2\six_classes\glass\glass_709.jpg","C:\Users\bouss\eco-tri-ia\data\classification\v2\test\glass\glass116.jpg","514854D3E2A0B7E64D57C036C9794D188F6FD22DA6BD67715DAF90CC6F7DBECB"
"C:\Users\bouss\eco-tri-ia\data\raw\garbage_dataset_v2\six_classes\glass\glass_71.jpg","C:\Users\bouss\eco-tri-ia\data\classification\v2\train\glass\glass482.jpg","D1191FD240D92A8DA142B942DB5F34286E18796D39D3391243EAE257769246DA"
"C:\Users\bouss\eco-tri-ia\data\raw\garbage_dataset_v2\six_classes\glass\glass_720.jpg","C:\Users\bouss\eco-tri-ia\data\classification\v2\train\glass\glass341.jpg","3DC88815B7460818C470FA8AE1E45FB439AC5FCA8CA2009BF917367C2F00973E"
"C:\Users\bouss\eco-tri-ia\data\raw\garbage_dataset_v2\six_classes\glass\glass_729.jpg","C:\Users\bouss\eco-tri-ia\data\classification\v2\train\glass\glass213.jpg","FEA83B583CBE76E266421301CFE8F482882EB8AED6022967A5938D2E515C202D"
"C:\Users\bouss\eco-tri-ia\data\raw\garbage_dataset_v2\six_classes\glass\glass_738.jpg","C:\Users\bouss\eco-tri-ia\data\classification\v2\val\glass\glass246.jpg","DE00C2F9D796D7CE77D8460A37CA33C0281335E00B1D06C1CD908A1560C88BD8"
"C:\Users\bouss\eco-tri-ia\data\raw\garbage_dataset_v2\six_classes\glass\glass_741.jpg","C:\Users\bouss\eco-tri-ia\data\classification\v2\train\glass\glass168.jpg","BD31E2440417FD22ED539FF5164B80269D163FFFF1B48A2C99DF3E4AED9BF52E"
"C:\Users\bouss\eco-tri-ia\data\raw\garbage_dataset_v2\six_classes\glass\glass_745.jpg","C:\Users\bouss\eco-tri-ia\data\classification\v2\train\glass\glass460.jpg","2D7B7FDE2787693571743A9819C05C7E203AD1E5B1A56A91E5F958B7E8BE4C53"
"C:\Users\bouss\eco-tri-ia\data\raw\garbage_dataset_v2\six_classes\glass\glass_755.jpg","C:\Users\bouss\eco-tri-ia\data\classification\v2\train\glass\glass392.jpg","DE2D07FF3EDDBBCFF5C93DF1FD4864E784C757D3BE83FDA4408626372576788D"
"C:\Users\bouss\eco-tri-ia\data\raw\garbage_dataset_v2\six_classes\glass\glass_756.jpg","C:\Users\bouss\eco-tri-ia\data\classification\v2\train\glass\glass444.jpg","130B7CC1E6167ABFF8EE9989341858B5A9362A13B1DE8E512975394833469B09"
"C:\Users\bouss\eco-tri-ia\data\raw\garbage_dataset_v2\six_classes\glass\glass_764.jpg","C:\Users\bouss\eco-tri-ia\data\classification\v2\train\glass\glass350.jpg","1AA33CC9B8206A4B81E95575A94E02020A52F33504772F5518AF448E3469DD93"
"C:\Users\bouss\eco-tri-ia\data\raw\garbage_dataset_v2\six_classes\glass\glass_769.jpg","C:\Users\bouss\eco-tri-ia\data\classification\v2\train\glass\glass64.jpg","8944742907E30A66BBDE894569F973104A876F4B46BE5772E4A6EB9F03D73122"
"C:\Users\bouss\eco-tri-ia\data\raw\garbage_dataset_v2\six_classes\glass\glass_774.jpg","C:\Users\bouss\eco-tri-ia\data\classification\v2\test\glass\glass420.jpg","33B18DEFD00B310A029B3C920F4BE2AA8EC60D0BEB744F56D986DD239BDC2CF9"
"C:\Users\bouss\eco-tri-ia\data\raw\garbage_dataset_v2\six_classes\glass\glass_775.jpg","C:\Users\bouss\eco-tri-ia\data\classification\v2\train\glass\glass498.jpg","226F7A63CC93A3C9C4297B5FE1200BBC7A5FD37FD3A940814E2406BF81266A62"
"C:\Users\bouss\eco-tri-ia\data\raw\garbage_dataset_v2\six_classes\glass\glass_779.jpg","C:\Users\bouss\eco-tri-ia\data\classification\v2\train\glass\glass465.jpg","00CBA166AE35F321E828C3A5BF23A3F626B027FFA14E43C11423994972F319A0"
"C:\Users\bouss\eco-tri-ia\data\raw\garbage_dataset_v2\six_classes\glass\glass_784.jpg","C:\Users\bouss\eco-tri-ia\data\classification\v2\train\glass\glass494.jpg","5DD60748ACCA10C0382C91B42094907333B11E82919C4B9472D2EC8E7B0D27B0"
"C:\Users\bouss\eco-tri-ia\data\raw\garbage_dataset_v2\six_classes\glass\glass_793.jpg","C:\Users\bouss\eco-tri-ia\data\classification\v2\train\glass\glass495.jpg","2E027E4B02EE2D3CB5A743BB61B874F762EE88302B9D3C02E45694A6E19D4181"
"C:\Users\bouss\eco-tri-ia\data\raw\garbage_dataset_v2\six_classes\glass\glass_797.jpg","C:\Users\bouss\eco-tri-ia\data\classification\v2\train\glass\glass216.jpg","279C81C430424ACBF50186B7A25BA91C978A86A1D0E8BFF699119B93F5FCC961"
"C:\Users\bouss\eco-tri-ia\data\raw\garbage_dataset_v2\six_classes\glass\glass_799.jpg","C:\Users\bouss\eco-tri-ia\data\classification\v2\train\glass\glass334.jpg","4380BFFED0658C92BCE01740ECC84859161D2F32A1EDAAD8D9DF2C428B68FD3B"
"C:\Users\bouss\eco-tri-ia\data\raw\garbage_dataset_v2\six_classes\glass\glass_802.jpg","C:\Users\bouss\eco-tri-ia\data\classification\v2\train\glass\glass170.jpg","4B1396D54CA62643C1A7A5CCF3BAE8BA0E880551C13E3F61D391BA608BCFCEE0"
"C:\Users\bouss\eco-tri-ia\data\raw\garbage_dataset_v2\six_classes\glass\glass_813.jpg","C:\Users\bouss\eco-tri-ia\data\classification\v2\train\glass\glass199.jpg","E96DF29D6DFF297F950AB9EE0C2B86AF463D823ABE610344CAA3F2CD3A7D1833"
"C:\Users\bouss\eco-tri-ia\data\raw\garbage_dataset_v2\six_classes\glass\glass_821.jpg","C:\Users\bouss\eco-tri-ia\data\classification\v2\train\glass\glass66.jpg","1E912CA9B00EC92195EEEC5A755CE01E8C0A4BC438E799331E0A99468CD3971B"
"C:\Users\bouss\eco-tri-ia\data\raw\garbage_dataset_v2\six_classes\glass\glass_825.jpg","C:\Users\bouss\eco-tri-ia\data\classification\v2\train\glass\glass227.jpg","15A8C957F25B6D3E6041E66C39D2F9EDEE0DF009217A7312966CA50A843EB56E"
"C:\Users\bouss\eco-tri-ia\data\raw\garbage_dataset_v2\six_classes\glass\glass_827.jpg","C:\Users\bouss\eco-tri-ia\data\classification\v2\val\glass\glass417.jpg","F89D45DADC7209EA7521688288FF0F4967608A72E3026E3FBC39CDFD38953961"
"C:\Users\bouss\eco-tri-ia\data\raw\garbage_dataset_v2\six_classes\glass\glass_828.jpg","C:\Users\bouss\eco-tri-ia\data\classification\v2\train\glass\glass252.jpg","DC978F8A234C007DF646BA11BE2FB43C18B5B321734E9C4550B794D29DE1BF5C"
"C:\Users\bouss\eco-tri-ia\data\raw\garbage_dataset_v2\six_classes\glass\glass_83.jpg","C:\Users\bouss\eco-tri-ia\data\classification\v2\val\glass\glass346.jpg","4AB77E1502E76A8CADFF8519B63614610314DE00D6046EAF22E850DD33DCE2F5"
"C:\Users\bouss\eco-tri-ia\data\raw\garbage_dataset_v2\six_classes\glass\glass_835.jpg","C:\Users\bouss\eco-tri-ia\data\classification\v2\train\glass\glass122.jpg","1F7C0E7670491A0BDE248FD920D681F49B3C8AB41AACDCD32AC559EF8F4D27A3"
"C:\Users\bouss\eco-tri-ia\data\raw\garbage_dataset_v2\six_classes\glass\glass_837.jpg","C:\Users\bouss\eco-tri-ia\data\classification\v2\train\glass\glass313.jpg","4EE8242FA921853950AB0E99AB804558F5992BA69637A95CCADA10D449EAB1C5"
"C:\Users\bouss\eco-tri-ia\data\raw\garbage_dataset_v2\six_classes\glass\glass_84.jpg","C:\Users\bouss\eco-tri-ia\data\classification\v2\train\glass\glass451.jpg","AE648A635864EAF0812810784F4E5DCF292933CA6EE1AFB86724D3E565D5B7EA"
"C:\Users\bouss\eco-tri-ia\data\raw\garbage_dataset_v2\six_classes\glass\glass_841.jpg","C:\Users\bouss\eco-tri-ia\data\classification\v2\train\glass\glass23.jpg","8C70F3FD481062A5EB948B2B8DB31B2289EB02FBA8F7135DD22FB49655208F70"
"C:\Users\bouss\eco-tri-ia\data\raw\garbage_dataset_v2\six_classes\glass\glass_849.jpg","C:\Users\bouss\eco-tri-ia\data\classification\v2\test\glass\glass173.jpg","8FAE57E5B4D3AC7065ED383CC15FD361DD85D049281160973FEE7BE13D793B53"
"C:\Users\bouss\eco-tri-ia\data\raw\garbage_dataset_v2\six_classes\glass\glass_851.jpg","C:\Users\bouss\eco-tri-ia\data\classification\v2\test\glass\glass56.jpg","77FF31BEAD46E3427CE626246877BBD3A6757019E3DB8929D85E18ABD4C99782"
"C:\Users\bouss\eco-tri-ia\data\raw\garbage_dataset_v2\six_classes\glass\glass_859.jpg","C:\Users\bouss\eco-tri-ia\data\classification\v2\val\glass\glass194.jpg","7B3048AA393BEB091CCB4C4A431DBFE515EB0A036F8EE1C742C910AE5BC0740B"
"C:\Users\bouss\eco-tri-ia\data\raw\garbage_dataset_v2\six_classes\glass\glass_862.jpg","C:\Users\bouss\eco-tri-ia\data\classification\v2\test\glass\glass375.jpg","B0B252804483F0BC2A6AD95936A16C95961C28558DD5733D3F930D8D26036C6B"
"C:\Users\bouss\eco-tri-ia\data\raw\garbage_dataset_v2\six_classes\glass\glass_868.jpg","C:\Users\bouss\eco-tri-ia\data\classification\v2\train\glass\glass368.jpg","85AC6CCD301A01DA12C0B2238D3A1A565604BF1A7EA839B2CD084D98BD7EF6A7"
"C:\Users\bouss\eco-tri-ia\data\raw\garbage_dataset_v2\six_classes\glass\glass_87.jpg","C:\Users\bouss\eco-tri-ia\data\classification\v2\val\glass\glass458.jpg","4464510C31BD81E7CF43CFA7E5AC1BA0AC03A462C44BD39925B36B723F3AF415"
"C:\Users\bouss\eco-tri-ia\data\raw\garbage_dataset_v2\six_classes\glass\glass_871.jpg","C:\Users\bouss\eco-tri-ia\data\classification\v2\train\glass\glass160.jpg","BA551BCD81AEE13427047C07DA6D014C184B218A4C2E481280CF79F062288308"
"C:\Users\bouss\eco-tri-ia\data\raw\garbage_dataset_v2\six_classes\glass\glass_883.jpg","C:\Users\bouss\eco-tri-ia\data\classification\v2\train\glass\glass25.jpg","B598E060B6AB583B586AA2B402A4C0303F33300DAEF0B1EDAF2E630B82D2AA61"
"C:\Users\bouss\eco-tri-ia\data\raw\garbage_dataset_v2\six_classes\glass\glass_886.jpg","C:\Users\bouss\eco-tri-ia\data\classification\v2\train\glass\glass26.jpg","D817076B3146B09FCCAEF94569900837A6F6C8C0524FD6D443F6234FC7E2897A"
"C:\Users\bouss\eco-tri-ia\data\raw\garbage_dataset_v2\six_classes\glass\glass_888.jpg","C:\Users\bouss\eco-tri-ia\data\classification\v2\train\glass\glass152.jpg","0C7CEFB069557730F9DB56D0D4EE585A0DBC675721F0EEA74E523466D6950136"
"C:\Users\bouss\eco-tri-ia\data\raw\garbage_dataset_v2\six_classes\glass\glass_889.jpg","C:\Users\bouss\eco-tri-ia\data\classification\v2\train\glass\glass385.jpg","73A7977ECE3CAAA792FA9AA9A9778B7360874385EE99584A6D29682AB07ABE27"
"C:\Users\bouss\eco-tri-ia\data\raw\garbage_dataset_v2\six_classes\glass\glass_89.jpg","C:\Users\bouss\eco-tri-ia\data\classification\v2\train\glass\glass59.jpg","9BE6CAA848A980F2EAFF70803BEBBE73118B0FC967682B839F0785C1E9F7A98C"
"C:\Users\bouss\eco-tri-ia\data\raw\garbage_dataset_v2\six_classes\glass\glass_893.jpg","C:\Users\bouss\eco-tri-ia\data\classification\v2\train\glass\glass331.jpg","BB99332328123A6C2781F265A2D212ABDA1FA629BBB5AF76587E9FAB118228C4"
"C:\Users\bouss\eco-tri-ia\data\raw\garbage_dataset_v2\six_classes\glass\glass_898.jpg","C:\Users\bouss\eco-tri-ia\data\classification\v2\train\glass\glass145.jpg","D65AC069201523A3E4CB1ADB2748522DA9E37DD422C174584761507414FFA7A2"
"C:\Users\bouss\eco-tri-ia\data\raw\garbage_dataset_v2\six_classes\glass\glass_899.jpg","C:\Users\bouss\eco-tri-ia\data\classification\v2\train\glass\glass102.jpg","5A4394C72619374152D0DFB44C38D22060993BD9781955BC632FAC99A464C028"
"C:\Users\bouss\eco-tri-ia\data\raw\garbage_dataset_v2\six_classes\glass\glass_9.jpg","C:\Users\bouss\eco-tri-ia\data\classification\v2\train\glass\glass207.jpg","330CD3C9CBAE56F0567972C58B3D187BC3864F203FF06F6AF3CA3BAC4EDB2318"
"C:\Users\bouss\eco-tri-ia\data\raw\garbage_dataset_v2\six_classes\glass\glass_903.jpg","C:\Users\bouss\eco-tri-ia\data\classification\v2\train\glass\glass275.jpg","40FDF09542131E8AC3EC229E22558EC7FF4C7922F72FEA5977E2565AC08A4393"
"C:\Users\bouss\eco-tri-ia\data\raw\garbage_dataset_v2\six_classes\glass\glass_908.jpg","C:\Users\bouss\eco-tri-ia\data\classification\v2\train\glass\glass333.jpg","10E792BC96429A72D468BED74D16B2D96DDDC62D58FD1A004E33BD0C25E9D795"
"C:\Users\bouss\eco-tri-ia\data\raw\garbage_dataset_v2\six_classes\glass\glass_91.jpg","C:\Users\bouss\eco-tri-ia\data\classification\v2\val\glass\glass353.jpg","B090B5F2C9AB3782BCC0EC877E810F19EA109DC7F69609F9E6ACA742AA631410"
"C:\Users\bouss\eco-tri-ia\data\raw\garbage_dataset_v2\six_classes\glass\glass_913.jpg","C:\Users\bouss\eco-tri-ia\data\classification\v2\train\glass\glass187.jpg","11D2459E02F00F7DDDAD98494065C8268F184C81EC84666E8529945CB67AFD2F"
"C:\Users\bouss\eco-tri-ia\data\raw\garbage_dataset_v2\six_classes\glass\glass_916.jpg","C:\Users\bouss\eco-tri-ia\data\classification\v2\train\glass\glass478.jpg","2E4C7B202B8F60C93C9A64315A7F2340DD9CACAFEBCD3DDC031D363004A88865"
"C:\Users\bouss\eco-tri-ia\data\raw\garbage_dataset_v2\six_classes\glass\glass_918.jpg","C:\Users\bouss\eco-tri-ia\data\classification\v2\train\glass\glass79.jpg","99AF1828B937C04489EB19DECB17B10B72C49AB87040E181BAD34E727CFA30A5"
"C:\Users\bouss\eco-tri-ia\data\raw\garbage_dataset_v2\six_classes\glass\glass_926.jpg","C:\Users\bouss\eco-tri-ia\data\classification\v2\train\glass\glass337.jpg","948BE65F6A7CECB4A98D4921008EBEC73852A0126ECC38F25608830E2175395A"
"C:\Users\bouss\eco-tri-ia\data\raw\garbage_dataset_v2\six_classes\glass\glass_927.jpg","C:\Users\bouss\eco-tri-ia\data\classification\v2\train\glass\glass217.jpg","95AA11423ED0A6976F81B0E23BBBFFE32FCBD8451CE634F758B161B05D56A644"
"C:\Users\bouss\eco-tri-ia\data\raw\garbage_dataset_v2\six_classes\glass\glass_93.jpg","C:\Users\bouss\eco-tri-ia\data\classification\v2\train\glass\glass74.jpg","1A7E9B0947A8A7CD79F069D5D5EBD42C6978F759F5069CDB975B5E94F55F519A"
"C:\Users\bouss\eco-tri-ia\data\raw\garbage_dataset_v2\six_classes\glass\glass_959.jpg","C:\Users\bouss\eco-tri-ia\data\classification\v2\train\glass\glass214.jpg","E22A33717A93B4B8B5FB92F875998DD703C19F7903BAEAD2098E906D466A371B"
"C:\Users\bouss\eco-tri-ia\data\raw\garbage_dataset_v2\six_classes\glass\glass_960.jpg","C:\Users\bouss\eco-tri-ia\data\classification\v2\test\glass\glass365.jpg","D9F9C7A9D266EEBA9AB3690743B9802BA306D90F4176467ABAD71D83B11974D3"
"C:\Users\bouss\eco-tri-ia\data\raw\garbage_dataset_v2\six_classes\glass\glass_963.jpg","C:\Users\bouss\eco-tri-ia\data\classification\v2\test\glass\glass17.jpg","C06CE955331258F5F0B97C2E01C07915BC0F37D2CF45C32796E04788C2605126"
"C:\Users\bouss\eco-tri-ia\data\raw\garbage_dataset_v2\six_classes\glass\glass_964.jpg","C:\Users\bouss\eco-tri-ia\data\classification\v2\train\glass\glass418.jpg","B39B231915CC0A2CE4E871D9675408BD83180754C3E6F76709537A4531B51A92"
"C:\Users\bouss\eco-tri-ia\data\raw\garbage_dataset_v2\six_classes\glass\glass_969.jpg","C:\Users\bouss\eco-tri-ia\data\classification\v2\train\glass\glass202.jpg","B9F9C914EBDD06F358A2A7FE4E8F625C45665C9D6AE7C64980F9F20EE00F0D3B"
"C:\Users\bouss\eco-tri-ia\data\raw\garbage_dataset_v2\six_classes\glass\glass_971.jpg","C:\Users\bouss\eco-tri-ia\data\classification\v2\train\glass\glass188.jpg","4064FB3F30D5FC4AB56449D58F0981239B0CC67EE5D5C267726B8AB9AD4CC6D3"
"C:\Users\bouss\eco-tri-ia\data\raw\garbage_dataset_v2\six_classes\glass\glass_973.jpg","C:\Users\bouss\eco-tri-ia\data\classification\v2\train\glass\glass442.jpg","77FE9275E27DF87CF86CA51DC37504A95ACEF47EA6A9AA0A670587F958B463C2"
"C:\Users\bouss\eco-tri-ia\data\raw\garbage_dataset_v2\six_classes\glass\glass_974.jpg","C:\Users\bouss\eco-tri-ia\data\classification\v2\train\glass\glass12.jpg","BA156B04601294102BFBDFD577561E093D31450BA73E52CACFC9A73C7772EA7F"
"C:\Users\bouss\eco-tri-ia\data\raw\garbage_dataset_v2\six_classes\glass\glass_976.jpg","C:\Users\bouss\eco-tri-ia\data\classification\v2\train\glass\glass265.jpg","D7D662F3401F041160DBC303D824183BB50875F5EBC9BB36E061AFB47E910289"
"C:\Users\bouss\eco-tri-ia\data\raw\garbage_dataset_v2\six_classes\glass\glass_978.jpg","C:\Users\bouss\eco-tri-ia\data\classification\v2\train\glass\glass85.jpg","3229686B4115CBC35B594BBD4EA28BF31ADA04955CFB7A7C4388E4C358E7B9B3"
"C:\Users\bouss\eco-tri-ia\data\raw\garbage_dataset_v2\six_classes\glass\glass_979.jpg","C:\Users\bouss\eco-tri-ia\data\classification\v2\val\glass\glass421.jpg","EBBC05CD7D605F2D2354F176E7F353AF33D523A983187D8C5911D48505348E22"
"C:\Users\bouss\eco-tri-ia\data\raw\garbage_dataset_v2\six_classes\glass\glass_985.jpg","C:\Users\bouss\eco-tri-ia\data\classification\v2\test\glass\glass374.jpg","432A5D3F5E82B75C82EE6B504329E27B3B55B34A0907D3FAA6800F3BB2BD000E"
"C:\Users\bouss\eco-tri-ia\data\raw\garbage_dataset_v2\six_classes\glass\glass_989.jpg","C:\Users\bouss\eco-tri-ia\data\classification\v2\train\glass\glass191.jpg","DB48A5ADF6045033EEE5ECA0BC6459367D106F18D15F7B9778655ED93A204D97"
"C:\Users\bouss\eco-tri-ia\data\raw\garbage_dataset_v2\six_classes\glass\glass_990.jpg","C:\Users\bouss\eco-tri-ia\data\classification\v2\train\glass\glass440.jpg","C37389B16D810A8444E5D1DC70FCCAE518DF71757B1EC83156010660F00271B7"
"C:\Users\bouss\eco-tri-ia\data\raw\garbage_dataset_v2\six_classes\glass\glass_991.jpg","C:\Users\bouss\eco-tri-ia\data\classification\v2\train\glass\glass287.jpg","3F136831CBE89C6E52FA4E675A7D6F55B5EA5E97FC5422A2FFA633C35898CE8A"
"C:\Users\bouss\eco-tri-ia\data\raw\garbage_dataset_v2\six_classes\glass\glass_993.jpg","C:\Users\bouss\eco-tri-ia\data\classification\v2\train\glass\glass480.jpg","352C72230D19272F86D3C2B3A27FCB57F8E64AD24894DEC8C6B584F151F6B995"
"C:\Users\bouss\eco-tri-ia\data\raw\garbage_dataset_v2\six_classes\glass\glass_995.jpg","C:\Users\bouss\eco-tri-ia\data\classification\v2\train\glass\glass113.jpg","03DC0B4A954AE8B2A9044EB853CCB35C232B5D0BB7077C3CFF09DDC1E813708D"
"C:\Users\bouss\eco-tri-ia\data\raw\garbage_dataset_v2\six_classes\metal\metal_10.jpg","C:\Users\bouss\eco-tri-ia\data\classification\v2\train\metal\metal324.jpg","FE049594033F81B4464B63208B68F68C0CBB3B8DAC8D0C059E771E8418A88393"
"C:\Users\bouss\eco-tri-ia\data\raw\garbage_dataset_v2\six_classes\metal\metal_100.jpg","C:\Users\bouss\eco-tri-ia\data\classification\v2\train\metal\metal198.jpg","67BB6CEA363369CE6EDE15E32F664BB08393386C0950C2B4F835A6A3BADC8B24"
"C:\Users\bouss\eco-tri-ia\data\raw\garbage_dataset_v2\six_classes\metal\metal_103.jpg","C:\Users\bouss\eco-tri-ia\data\classification\v2\train\metal\metal217.jpg","735503B328ADB446F9787F872A439AF4CA5BF2C33041B3728432D59D01504A6A"
"C:\Users\bouss\eco-tri-ia\data\raw\garbage_dataset_v2\six_classes\metal\metal_106.jpg","C:\Users\bouss\eco-tri-ia\data\classification\v2\train\metal\metal125.jpg","6C128E56DE735B5E60EC045ADAC71EC25BB1B5E8B4B04F310E777CAC41206120"
"C:\Users\bouss\eco-tri-ia\data\raw\garbage_dataset_v2\six_classes\metal\metal_109.jpg","C:\Users\bouss\eco-tri-ia\data\classification\v2\val\metal\metal201.jpg","4302630B651A017C0C0E98695384F4373F67390A7472FAC5105D388FFA131701"
"C:\Users\bouss\eco-tri-ia\data\raw\garbage_dataset_v2\six_classes\metal\metal_112.jpg","C:\Users\bouss\eco-tri-ia\data\classification\v2\train\metal\metal278.jpg","F9B3F19A68E5B0DEBDDD4BD8E834B1BCBD03496B163A3F8F417472296AC90C6C"
"C:\Users\bouss\eco-tri-ia\data\raw\garbage_dataset_v2\six_classes\metal\metal_113.jpg","C:\Users\bouss\eco-tri-ia\data\classification\v2\train\metal\metal178.jpg","B965677BA10AE67F209B32FF2962A48BA593638AE142C854999B80BDAC8FFE00"
"C:\Users\bouss\eco-tri-ia\data\raw\garbage_dataset_v2\six_classes\metal\metal_116.jpg","C:\Users\bouss\eco-tri-ia\data\classification\v2\train\metal\metal394.jpg","FAA78494494831097AB686E7DE6E1DB569390FB1D5976A5F12CC3FA9BCD5CF56"
"C:\Users\bouss\eco-tri-ia\data\raw\garbage_dataset_v2\six_classes\metal\metal_117.jpg","C:\Users\bouss\eco-tri-ia\data\classification\v2\train\metal\metal357.jpg","F37070E72870A22FE05ACAF0AA1A073C9A7CC0EF05EF3E3BEC6B15BE7199C2F8"
"C:\Users\bouss\eco-tri-ia\data\raw\garbage_dataset_v2\six_classes\metal\metal_122.jpg","C:\Users\bouss\eco-tri-ia\data\classification\v2\train\metal\metal208.jpg","475900E7A90168E37FBAED9E9DDE92CFDE87DB6E4578957F5D12E7FFD27C17DD"
"C:\Users\bouss\eco-tri-ia\data\raw\garbage_dataset_v2\six_classes\metal\metal_123.jpg","C:\Users\bouss\eco-tri-ia\data\classification\v2\test\metal\metal361.jpg","52FC1A445C807B9A863AA1165DEF8384F570CD835B2A4EA77DBEAA0E909DA23E"
"C:\Users\bouss\eco-tri-ia\data\raw\garbage_dataset_v2\six_classes\metal\metal_125.jpg","C:\Users\bouss\eco-tri-ia\data\classification\v2\train\metal\metal297.jpg","52874A6ABB0DA1D262AFA2E9F676D76D6C27E313659500588211E5744A7D5424"
"C:\Users\bouss\eco-tri-ia\data\raw\garbage_dataset_v2\six_classes\metal\metal_126.jpg","C:\Users\bouss\eco-tri-ia\data\classification\v2\test\metal\metal143.jpg","06A375005AFE2EAA148C3151B5887374B35724BD7F0998027602C111A468565C"
"C:\Users\bouss\eco-tri-ia\data\raw\garbage_dataset_v2\six_classes\metal\metal_127.jpg","C:\Users\bouss\eco-tri-ia\data\classification\v2\train\metal\metal241.jpg","87A4626C3AF3EFAAFDAC46DD7FC4258CD432D32E2DE4C620C2D4E39F28999B2B"
"C:\Users\bouss\eco-tri-ia\data\raw\garbage_dataset_v2\six_classes\metal\metal_129.jpg","C:\Users\bouss\eco-tri-ia\data\classification\v2\train\metal\metal252.jpg","DBCCE2A2E3183C4A7B75E20F3BFAA3CB64B427055E37E33A2FE4A1B815582815"
"C:\Users\bouss\eco-tri-ia\data\raw\garbage_dataset_v2\six_classes\metal\metal_13.jpg","C:\Users\bouss\eco-tri-ia\data\classification\v2\train\metal\metal117.jpg","5F6A605C22760FB1D63A8990F5A552FA999FAED85FD196FA9C855E00EF79110E"
"C:\Users\bouss\eco-tri-ia\data\raw\garbage_dataset_v2\six_classes\metal\metal_130.jpg","C:\Users\bouss\eco-tri-ia\data\classification\v2\train\metal\metal395.jpg","6ED31F3DF9DABC2642D832CA5FF886A10106D3AD38AF087AD23A8E270C7BCDE7"
"C:\Users\bouss\eco-tri-ia\data\raw\garbage_dataset_v2\six_classes\metal\metal_134.jpg","C:\Users\bouss\eco-tri-ia\data\classification\v2\val\metal\metal383.jpg","E8FAF1522A235B7022DA1FEFABEB339E2C761C5DDB9C5D77B50FB82B2A68CFAC"
"C:\Users\bouss\eco-tri-ia\data\raw\garbage_dataset_v2\six_classes\metal\metal_136.jpg","C:\Users\bouss\eco-tri-ia\data\classification\v2\train\metal\metal304.jpg","D4640C1EAA6FE9076189FFAE38795607D57C399F278596F2EF2A851C0A7F1669"
"C:\Users\bouss\eco-tri-ia\data\raw\garbage_dataset_v2\six_classes\metal\metal_137.jpg","C:\Users\bouss\eco-tri-ia\data\classification\v2\train\metal\metal294.jpg","87F5ACDDFFE00AC6E78E94849697D31AFD80A5AAC3C7061615DB57EB822825D0"
"C:\Users\bouss\eco-tri-ia\data\raw\garbage_dataset_v2\six_classes\metal\metal_139.jpg","C:\Users\bouss\eco-tri-ia\data\classification\v2\test\metal\metal318.jpg","4943033CF2FE0A3010B72017E9328BFEECC6E5D263959FB64A365937A57ED272"
"C:\Users\bouss\eco-tri-ia\data\raw\garbage_dataset_v2\six_classes\metal\metal_140.jpg","C:\Users\bouss\eco-tri-ia\data\classification\v2\train\metal\metal271.jpg","E9BD8863C4B41A107E70A028F261CD0CB1A99355A9E1A88A60DE95F2049692F3"
"C:\Users\bouss\eco-tri-ia\data\raw\garbage_dataset_v2\six_classes\metal\metal_143.jpg","C:\Users\bouss\eco-tri-ia\data\classification\v2\train\metal\metal284.jpg","E7BB39606F421E1155313DB024702D3BBF713A0CB6C517935826384AA81C0E68"
"C:\Users\bouss\eco-tri-ia\data\raw\garbage_dataset_v2\six_classes\metal\metal_147.jpg","C:\Users\bouss\eco-tri-ia\data\classification\v2\train\metal\metal237.jpg","8DD6F0654F96F64F90E22F54E3B1587814CB3EAB5AA650DEBDE6060E1838AC02"
"C:\Users\bouss\eco-tri-ia\data\raw\garbage_dataset_v2\six_classes\metal\metal_149.jpg","C:\Users\bouss\eco-tri-ia\data\classification\v2\train\metal\metal118.jpg","F5AC8516C3BFE229B80E4B797E1494617BAB0E2D43D56699CE160B2C523C68C2"
"C:\Users\bouss\eco-tri-ia\data\raw\garbage_dataset_v2\six_classes\metal\metal_15.jpg","C:\Users\bouss\eco-tri-ia\data\classification\v2\train\metal\metal160.jpg","5D943DDD4A73344E52AAC08690EA1C93CBE1215C70621BBFD9AA13BAF71446DC"
"C:\Users\bouss\eco-tri-ia\data\raw\garbage_dataset_v2\six_classes\metal\metal_151.jpg","C:\Users\bouss\eco-tri-ia\data\classification\v2\train\metal\metal242.jpg","AE829074A4A12F101A795F4C6E52158A6495DA176EE511CD31F987FC05CEA71F"
"C:\Users\bouss\eco-tri-ia\data\raw\garbage_dataset_v2\six_classes\metal\metal_152.jpg","C:\Users\bouss\eco-tri-ia\data\classification\v2\train\metal\metal64.jpg","9D745E44783C743B14C5092387139553A94E671BB557DD35E1A4771DA8A6BFEA"
"C:\Users\bouss\eco-tri-ia\data\raw\garbage_dataset_v2\six_classes\metal\metal_154.jpg","C:\Users\bouss\eco-tri-ia\data\classification\v2\train\metal\metal11.jpg","947288224D612F8C7DCED73D0AC17AB9608CAA6627EF8D5DA5628FCE3A7A3579"
"C:\Users\bouss\eco-tri-ia\data\raw\garbage_dataset_v2\six_classes\metal\metal_155.jpg","C:\Users\bouss\eco-tri-ia\data\classification\v2\train\metal\metal301.jpg","F7A7AE920BA3FF0D9994AC21F0B9C13B85BA5B000E1D7B43B6576B22DF282215"
"C:\Users\bouss\eco-tri-ia\data\raw\garbage_dataset_v2\six_classes\metal\metal_156.jpg","C:\Users\bouss\eco-tri-ia\data\classification\v2\train\metal\metal365.jpg","E5E02E25CE27F29DB9D0EB8A55A6B5CE5A2E10FB0567997B3CD5CC25E5BAF522"
"C:\Users\bouss\eco-tri-ia\data\raw\garbage_dataset_v2\six_classes\metal\metal_157.jpg","C:\Users\bouss\eco-tri-ia\data\classification\v2\train\metal\metal257.jpg","0647D5376A54912FFB1AD2A53A18139A3D78D5901F34F9E372DAB207F6DC7C3C"
"C:\Users\bouss\eco-tri-ia\data\raw\garbage_dataset_v2\six_classes\metal\metal_159.jpg","C:\Users\bouss\eco-tri-ia\data\classification\v2\val\metal\metal378.jpg","46AE76DF42F34A292D93347D29F41C1F88CC0737E1E4E4A3F9759C3B1E270654"
"C:\Users\bouss\eco-tri-ia\data\raw\garbage_dataset_v2\six_classes\metal\metal_16.jpg","C:\Users\bouss\eco-tri-ia\data\classification\v2\train\metal\metal19.jpg","17E8F88F88BA0C360DC6B1C819704BB51C771F0AEE389FB64FE3F62637BF1E87"
"C:\Users\bouss\eco-tri-ia\data\raw\garbage_dataset_v2\six_classes\metal\metal_160.jpg","C:\Users\bouss\eco-tri-ia\data\classification\v2\train\metal\metal12.jpg","077C55B3FEDBEF7BED89A822A33B6543CC7724B6160928D58D8BFC8354C4CBA6"
"C:\Users\bouss\eco-tri-ia\data\raw\garbage_dataset_v2\six_classes\metal\metal_162.jpg","C:\Users\bouss\eco-tri-ia\data\classification\v2\train\metal\metal362.jpg","F20A2D7B4FCA27ECD23D47F92BD6AE86DA5D591B057744A11C347A0347A319FA"
"C:\Users\bouss\eco-tri-ia\data\raw\garbage_dataset_v2\six_classes\metal\metal_164.jpg","C:\Users\bouss\eco-tri-ia\data\classification\v2\train\metal\metal254.jpg","5F7729D8942296B24A2837B096CB747E61F45FE7FA7DC2C77075548EF881A97F"
"C:\Users\bouss\eco-tri-ia\data\raw\garbage_dataset_v2\six_classes\metal\metal_165.jpg","C:\Users\bouss\eco-tri-ia\data\classification\v2\train\metal\metal290.jpg","C9127729EFCF4D2D426EDF5DD69E01F40B204C82914EA03E2E8BB888BB49DE95"
"C:\Users\bouss\eco-tri-ia\data\raw\garbage_dataset_v2\six_classes\metal\metal_166.jpg","C:\Users\bouss\eco-tri-ia\data\classification\v2\train\metal\metal332.jpg","73CBA85746400EF60CFBDE539C3BF6FCE9375A0D6FB9519983E56AF2CCD95F10"
"C:\Users\bouss\eco-tri-ia\data\raw\garbage_dataset_v2\six_classes\metal\metal_168.jpg","C:\Users\bouss\eco-tri-ia\data\classification\v2\train\metal\metal351.jpg","E47484D4EBEBC7E9C062CE870D16511D0CD6DDBB982FFD1508AD4BB4738DB11C"
"C:\Users\bouss\eco-tri-ia\data\raw\garbage_dataset_v2\six_classes\metal\metal_169.jpg","C:\Users\bouss\eco-tri-ia\data\classification\v2\train\metal\metal148.jpg","8B589D4D3C385BA8FF4F25B2B450ECF651BA437D2EBCE67AA9B5EB4E71724C29"
"C:\Users\bouss\eco-tri-ia\data\raw\garbage_dataset_v2\six_classes\metal\metal_17.jpg","C:\Users\bouss\eco-tri-ia\data\classification\v2\train\metal\metal4.jpg","89973FF7D5C5D42652431B11BF86C73C7DAB04FCF49F7742D6F54D65984445BE"
"C:\Users\bouss\eco-tri-ia\data\raw\garbage_dataset_v2\six_classes\metal\metal_170.jpg","C:\Users\bouss\eco-tri-ia\data\classification\v2\train\metal\metal23.jpg","BC549A39AF929BE7CEEDB628E751F7718FEB93984B945CB5EDB92FEEE238BFC5"
"C:\Users\bouss\eco-tri-ia\data\raw\garbage_dataset_v2\six_classes\metal\metal_171.jpg","C:\Users\bouss\eco-tri-ia\data\classification\v2\train\metal\metal179.jpg","F5863266368F19041CE3DF411A2FE0970264B0B796742CA663A937A98FD42B94"
"C:\Users\bouss\eco-tri-ia\data\raw\garbage_dataset_v2\six_classes\metal\metal_172.jpg","C:\Users\bouss\eco-tri-ia\data\classification\v2\train\metal\metal401.jpg","E022819DFEB2857C30014D0898F01A098E2D2E89F35CD21E6332EBD4BE71A27A"
"C:\Users\bouss\eco-tri-ia\data\raw\garbage_dataset_v2\six_classes\metal\metal_173.jpg","C:\Users\bouss\eco-tri-ia\data\classification\v2\test\metal\metal171.jpg","A614934E492C15E458FF950A50133AF5FF2D73F2B53D7A49598B8E0519CDB23F"
"C:\Users\bouss\eco-tri-ia\data\raw\garbage_dataset_v2\six_classes\metal\metal_175.jpg","C:\Users\bouss\eco-tri-ia\data\classification\v2\val\metal\metal308.jpg","DABDAC91A08EE596961BCA73E03562282A4298EBFFA8477E090B3262F08B3D98"
"C:\Users\bouss\eco-tri-ia\data\raw\garbage_dataset_v2\six_classes\metal\metal_177.jpg","C:\Users\bouss\eco-tri-ia\data\classification\v2\train\metal\metal377.jpg","B1BC4CED340DBCA3EE419E140CADC68991AE80A903FA6A326C8FA0D93CAF4D3C"
"C:\Users\bouss\eco-tri-ia\data\raw\garbage_dataset_v2\six_classes\metal\metal_18.jpg","C:\Users\bouss\eco-tri-ia\data\classification\v2\val\metal\metal127.jpg","0A87299066EBC0B2188CEB3B7191BACEF452188B6AAAF17AEB6C44227A0001D1"
"C:\Users\bouss\eco-tri-ia\data\raw\garbage_dataset_v2\six_classes\metal\metal_180.jpg","C:\Users\bouss\eco-tri-ia\data\classification\v2\train\metal\metal222.jpg","C943BE388369A82DFA1417C1C23DF8AC0F00AB80CB1E39C0DE5C35AF4947C87F"
"C:\Users\bouss\eco-tri-ia\data\raw\garbage_dataset_v2\six_classes\metal\metal_184.jpg","C:\Users\bouss\eco-tri-ia\data\classification\v2\train\metal\metal327.jpg","6EFC5622CE7A76FFFB3785F57FA8DBDF44DFC99956C2A2909A8EE46B8CC92DEC"
"C:\Users\bouss\eco-tri-ia\data\raw\garbage_dataset_v2\six_classes\metal\metal_185.jpg","C:\Users\bouss\eco-tri-ia\data\classification\v2\train\metal\metal80.jpg","8ED72E0C27C92095FC99D0AF7C7A32F5378138F2031DF9AA11BA9EA843C1B8B5"
"C:\Users\bouss\eco-tri-ia\data\raw\garbage_dataset_v2\six_classes\metal\metal_186.jpg","C:\Users\bouss\eco-tri-ia\data\classification\v2\val\metal\metal359.jpg","C946DED8526DED8569E51F5C1A92233F5C3004F115E252BD562232214525B43C"
"C:\Users\bouss\eco-tri-ia\data\raw\garbage_dataset_v2\six_classes\metal\metal_19.jpg","C:\Users\bouss\eco-tri-ia\data\classification\v2\train\metal\metal368.jpg","33CB876F9CE5AF156674AD6CC7BB5A065991506EEFDCC76D5B7A3A05F4F75B1F"
"C:\Users\bouss\eco-tri-ia\data\raw\garbage_dataset_v2\six_classes\metal\metal_191.jpg","C:\Users\bouss\eco-tri-ia\data\classification\v2\train\metal\metal343.jpg","B323750EC17BB7CBE0609BA18C07DC966CDD2AB2063F1AD323F4BC7D589C542C"
"C:\Users\bouss\eco-tri-ia\data\raw\garbage_dataset_v2\six_classes\metal\metal_192.jpg","C:\Users\bouss\eco-tri-ia\data\classification\v2\train\metal\metal65.jpg","5BB983664AAE5F1F02A852A10D33114A1F97AD19ED78A313276AD732CDAD117D"
"C:\Users\bouss\eco-tri-ia\data\raw\garbage_dataset_v2\six_classes\metal\metal_193.jpg","C:\Users\bouss\eco-tri-ia\data\classification\v2\train\metal\metal204.jpg","0A85C75CDD7A30AAFBB140BD84CED4847380370E5A901B7E4935E3CD7328E9CC"
"C:\Users\bouss\eco-tri-ia\data\raw\garbage_dataset_v2\six_classes\metal\metal_194.jpg","C:\Users\bouss\eco-tri-ia\data\classification\v2\train\metal\metal41.jpg","A30654D04E0C1B003CF22D8C2301CC8E69247387CE1951F91D5AE823921424D0"
"C:\Users\bouss\eco-tri-ia\data\raw\garbage_dataset_v2\six_classes\metal\metal_195.jpg","C:\Users\bouss\eco-tri-ia\data\classification\v2\test\metal\metal408.jpg","FA6694A9A54DA63B33DC50079EF9B5AB8E1517DC519BFFBEFC6A44D5F9A569CA"
"C:\Users\bouss\eco-tri-ia\data\raw\garbage_dataset_v2\six_classes\metal\metal_196.jpg","C:\Users\bouss\eco-tri-ia\data\classification\v2\train\metal\metal331.jpg","346C7AC6C6BF721810B67332D4311769ADB5620DA52E3B063522C649BA11CCBC"
"C:\Users\bouss\eco-tri-ia\data\raw\garbage_dataset_v2\six_classes\metal\metal_198.jpg","C:\Users\bouss\eco-tri-ia\data\classification\v2\test\metal\metal47.jpg","44EDFADA36D51D2098507FB89D79F50E79DF3EA8C2B122C18502AE782E0CA4F2"
"C:\Users\bouss\eco-tri-ia\data\raw\garbage_dataset_v2\six_classes\metal\metal_199.jpg","C:\Users\bouss\eco-tri-ia\data\classification\v2\train\metal\metal261.jpg","770B06B68120E8EC7C5906381F0F70D6FED1B1D7AC457F60E94466B12AAA5823"
"C:\Users\bouss\eco-tri-ia\data\raw\garbage_dataset_v2\six_classes\metal\metal_200.jpg","C:\Users\bouss\eco-tri-ia\data\classification\v2\test\metal\metal132.jpg","3811593A63B4190976121C5D43287D3B70342ED35ACC52B4A47AA45999F44740"
"C:\Users\bouss\eco-tri-ia\data\raw\garbage_dataset_v2\six_classes\metal\metal_201.jpg","C:\Users\bouss\eco-tri-ia\data\classification\v2\train\metal\metal313.jpg","D1027E3400963946DADD07FB36EF43D95C5FD7BB11C72F4FF7E8F1A59E1D9851"
"C:\Users\bouss\eco-tri-ia\data\raw\garbage_dataset_v2\six_classes\metal\metal_202.jpg","C:\Users\bouss\eco-tri-ia\data\classification\v2\train\metal\metal381.jpg","D609CE97E15C2F639D2B01D0EE3D07E30BD099964371C6F2476ACE03AA37B079"
"C:\Users\bouss\eco-tri-ia\data\raw\garbage_dataset_v2\six_classes\metal\metal_204.jpg","C:\Users\bouss\eco-tri-ia\data\classification\v2\test\metal\metal277.jpg","51C7CFF9D8EA7E43822160AA242C591326B78E022A510D95DFDA670D60452E53"
"C:\Users\bouss\eco-tri-ia\data\raw\garbage_dataset_v2\six_classes\metal\metal_207.jpg","C:\Users\bouss\eco-tri-ia\data\classification\v2\train\metal\metal7.jpg","9B90CA957763CC688295CE4D2AC488B588F1C16384EBE4BF62C12373B0203968"
"C:\Users\bouss\eco-tri-ia\data\raw\garbage_dataset_v2\six_classes\metal\metal_214.jpg","C:\Users\bouss\eco-tri-ia\data\classification\v2\train\metal\metal380.jpg","185C5013B71AFE133A27DD604C72FC9F76620DFF3E8F2E604829CAC1D749D405"
"C:\Users\bouss\eco-tri-ia\data\raw\garbage_dataset_v2\six_classes\metal\metal_215.jpg","C:\Users\bouss\eco-tri-ia\data\classification\v2\train\metal\metal354.jpg","1AC43424F74276C3EA1C27C2A685414A66C126CD37F4809F64967D110021B7C6"
"C:\Users\bouss\eco-tri-ia\data\raw\garbage_dataset_v2\six_classes\metal\metal_216.jpg","C:\Users\bouss\eco-tri-ia\data\classification\v2\train\metal\metal26.jpg","06C1DD04695D400B37BA96E1FB2455B6BD8DBB6E7F0CB5B9B6CC0FFC4B6EB32B"
"C:\Users\bouss\eco-tri-ia\data\raw\garbage_dataset_v2\six_classes\metal\metal_219.jpg","C:\Users\bouss\eco-tri-ia\data\classification\v2\test\metal\metal186.jpg","F6FBE70EE36FB0907264735E8ABF67EBEA2283DCAA3FCF08A273BAF528AB35E5"
"C:\Users\bouss\eco-tri-ia\data\raw\garbage_dataset_v2\six_classes\metal\metal_220.jpg","C:\Users\bouss\eco-tri-ia\data\classification\v2\train\metal\metal81.jpg","07D65036157AA88AE26A72341A2F6A2AF41AF43729BCA6F3D88B994E6D66C693"
"C:\Users\bouss\eco-tri-ia\data\raw\garbage_dataset_v2\six_classes\metal\metal_221.jpg","C:\Users\bouss\eco-tri-ia\data\classification\v2\train\metal\metal320.jpg","C5D3532166D56825B106EDDEFFF6FC388B8D7A13EE97F9C54E5633C32EAE0A2B"
"C:\Users\bouss\eco-tri-ia\data\raw\garbage_dataset_v2\six_classes\metal\metal_224.jpg","C:\Users\bouss\eco-tri-ia\data\classification\v2\train\metal\metal193.jpg","2BFE1E25BB903EB45C8494F4645D081D9A34C337E716840868CEFB3E8F850F40"
"C:\Users\bouss\eco-tri-ia\data\raw\garbage_dataset_v2\six_classes\metal\metal_225.jpg","C:\Users\bouss\eco-tri-ia\data\classification\v2\val\metal\metal397.jpg","B1129A325BAC824818C54397630EE81A7E7128535C8B47F621381AB89E41FD76"
"C:\Users\bouss\eco-tri-ia\data\raw\garbage_dataset_v2\six_classes\metal\metal_227.jpg","C:\Users\bouss\eco-tri-ia\data\classification\v2\train\metal\metal363.jpg","82FE752309B526FF9836471A58693A35087317D19A23D401BC56931857E9F5F7"
"C:\Users\bouss\eco-tri-ia\data\raw\garbage_dataset_v2\six_classes\metal\metal_229.jpg","C:\Users\bouss\eco-tri-ia\data\classification\v2\test\metal\metal258.jpg","408DA93FEFE2C7C939E13AABDDE2C8EDE85690177D8377A244D0794EC38466A3"
"C:\Users\bouss\eco-tri-ia\data\raw\garbage_dataset_v2\six_classes\metal\metal_231.jpg","C:\Users\bouss\eco-tri-ia\data\classification\v2\train\metal\metal199.jpg","70BED46CADB3DC4FAAF054DD2319B748AE4FA62F0A69D6415F0AB21FD6DE11E4"
"C:\Users\bouss\eco-tri-ia\data\raw\garbage_dataset_v2\six_classes\metal\metal_235.jpg","C:\Users\bouss\eco-tri-ia\data\classification\v2\train\metal\metal17.jpg","80A4427FA8828B37C2BCB969E941956A50EBD2F7578975DD2842B68D11F8741E"
"C:\Users\bouss\eco-tri-ia\data\raw\garbage_dataset_v2\six_classes\metal\metal_236.jpg","C:\Users\bouss\eco-tri-ia\data\classification\v2\val\metal\metal100.jpg","59ED484F669BB032B4FF95FF7304F60D0AC9B2B02EAAED7F132B1C450E3BD78B"
"C:\Users\bouss\eco-tri-ia\data\raw\garbage_dataset_v2\six_classes\metal\metal_238.jpg","C:\Users\bouss\eco-tri-ia\data\classification\v2\test\metal\metal319.jpg","B3C7A9F37FE4DA737D9194E3199EB310FDB025B100977D0013934C873F1B69A2"
"C:\Users\bouss\eco-tri-ia\data\raw\garbage_dataset_v2\six_classes\metal\metal_239.jpg","C:\Users\bouss\eco-tri-ia\data\classification\v2\train\metal\metal163.jpg","344A7F02C7D2F4CFEB25B734C802EDA5E8C1A683A0FFC57E14A3D1F045BBC696"
"C:\Users\bouss\eco-tri-ia\data\raw\garbage_dataset_v2\six_classes\metal\metal_241.jpg","C:\Users\bouss\eco-tri-ia\data\classification\v2\train\metal\metal147.jpg","44A528CEC4142730C7E559A34C9B0552FA59A0D08A54BD9CDD1634BC9CA7C837"
"C:\Users\bouss\eco-tri-ia\data\raw\garbage_dataset_v2\six_classes\metal\metal_245.jpg","C:\Users\bouss\eco-tri-ia\data\classification\v2\train\metal\metal322.jpg","B637CEF7074907A5A1BAA9703E1B7AD4CACDA649CF66799E63376747BE327E95"
"C:\Users\bouss\eco-tri-ia\data\raw\garbage_dataset_v2\six_classes\metal\metal_247.jpg","C:\Users\bouss\eco-tri-ia\data\classification\v2\train\metal\metal136.jpg","881525ED0D214BE04FFA9C3CF08BF6A457BA4A7A1F3C40C39DE285C188859A5F"
"C:\Users\bouss\eco-tri-ia\data\raw\garbage_dataset_v2\six_classes\metal\metal_248.jpg","C:\Users\bouss\eco-tri-ia\data\classification\v2\train\metal\metal98.jpg","A4DD81260CCF5DAB859602E0A7CBDE61503E0EFF94F24A358005F4A80BCE009F"
"C:\Users\bouss\eco-tri-ia\data\raw\garbage_dataset_v2\six_classes\metal\metal_249.jpg","C:\Users\bouss\eco-tri-ia\data\classification\v2\val\metal\metal387.jpg","4FB781FCE54A6D4F689F6EBA2CF41E42285E4963C76D25292BAB5F3B066A3D01"
"C:\Users\bouss\eco-tri-ia\data\raw\garbage_dataset_v2\six_classes\metal\metal_25.jpg","C:\Users\bouss\eco-tri-ia\data\classification\v2\test\metal\metal159.jpg","2DB6E692E6F70E497ACD068167546BB14EE4B3E423E8C80DEB5A35A7215C2453"
"C:\Users\bouss\eco-tri-ia\data\raw\garbage_dataset_v2\six_classes\metal\metal_250.jpg","C:\Users\bouss\eco-tri-ia\data\classification\v2\train\metal\metal306.jpg","265B600061409E515719E77A2773A08C1147DE53D7ADE912324872AA219DE9A6"
"C:\Users\bouss\eco-tri-ia\data\raw\garbage_dataset_v2\six_classes\metal\metal_251.jpg","C:\Users\bouss\eco-tri-ia\data\classification\v2\train\metal\metal404.jpg","7CCD1514DCAC218EE885080E5E7AA11EEDECC4EB3F36CB0173B0765B92902977"
"C:\Users\bouss\eco-tri-ia\data\raw\garbage_dataset_v2\six_classes\metal\metal_256.jpg","C:\Users\bouss\eco-tri-ia\data\classification\v2\val\metal\metal335.jpg","3032A269B17EB35E3AA0D6BB07F57B1D467DE26DF78748AC4669765820C1E99F"
"C:\Users\bouss\eco-tri-ia\data\raw\garbage_dataset_v2\six_classes\metal\metal_257.jpg","C:\Users\bouss\eco-tri-ia\data\classification\v2\train\metal\metal302.jpg","97EF3F279313DFAF8931E25F699B9AFBB193DCD5AA5329A4676B678A4DCAB090"
"C:\Users\bouss\eco-tri-ia\data\raw\garbage_dataset_v2\six_classes\metal\metal_259.jpg","C:\Users\bouss\eco-tri-ia\data\classification\v2\val\metal\metal190.jpg","4666C6F95E953BCFA6DB4F274732A1864FF40B93FB19DDF76EC0F2E8C588AE62"
"C:\Users\bouss\eco-tri-ia\data\raw\garbage_dataset_v2\six_classes\metal\metal_26.jpg","C:\Users\bouss\eco-tri-ia\data\classification\v2\train\metal\metal73.jpg","778FF2EA6068A67B89C09444024B5D272AD101F4017CB069EEDA5A0EC5B46556"
"C:\Users\bouss\eco-tri-ia\data\raw\garbage_dataset_v2\six_classes\metal\metal_260.jpg","C:\Users\bouss\eco-tri-ia\data\classification\v2\train\metal\metal315.jpg","8FD19560626992C39FDD8218F990C884A86971006B76827259F19416A6BEF828"
"C:\Users\bouss\eco-tri-ia\data\raw\garbage_dataset_v2\six_classes\metal\metal_261.jpg","C:\Users\bouss\eco-tri-ia\data\classification\v2\test\metal\metal286.jpg","F10A644674B2455D017AD281FBD3F6996D6D9967A914B23F264B737ABD21C08A"
"C:\Users\bouss\eco-tri-ia\data\raw\garbage_dataset_v2\six_classes\metal\metal_265.jpg","C:\Users\bouss\eco-tri-ia\data\classification\v2\train\metal\metal140.jpg","3D427A2A75704EC9CDAB1DD4253DFA54B5BF359F0DC3C8ED4430EA2856205C5B"
"C:\Users\bouss\eco-tri-ia\data\raw\garbage_dataset_v2\six_classes\metal\metal_266.jpg","C:\Users\bouss\eco-tri-ia\data\classification\v2\test\metal\metal202.jpg","CCCA49D58894F77B5BC0EF6224121E89C9ADF02EA6397FB84C2C1B5E63EAE4A1"
"C:\Users\bouss\eco-tri-ia\data\raw\garbage_dataset_v2\six_classes\metal\metal_268.jpg","C:\Users\bouss\eco-tri-ia\data\classification\v2\train\metal\metal360.jpg","5DBD501ECCFBBAF0BD30EF527CCD97E050E9FD4398721FC2CC5AC6E5493C88CE"
"C:\Users\bouss\eco-tri-ia\data\raw\garbage_dataset_v2\six_classes\metal\metal_27.jpg","C:\Users\bouss\eco-tri-ia\data\classification\v2\train\metal\metal13.jpg","A4D7DF36D807F540E62FB91552E0A1926A8154C30C80FBF4207D4C1B845C4E6D"
"C:\Users\bouss\eco-tri-ia\data\raw\garbage_dataset_v2\six_classes\metal\metal_270.jpg","C:\Users\bouss\eco-tri-ia\data\classification\v2\test\metal\metal384.jpg","BDA03C13FBAAC3EC0D3B1D253ED07A2B687B5206D27C7213045BD2EB158A72EA"
"C:\Users\bouss\eco-tri-ia\data\raw\garbage_dataset_v2\six_classes\metal\metal_272.jpg","C:\Users\bouss\eco-tri-ia\data\classification\v2\train\metal\metal32.jpg","F9B81121DCE1FA7CCD8379EC1A559504BC2BD769D0060504F69F3D79F6571CCA"
"C:\Users\bouss\eco-tri-ia\data\raw\garbage_dataset_v2\six_classes\metal\metal_276.jpg","C:\Users\bouss\eco-tri-ia\data\classification\v2\train\metal\metal272.jpg","0CA9F3BBECE958BC3B601A84BA4C89CD09513172F1047A602FA0712EC66B7452"
"C:\Users\bouss\eco-tri-ia\data\raw\garbage_dataset_v2\six_classes\metal\metal_277.jpg","C:\Users\bouss\eco-tri-ia\data\classification\v2\val\metal\metal206.jpg","C40EDD7D2496BF7A271C1C4F6125D24384A84944B4C5F4BB94F316438823BC9F"
"C:\Users\bouss\eco-tri-ia\data\raw\garbage_dataset_v2\six_classes\metal\metal_279.jpg","C:\Users\bouss\eco-tri-ia\data\classification\v2\val\metal\metal234.jpg","C78F1E06C359FDD4A9557456D1D1D7FF404BC9AB8778907A84AD1CFE1B43E525"
"C:\Users\bouss\eco-tri-ia\data\raw\garbage_dataset_v2\six_classes\metal\metal_28.jpg","C:\Users\bouss\eco-tri-ia\data\classification\v2\train\metal\metal21.jpg","F2DD2E04BEA9964DD5A699723858EB9705B52889B5614BDC09260EFFEC563ED9"
"C:\Users\bouss\eco-tri-ia\data\raw\garbage_dataset_v2\six_classes\metal\metal_287.jpg","C:\Users\bouss\eco-tri-ia\data\classification\v2\train\metal\metal399.jpg","2E62194AACAB189AABC30D0902AF1AFA699F75341CBC4BAAAA12CD38DBFAB739"
"C:\Users\bouss\eco-tri-ia\data\raw\garbage_dataset_v2\six_classes\metal\metal_29.jpg","C:\Users\bouss\eco-tri-ia\data\classification\v2\train\metal\metal326.jpg","F58E4A31E9D5B76D462D32AE5A530F50684BC525A95957E0D7958A84703649B0"
"C:\Users\bouss\eco-tri-ia\data\raw\garbage_dataset_v2\six_classes\metal\metal_293.jpg","C:\Users\bouss\eco-tri-ia\data\classification\v2\test\metal\metal391.jpg","A37C6E33D5E00F633006E206C499D610F0782DA676E5C9C7A157D27423F5CBB0"
"C:\Users\bouss\eco-tri-ia\data\raw\garbage_dataset_v2\six_classes\metal\metal_295.jpg","C:\Users\bouss\eco-tri-ia\data\classification\v2\val\metal\metal225.jpg","B36D4C7A1DE6800F7802569F65FC7B6F49B15FAB942943C17A33FB769458B8D2"
"C:\Users\bouss\eco-tri-ia\data\raw\garbage_dataset_v2\six_classes\metal\metal_296.jpg","C:\Users\bouss\eco-tri-ia\data\classification\v2\train\metal\metal314.jpg","4210DFA7E3521964CB46DE56A87006830A54906C076FB0B9DE9BE498F1CEED65"
"C:\Users\bouss\eco-tri-ia\data\raw\garbage_dataset_v2\six_classes\metal\metal_297.jpg","C:\Users\bouss\eco-tri-ia\data\classification\v2\train\metal\metal2.jpg","DA59C3FA97EA7E9EF2E374A7CCC4CC84D350F3A3E4BCEFC6E601D0CC4ECAE7ED"
"C:\Users\bouss\eco-tri-ia\data\raw\garbage_dataset_v2\six_classes\metal\metal_298.jpg","C:\Users\bouss\eco-tri-ia\data\classification\v2\train\metal\metal58.jpg","2C1B7263F7E1ADEB64BBA4692D887752D3F6462213D1D6F6673E42AAC37B91BC"
"C:\Users\bouss\eco-tri-ia\data\raw\garbage_dataset_v2\six_classes\metal\metal_30.jpg","C:\Users\bouss\eco-tri-ia\data\classification\v2\val\metal\metal299.jpg","9093A60E9BA7039FE941769C6F73E5A64A4D3904EC3FFB56C51D77AE45EEF14F"
"C:\Users\bouss\eco-tri-ia\data\raw\garbage_dataset_v2\six_classes\metal\metal_301.jpg","C:\Users\bouss\eco-tri-ia\data\classification\v2\train\metal\metal154.jpg","1BC190A99EFAEAEB043AF606F8597B42BB2C0563B94AC9A19F13FADD40EB27B6"
"C:\Users\bouss\eco-tri-ia\data\raw\garbage_dataset_v2\six_classes\metal\metal_302.jpg","C:\Users\bouss\eco-tri-ia\data\classification\v2\train\metal\metal358.jpg","95A15B8AC8970606441B478DDF6083E6D891573A05D7E68B0B923D9AA9200722"
"C:\Users\bouss\eco-tri-ia\data\raw\garbage_dataset_v2\six_classes\metal\metal_305.jpg","C:\Users\bouss\eco-tri-ia\data\classification\v2\train\metal\metal103.jpg","85B595FD5F02D95B201370A1AE5E105FF7626C5462CB781E1C876CD04B0AE671"
"C:\Users\bouss\eco-tri-ia\data\raw\garbage_dataset_v2\six_classes\metal\metal_310.jpg","C:\Users\bouss\eco-tri-ia\data\classification\v2\train\metal\metal307.jpg","617A85C765E82F6036997E6204090DFFDA026898EBA70F46E26FCAAFB0DF9CC3"
"C:\Users\bouss\eco-tri-ia\data\raw\garbage_dataset_v2\six_classes\metal\metal_312.jpg","C:\Users\bouss\eco-tri-ia\data\classification\v2\train\metal\metal20.jpg","12FAAF4BF45F86A12F004E8518748B0ABC1A6FF6B090AAAC80E2A2DDE32C2C16"
"C:\Users\bouss\eco-tri-ia\data\raw\garbage_dataset_v2\six_classes\metal\metal_314.jpg","C:\Users\bouss\eco-tri-ia\data\classification\v2\test\metal\metal114.jpg","FF3491A1B204BE3E76AD92BCF8158DD26E7B9B35B2E291528E651876EE5125F4"
"C:\Users\bouss\eco-tri-ia\data\raw\garbage_dataset_v2\six_classes\metal\metal_316.jpg","C:\Users\bouss\eco-tri-ia\data\classification\v2\train\metal\metal407.jpg","295E15363EE7393963F785F7A43DAD7207460E041C43A1F36E7514E635300626"
"C:\Users\bouss\eco-tri-ia\data\raw\garbage_dataset_v2\six_classes\metal\metal_32.jpg","C:\Users\bouss\eco-tri-ia\data\classification\v2\val\metal\metal70.jpg","4FB4DDCAC98F16D8BAB2241A2E726B4DC1FC777E065B66913DB2D4283B5554A2"
"C:\Users\bouss\eco-tri-ia\data\raw\garbage_dataset_v2\six_classes\metal\metal_322.jpg","C:\Users\bouss\eco-tri-ia\data\classification\v2\test\metal\metal95.jpg","40E84CEAACD80FB905FDEA88465D9BC8EADF725531D479AA614B5279F0F3C0DF"
"C:\Users\bouss\eco-tri-ia\data\raw\garbage_dataset_v2\six_classes\metal\metal_323.jpg","C:\Users\bouss\eco-tri-ia\data\classification\v2\train\metal\metal83.jpg","F51EB5B4486ED937312AF3E6D46736661ACABB1CB03B36352328C8A5748F33E0"
"C:\Users\bouss\eco-tri-ia\data\raw\garbage_dataset_v2\six_classes\metal\metal_325.jpg","C:\Users\bouss\eco-tri-ia\data\classification\v2\test\metal\metal334.jpg","C1723B93E8AC8FD1B2204898C215843743725CFCE8C3693A9257B3248D708294"
"C:\Users\bouss\eco-tri-ia\data\raw\garbage_dataset_v2\six_classes\metal\metal_326.jpg","C:\Users\bouss\eco-tri-ia\data\classification\v2\train\metal\metal344.jpg","75541C15A811597A817DA2D32117B2F90C36EF7D4A4680B8B5A734DAF45E53C8"
"C:\Users\bouss\eco-tri-ia\data\raw\garbage_dataset_v2\six_classes\metal\metal_328.jpg","C:\Users\bouss\eco-tri-ia\data\classification\v2\val\metal\metal228.jpg","75F250C05742D0CC0EB981BCCE2B78A5597D0FE8A46301331D187C564F283921"
"C:\Users\bouss\eco-tri-ia\data\raw\garbage_dataset_v2\six_classes\metal\metal_329.jpg","C:\Users\bouss\eco-tri-ia\data\classification\v2\train\metal\metal18.jpg","397B8780B62F129ACDDB0758D07F8570542427E97750F11F0BAC39C8908CA55D"
"C:\Users\bouss\eco-tri-ia\data\raw\garbage_dataset_v2\six_classes\metal\metal_33.jpg","C:\Users\bouss\eco-tri-ia\data\classification\v2\val\metal\metal403.jpg","23E20D8DD91193B3A6DF158A8D0E80FD2524CD609D998DCDA5A055A8ED9C5074"
"C:\Users\bouss\eco-tri-ia\data\raw\garbage_dataset_v2\six_classes\metal\metal_330.jpg","C:\Users\bouss\eco-tri-ia\data\classification\v2\train\metal\metal1.jpg","C9E3856E65F887BD3B04EDF686E6E1D265A67306A0B3A3C7A05EDB83AF2447B3"
"C:\Users\bouss\eco-tri-ia\data\raw\garbage_dataset_v2\six_classes\metal\metal_332.jpg","C:\Users\bouss\eco-tri-ia\data\classification\v2\train\metal\metal240.jpg","27E7BEB769FD119C0E86EA90E580CE7DBB8DD7B0934DD568C375ED894C9917EA"
"C:\Users\bouss\eco-tri-ia\data\raw\garbage_dataset_v2\six_classes\metal\metal_334.jpg","C:\Users\bouss\eco-tri-ia\data\classification\v2\val\metal\metal348.jpg","9F8B9020A7BA90096D37FAA78315310E4A4CAF3683B806671DE45A8F66577BA2"
"C:\Users\bouss\eco-tri-ia\data\raw\garbage_dataset_v2\six_classes\metal\metal_336.jpg","C:\Users\bouss\eco-tri-ia\data\classification\v2\test\metal\metal142.jpg","D0EC9CFC4FCD1E4F8D2CE2ACEF9A3390EF42F98A0BDA76935E4A218D55265EBF"
"C:\Users\bouss\eco-tri-ia\data\raw\garbage_dataset_v2\six_classes\metal\metal_34.jpg","C:\Users\bouss\eco-tri-ia\data\classification\v2\train\metal\metal337.jpg","ED30620F77FD4DBC65256DCE2B53CE7F92B7E2189C6C3CE81BA1D072887FA234"
"C:\Users\bouss\eco-tri-ia\data\raw\garbage_dataset_v2\six_classes\metal\metal_341.jpg","C:\Users\bouss\eco-tri-ia\data\classification\v2\val\metal\metal35.jpg","B0546D9B6ADCB589DE61B9AC2340BDE30DBCFB2BED0E099D5CAAA682C859398C"
"C:\Users\bouss\eco-tri-ia\data\raw\garbage_dataset_v2\six_classes\metal\metal_342.jpg","C:\Users\bouss\eco-tri-ia\data\classification\v2\test\metal\metal229.jpg","5540F798BAD9AAB9D38537434226414807D155ECF14EE6C05153E94B9392AA8A"
"C:\Users\bouss\eco-tri-ia\data\raw\garbage_dataset_v2\six_classes\metal\metal_343.jpg","C:\Users\bouss\eco-tri-ia\data\classification\v2\train\metal\metal305.jpg","A6912D622B544A06D59817D8C956F9C3D03142FBFBB4161A56708FE95CB5E9C8"
"C:\Users\bouss\eco-tri-ia\data\raw\garbage_dataset_v2\six_classes\metal\metal_346.jpg","C:\Users\bouss\eco-tri-ia\data\classification\v2\train\metal\metal375.jpg","C1C1A94CE0B21B7666E7F3F5592151243A7A2E16F73D3869CAD9B04A5FCFE14A"
"C:\Users\bouss\eco-tri-ia\data\raw\garbage_dataset_v2\six_classes\metal\metal_348.jpg","C:\Users\bouss\eco-tri-ia\data\classification\v2\train\metal\metal63.jpg","0E4E8E413F4B1D56A22DAFD8CC1487C4193933AFF1984A2A97F741271BFD0C5C"
"C:\Users\bouss\eco-tri-ia\data\raw\garbage_dataset_v2\six_classes\metal\metal_349.jpg","C:\Users\bouss\eco-tri-ia\data\classification\v2\train\metal\metal137.jpg","8068751CD8AE7208F9F7AF575FA1406CF8AEB5AF232882BAF091DD99544C2B5B"
"C:\Users\bouss\eco-tri-ia\data\raw\garbage_dataset_v2\six_classes\metal\metal_353.jpg","C:\Users\bouss\eco-tri-ia\data\classification\v2\train\metal\metal200.jpg","FD3A8E88041429279BCB1ED409D7BD8901017E2912274B94F1A591C584638DB5"
"C:\Users\bouss\eco-tri-ia\data\raw\garbage_dataset_v2\six_classes\metal\metal_355.jpg","C:\Users\bouss\eco-tri-ia\data\classification\v2\val\metal\metal39.jpg","A4A363DB41AAF2FB6D23B30EB4ACA248C076E8A6014CBBF4ABE887093B4917F1"
"C:\Users\bouss\eco-tri-ia\data\raw\garbage_dataset_v2\six_classes\metal\metal_356.jpg","C:\Users\bouss\eco-tri-ia\data\classification\v2\train\metal\metal298.jpg","9D5BA9B26916A1ED4F9AF47AD26DE14B48606F38749BD803F3F30F011FCEBA24"
"C:\Users\bouss\eco-tri-ia\data\raw\garbage_dataset_v2\six_classes\metal\metal_357.jpg","C:\Users\bouss\eco-tri-ia\data\classification\v2\val\metal\metal263.jpg","871B620DCAE2C9BB012162C756A53E00D7C288A9B5014C67F7F7BF0F8DA82BD2"
"C:\Users\bouss\eco-tri-ia\data\raw\garbage_dataset_v2\six_classes\metal\metal_360.jpg","C:\Users\bouss\eco-tri-ia\data\classification\v2\train\metal\metal164.jpg","F3138CC3EEB04153DADAC29FEF6A259F66FE7883CCA8D33071DFEAEF32A36EFF"
"C:\Users\bouss\eco-tri-ia\data\raw\garbage_dataset_v2\six_classes\metal\metal_364.jpg","C:\Users\bouss\eco-tri-ia\data\classification\v2\train\metal\metal233.jpg","030338F9DD3986A571552865E0FDA1D91E13293FB370B1C0B110FC4043D03484"
"C:\Users\bouss\eco-tri-ia\data\raw\garbage_dataset_v2\six_classes\metal\metal_365.jpg","C:\Users\bouss\eco-tri-ia\data\classification\v2\train\metal\metal346.jpg","67B3DFF10752489B2CB8DCC3F8D3C183F17DAD8F79ADE1AEF25FD5EB2D1DF62B"
"C:\Users\bouss\eco-tri-ia\data\raw\garbage_dataset_v2\six_classes\metal\metal_368.jpg","C:\Users\bouss\eco-tri-ia\data\classification\v2\test\metal\metal180.jpg","BE03C4E938A384498612241ADE801334B667BDFEA4E815FB13082117B4D0BA8A"
"C:\Users\bouss\eco-tri-ia\data\raw\garbage_dataset_v2\six_classes\metal\metal_369.jpg","C:\Users\bouss\eco-tri-ia\data\classification\v2\train\metal\metal231.jpg","59F6DDE9204D9FD4C5916E95085650160F3371883DA5B3F621EBFBE936860288"
"C:\Users\bouss\eco-tri-ia\data\raw\garbage_dataset_v2\six_classes\metal\metal_37.jpg","C:\Users\bouss\eco-tri-ia\data\classification\v2\train\metal\metal215.jpg","9E86DFEB376749DD7FD5A66E86E5B86C5128CCE01DB8D68372FB43EC0F57F3AF"
"C:\Users\bouss\eco-tri-ia\data\raw\garbage_dataset_v2\six_classes\metal\metal_373.jpg","C:\Users\bouss\eco-tri-ia\data\classification\v2\test\metal\metal273.jpg","7642C2315D9009BE45A58F9FBBD78A2E786F9B00D74F09213BBEE05BDC2E5FD4"
"C:\Users\bouss\eco-tri-ia\data\raw\garbage_dataset_v2\six_classes\metal\metal_374.jpg","C:\Users\bouss\eco-tri-ia\data\classification\v2\test\metal\metal264.jpg","A7F6E7EE0B6DFDA49116DA17608AE5D3F05A936111EEF0266B6E51C702EC8132"
"C:\Users\bouss\eco-tri-ia\data\raw\garbage_dataset_v2\six_classes\metal\metal_375.jpg","C:\Users\bouss\eco-tri-ia\data\classification\v2\train\metal\metal108.jpg","7B606F6DA90D4D55BB60D32B98BC49A9D4E633327B90BCAE6F157965CF751405"
"C:\Users\bouss\eco-tri-ia\data\raw\garbage_dataset_v2\six_classes\metal\metal_376.jpg","C:\Users\bouss\eco-tri-ia\data\classification\v2\train\metal\metal10.jpg","2D292A6BED9CA1414AC38F46008CDB9869804ED4E1681D75CD191A5116B70337"
"C:\Users\bouss\eco-tri-ia\data\raw\garbage_dataset_v2\six_classes\metal\metal_377.jpg","C:\Users\bouss\eco-tri-ia\data\classification\v2\val\metal\metal265.jpg","848B01FB761ED29FD1BAD130B3B526FEA747C5338C953900FA117EEC154DE1F0"
"C:\Users\bouss\eco-tri-ia\data\raw\garbage_dataset_v2\six_classes\metal\metal_379.jpg","C:\Users\bouss\eco-tri-ia\data\classification\v2\train\metal\metal406.jpg","F17D023B7A7BDCC6AC2C7EA673FA97EE75E5E07906DED6C69E56250ACC0CC633"
"C:\Users\bouss\eco-tri-ia\data\raw\garbage_dataset_v2\six_classes\metal\metal_380.jpg","C:\Users\bouss\eco-tri-ia\data\classification\v2\val\metal\metal77.jpg","F2DE4BD92628F714CFA496BB5269B5AC2EC25ED1A45682B1F338C591B84A4E2F"
"C:\Users\bouss\eco-tri-ia\data\raw\garbage_dataset_v2\six_classes\metal\metal_381.jpg","C:\Users\bouss\eco-tri-ia\data\classification\v2\train\metal\metal94.jpg","02EC8CB34C4E1121098FB1F5B050D94E72BF149165E2679134188001B5B4BC06"
"C:\Users\bouss\eco-tri-ia\data\raw\garbage_dataset_v2\six_classes\metal\metal_383.jpg","C:\Users\bouss\eco-tri-ia\data\classification\v2\train\metal\metal221.jpg","76BDACD674ABFE0819C0A1D1A173BFC99E1642AAB0338EE612E021EB06D2FEA3"
"C:\Users\bouss\eco-tri-ia\data\raw\garbage_dataset_v2\six_classes\metal\metal_385.jpg","C:\Users\bouss\eco-tri-ia\data\classification\v2\train\metal\metal183.jpg","9813406C220078597003594411307C003455D981EDB81AA299D5B993B268685E"
"C:\Users\bouss\eco-tri-ia\data\raw\garbage_dataset_v2\six_classes\metal\metal_388.jpg","C:\Users\bouss\eco-tri-ia\data\classification\v2\train\metal\metal37.jpg","FF96D022756043A5D1242F7B69F67E49EDE5A5711AD5B2526F5015662A0FB007"
"C:\Users\bouss\eco-tri-ia\data\raw\garbage_dataset_v2\six_classes\metal\metal_39.jpg","C:\Users\bouss\eco-tri-ia\data\classification\v2\train\metal\metal175.jpg","D3982A15A88776BCDDC2A257B2D319D69C3BD23A1BBD7B5C121818DA85F4A7A5"
"C:\Users\bouss\eco-tri-ia\data\raw\garbage_dataset_v2\six_classes\metal\metal_391.jpg","C:\Users\bouss\eco-tri-ia\data\classification\v2\train\metal\metal168.jpg","761E31A55036BE18318CE7634BA174E17910E707CA5798DEBFD518A4FC1EE57B"
"C:\Users\bouss\eco-tri-ia\data\raw\garbage_dataset_v2\six_classes\metal\metal_392.jpg","C:\Users\bouss\eco-tri-ia\data\classification\v2\train\metal\metal333.jpg","BEEFDCCB03A7A0132BD21D50004B775A402A3CAD27972D169DFB4C7322B5F38E"
"C:\Users\bouss\eco-tri-ia\data\raw\garbage_dataset_v2\six_classes\metal\metal_394.jpg","C:\Users\bouss\eco-tri-ia\data\classification\v2\train\metal\metal156.jpg","C09910726706083DEDFA7D1E13E7DFE2D05CE66C2F422648E52ED2890928CECD"
"C:\Users\bouss\eco-tri-ia\data\raw\garbage_dataset_v2\six_classes\metal\metal_398.jpg","C:\Users\bouss\eco-tri-ia\data\classification\v2\train\metal\metal266.jpg","423DF73E6A1BD921E9E7A1FFEE26F7AB06F57BAC182B063DF421B5B728178F3B"
"C:\Users\bouss\eco-tri-ia\data\raw\garbage_dataset_v2\six_classes\metal\metal_399.jpg","C:\Users\bouss\eco-tri-ia\data\classification\v2\train\metal\metal197.jpg","0A0206AE58033EBA8CD830128181304756920C01EC3C7E599CAD6EC9D71EF70B"
"C:\Users\bouss\eco-tri-ia\data\raw\garbage_dataset_v2\six_classes\metal\metal_401.jpg","C:\Users\bouss\eco-tri-ia\data\classification\v2\train\metal\metal170.jpg","7CA0341822AE42C3CBE89D17A4336C3BFA2F50BCE8FA6CB559DD0B767098D4DB"
"C:\Users\bouss\eco-tri-ia\data\raw\garbage_dataset_v2\six_classes\metal\metal_404.jpg","C:\Users\bouss\eco-tri-ia\data\classification\v2\train\metal\metal135.jpg","0C3984B1AE67A32430A3628A0E11BF2C6E95687649BADAEDAF6B0F64B8882A34"
"C:\Users\bouss\eco-tri-ia\data\raw\garbage_dataset_v2\six_classes\metal\metal_413.jpg","C:\Users\bouss\eco-tri-ia\data\classification\v2\test\metal\metal274.jpg","436A9A4A5D914BC949558E40833BB456353635F1C2A766F5E58ADFF761E9972C"
"C:\Users\bouss\eco-tri-ia\data\raw\garbage_dataset_v2\six_classes\metal\metal_414.jpg","C:\Users\bouss\eco-tri-ia\data\classification\v2\train\metal\metal216.jpg","9A00F9043F6BAD61A2FA920D71E28A974844E1B93D6BA3671A25D1DFCC33D0D5"
"C:\Users\bouss\eco-tri-ia\data\raw\garbage_dataset_v2\six_classes\metal\metal_415.jpg","C:\Users\bouss\eco-tri-ia\data\classification\v2\train\metal\metal191.jpg","6A7C9E196B6AE628529B03B287EEF535D307FD50EECB043765FC145197450829"
"C:\Users\bouss\eco-tri-ia\data\raw\garbage_dataset_v2\six_classes\metal\metal_416.jpg","C:\Users\bouss\eco-tri-ia\data\classification\v2\train\metal\metal34.jpg","05293A24EBFA31CAA438BA522996F715DE17BA84A8618E0A3DB7D17CBCC14EAA"
"C:\Users\bouss\eco-tri-ia\data\raw\garbage_dataset_v2\six_classes\metal\metal_418.jpg","C:\Users\bouss\eco-tri-ia\data\classification\v2\train\metal\metal329.jpg","DD6C15C4D85FC6EB3BFCDD04D6469C8BC8FB89C891B0DD6F413F4597A0C24572"
"C:\Users\bouss\eco-tri-ia\data\raw\garbage_dataset_v2\six_classes\metal\metal_419.jpg","C:\Users\bouss\eco-tri-ia\data\classification\v2\train\metal\metal109.jpg","56B95B40642191F8CFA9E0150C4F10600E5363A5DA4B113858127584D441E808"
"C:\Users\bouss\eco-tri-ia\data\raw\garbage_dataset_v2\six_classes\metal\metal_420.jpg","C:\Users\bouss\eco-tri-ia\data\classification\v2\train\metal\metal15.jpg","55E83D54AC204AB3E22135E00968E44A091CA382DC5A0BF9B39EFE9B80B25CA2"
"C:\Users\bouss\eco-tri-ia\data\raw\garbage_dataset_v2\six_classes\metal\metal_421.jpg","C:\Users\bouss\eco-tri-ia\data\classification\v2\train\metal\metal112.jpg","00CB113EFAB64E877FE763E04113E4D6CD0F7448FAD899BAC05164614EDF779A"
"C:\Users\bouss\eco-tri-ia\data\raw\garbage_dataset_v2\six_classes\metal\metal_429.jpg","C:\Users\bouss\eco-tri-ia\data\classification\v2\train\metal\metal245.jpg","3CDC3EB989939AEE0D5BE291DBAC6DB8FDE8561FB1BC1A053C81E18F77B225DD"
"C:\Users\bouss\eco-tri-ia\data\raw\garbage_dataset_v2\six_classes\metal\metal_431.jpg","C:\Users\bouss\eco-tri-ia\data\classification\v2\test\metal\metal336.jpg","D85410F8E776047A7BF5C3C436182AF44DDA80D76D0A4952DE4DA0112F8830FC"
"C:\Users\bouss\eco-tri-ia\data\raw\garbage_dataset_v2\six_classes\metal\metal_434.jpg","C:\Users\bouss\eco-tri-ia\data\classification\v2\train\metal\metal230.jpg","58200416AB0635A386C6C5917C8F9E170DEC6E9266D04C984A0E7E1F2DD69DEA"
"C:\Users\bouss\eco-tri-ia\data\raw\garbage_dataset_v2\six_classes\metal\metal_44.jpg","C:\Users\bouss\eco-tri-ia\data\classification\v2\test\metal\metal149.jpg","EA2588FC9BD2D5C9E9ACF459E9B01C4649AE9E705D499A3C6C4A12DF8A3D7857"
"C:\Users\bouss\eco-tri-ia\data\raw\garbage_dataset_v2\six_classes\metal\metal_442.jpg","C:\Users\bouss\eco-tri-ia\data\classification\v2\val\metal\metal133.jpg","E90C83C63FF95A469F03207EFBCD9339785013A63B570FB74D4AFE5E400E82B3"
"C:\Users\bouss\eco-tri-ia\data\raw\garbage_dataset_v2\six_classes\metal\metal_445.jpg","C:\Users\bouss\eco-tri-ia\data\classification\v2\test\metal\metal388.jpg","BD387F71C0EE1DB3782E9365786A6DDF3CCDC9408079F8A253B1E085E1B58D0D"
"C:\Users\bouss\eco-tri-ia\data\raw\garbage_dataset_v2\six_classes\metal\metal_446.jpg","C:\Users\bouss\eco-tri-ia\data\classification\v2\train\metal\metal312.jpg","BF9F6DB9925895BAA4E153BB06EB50716ECD7BBF1776F7064B5D9D2280B644AE"
"C:\Users\bouss\eco-tri-ia\data\raw\garbage_dataset_v2\six_classes\metal\metal_447.jpg","C:\Users\bouss\eco-tri-ia\data\classification\v2\train\metal\metal44.jpg","194ED5721D2846E9C2314FC154FA4EEF33F1CA269D5E4DE497D4C4C99EB61DF4"
"C:\Users\bouss\eco-tri-ia\data\raw\garbage_dataset_v2\six_classes\metal\metal_449.jpg","C:\Users\bouss\eco-tri-ia\data\classification\v2\train\metal\metal209.jpg","45AC1160C83F9B3E15D55A4E440F2259A63B1BFBB6E85E0F94A9D8FF163A015B"
"C:\Users\bouss\eco-tri-ia\data\raw\garbage_dataset_v2\six_classes\metal\metal_45.jpg","C:\Users\bouss\eco-tri-ia\data\classification\v2\train\metal\metal176.jpg","D5601D2ECA8D41260C636E4C2059104B662A397DF77B1E7B222514DBC653439D"
"C:\Users\bouss\eco-tri-ia\data\raw\garbage_dataset_v2\six_classes\metal\metal_450.jpg","C:\Users\bouss\eco-tri-ia\data\classification\v2\test\metal\metal409.jpg","DD23209ED736F649D253E52972CE5A6F4531E375DC8CBF56F40CB9308A2D2573"
"C:\Users\bouss\eco-tri-ia\data\raw\garbage_dataset_v2\six_classes\metal\metal_451.jpg","C:\Users\bouss\eco-tri-ia\data\classification\v2\train\metal\metal97.jpg","0D0B1CE11BFC48BC657944A59AC091295F76850647837293666D1413525BB999"
"C:\Users\bouss\eco-tri-ia\data\raw\garbage_dataset_v2\six_classes\metal\metal_460.jpg","C:\Users\bouss\eco-tri-ia\data\classification\v2\train\metal\metal219.jpg","F49811A508458D2C9C3B71C8C0E042F05C4E297818177D01322B01723D608701"
"C:\Users\bouss\eco-tri-ia\data\raw\garbage_dataset_v2\six_classes\metal\metal_462.jpg","C:\Users\bouss\eco-tri-ia\data\classification\v2\train\metal\metal110.jpg","42724B3D2DD58E39269E0222B8FA4474E4B56E5A678E9C57757AC0F943021D88"
"C:\Users\bouss\eco-tri-ia\data\raw\garbage_dataset_v2\six_classes\metal\metal_463.jpg","C:\Users\bouss\eco-tri-ia\data\classification\v2\train\metal\metal338.jpg","719E22EF1D8018D34611197583C1F2D4BE1BCC2C42E04C0C251867037ADF9DF5"
"C:\Users\bouss\eco-tri-ia\data\raw\garbage_dataset_v2\six_classes\metal\metal_466.jpg","C:\Users\bouss\eco-tri-ia\data\classification\v2\train\metal\metal296.jpg","34BC4EE4CE56E91E3E0561067D5A05AD377B3DCD26175C6F732AE583D89683C3"
"C:\Users\bouss\eco-tri-ia\data\raw\garbage_dataset_v2\six_classes\metal\metal_467.jpg","C:\Users\bouss\eco-tri-ia\data\classification\v2\train\metal\metal211.jpg","249E102551F9B38E40BC026485A7BE3A7623F3ABBFCD0108EE8CEA531D0532F4"
"C:\Users\bouss\eco-tri-ia\data\raw\garbage_dataset_v2\six_classes\metal\metal_47.jpg","C:\Users\bouss\eco-tri-ia\data\classification\v2\train\metal\metal104.jpg","E0B767D1CCF5E062BAE2009C95459A1B0E945131F28FD9A6D0CB3695D83DBABB"
"C:\Users\bouss\eco-tri-ia\data\raw\garbage_dataset_v2\six_classes\metal\metal_470.jpg","C:\Users\bouss\eco-tri-ia\data\classification\v2\val\metal\metal120.jpg","6502FBFE5B86821FCD7E961779CF1ABE317B78FD06686CB053A62CC777C2B71E"
"C:\Users\bouss\eco-tri-ia\data\raw\garbage_dataset_v2\six_classes\metal\metal_472.jpg","C:\Users\bouss\eco-tri-ia\data\classification\v2\train\metal\metal38.jpg","CF67E6C88793B244BFC3CDF8D6389C475C8641CC4B33BB720D87C8A49FFEFA20"
"C:\Users\bouss\eco-tri-ia\data\raw\garbage_dataset_v2\six_classes\metal\metal_475.jpg","C:\Users\bouss\eco-tri-ia\data\classification\v2\val\metal\metal27.jpg","9C2415A47E9B1C1744AB393A6D065820384EA47A23C0A625FA52D8E98CE6A13F"
"C:\Users\bouss\eco-tri-ia\data\raw\garbage_dataset_v2\six_classes\metal\metal_476.jpg","C:\Users\bouss\eco-tri-ia\data\classification\v2\train\metal\metal238.jpg","E892A55332853EACA57CAC4131E2D21945BB755464A05C74AAF8C4858F57D3EC"
"C:\Users\bouss\eco-tri-ia\data\raw\garbage_dataset_v2\six_classes\metal\metal_477.jpg","C:\Users\bouss\eco-tri-ia\data\classification\v2\val\metal\metal256.jpg","C68B86C3EBD0F041245B0D53782F6B9A9067169264FB7C586B743A7C2472FF84"
"C:\Users\bouss\eco-tri-ia\data\raw\garbage_dataset_v2\six_classes\metal\metal_479.jpg","C:\Users\bouss\eco-tri-ia\data\classification\v2\train\metal\metal157.jpg","C83928D26F05A7F35D043FE35F28D3E45F8B953294A591D44D97858583346EBA"
"C:\Users\bouss\eco-tri-ia\data\raw\garbage_dataset_v2\six_classes\metal\metal_482.jpg","C:\Users\bouss\eco-tri-ia\data\classification\v2\train\metal\metal293.jpg","9F8888050B7043D757BC860110EDB1D1E20E0805EC25A0C3541CAA02FD9A04C9"
"C:\Users\bouss\eco-tri-ia\data\raw\garbage_dataset_v2\six_classes\metal\metal_489.jpg","C:\Users\bouss\eco-tri-ia\data\classification\v2\train\metal\metal269.jpg","E56DF9BE46FBBB5FADD739B24A058ACC4F419FF7A567F2C164A89390BE832F04"
"C:\Users\bouss\eco-tri-ia\data\raw\garbage_dataset_v2\six_classes\metal\metal_493.jpg","C:\Users\bouss\eco-tri-ia\data\classification\v2\train\metal\metal220.jpg","A54FAFD95EA51E34A588DB8BC3C5DF94D24070B023D9A108E733A4F4B1FA3401"
"C:\Users\bouss\eco-tri-ia\data\raw\garbage_dataset_v2\six_classes\metal\metal_496.jpg","C:\Users\bouss\eco-tri-ia\data\classification\v2\train\metal\metal69.jpg","AF49FD0677DB625844199F24FF7CA542E5A2FBBB174839D57AE3AC034FCB28B7"
"C:\Users\bouss\eco-tri-ia\data\raw\garbage_dataset_v2\six_classes\metal\metal_498.jpg","C:\Users\bouss\eco-tri-ia\data\classification\v2\val\metal\metal321.jpg","D2DD71182401D8BF5435688D69F63B8F39180D5D8F30C1953BBD663F7A0AB011"
"C:\Users\bouss\eco-tri-ia\data\raw\garbage_dataset_v2\six_classes\metal\metal_500.jpg","C:\Users\bouss\eco-tri-ia\data\classification\v2\test\metal\metal90.jpg","D0479555D7DCD71FDDA3E7261513819C01C56987B680C74152DE143D62CFB400"
"C:\Users\bouss\eco-tri-ia\data\raw\garbage_dataset_v2\six_classes\metal\metal_502.jpg","C:\Users\bouss\eco-tri-ia\data\classification\v2\train\metal\metal88.jpg","84F300C14209AF81E9F613FC977561C55AB90C661F689FB1E782E752B080685F"
"C:\Users\bouss\eco-tri-ia\data\raw\garbage_dataset_v2\six_classes\metal\metal_505.jpg","C:\Users\bouss\eco-tri-ia\data\classification\v2\train\metal\metal61.jpg","8A7AC3F8A04AD5B16580DFBEB8B02DC38CA17D02FA280B796840B7AD22CB6E52"
"C:\Users\bouss\eco-tri-ia\data\raw\garbage_dataset_v2\six_classes\metal\metal_509.jpg","C:\Users\bouss\eco-tri-ia\data\classification\v2\train\metal\metal9.jpg","C80CE69FE45C0B22FCEC94BB8A9E235F7B1EEB06E9F74C44A5016C6798D9A8C0"
"C:\Users\bouss\eco-tri-ia\data\raw\garbage_dataset_v2\six_classes\metal\metal_510.jpg","C:\Users\bouss\eco-tri-ia\data\classification\v2\test\metal\metal5.jpg","0D7A4D93A05909296F09B8E7717252BF51DD2630AC120418155F590BEB005E93"
"C:\Users\bouss\eco-tri-ia\data\raw\garbage_dataset_v2\six_classes\metal\metal_511.jpg","C:\Users\bouss\eco-tri-ia\data\classification\v2\test\metal\metal218.jpg","507F6377728AF8978CB6C8C4460DF84865B916032E5230F70B31F6B0CF817BE2"
"C:\Users\bouss\eco-tri-ia\data\raw\garbage_dataset_v2\six_classes\metal\metal_512.jpg","C:\Users\bouss\eco-tri-ia\data\classification\v2\train\metal\metal389.jpg","33ED5BEDBE97A9B8244AFC1603B335CB88B397475EB0A064F542FD7D0A0193EC"
"C:\Users\bouss\eco-tri-ia\data\raw\garbage_dataset_v2\six_classes\metal\metal_515.jpg","C:\Users\bouss\eco-tri-ia\data\classification\v2\val\metal\metal84.jpg","D8B064FF312DAF7F8B73C4B32A880226FA78DDB27A7F07D9AA3DD4B7E7FC03CB"
"C:\Users\bouss\eco-tri-ia\data\raw\garbage_dataset_v2\six_classes\metal\metal_516.jpg","C:\Users\bouss\eco-tri-ia\data\classification\v2\train\metal\metal46.jpg","0FD71C2E973DE5FAF29906659E41C111A8CB023F6DADE971AF1A2FC972BA0004"
"C:\Users\bouss\eco-tri-ia\data\raw\garbage_dataset_v2\six_classes\metal\metal_518.jpg","C:\Users\bouss\eco-tri-ia\data\classification\v2\train\metal\metal214.jpg","FB1687C2E97F0FAD07495F5ECD3D08B516F09661A00261DFC5E9080D241DD974"
"C:\Users\bouss\eco-tri-ia\data\raw\garbage_dataset_v2\six_classes\metal\metal_519.jpg","C:\Users\bouss\eco-tri-ia\data\classification\v2\train\metal\metal285.jpg","F6FF265CBCC6CA87645A982332BBE1C1301A82425A9B360CC69614D282B6AD77"
"C:\Users\bouss\eco-tri-ia\data\raw\garbage_dataset_v2\six_classes\metal\metal_52.jpg","C:\Users\bouss\eco-tri-ia\data\classification\v2\train\metal\metal196.jpg","E34B0D55AE3E8BC6F46D38946A51E7B31BCA188E9FCD94BF5927B542EED2CE70"
"C:\Users\bouss\eco-tri-ia\data\raw\garbage_dataset_v2\six_classes\metal\metal_522.jpg","C:\Users\bouss\eco-tri-ia\data\classification\v2\train\metal\metal62.jpg","BA1E9103370776DB0F48019AAA67ECF449D359E76B7F7CCE8CC4FAE189F8528B"
"C:\Users\bouss\eco-tri-ia\data\raw\garbage_dataset_v2\six_classes\metal\metal_525.jpg","C:\Users\bouss\eco-tri-ia\data\classification\v2\train\metal\metal153.jpg","EF6DE590669192C32C1F524528C79909DDB4B0949650855EB6B402C952E9D45F"
"C:\Users\bouss\eco-tri-ia\data\raw\garbage_dataset_v2\six_classes\metal\metal_526.jpg","C:\Users\bouss\eco-tri-ia\data\classification\v2\test\metal\metal370.jpg","9384852D8B01D1059B7D39A3F10F448467D60BB03AEA8967839264F049EAB30A"
"C:\Users\bouss\eco-tri-ia\data\raw\garbage_dataset_v2\six_classes\metal\metal_528.jpg","C:\Users\bouss\eco-tri-ia\data\classification\v2\test\metal\metal92.jpg","34BB6D791F9DF9CAAA1970204BDB6FD5F27A7739A94BC695D37E21ADF26048C0"
"C:\Users\bouss\eco-tri-ia\data\raw\garbage_dataset_v2\six_classes\metal\metal_529.jpg","C:\Users\bouss\eco-tri-ia\data\classification\v2\train\metal\metal281.jpg","C820EC4D35EC9F7F74BA3A42D0D5089DC2B9371EEC31D5A81D366D7D1D2F7710"
"C:\Users\bouss\eco-tri-ia\data\raw\garbage_dataset_v2\six_classes\metal\metal_53.jpg","C:\Users\bouss\eco-tri-ia\data\classification\v2\train\metal\metal300.jpg","10A3FC85213FD07E55170AD101EC266CAB908C3FCEE492114A29ABB944943270"
"C:\Users\bouss\eco-tri-ia\data\raw\garbage_dataset_v2\six_classes\metal\metal_531.jpg","C:\Users\bouss\eco-tri-ia\data\classification\v2\train\metal\metal141.jpg","86A37AA48D59B282EACBC926500172C55C7836B4AD45517423C23CC99F7058C4"
"C:\Users\bouss\eco-tri-ia\data\raw\garbage_dataset_v2\six_classes\metal\metal_535.jpg","C:\Users\bouss\eco-tri-ia\data\classification\v2\train\metal\metal347.jpg","169D8A86CDF976AA6F1C15D4A6B059DD60DA707735164A2192A8FB31FEC206D1"
"C:\Users\bouss\eco-tri-ia\data\raw\garbage_dataset_v2\six_classes\metal\metal_538.jpg","C:\Users\bouss\eco-tri-ia\data\classification\v2\train\metal\metal184.jpg","C7738D478BAEA960E2D5E496ECEECEB4B666CE13AE17376D7F1A4B55B298224E"
"C:\Users\bouss\eco-tri-ia\data\raw\garbage_dataset_v2\six_classes\metal\metal_54.jpg","C:\Users\bouss\eco-tri-ia\data\classification\v2\train\metal\metal28.jpg","A1842AA872D2DD179E670CDB8CA587B1B4C3F821B413046EA59DDE5A369A49E4"
"C:\Users\bouss\eco-tri-ia\data\raw\garbage_dataset_v2\six_classes\metal\metal_541.jpg","C:\Users\bouss\eco-tri-ia\data\classification\v2\train\metal\metal353.jpg","EB0B654865AF8E1255154B729DDF5B753D662425169EF4B8ACC1FEF825453C1D"
"C:\Users\bouss\eco-tri-ia\data\raw\garbage_dataset_v2\six_classes\metal\metal_542.jpg","C:\Users\bouss\eco-tri-ia\data\classification\v2\val\metal\metal22.jpg","6B353B75AEA6D88340649A52D1A40FEB3D6022474D48AD7D38EB8C694B452B48"
"C:\Users\bouss\eco-tri-ia\data\raw\garbage_dataset_v2\six_classes\metal\metal_543.jpg","C:\Users\bouss\eco-tri-ia\data\classification\v2\train\metal\metal280.jpg","2667CE6CB65C06BB6826444FFB2C2389042494B54C4A3CF0AEE2A098D5A4220E"
"C:\Users\bouss\eco-tri-ia\data\raw\garbage_dataset_v2\six_classes\metal\metal_544.jpg","C:\Users\bouss\eco-tri-ia\data\classification\v2\train\metal\metal49.jpg","0CBB9F87D347D1BE4ECEBB5988A8A450BD844CAFAFD79958F07FC933B28952E6"
"C:\Users\bouss\eco-tri-ia\data\raw\garbage_dataset_v2\six_classes\metal\metal_548.jpg","C:\Users\bouss\eco-tri-ia\data\classification\v2\train\metal\metal369.jpg","A6444061A818DADE7B0182DBEAFAD3C4856B0D1F88FF45C17B909B7CB910E327"
"C:\Users\bouss\eco-tri-ia\data\raw\garbage_dataset_v2\six_classes\metal\metal_549.jpg","C:\Users\bouss\eco-tri-ia\data\classification\v2\train\metal\metal82.jpg","5F85C330652F7A6693BE62F9A04AAA1A14488A78696495E42B2B376EF559DE67"
"C:\Users\bouss\eco-tri-ia\data\raw\garbage_dataset_v2\six_classes\metal\metal_552.jpg","C:\Users\bouss\eco-tri-ia\data\classification\v2\train\metal\metal276.jpg","590EEA2BD198BF907B896A848E22CBEA309AD0EB6A997BCBBADEF218D376E929"
"C:\Users\bouss\eco-tri-ia\data\raw\garbage_dataset_v2\six_classes\metal\metal_554.jpg","C:\Users\bouss\eco-tri-ia\data\classification\v2\train\metal\metal213.jpg","9FB323F699CBBB04F70D1221C95296031FB5B077BCF5CA16334AFD6B7D87447F"
"C:\Users\bouss\eco-tri-ia\data\raw\garbage_dataset_v2\six_classes\metal\metal_555.jpg","C:\Users\bouss\eco-tri-ia\data\classification\v2\train\metal\metal60.jpg","708E589EC4C83DB19B13F1F1D1F0363465EF76427C8A7BFE247056D32EFFE56E"
"C:\Users\bouss\eco-tri-ia\data\raw\garbage_dataset_v2\six_classes\metal\metal_562.jpg","C:\Users\bouss\eco-tri-ia\data\classification\v2\train\metal\metal45.jpg","3FF96FCC9BBA133EA54D8B1169379A15386C4A0613E92FC7BC9DC259E6B89D89"
"C:\Users\bouss\eco-tri-ia\data\raw\garbage_dataset_v2\six_classes\metal\metal_565.jpg","C:\Users\bouss\eco-tri-ia\data\classification\v2\val\metal\metal165.jpg","EFF1D07A51E334759B266F2651E87C59A615FEEFDF703A5FB7BF5934073ED192"
"C:\Users\bouss\eco-tri-ia\data\raw\garbage_dataset_v2\six_classes\metal\metal_569.jpg","C:\Users\bouss\eco-tri-ia\data\classification\v2\train\metal\metal189.jpg","9BF8FE2AB0D75150945B673367536E5908FF7DD4C06344CCA36B6F6AD5DE62E4"
"C:\Users\bouss\eco-tri-ia\data\raw\garbage_dataset_v2\six_classes\metal\metal_571.jpg","C:\Users\bouss\eco-tri-ia\data\classification\v2\val\metal\metal105.jpg","84CE722EDA5B8D808390EAE7DD1806ECAC46B741E723D5BE605A795AEB29874A"
"C:\Users\bouss\eco-tri-ia\data\raw\garbage_dataset_v2\six_classes\metal\metal_572.jpg","C:\Users\bouss\eco-tri-ia\data\classification\v2\train\metal\metal390.jpg","B3FD958DA7033B2EA056BD917FC0EEBB19874C238EE3873E3C131E3C7890CC92"
"C:\Users\bouss\eco-tri-ia\data\raw\garbage_dataset_v2\six_classes\metal\metal_573.jpg","C:\Users\bouss\eco-tri-ia\data\classification\v2\train\metal\metal251.jpg","B405AAEEDBE83E6FE8DFCB0D9CE292A680E5870FF5482B45C6B2B2CEA2B22324"
"C:\Users\bouss\eco-tri-ia\data\raw\garbage_dataset_v2\six_classes\metal\metal_574.jpg","C:\Users\bouss\eco-tri-ia\data\classification\v2\train\metal\metal325.jpg","294C88E5D6D03D5B9A9C4CEA826286ADDE0491F22B82CA87A50CADD798D6364B"
"C:\Users\bouss\eco-tri-ia\data\raw\garbage_dataset_v2\six_classes\metal\metal_576.jpg","C:\Users\bouss\eco-tri-ia\data\classification\v2\train\metal\metal203.jpg","3E24987057034D4BDB1E5F4EFD6530F833F37BCE839F38BED2C0F2DBDC22AE00"
"C:\Users\bouss\eco-tri-ia\data\raw\garbage_dataset_v2\six_classes\metal\metal_577.jpg","C:\Users\bouss\eco-tri-ia\data\classification\v2\test\metal\metal239.jpg","D984583B9FF25CFA175329F01AF7C88FE3B75160AE751BFAEA46FF39800B7F72"
"C:\Users\bouss\eco-tri-ia\data\raw\garbage_dataset_v2\six_classes\metal\metal_578.jpg","C:\Users\bouss\eco-tri-ia\data\classification\v2\train\metal\metal400.jpg","1133B997083DCC2D802B01F5B2A8926C3D1E591E25F316BE3530039FB5190348"
"C:\Users\bouss\eco-tri-ia\data\raw\garbage_dataset_v2\six_classes\metal\metal_589.jpg","C:\Users\bouss\eco-tri-ia\data\classification\v2\train\metal\metal396.jpg","C2FB5A8F94B270549083EF270E1B9F3B6570937DB840B6AC4C31A633A8EB2D96"
"C:\Users\bouss\eco-tri-ia\data\raw\garbage_dataset_v2\six_classes\metal\metal_590.jpg","C:\Users\bouss\eco-tri-ia\data\classification\v2\train\metal\metal356.jpg","D440385492B0C12A78B3BBFD9636491807FA5F823350C77D3482F685B18DF872"
"C:\Users\bouss\eco-tri-ia\data\raw\garbage_dataset_v2\six_classes\metal\metal_592.jpg","C:\Users\bouss\eco-tri-ia\data\classification\v2\train\metal\metal386.jpg","DC320BCD69C7C581537A18E08966424B5ECA0F14A874DEB70A764194FB14A6CE"
"C:\Users\bouss\eco-tri-ia\data\raw\garbage_dataset_v2\six_classes\metal\metal_597.jpg","C:\Users\bouss\eco-tri-ia\data\classification\v2\train\metal\metal93.jpg","4879BC2F326D9D8413607D87A11DE5341BE4280349C24062A76A54B90E5B4973"
"C:\Users\bouss\eco-tri-ia\data\raw\garbage_dataset_v2\six_classes\metal\metal_60.jpg","C:\Users\bouss\eco-tri-ia\data\classification\v2\train\metal\metal392.jpg","62112227DA546062760486F15060C6943FDCB4FDC3A891B5A488BA948B5608D0"
"C:\Users\bouss\eco-tri-ia\data\raw\garbage_dataset_v2\six_classes\metal\metal_601.jpg","C:\Users\bouss\eco-tri-ia\data\classification\v2\train\metal\metal287.jpg","8304DCA3C312D10ECA697D60BCBBAC74858971D966019A7807C6FF22D95C1256"
"C:\Users\bouss\eco-tri-ia\data\raw\garbage_dataset_v2\six_classes\metal\metal_606.jpg","C:\Users\bouss\eco-tri-ia\data\classification\v2\train\metal\metal235.jpg","B4B65449C9B9D7F98CE5F304A51F8241A4A3BCE4B57D44418670E298D715A31F"
"C:\Users\bouss\eco-tri-ia\data\raw\garbage_dataset_v2\six_classes\metal\metal_61.jpg","C:\Users\bouss\eco-tri-ia\data\classification\v2\train\metal\metal182.jpg","71C725CEB62D1B259F2AA56272BE8BB3B99828AA683720883967928C7C8965A4"
"C:\Users\bouss\eco-tri-ia\data\raw\garbage_dataset_v2\six_classes\metal\metal_610.jpg","C:\Users\bouss\eco-tri-ia\data\classification\v2\train\metal\metal398.jpg","8CBE5ACDFAB8791A3286A60FDE299D9A22FC4FCFB489CD69ACF9458DA69BD849"
"C:\Users\bouss\eco-tri-ia\data\raw\garbage_dataset_v2\six_classes\metal\metal_611.jpg","C:\Users\bouss\eco-tri-ia\data\classification\v2\test\metal\metal48.jpg","8CF0C25A3722935900DD455ED58D8D42915C01710C542CADA4D2D877240709D6"
"C:\Users\bouss\eco-tri-ia\data\raw\garbage_dataset_v2\six_classes\metal\metal_612.jpg","C:\Users\bouss\eco-tri-ia\data\classification\v2\train\metal\metal205.jpg","FD8F76D8E26F61856DCDB9A5CDC0725951F5D360CCD80541A3C55BFFFD3A9998"
"C:\Users\bouss\eco-tri-ia\data\raw\garbage_dataset_v2\six_classes\metal\metal_614.jpg","C:\Users\bouss\eco-tri-ia\data\classification\v2\train\metal\metal292.jpg","9E7EF3D5D3A675800E44EDDD06A21EF8EA4E3396EDE10BAA7537E8CEFDD2A38B"
"C:\Users\bouss\eco-tri-ia\data\raw\garbage_dataset_v2\six_classes\metal\metal_62.jpg","C:\Users\bouss\eco-tri-ia\data\classification\v2\val\metal\metal126.jpg","FF8A42E7CCE6ABA5867C9704FADA633FE471AF3D448A73A2903AAAE00FFEAA2F"
"C:\Users\bouss\eco-tri-ia\data\raw\garbage_dataset_v2\six_classes\metal\metal_621.jpg","C:\Users\bouss\eco-tri-ia\data\classification\v2\train\metal\metal72.jpg","3406DB8187036CC95EB4E5795CE11926C3F6A287CD0E208DBC01B3A276461D4D"
"C:\Users\bouss\eco-tri-ia\data\raw\garbage_dataset_v2\six_classes\metal\metal_627.jpg","C:\Users\bouss\eco-tri-ia\data\classification\v2\train\metal\metal59.jpg","FC074FF347CE0EB23CF2532878C705A72F53E6BD946A8E0AA431F9A9B553DDD0"
"C:\Users\bouss\eco-tri-ia\data\raw\garbage_dataset_v2\six_classes\metal\metal_630.jpg","C:\Users\bouss\eco-tri-ia\data\classification\v2\train\metal\metal260.jpg","3132B1888728F6F1AAE7B578C08B2D4C153A18876EB4BECE31F5523100A3168B"
"C:\Users\bouss\eco-tri-ia\data\raw\garbage_dataset_v2\six_classes\metal\metal_636.jpg","C:\Users\bouss\eco-tri-ia\data\classification\v2\test\metal\metal30.jpg","DCDB8DB89CCF1C0B5B1C3FE5D206B7C83204D75E28BBE8EB554F51FA2092E2C8"
"C:\Users\bouss\eco-tri-ia\data\raw\garbage_dataset_v2\six_classes\metal\metal_642.jpg","C:\Users\bouss\eco-tri-ia\data\classification\v2\test\metal\metal116.jpg","DD6B44280B3F048029B907D9171FDF54791F0932644EB60A4F8C42005CC818A4"
"C:\Users\bouss\eco-tri-ia\data\raw\garbage_dataset_v2\six_classes\metal\metal_643.jpg","C:\Users\bouss\eco-tri-ia\data\classification\v2\val\metal\metal128.jpg","A268392FCB1C09478A6197F68DE2A48DE7156463EC032F172EEFCAF33A48F66D"
"C:\Users\bouss\eco-tri-ia\data\raw\garbage_dataset_v2\six_classes\metal\metal_644.jpg","C:\Users\bouss\eco-tri-ia\data\classification\v2\train\metal\metal303.jpg","ECADC879B646436B973B54FDD61E6AE8CB27A4A421090C3FAAEE8B701DBC503C"
"C:\Users\bouss\eco-tri-ia\data\raw\garbage_dataset_v2\six_classes\metal\metal_647.jpg","C:\Users\bouss\eco-tri-ia\data\classification\v2\train\metal\metal151.jpg","E718B35525E563C2276A682ED598824BD72CA56B0D8B4AF4CCA9DA02643C6EAE"
"C:\Users\bouss\eco-tri-ia\data\raw\garbage_dataset_v2\six_classes\metal\metal_648.jpg","C:\Users\bouss\eco-tri-ia\data\classification\v2\train\metal\metal248.jpg","748F022DE77F98B4F437853C8BFBE63C505115F1632F1C2379ABC75485C743AB"
"C:\Users\bouss\eco-tri-ia\data\raw\garbage_dataset_v2\six_classes\metal\metal_650.jpg","C:\Users\bouss\eco-tri-ia\data\classification\v2\val\metal\metal350.jpg","E5C11CAB3471D63231449C669F779D85A372492CAE981A3731EFAB9D6A0ED26A"
"C:\Users\bouss\eco-tri-ia\data\raw\garbage_dataset_v2\six_classes\metal\metal_652.jpg","C:\Users\bouss\eco-tri-ia\data\classification\v2\train\metal\metal173.jpg","207268345869E042AD945C8FA4D9BCC3580E69840C102B1119D86E3C7C54B5A7"
"C:\Users\bouss\eco-tri-ia\data\raw\garbage_dataset_v2\six_classes\metal\metal_659.jpg","C:\Users\bouss\eco-tri-ia\data\classification\v2\train\metal\metal51.jpg","98BC09CB0C3492A8F5F1952F2CFF644FC4858A7E1842F537A89625B95581CA7C"
"C:\Users\bouss\eco-tri-ia\data\raw\garbage_dataset_v2\six_classes\metal\metal_664.jpg","C:\Users\bouss\eco-tri-ia\data\classification\v2\train\metal\metal352.jpg","4151023E49F4FC4A400DCDF30976AA36702669294BAFD6A7B8F94CD145B47527"
"C:\Users\bouss\eco-tri-ia\data\raw\garbage_dataset_v2\six_classes\metal\metal_668.jpg","C:\Users\bouss\eco-tri-ia\data\classification\v2\train\metal\metal25.jpg","DA5CEFEB7FF32970800DBAF3A405AC871ADA19C7EF33CED9AA3B1FDACC5F4B6D"
"C:\Users\bouss\eco-tri-ia\data\raw\garbage_dataset_v2\six_classes\metal\metal_676.jpg","C:\Users\bouss\eco-tri-ia\data\classification\v2\val\metal\metal181.jpg","7ECED799ED72A68FC87E04274A1EA016FE888EAC6D944F601D9C4CC7623EBA9E"
"C:\Users\bouss\eco-tri-ia\data\raw\garbage_dataset_v2\six_classes\metal\metal_677.jpg","C:\Users\bouss\eco-tri-ia\data\classification\v2\val\metal\metal316.jpg","BB7CD5061A07F8459C0FFB10A48AD1C5967755FA9D6FACA97337940799C0C3BA"
"C:\Users\bouss\eco-tri-ia\data\raw\garbage_dataset_v2\six_classes\metal\metal_678.jpg","C:\Users\bouss\eco-tri-ia\data\classification\v2\train\metal\metal74.jpg","05712498B243211D0E0E6292CBB8ED6C2DF586212AB5009BB470B87C5F362BEC"
"C:\Users\bouss\eco-tri-ia\data\raw\garbage_dataset_v2\six_classes\metal\metal_680.jpg","C:\Users\bouss\eco-tri-ia\data\classification\v2\train\metal\metal99.jpg","6B33E62797187F90563F7F0341F563B4D1DC07A64FA7007FA3A0B1CFFB779BB1"
"C:\Users\bouss\eco-tri-ia\data\raw\garbage_dataset_v2\six_classes\metal\metal_683.jpg","C:\Users\bouss\eco-tri-ia\data\classification\v2\val\metal\metal78.jpg","2E867917DDF0222C4A22A26729372113496B6EEEA690D819FD08EA5D0E34C8F8"
"C:\Users\bouss\eco-tri-ia\data\raw\garbage_dataset_v2\six_classes\metal\metal_688.jpg","C:\Users\bouss\eco-tri-ia\data\classification\v2\train\metal\metal246.jpg","EC5B921975637BD4DB2D74E57E497EBDD96264E338DC777D1829A6520BBEA24C"
"C:\Users\bouss\eco-tri-ia\data\raw\garbage_dataset_v2\six_classes\metal\metal_689.jpg","C:\Users\bouss\eco-tri-ia\data\classification\v2\train\metal\metal75.jpg","54F513BB65BDDD2AF0AC28A29960D41B26C72064190F9462704EBC0B4397616F"
"C:\Users\bouss\eco-tri-ia\data\raw\garbage_dataset_v2\six_classes\metal\metal_69.jpg","C:\Users\bouss\eco-tri-ia\data\classification\v2\train\metal\metal134.jpg","17A57DEAE02DFA268F964FDE93494E8504565BCF2DE190663D621E9B4D9DF439"
"C:\Users\bouss\eco-tri-ia\data\raw\garbage_dataset_v2\six_classes\metal\metal_691.jpg","C:\Users\bouss\eco-tri-ia\data\classification\v2\test\metal\metal53.jpg","D488A0D87996AB3C28B07D248C3B0B0B623D869E8A0B59A1272C8E2271F7F7E3"
"C:\Users\bouss\eco-tri-ia\data\raw\garbage_dataset_v2\six_classes\metal\metal_692.jpg","C:\Users\bouss\eco-tri-ia\data\classification\v2\train\metal\metal195.jpg","4440CEED66C69C6ACD75164BCCFE84C812FBBDCAFA8FEDF87725690DEAD684D0"
"C:\Users\bouss\eco-tri-ia\data\raw\garbage_dataset_v2\six_classes\metal\metal_698.jpg","C:\Users\bouss\eco-tri-ia\data\classification\v2\train\metal\metal131.jpg","975B7D5DB3E97C57F0191768A3A6B3F20BD0F7AB4868CC5A1909FADA8C02252E"
"C:\Users\bouss\eco-tri-ia\data\raw\garbage_dataset_v2\six_classes\metal\metal_701.jpg","C:\Users\bouss\eco-tri-ia\data\classification\v2\train\metal\metal161.jpg","A35B3D08ADA679342504B59E4FD634E0D5C556E84B4688149DD39F4A8ACF3162"
"C:\Users\bouss\eco-tri-ia\data\raw\garbage_dataset_v2\six_classes\metal\metal_702.jpg","C:\Users\bouss\eco-tri-ia\data\classification\v2\train\metal\metal345.jpg","C30E1216F6D5FB43A87F80B2B75404E0B62FBCB530E173C646B302299A1CFDFB"
"C:\Users\bouss\eco-tri-ia\data\raw\garbage_dataset_v2\six_classes\metal\metal_707.jpg","C:\Users\bouss\eco-tri-ia\data\classification\v2\train\metal\metal162.jpg","2142CCD5346ADDD31BB14056D17ACADDFA61738D85B4A9A424714059263AC574"
"C:\Users\bouss\eco-tri-ia\data\raw\garbage_dataset_v2\six_classes\metal\metal_708.jpg","C:\Users\bouss\eco-tri-ia\data\classification\v2\train\metal\metal374.jpg","75410C9177B1FF1998F6A73D394CE9C41E5008E5E4A8A854FDC1A831A71684FE"
"C:\Users\bouss\eco-tri-ia\data\raw\garbage_dataset_v2\six_classes\metal\metal_710.jpg","C:\Users\bouss\eco-tri-ia\data\classification\v2\test\metal\metal119.jpg","FEF949BE03C4D314C3FF645A4A0F1A25EDC95E5A228AD2E2EA9E8C798878447C"
"C:\Users\bouss\eco-tri-ia\data\raw\garbage_dataset_v2\six_classes\metal\metal_711.jpg","C:\Users\bouss\eco-tri-ia\data\classification\v2\train\metal\metal166.jpg","C171A1AD8D1DE4DE1EA8976697B1CA608E9780FF61D7BA0F40DBB0353DCABAE2"
"C:\Users\bouss\eco-tri-ia\data\raw\garbage_dataset_v2\six_classes\metal\metal_714.jpg","C:\Users\bouss\eco-tri-ia\data\classification\v2\train\metal\metal124.jpg","162FD7C08FE5F6D50729DA3FE59B8DA398DB2E4616D03CC39D1A8665DA7FAEB4"
"C:\Users\bouss\eco-tri-ia\data\raw\garbage_dataset_v2\six_classes\metal\metal_716.jpg","C:\Users\bouss\eco-tri-ia\data\classification\v2\train\metal\metal122.jpg","AA2689A72942DAC4D570B77925A5AD0DCB71AC18B83404396DA3356A2F30D02F"
"C:\Users\bouss\eco-tri-ia\data\raw\garbage_dataset_v2\six_classes\metal\metal_718.jpg","C:\Users\bouss\eco-tri-ia\data\classification\v2\val\metal\metal42.jpg","1FE2F89D48CC09373CDD7899C07C090FFEC93BAB339D660066C9FE4D1C430667"
"C:\Users\bouss\eco-tri-ia\data\raw\garbage_dataset_v2\six_classes\metal\metal_719.jpg","C:\Users\bouss\eco-tri-ia\data\classification\v2\test\metal\metal150.jpg","30CC41CE392D1C1EF10164A44CF4026E0C4534547F191B30856A9B1DC3EB1978"
"C:\Users\bouss\eco-tri-ia\data\raw\garbage_dataset_v2\six_classes\metal\metal_72.jpg","C:\Users\bouss\eco-tri-ia\data\classification\v2\val\metal\metal188.jpg","6F9179AD6A8FE315A897C71D49199AE16597A8F4DACCE768CF43578FCF4E24F4"
"C:\Users\bouss\eco-tri-ia\data\raw\garbage_dataset_v2\six_classes\metal\metal_724.jpg","C:\Users\bouss\eco-tri-ia\data\classification\v2\val\metal\metal87.jpg","8DBA589D0F805B89F4A63EA6BE21705C686B5F72D99FAED21F7DD89B173207C0"
"C:\Users\bouss\eco-tri-ia\data\raw\garbage_dataset_v2\six_classes\metal\metal_725.jpg","C:\Users\bouss\eco-tri-ia\data\classification\v2\test\metal\metal130.jpg","6EB2378696940BD88FEA366EEEE2058C5430202561BEC8128C49F1E8C225561E"
"C:\Users\bouss\eco-tri-ia\data\raw\garbage_dataset_v2\six_classes\metal\metal_727.jpg","C:\Users\bouss\eco-tri-ia\data\classification\v2\train\metal\metal236.jpg","010951F3951C2EC38C5EE138F620C5EE83BF032E36944959AD028AE8F80E5B2A"
"C:\Users\bouss\eco-tri-ia\data\raw\garbage_dataset_v2\six_classes\metal\metal_74.jpg","C:\Users\bouss\eco-tri-ia\data\classification\v2\val\metal\metal355.jpg","FDCA4976B739E7CF49CAC29A4CC8CE0E2F29550928F3CBD3F95BB7060B6AF10B"
"C:\Users\bouss\eco-tri-ia\data\raw\garbage_dataset_v2\six_classes\metal\metal_741.jpg","C:\Users\bouss\eco-tri-ia\data\classification\v2\train\metal\metal328.jpg","D476473E802901FC009EB708A3A41C5198FD3ED9CCEF527C48DE890BCBAA14CB"
"C:\Users\bouss\eco-tri-ia\data\raw\garbage_dataset_v2\six_classes\metal\metal_742.jpg","C:\Users\bouss\eco-tri-ia\data\classification\v2\train\metal\metal194.jpg","9A053040FE4659333E538C775708C29F342E5C9ADB630D80BA1228EEED0C1957"
"C:\Users\bouss\eco-tri-ia\data\raw\garbage_dataset_v2\six_classes\metal\metal_745.jpg","C:\Users\bouss\eco-tri-ia\data\classification\v2\train\metal\metal405.jpg","9CE88A7D6EA6E779A0DFCB6A05F52074F023DDA19B268626CB56725360411219"
"C:\Users\bouss\eco-tri-ia\data\raw\garbage_dataset_v2\six_classes\metal\metal_746.jpg","C:\Users\bouss\eco-tri-ia\data\classification\v2\val\metal\metal224.jpg","2FD98A7E68AB6E53E0833E7A0BCFE638B18292D5A4DD92DBFB59BC58649BC96D"
"C:\Users\bouss\eco-tri-ia\data\raw\garbage_dataset_v2\six_classes\metal\metal_75.jpg","C:\Users\bouss\eco-tri-ia\data\classification\v2\train\metal\metal268.jpg","F567F55941181C665609CA7052F06A8AF445438A73B8C5A408C822FC8A9A4880"
"C:\Users\bouss\eco-tri-ia\data\raw\garbage_dataset_v2\six_classes\metal\metal_756.jpg","C:\Users\bouss\eco-tri-ia\data\classification\v2\test\metal\metal152.jpg","A8B26C9D5DD89B4C3F22424DC73DCCA70B437D000121D4B1E69983FA214D1467"
"C:\Users\bouss\eco-tri-ia\data\raw\garbage_dataset_v2\six_classes\metal\metal_759.jpg","C:\Users\bouss\eco-tri-ia\data\classification\v2\test\metal\metal244.jpg","F1DE46D6A4F907B0083920A8AE1BDE5B48F8FF19C2714C0FCF44BF96359BE466"
"C:\Users\bouss\eco-tri-ia\data\raw\garbage_dataset_v2\six_classes\metal\metal_769.jpg","C:\Users\bouss\eco-tri-ia\data\classification\v2\train\metal\metal144.jpg","DE1077E01A190AA4BEAFB87F57F772C3269EC7715294129D1A5C9F15DF908802"
"C:\Users\bouss\eco-tri-ia\data\raw\garbage_dataset_v2\six_classes\metal\metal_77.jpg","C:\Users\bouss\eco-tri-ia\data\classification\v2\test\metal\metal371.jpg","0240D79E364CD38B6B0AE37F8FA09D5121A65E2BA21EB4229F9931346AA460C6"
"C:\Users\bouss\eco-tri-ia\data\raw\garbage_dataset_v2\six_classes\metal\metal_773.jpg","C:\Users\bouss\eco-tri-ia\data\classification\v2\train\metal\metal289.jpg","512EEFB82A388BAC085344DAD9AECBB6C63356D820E8E003CDD06323C22B8277"
"C:\Users\bouss\eco-tri-ia\data\raw\garbage_dataset_v2\six_classes\metal\metal_774.jpg","C:\Users\bouss\eco-tri-ia\data\classification\v2\val\metal\metal376.jpg","3E5F126D709306C52A7ED69D1CD485FCA28AF671E17B741AAB5F6747905EFEB3"
"C:\Users\bouss\eco-tri-ia\data\raw\garbage_dataset_v2\six_classes\metal\metal_775.jpg","C:\Users\bouss\eco-tri-ia\data\classification\v2\val\metal\metal317.jpg","2B0BF75581CBEB9EAAA4FB7788362FE87CCE5089F2AB4FF58EE9541A072F0E78"
"C:\Users\bouss\eco-tri-ia\data\raw\garbage_dataset_v2\six_classes\metal\metal_776.jpg","C:\Users\bouss\eco-tri-ia\data\classification\v2\train\metal\metal310.jpg","10BFF8C5D8E0DC1BDD5785F57DE5E4A0B69913813781B10CF5ECF09B42BBE6B9"
"C:\Users\bouss\eco-tri-ia\data\raw\garbage_dataset_v2\six_classes\metal\metal_777.jpg","C:\Users\bouss\eco-tri-ia\data\classification\v2\test\metal\metal212.jpg","7A1D9F2B32B18B73E591427B5EC4669E21AC23F01DB9F71EAF65CC4B4655FCD7"
"C:\Users\bouss\eco-tri-ia\data\raw\garbage_dataset_v2\six_classes\metal\metal_778.jpg","C:\Users\bouss\eco-tri-ia\data\classification\v2\train\metal\metal158.jpg","AF194E858FB023503CEE852E9448174ED81DDFD6144A0D3B5D82CCF35BDBCAE4"
"C:\Users\bouss\eco-tri-ia\data\raw\garbage_dataset_v2\six_classes\metal\metal_779.jpg","C:\Users\bouss\eco-tri-ia\data\classification\v2\train\metal\metal185.jpg","BDC699A908783AC33BC196C3583282057E192549A0727951F81636C6E79B534E"
"C:\Users\bouss\eco-tri-ia\data\raw\garbage_dataset_v2\six_classes\metal\metal_781.jpg","C:\Users\bouss\eco-tri-ia\data\classification\v2\train\metal\metal106.jpg","CF0DBED4A17CA4E94805D9649D2F3FA00B6E4B19D1B401F10B5C54BF5E280FE1"
"C:\Users\bouss\eco-tri-ia\data\raw\garbage_dataset_v2\six_classes\metal\metal_784.jpg","C:\Users\bouss\eco-tri-ia\data\classification\v2\train\metal\metal373.jpg","B219AFFC816AEB248E919EA67C178B09A785290C46BDC84153E55BFEC5F78209"
"C:\Users\bouss\eco-tri-ia\data\raw\garbage_dataset_v2\six_classes\metal\metal_785.jpg","C:\Users\bouss\eco-tri-ia\data\classification\v2\train\metal\metal139.jpg","E69CE4A19EA7AD865800D6BA1DC67E51C19AD3F3116FB5D7F7734EF427DFFB4C"
"C:\Users\bouss\eco-tri-ia\data\raw\garbage_dataset_v2\six_classes\metal\metal_789.jpg","C:\Users\bouss\eco-tri-ia\data\classification\v2\train\metal\metal364.jpg","B95BC24B3A9779FAC5AED239CC482C3EAE8515E762B67F754464F9458307B03D"
"C:\Users\bouss\eco-tri-ia\data\raw\garbage_dataset_v2\six_classes\metal\metal_792.jpg","C:\Users\bouss\eco-tri-ia\data\classification\v2\train\metal\metal382.jpg","1567CB561FCAA4502770DBD22A086F11189AB40E39817B4554544CA2614EDC56"
"C:\Users\bouss\eco-tri-ia\data\raw\garbage_dataset_v2\six_classes\metal\metal_793.jpg","C:\Users\bouss\eco-tri-ia\data\classification\v2\train\metal\metal342.jpg","7B16FF62309F115160A8E172C0A088048E1E01C3867C49CD0EA002BED3AD1956"
"C:\Users\bouss\eco-tri-ia\data\raw\garbage_dataset_v2\six_classes\metal\metal_794.jpg","C:\Users\bouss\eco-tri-ia\data\classification\v2\test\metal\metal288.jpg","191035BE31B64E1EDAD395DCE380F5BE67FF59FB68A33B57D3051E8BD218A7E8"
"C:\Users\bouss\eco-tri-ia\data\raw\garbage_dataset_v2\six_classes\metal\metal_795.jpg","C:\Users\bouss\eco-tri-ia\data\classification\v2\train\metal\metal385.jpg","A7DF0104BB93AC924AE1117DF3BA3EFDE224CBA388A060DC7846977E69BF5241"
"C:\Users\bouss\eco-tri-ia\data\raw\garbage_dataset_v2\six_classes\metal\metal_797.jpg","C:\Users\bouss\eco-tri-ia\data\classification\v2\val\metal\metal86.jpg","C182B5868C699359A7196D6E91F77451EC43C76F82B1929AC57D56353920BE31"
"C:\Users\bouss\eco-tri-ia\data\raw\garbage_dataset_v2\six_classes\metal\metal_798.jpg","C:\Users\bouss\eco-tri-ia\data\classification\v2\train\metal\metal52.jpg","35603BFBCA4EE38BDFB80D48B080595399F7D2429355140D29F4954FF7A52876"
"C:\Users\bouss\eco-tri-ia\data\raw\garbage_dataset_v2\six_classes\metal\metal_799.jpg","C:\Users\bouss\eco-tri-ia\data\classification\v2\train\metal\metal16.jpg","2E124740D495A71472FBAF4F174C6CEBAEDB862C5B0C1921D99798E644434960"
"C:\Users\bouss\eco-tri-ia\data\raw\garbage_dataset_v2\six_classes\metal\metal_80.jpg","C:\Users\bouss\eco-tri-ia\data\classification\v2\train\metal\metal55.jpg","093BB7624598FEBE1376792108F31EA7039798E4E6E248148817A9999EF39BC1"
"C:\Users\bouss\eco-tri-ia\data\raw\garbage_dataset_v2\six_classes\metal\metal_801.jpg","C:\Users\bouss\eco-tri-ia\data\classification\v2\train\metal\metal113.jpg","14B1E55361254BF0F699F918A33EF03B92A6AB54DD5637520652652746056C9B"
"C:\Users\bouss\eco-tri-ia\data\raw\garbage_dataset_v2\six_classes\metal\metal_802.jpg","C:\Users\bouss\eco-tri-ia\data\classification\v2\test\metal\metal232.jpg","EFB51AA6882025D081049B6BB807B664430E630BE9F1285D993FD392F6A2BB4A"
"C:\Users\bouss\eco-tri-ia\data\raw\garbage_dataset_v2\six_classes\metal\metal_805.jpg","C:\Users\bouss\eco-tri-ia\data\classification\v2\val\metal\metal323.jpg","8C631B399474092EE2527E13FA431B2D8BF2F814956735B34F92BD7845651977"
"C:\Users\bouss\eco-tri-ia\data\raw\garbage_dataset_v2\six_classes\metal\metal_81.jpg","C:\Users\bouss\eco-tri-ia\data\classification\v2\train\metal\metal71.jpg","7F174868AEC04CF615763C51C00D3CB4004C67DA204D40238656B79D4CD8AD4E"
"C:\Users\bouss\eco-tri-ia\data\raw\garbage_dataset_v2\six_classes\metal\metal_811.jpg","C:\Users\bouss\eco-tri-ia\data\classification\v2\train\metal\metal207.jpg","52F1E32A3A0A72775A78A18BBD15C2F973DF594D4845471678405563B18657E5"
"C:\Users\bouss\eco-tri-ia\data\raw\garbage_dataset_v2\six_classes\metal\metal_817.jpg","C:\Users\bouss\eco-tri-ia\data\classification\v2\train\metal\metal253.jpg","0413E18095F291A9981EEF27EF111F46BC08D420777B5866FC6293B36F80EED7"
"C:\Users\bouss\eco-tri-ia\data\raw\garbage_dataset_v2\six_classes\metal\metal_818.jpg","C:\Users\bouss\eco-tri-ia\data\classification\v2\test\metal\metal121.jpg","3836A0711418D666200B8372411A94B4C5BA6C904EB5A9E35284DE911904A657"
"C:\Users\bouss\eco-tri-ia\data\raw\garbage_dataset_v2\six_classes\metal\metal_82.jpg","C:\Users\bouss\eco-tri-ia\data\classification\v2\train\metal\metal85.jpg","8166CB0D443207D381591D3FDC0777A84C282F0E3EB4E1489DFF71E11BD1AA4A"
"C:\Users\bouss\eco-tri-ia\data\raw\garbage_dataset_v2\six_classes\metal\metal_821.jpg","C:\Users\bouss\eco-tri-ia\data\classification\v2\train\metal\metal56.jpg","F67170A855F5BB923145AF4D90D7D505164B011778D62D72D1A2603DB778ACD8"
"C:\Users\bouss\eco-tri-ia\data\raw\garbage_dataset_v2\six_classes\metal\metal_824.jpg","C:\Users\bouss\eco-tri-ia\data\classification\v2\test\metal\metal111.jpg","60273E1CEFDEB1AD86288A56D7B9C76DBEF19CB96042FF66CB0FC456C0AB5D6B"
"C:\Users\bouss\eco-tri-ia\data\raw\garbage_dataset_v2\six_classes\metal\metal_825.jpg","C:\Users\bouss\eco-tri-ia\data\classification\v2\train\metal\metal279.jpg","9709B271C3549C820F6A85A9371FC47F6502FA9975C76D15F9EA1E6C37A11CDA"
"C:\Users\bouss\eco-tri-ia\data\raw\garbage_dataset_v2\six_classes\metal\metal_826.jpg","C:\Users\bouss\eco-tri-ia\data\classification\v2\train\metal\metal192.jpg","658BF4DAF9CF82AB9B4F5794946D0BE8DB7C2E0CFD33F1B656BC8BC5B6878D7E"
"C:\Users\bouss\eco-tri-ia\data\raw\garbage_dataset_v2\six_classes\metal\metal_827.jpg","C:\Users\bouss\eco-tri-ia\data\classification\v2\val\metal\metal169.jpg","738BCAFC5FF2767BFCB75D27A289C86856F7DE7A56DD54F7F0A5DEBD16711998"
"C:\Users\bouss\eco-tri-ia\data\raw\garbage_dataset_v2\six_classes\metal\metal_831.jpg","C:\Users\bouss\eco-tri-ia\data\classification\v2\train\metal\metal372.jpg","0253BCB2F1B13887013CE924D61FF67F63A02B377AE6EE189541E4D18ACDE7BA"
"C:\Users\bouss\eco-tri-ia\data\raw\garbage_dataset_v2\six_classes\metal\metal_834.jpg","C:\Users\bouss\eco-tri-ia\data\classification\v2\train\metal\metal14.jpg","9FAC16AE09AF013CDD4273F8B81B811CCAFFE3B1F064482E6001C366A757FE08"
"C:\Users\bouss\eco-tri-ia\data\raw\garbage_dataset_v2\six_classes\metal\metal_835.jpg","C:\Users\bouss\eco-tri-ia\data\classification\v2\test\metal\metal255.jpg","446C9FE739A30A3C50308702B678C30E9A9BA110650DEA6DA94C1CAB53D7C2B6"
"C:\Users\bouss\eco-tri-ia\data\raw\garbage_dataset_v2\six_classes\metal\metal_84.jpg","C:\Users\bouss\eco-tri-ia\data\classification\v2\train\metal\metal66.jpg","22389A79D35D5E8D121394E093DD723724E2184FD007F4C03B98C43B8C8FA48A"
"C:\Users\bouss\eco-tri-ia\data\raw\garbage_dataset_v2\six_classes\metal\metal_840.jpg","C:\Users\bouss\eco-tri-ia\data\classification\v2\train\metal\metal295.jpg","9590B871A82A5514E73F9DCF7B7FAF7E8FF3B56435ECE9CF864E7A4C4A55F966"
"C:\Users\bouss\eco-tri-ia\data\raw\garbage_dataset_v2\six_classes\metal\metal_841.jpg","C:\Users\bouss\eco-tri-ia\data\classification\v2\test\metal\metal250.jpg","7B62E4DDDD44AA7A9838C09D5E3590AF565DA114C8AD3F9B6C0869FBC9BFACF5"
"C:\Users\bouss\eco-tri-ia\data\raw\garbage_dataset_v2\six_classes\metal\metal_847.jpg","C:\Users\bouss\eco-tri-ia\data\classification\v2\train\metal\metal107.jpg","D8F0DB0DCFF647999334DD6F536CEBF06457E8C8010A681CFBF8145D791EC542"
"C:\Users\bouss\eco-tri-ia\data\raw\garbage_dataset_v2\six_classes\metal\metal_848.jpg","C:\Users\bouss\eco-tri-ia\data\classification\v2\train\metal\metal330.jpg","9800B5CC2D5B37161C86E3F1878F21F8119C3F0FE4D82B097BA5113777DDE502"
"C:\Users\bouss\eco-tri-ia\data\raw\garbage_dataset_v2\six_classes\metal\metal_849.jpg","C:\Users\bouss\eco-tri-ia\data\classification\v2\train\metal\metal341.jpg","DBD950D05165C3595B7DAAB51F387FC0DBC10CFEA64D1273E9AEF76047A4ABAD"
"C:\Users\bouss\eco-tri-ia\data\raw\garbage_dataset_v2\six_classes\metal\metal_85.jpg","C:\Users\bouss\eco-tri-ia\data\classification\v2\test\metal\metal145.jpg","653A71600EF620C2ABFCFE8C1269E2B2366F9D34FCD906DB8D3C2E280615206E"
"C:\Users\bouss\eco-tri-ia\data\raw\garbage_dataset_v2\six_classes\metal\metal_852.jpg","C:\Users\bouss\eco-tri-ia\data\classification\v2\train\metal\metal177.jpg","52D1479756EAE984DC1F0734E54487AC24DF871D9B1D53D95BF0FE78039F1ECE"
"C:\Users\bouss\eco-tri-ia\data\raw\garbage_dataset_v2\six_classes\metal\metal_856.jpg","C:\Users\bouss\eco-tri-ia\data\classification\v2\train\metal\metal262.jpg","16985596A876DCCA2D8B5519979E180F6496771551EA262346AC37F3F4D9099B"
"C:\Users\bouss\eco-tri-ia\data\raw\garbage_dataset_v2\six_classes\metal\metal_86.jpg","C:\Users\bouss\eco-tri-ia\data\classification\v2\train\metal\metal243.jpg","B9F648DDDE3596F81747FD274D0902EA29FDD1D0F7846031972BC7ED45E4D5AF"
"C:\Users\bouss\eco-tri-ia\data\raw\garbage_dataset_v2\six_classes\metal\metal_862.jpg","C:\Users\bouss\eco-tri-ia\data\classification\v2\train\metal\metal174.jpg","8AE03F7749FC396D487244ED1CAD32954C5D579FCD2620B609AC8F7F578BAD14"
"C:\Users\bouss\eco-tri-ia\data\raw\garbage_dataset_v2\six_classes\metal\metal_863.jpg","C:\Users\bouss\eco-tri-ia\data\classification\v2\train\metal\metal67.jpg","37DCDB6D7935644F3DDAB0087FD7844392D4CAB26670F36CBFC029204550C5A2"
"C:\Users\bouss\eco-tri-ia\data\raw\garbage_dataset_v2\six_classes\metal\metal_864.jpg","C:\Users\bouss\eco-tri-ia\data\classification\v2\val\metal\metal259.jpg","1DC73ACAEEB07C595C7154F110D6EF94B446323DD5855DDBF0E9B8C4C4934965"
"C:\Users\bouss\eco-tri-ia\data\raw\garbage_dataset_v2\six_classes\metal\metal_865.jpg","C:\Users\bouss\eco-tri-ia\data\classification\v2\train\metal\metal167.jpg","15789E4B13E115718D5B2362D6663F0C1C868904088E5FC83FF33884E162991D"
"C:\Users\bouss\eco-tri-ia\data\raw\garbage_dataset_v2\six_classes\metal\metal_867.jpg","C:\Users\bouss\eco-tri-ia\data\classification\v2\val\metal\metal379.jpg","BFB1F39A72CEBE2BA64CE22AD6F3CC0068DAEA6559745DE2468466C22A3BF639"
"C:\Users\bouss\eco-tri-ia\data\raw\garbage_dataset_v2\six_classes\metal\metal_868.jpg","C:\Users\bouss\eco-tri-ia\data\classification\v2\val\metal\metal155.jpg","23BD72DBDE307E0C02E8563657075A93647072A7E69EFCE85D20DE58F9461A91"
"C:\Users\bouss\eco-tri-ia\data\raw\garbage_dataset_v2\six_classes\metal\metal_869.jpg","C:\Users\bouss\eco-tri-ia\data\classification\v2\train\metal\metal282.jpg","6B283A3BAFADB0B812D6032EABB77E76EACB862D3D7352B07E4FFFF8EB94B623"
"C:\Users\bouss\eco-tri-ia\data\raw\garbage_dataset_v2\six_classes\metal\metal_872.jpg","C:\Users\bouss\eco-tri-ia\data\classification\v2\train\metal\metal57.jpg","6C1B495727EEC4A95990099AB635D290E3FAA8BA2FE9074D05D9E63AB7E6F273"
"C:\Users\bouss\eco-tri-ia\data\raw\garbage_dataset_v2\six_classes\metal\metal_873.jpg","C:\Users\bouss\eco-tri-ia\data\classification\v2\test\metal\metal187.jpg","BCBF889AA70C570C63AD34A9D7E7AB233AC2E018DF130DFA758C8CB328DDEEC7"
"C:\Users\bouss\eco-tri-ia\data\raw\garbage_dataset_v2\six_classes\metal\metal_874.jpg","C:\Users\bouss\eco-tri-ia\data\classification\v2\train\metal\metal89.jpg","DC96C5C0A8450776CC050F6A2833C9A63347AA9D0D87E9FB725F0B01CBEB530A"
"C:\Users\bouss\eco-tri-ia\data\raw\garbage_dataset_v2\six_classes\metal\metal_875.jpg","C:\Users\bouss\eco-tri-ia\data\classification\v2\test\metal\metal102.jpg","44EFCC80B146735D5A7A0FFB6356641CD3EF996019EF43A0E16AF87FF6D1354A"
"C:\Users\bouss\eco-tri-ia\data\raw\garbage_dataset_v2\six_classes\metal\metal_876.jpg","C:\Users\bouss\eco-tri-ia\data\classification\v2\test\metal\metal172.jpg","849031109BCA9CA152522D22922047701690FE65679A0D648F55F71A0813DA0D"
"C:\Users\bouss\eco-tri-ia\data\raw\garbage_dataset_v2\six_classes\metal\metal_877.jpg","C:\Users\bouss\eco-tri-ia\data\classification\v2\train\metal\metal247.jpg","AB6E62249C7A90795AFE3420B50EA141A8D8FD7BC1EA162D7D6660978FEEE123"
"C:\Users\bouss\eco-tri-ia\data\raw\garbage_dataset_v2\six_classes\metal\metal_879.jpg","C:\Users\bouss\eco-tri-ia\data\classification\v2\train\metal\metal123.jpg","C0027D2191B29A1FEDFE86C5547A16FD38A172E55DBE54A89DC3440416FC3F40"
"C:\Users\bouss\eco-tri-ia\data\raw\garbage_dataset_v2\six_classes\metal\metal_88.jpg","C:\Users\bouss\eco-tri-ia\data\classification\v2\val\metal\metal129.jpg","C1BED427B41F9243DDC979A5411F065649586E75A089B478F156F50CE7EB105B"
"C:\Users\bouss\eco-tri-ia\data\raw\garbage_dataset_v2\six_classes\metal\metal_885.jpg","C:\Users\bouss\eco-tri-ia\data\classification\v2\train\metal\metal267.jpg","7BA65E32F1182CC7DD453846174AF33890867C9885E4D63FA10D00EFFD983209"
"C:\Users\bouss\eco-tri-ia\data\raw\garbage_dataset_v2\six_classes\metal\metal_886.jpg","C:\Users\bouss\eco-tri-ia\data\classification\v2\train\metal\metal210.jpg","7FC46680580B2C3D7750B9EA1B0504B70DB5AD4E6ACB0E874EADE1032356F513"
"C:\Users\bouss\eco-tri-ia\data\raw\garbage_dataset_v2\six_classes\metal\metal_889.jpg","C:\Users\bouss\eco-tri-ia\data\classification\v2\train\metal\metal275.jpg","CBCCA3F28AB464EAF7ECD98412DBA2417A7FCC9C6B6B47D0594CA1A86ED75BD6"
"C:\Users\bouss\eco-tri-ia\data\raw\garbage_dataset_v2\six_classes\metal\metal_89.jpg","C:\Users\bouss\eco-tri-ia\data\classification\v2\train\metal\metal367.jpg","ABA527EA42A5CAE52993339B9FDEB8BFEC8B191A471AAE2731F91C56716BDE0C"
"C:\Users\bouss\eco-tri-ia\data\raw\garbage_dataset_v2\six_classes\metal\metal_890.jpg","C:\Users\bouss\eco-tri-ia\data\classification\v2\test\metal\metal339.jpg","90EBA51676932B482A1052128E3EB86FD318C988F5ACF7C81EB959012C53FFC3"
"C:\Users\bouss\eco-tri-ia\data\raw\garbage_dataset_v2\six_classes\metal\metal_891.jpg","C:\Users\bouss\eco-tri-ia\data\classification\v2\val\metal\metal227.jpg","5FF1DA55366F1915BB8D5FD6D846AD4BDD8258BB0A466A450CB311EE1FD9EF5B"
"C:\Users\bouss\eco-tri-ia\data\raw\garbage_dataset_v2\six_classes\metal\metal_894.jpg","C:\Users\bouss\eco-tri-ia\data\classification\v2\train\metal\metal24.jpg","B135BD2EBBCACCD4F1E134372BF85E177D3F42AFA5415758A9E4C615C57D8607"
"C:\Users\bouss\eco-tri-ia\data\raw\garbage_dataset_v2\six_classes\metal\metal_895.jpg","C:\Users\bouss\eco-tri-ia\data\classification\v2\train\metal\metal33.jpg","8A6C01737989C3ABCC5380FB964442823BCC7E7D2145146F9F2600CBF332B1DE"
"C:\Users\bouss\eco-tri-ia\data\raw\garbage_dataset_v2\six_classes\metal\metal_898.jpg","C:\Users\bouss\eco-tri-ia\data\classification\v2\test\metal\metal249.jpg","B94F43400E61F17AC2A9CC720D5DD05FF33282DCA59E0743055B6140E0C81798"
"C:\Users\bouss\eco-tri-ia\data\raw\garbage_dataset_v2\six_classes\metal\metal_9.jpg","C:\Users\bouss\eco-tri-ia\data\classification\v2\val\metal\metal3.jpg","A8C75D9475F6D0DD16A6F68C800D37D8910E74F23240D0510E47532239027714"
"C:\Users\bouss\eco-tri-ia\data\raw\garbage_dataset_v2\six_classes\metal\metal_900.jpg","C:\Users\bouss\eco-tri-ia\data\classification\v2\train\metal\metal29.jpg","13AA829CF9765A02F5A1F3D882B6040545E93B79CCA6BD9AA840725C2587C839"
"C:\Users\bouss\eco-tri-ia\data\raw\garbage_dataset_v2\six_classes\metal\metal_901.jpg","C:\Users\bouss\eco-tri-ia\data\classification\v2\train\metal\metal393.jpg","03DF33467CA34568AB435414614BB91881B006510BFA7FCC5CB131F51990EC9C"
"C:\Users\bouss\eco-tri-ia\data\raw\garbage_dataset_v2\six_classes\metal\metal_902.jpg","C:\Users\bouss\eco-tri-ia\data\classification\v2\train\metal\metal36.jpg","CE674090D08A49192555A3804365A2BA79F564C7D7372F370D2EC031E278B386"
"C:\Users\bouss\eco-tri-ia\data\raw\garbage_dataset_v2\six_classes\metal\metal_903.jpg","C:\Users\bouss\eco-tri-ia\data\classification\v2\val\metal\metal309.jpg","22D1E8A8AC35FBA47D17FFE47B11C363801E379A2EDE5FE480C8D9394F9AD611"
"C:\Users\bouss\eco-tri-ia\data\raw\garbage_dataset_v2\six_classes\metal\metal_905.jpg","C:\Users\bouss\eco-tri-ia\data\classification\v2\val\metal\metal101.jpg","D987AE5147A0E9274C7599521F0797990C94820E28F27E6F8CBA1CDE590FD147"
"C:\Users\bouss\eco-tri-ia\data\raw\garbage_dataset_v2\six_classes\metal\metal_907.jpg","C:\Users\bouss\eco-tri-ia\data\classification\v2\val\metal\metal76.jpg","A5837271A1AD74B66D6BB9FF679491EFD25A4EDC497DDBC8474F2F1E90AD8237"
"C:\Users\bouss\eco-tri-ia\data\raw\garbage_dataset_v2\six_classes\metal\metal_908.jpg","C:\Users\bouss\eco-tri-ia\data\classification\v2\train\metal\metal311.jpg","3FC1BDB490635C22909FA7893ACAC3824A50F66262E35F484F67EC609D0E5747"
"C:\Users\bouss\eco-tri-ia\data\raw\garbage_dataset_v2\six_classes\metal\metal_910.jpg","C:\Users\bouss\eco-tri-ia\data\classification\v2\train\metal\metal31.jpg","BF029F4E238E7AEB266D8A5947E33F18CB17BEBCE18ED97E2CA9DB0671F10C6D"
"C:\Users\bouss\eco-tri-ia\data\raw\garbage_dataset_v2\six_classes\metal\metal_911.jpg","C:\Users\bouss\eco-tri-ia\data\classification\v2\val\metal\metal340.jpg","5BC8B3809EAAD064BA7594D1E271F7002504D7642AD3A9BC8C73E36FCFD0D424"
"C:\Users\bouss\eco-tri-ia\data\raw\garbage_dataset_v2\six_classes\metal\metal_912.jpg","C:\Users\bouss\eco-tri-ia\data\classification\v2\train\metal\metal146.jpg","2F48E712AC253A576E000248B523C970264A95E572C23E9CCB57404C15A16857"
"C:\Users\bouss\eco-tri-ia\data\raw\garbage_dataset_v2\six_classes\metal\metal_913.jpg","C:\Users\bouss\eco-tri-ia\data\classification\v2\train\metal\metal96.jpg","AEC06E44653C156CF4559B430A06C74FFC65A20F4CE75E38E5C4C737C8390B4E"
"C:\Users\bouss\eco-tri-ia\data\raw\garbage_dataset_v2\six_classes\metal\metal_914.jpg","C:\Users\bouss\eco-tri-ia\data\classification\v2\train\metal\metal226.jpg","D42E4BD40295DA53F363F4F83037E474F9D7D55328FA93503697C0EC90022B16"
"C:\Users\bouss\eco-tri-ia\data\raw\garbage_dataset_v2\six_classes\metal\metal_917.jpg","C:\Users\bouss\eco-tri-ia\data\classification\v2\val\metal\metal68.jpg","90DF0D9174B239A2AF75328DD80FD3B6DFC96471B59566E5181307FFC86E7F5F"
"C:\Users\bouss\eco-tri-ia\data\raw\garbage_dataset_v2\six_classes\metal\metal_918.jpg","C:\Users\bouss\eco-tri-ia\data\classification\v2\val\metal\metal366.jpg","8C9A254781650FFFC9FF2F95D7DB6CD73CA81DE60A099E58D9BC06B8670A1989"
"C:\Users\bouss\eco-tri-ia\data\raw\garbage_dataset_v2\six_classes\metal\metal_921.jpg","C:\Users\bouss\eco-tri-ia\data\classification\v2\train\metal\metal138.jpg","B152EC937B301F5EB955C08B2FAB4ADA9EA7D84A2F238294B211C30A62D1C342"
"C:\Users\bouss\eco-tri-ia\data\raw\garbage_dataset_v2\six_classes\metal\metal_922.jpg","C:\Users\bouss\eco-tri-ia\data\classification\v2\test\metal\metal223.jpg","ED04883B7548A704C37A6C05196E9B199A6DB7144D2D30A4DCC2069A0AA268A8"
"C:\Users\bouss\eco-tri-ia\data\raw\garbage_dataset_v2\six_classes\metal\metal_925.jpg","C:\Users\bouss\eco-tri-ia\data\classification\v2\test\metal\metal43.jpg","B814327DC68678291D5A7575972476CD34C22EE1DD692B8928D007433CA41A26"
"C:\Users\bouss\eco-tri-ia\data\raw\garbage_dataset_v2\six_classes\metal\metal_95.jpg","C:\Users\bouss\eco-tri-ia\data\classification\v2\train\metal\metal270.jpg","56E8E5A58B2E7F33CEA00179B2FE2C94352726400D6803709E29ED71913F3C07"
"C:\Users\bouss\eco-tri-ia\data\raw\garbage_dataset_v2\six_classes\metal\metal_96.jpg","C:\Users\bouss\eco-tri-ia\data\classification\v2\train\metal\metal283.jpg","297060838F7D1C26EAFF5197A66B55084A4DE90475477198FE36DFCCBA5E4D5F"
"C:\Users\bouss\eco-tri-ia\data\raw\garbage_dataset_v2\six_classes\metal\metal_98.jpg","C:\Users\bouss\eco-tri-ia\data\classification\v2\train\metal\metal402.jpg","1AC3A2F5EC85A7A9BA1DA24A89C37258696F89DD9233FAD8B26537B9BE4EF7EB"
"C:\Users\bouss\eco-tri-ia\data\raw\garbage_dataset_v2\six_classes\paper\paper_1.jpg","C:\Users\bouss\eco-tri-ia\data\classification\v2\train\paper\paper517.jpg","944939B365CC992A557100C9B9010D40716CCD9F98DD1448B5C6135300C42C52"
"C:\Users\bouss\eco-tri-ia\data\raw\garbage_dataset_v2\six_classes\paper\paper_10.jpg","C:\Users\bouss\eco-tri-ia\data\classification\v2\test\paper\paper333.jpg","DFEB4FDCDD947B93D4FE0DDE400F131C6D1E0B53D4FC95777F925C3D421D2499"
"C:\Users\bouss\eco-tri-ia\data\raw\garbage_dataset_v2\six_classes\paper\paper_100.jpg","C:\Users\bouss\eco-tri-ia\data\classification\v2\train\paper\paper551.jpg","96E4321C9DB53697E4E736774DC1EC8E38A356AE174254999496A75860213852"
"C:\Users\bouss\eco-tri-ia\data\raw\garbage_dataset_v2\six_classes\paper\paper_1000.jpg","C:\Users\bouss\eco-tri-ia\data\classification\v2\train\paper\paper200.jpg","2775C77EE5BC11BD6FE0A164EECEA0AB9E58AC62AF1CBAB3CD94F56F4E7A1B03"
"C:\Users\bouss\eco-tri-ia\data\raw\garbage_dataset_v2\six_classes\paper\paper_1003.jpg","C:\Users\bouss\eco-tri-ia\data\classification\v2\val\paper\paper339.jpg","C86BEF27DC80AFBDF746326F72C74BC5C8B7D3D2590F372D2717F85D2D83B81A"
"C:\Users\bouss\eco-tri-ia\data\raw\garbage_dataset_v2\six_classes\paper\paper_1004.jpg","C:\Users\bouss\eco-tri-ia\data\classification\v2\val\paper\paper140.jpg","69E873EA95582AC32E5771CDCE1B17AAE91C81E652E0239C075110AFF0E53C01"
"C:\Users\bouss\eco-tri-ia\data\raw\garbage_dataset_v2\six_classes\paper\paper_1007.jpg","C:\Users\bouss\eco-tri-ia\data\classification\v2\train\paper\paper570.jpg","2FA1F0646D8D321DF59EA70A0980785D4F364ED05897EEC367D66728F601C469"
"C:\Users\bouss\eco-tri-ia\data\raw\garbage_dataset_v2\six_classes\paper\paper_101.jpg","C:\Users\bouss\eco-tri-ia\data\classification\v2\train\paper\paper177.jpg","FBCDDCD9BF74F740CD092EFE455A01919ED0BC4DDC42792149D74D482AB0E918"
"C:\Users\bouss\eco-tri-ia\data\raw\garbage_dataset_v2\six_classes\paper\paper_1010.jpg","C:\Users\bouss\eco-tri-ia\data\classification\v2\train\paper\paper105.jpg","943456DF0F128C36D5CB2EC83D2D4587B1183DD5EA5EF40532986E1F905CD212"
"C:\Users\bouss\eco-tri-ia\data\raw\garbage_dataset_v2\six_classes\paper\paper_1013.jpg","C:\Users\bouss\eco-tri-ia\data\classification\v2\val\paper\paper506.jpg","993D5F73AC457E4B6200DC35C3934BDE626CC9E29A396CC6AD4B275B135886B7"
"C:\Users\bouss\eco-tri-ia\data\raw\garbage_dataset_v2\six_classes\paper\paper_1016.jpg","C:\Users\bouss\eco-tri-ia\data\classification\v2\train\paper\paper171.jpg","6DF55D6B601C134C742216E7F41C995B9A10AF6E44026B6ABE972302E1CFA253"
"C:\Users\bouss\eco-tri-ia\data\raw\garbage_dataset_v2\six_classes\paper\paper_1020.jpg","C:\Users\bouss\eco-tri-ia\data\classification\v2\train\paper\paper232.jpg","C678F16F9C4B2E1BB91129B79D9818B46F82CD812CC83E91636798736D1E7AB7"
"C:\Users\bouss\eco-tri-ia\data\raw\garbage_dataset_v2\six_classes\paper\paper_1022.jpg","C:\Users\bouss\eco-tri-ia\data\classification\v2\train\paper\paper104.jpg","68825F8E99C794DAFE3E72E0EED1B4C9F29B289672F1216CA23B182BE6C0D390"
"C:\Users\bouss\eco-tri-ia\data\raw\garbage_dataset_v2\six_classes\paper\paper_1027.jpg","C:\Users\bouss\eco-tri-ia\data\classification\v2\train\paper\paper80.jpg","446D91C53349D060D565485EE9BE553F3F0A694B5B2F56F40BD03CA4BE8E4ABF"
"C:\Users\bouss\eco-tri-ia\data\raw\garbage_dataset_v2\six_classes\paper\paper_1029.jpg","C:\Users\bouss\eco-tri-ia\data\classification\v2\train\paper\paper88.jpg","0F50ACBFB49029B1B650B57EA8A7D8564EC544D9C9F5D541892F9F04D217070E"
"C:\Users\bouss\eco-tri-ia\data\raw\garbage_dataset_v2\six_classes\paper\paper_1030.jpg","C:\Users\bouss\eco-tri-ia\data\classification\v2\train\paper\paper348.jpg","CDA964EC5E30E1577FAF8AEBB96410949F224B90F44DC96A09D42F3341EDAC42"
"C:\Users\bouss\eco-tri-ia\data\raw\garbage_dataset_v2\six_classes\paper\paper_1031.jpg","C:\Users\bouss\eco-tri-ia\data\classification\v2\val\paper\paper399.jpg","6C15C94952ED7B3D68D37AC959B7EB79AF921100649F312D6779F78C131B4600"
"C:\Users\bouss\eco-tri-ia\data\raw\garbage_dataset_v2\six_classes\paper\paper_1032.jpg","C:\Users\bouss\eco-tri-ia\data\classification\v2\train\paper\paper189.jpg","D93F7C96AE0C7AF515D9C684B47FB7EDAE53CB35C72FFA26CA214FC87E990DD4"
"C:\Users\bouss\eco-tri-ia\data\raw\garbage_dataset_v2\six_classes\paper\paper_1033.jpg","C:\Users\bouss\eco-tri-ia\data\classification\v2\train\paper\paper500.jpg","97CD5AFBED0A12646203FAF02EE292F53EA517306D2953C1DE86A77208D6BD01"
"C:\Users\bouss\eco-tri-ia\data\raw\garbage_dataset_v2\six_classes\paper\paper_1038.jpg","C:\Users\bouss\eco-tri-ia\data\classification\v2\train\paper\paper212.jpg","BB5A06E8BA6E8643563FF9CCE292CE0B957BC5A7FEC50629439E062FAFC99193"
"C:\Users\bouss\eco-tri-ia\data\raw\garbage_dataset_v2\six_classes\paper\paper_1040.jpg","C:\Users\bouss\eco-tri-ia\data\classification\v2\train\paper\paper14.jpg","1D9A4C7DC1E7AFC0C8EDA2583DF39AD606295A00C6A045B336B41BCDDD086567"
"C:\Users\bouss\eco-tri-ia\data\raw\garbage_dataset_v2\six_classes\paper\paper_1042.jpg","C:\Users\bouss\eco-tri-ia\data\classification\v2\train\paper\paper571.jpg","026FF2AAF51863144D94AC30C00A9EBAD58CDB01335F58128474E1B3BC386CA7"
"C:\Users\bouss\eco-tri-ia\data\raw\garbage_dataset_v2\six_classes\paper\paper_1047.jpg","C:\Users\bouss\eco-tri-ia\data\classification\v2\val\paper\paper279.jpg","36335B010A2B78C5D5AD34F2E8AD5E410AC61D836EC86EAE8437C15BD0A002C1"
"C:\Users\bouss\eco-tri-ia\data\raw\garbage_dataset_v2\six_classes\paper\paper_1051.jpg","C:\Users\bouss\eco-tri-ia\data\classification\v2\train\paper\paper139.jpg","21EDE1CB8D8163FD7255917D18DCE29E6EF5E083970FFCF8A7ABC28154994173"
"C:\Users\bouss\eco-tri-ia\data\raw\garbage_dataset_v2\six_classes\paper\paper_1054.jpg","C:\Users\bouss\eco-tri-ia\data\classification\v2\val\paper\paper112.jpg","37AE511F773AD52C8FDB11A5CBF2D77110E7C0C3C022CFE283948792E93D5C00"
"C:\Users\bouss\eco-tri-ia\data\raw\garbage_dataset_v2\six_classes\paper\paper_1055.jpg","C:\Users\bouss\eco-tri-ia\data\classification\v2\test\paper\paper589.jpg","36E9D6B35EC278B7A3C049BCA5498F48796D2AFD4FEA3CC27451D29E857E4A33"
"C:\Users\bouss\eco-tri-ia\data\raw\garbage_dataset_v2\six_classes\paper\paper_1059.jpg","C:\Users\bouss\eco-tri-ia\data\classification\v2\train\paper\paper218.jpg","B9D8D26A2AC4E417B63621FDAA374DAD93BDB5530A56B395EF0E52DB51C02FCB"
"C:\Users\bouss\eco-tri-ia\data\raw\garbage_dataset_v2\six_classes\paper\paper_1060.jpg","C:\Users\bouss\eco-tri-ia\data\classification\v2\train\paper\paper5.jpg","D80BF1A350DCD8174B3ADB8855B942F3C44F3DFDCD9D09BD68E010D6D9681716"
"C:\Users\bouss\eco-tri-ia\data\raw\garbage_dataset_v2\six_classes\paper\paper_1061.jpg","C:\Users\bouss\eco-tri-ia\data\classification\v2\train\paper\paper301.jpg","CE36BD2B62A5B22B9671D929FDE69757759D9E4080C039D7F0C255D5471D5135"
"C:\Users\bouss\eco-tri-ia\data\raw\garbage_dataset_v2\six_classes\paper\paper_1063.jpg","C:\Users\bouss\eco-tri-ia\data\classification\v2\train\paper\paper66.jpg","FAF309DF70053E5BBAE3F245FDA3ED630A9AFB81F105EE278D238D43221FC7D0"
"C:\Users\bouss\eco-tri-ia\data\raw\garbage_dataset_v2\six_classes\paper\paper_1066.jpg","C:\Users\bouss\eco-tri-ia\data\classification\v2\val\paper\paper50.jpg","A21129D3F691B233235260D9C0DE2F0F55F87F29D8F12A8A7E68690787A42E9A"
"C:\Users\bouss\eco-tri-ia\data\raw\garbage_dataset_v2\six_classes\paper\paper_1074.jpg","C:\Users\bouss\eco-tri-ia\data\classification\v2\train\paper\paper547.jpg","06A3FD636F031D89E3FB4420C4642C335A68CB22E2B40A6E9264E46520E2E6AB"
"C:\Users\bouss\eco-tri-ia\data\raw\garbage_dataset_v2\six_classes\paper\paper_1076.jpg","C:\Users\bouss\eco-tri-ia\data\classification\v2\val\paper\paper374.jpg","45D7ECEA2E79F7F7B57157775087CE63C4246815EA6E5B0B9F1678AE5191CC46"
"C:\Users\bouss\eco-tri-ia\data\raw\garbage_dataset_v2\six_classes\paper\paper_1078.jpg","C:\Users\bouss\eco-tri-ia\data\classification\v2\train\paper\paper552.jpg","7B5F712E8EA0C176A923CE52BEA635AE2C61CB2061A3214599414C7B84B28557"
"C:\Users\bouss\eco-tri-ia\data\raw\garbage_dataset_v2\six_classes\paper\paper_108.jpg","C:\Users\bouss\eco-tri-ia\data\classification\v2\train\paper\paper39.jpg","58CD504FC7F8C4EF04DEAFB22E29CB507E9A04D7EABB5E3091A3626A1F14600E"
"C:\Users\bouss\eco-tri-ia\data\raw\garbage_dataset_v2\six_classes\paper\paper_1080.jpg","C:\Users\bouss\eco-tri-ia\data\classification\v2\train\paper\paper20.jpg","AF21E4FB3A8668CCF5A3426F676A05E78EEEB6314FF9C2CC2CDE19E1354B8EBA"
"C:\Users\bouss\eco-tri-ia\data\raw\garbage_dataset_v2\six_classes\paper\paper_1081.jpg","C:\Users\bouss\eco-tri-ia\data\classification\v2\test\paper\paper389.jpg","B09477DB1FFF5F30DE4DF1E23E2D951A850EBBFD6353BF14B6E20BE2B96EE106"
"C:\Users\bouss\eco-tri-ia\data\raw\garbage_dataset_v2\six_classes\paper\paper_1083.jpg","C:\Users\bouss\eco-tri-ia\data\classification\v2\train\paper\paper579.jpg","19EF2E438B9AA7A2CB382288F9F3CFEE6DB7E61C6918752CAC3992EF28BB9FD8"
"C:\Users\bouss\eco-tri-ia\data\raw\garbage_dataset_v2\six_classes\paper\paper_1086.jpg","C:\Users\bouss\eco-tri-ia\data\classification\v2\train\paper\paper342.jpg","EF74B72870A2C6E5DCFEF77BB842EEBDDDFDDC73480D8993FA6BF5ED002A8843"
"C:\Users\bouss\eco-tri-ia\data\raw\garbage_dataset_v2\six_classes\paper\paper_1088.jpg","C:\Users\bouss\eco-tri-ia\data\classification\v2\train\paper\paper531.jpg","19DE2C32E6481800BB60F418780FA2062E40501EF9B4EBC6E1DDFEC513D4169B"
"C:\Users\bouss\eco-tri-ia\data\raw\garbage_dataset_v2\six_classes\paper\paper_1089.jpg","C:\Users\bouss\eco-tri-ia\data\classification\v2\val\paper\paper129.jpg","6FB8E1E49CFC17B4CBAB2ED579772AE8603B8972B0639763627F9BE00CA39711"
"C:\Users\bouss\eco-tri-ia\data\raw\garbage_dataset_v2\six_classes\paper\paper_1092.jpg","C:\Users\bouss\eco-tri-ia\data\classification\v2\train\paper\paper136.jpg","8ED79D770DD19AE7516C711F60008D6FA2DF835FA94F3541832D8A2767FBFB12"
"C:\Users\bouss\eco-tri-ia\data\raw\garbage_dataset_v2\six_classes\paper\paper_1093.jpg","C:\Users\bouss\eco-tri-ia\data\classification\v2\train\paper\paper337.jpg","9987B83D3F0CA6D8BF0ADA4D64D1D648F05311D4506151D3ADDE4F86CEE68DD9"
"C:\Users\bouss\eco-tri-ia\data\raw\garbage_dataset_v2\six_classes\paper\paper_1094.jpg","C:\Users\bouss\eco-tri-ia\data\classification\v2\train\paper\paper43.jpg","DAB73DF4DAA8AD0D4B5E8B8225C6C9E148746690A83C8E1EF36A3A3524297130"
"C:\Users\bouss\eco-tri-ia\data\raw\garbage_dataset_v2\six_classes\paper\paper_1098.jpg","C:\Users\bouss\eco-tri-ia\data\classification\v2\val\paper\paper364.jpg","AAC6C82882E77DD83779C02ADB71DFAC25C28B4E9A67E17C0914D0FA913BC12E"
"C:\Users\bouss\eco-tri-ia\data\raw\garbage_dataset_v2\six_classes\paper\paper_1099.jpg","C:\Users\bouss\eco-tri-ia\data\classification\v2\train\paper\paper62.jpg","D1617CC3A51ACEA892E1CFB461502FF7B02BE2E2DA0AE766C5E8BEAB3F3C741E"
"C:\Users\bouss\eco-tri-ia\data\raw\garbage_dataset_v2\six_classes\paper\paper_1100.jpg","C:\Users\bouss\eco-tri-ia\data\classification\v2\val\paper\paper361.jpg","DB7B919C6ED217CFED7CA0C032703AB1CA24731FA7BFC50F5070BC7A5BC874DB"
"C:\Users\bouss\eco-tri-ia\data\raw\garbage_dataset_v2\six_classes\paper\paper_1102.jpg","C:\Users\bouss\eco-tri-ia\data\classification\v2\train\paper\paper334.jpg","76BDA4323041B47EFBF3D6586EE373EF7A68E45A0CFF7964117988D92FD64797"
"C:\Users\bouss\eco-tri-ia\data\raw\garbage_dataset_v2\six_classes\paper\paper_1103.jpg","C:\Users\bouss\eco-tri-ia\data\classification\v2\train\paper\paper575.jpg","38119FCC2F80936B404EF9B72083CAE5E9D8FC8D97EC28E771E3B7FD5C215680"
"C:\Users\bouss\eco-tri-ia\data\raw\garbage_dataset_v2\six_classes\paper\paper_111.jpg","C:\Users\bouss\eco-tri-ia\data\classification\v2\train\paper\paper205.jpg","FF2E03162720C158127F10E12C9A812E82A343ABADF46C08B2DA0EC3A3BD5988"
"C:\Users\bouss\eco-tri-ia\data\raw\garbage_dataset_v2\six_classes\paper\paper_1111.jpg","C:\Users\bouss\eco-tri-ia\data\classification\v2\val\paper\paper554.jpg","DAE4A870646CD9B6AB60CBBC6BBC97460418323240824A32EFDA2F42F605BD26"
"C:\Users\bouss\eco-tri-ia\data\raw\garbage_dataset_v2\six_classes\paper\paper_1113.jpg","C:\Users\bouss\eco-tri-ia\data\classification\v2\train\paper\paper312.jpg","0C31ACE71078D7FD3F7B527B20E8785E8EEE71089956EF01DEDA3849119CFE2F"
"C:\Users\bouss\eco-tri-ia\data\raw\garbage_dataset_v2\six_classes\paper\paper_1114.jpg","C:\Users\bouss\eco-tri-ia\data\classification\v2\val\paper\paper562.jpg","1EC12A8CA7D10883C4FA60B804438A71B2CA53CA69F39ED04BE43FEEE3B97BC9"
"C:\Users\bouss\eco-tri-ia\data\raw\garbage_dataset_v2\six_classes\paper\paper_1115.jpg","C:\Users\bouss\eco-tri-ia\data\classification\v2\train\paper\paper72.jpg","F704F08E98F9CDF162057DD283B2187D3B26E2B98D58F488D633596A3F46B4C5"
"C:\Users\bouss\eco-tri-ia\data\raw\garbage_dataset_v2\six_classes\paper\paper_1118.jpg","C:\Users\bouss\eco-tri-ia\data\classification\v2\test\paper\paper553.jpg","ADA930715B7283772C19DDEA06BBB12E936DB535682644E692A6C360AF4D2CE4"
"C:\Users\bouss\eco-tri-ia\data\raw\garbage_dataset_v2\six_classes\paper\paper_1125.jpg","C:\Users\bouss\eco-tri-ia\data\classification\v2\test\paper\paper109.jpg","6BAB8421617AE409F0563E664F176374989F124CD8459B291D2815D825EAC48D"
"C:\Users\bouss\eco-tri-ia\data\raw\garbage_dataset_v2\six_classes\paper\paper_1128.jpg","C:\Users\bouss\eco-tri-ia\data\classification\v2\val\paper\paper474.jpg","B25471C824A5539C5168EA97EB25BF652AB63E9BC1A930C96670C20A4D68FC70"
"C:\Users\bouss\eco-tri-ia\data\raw\garbage_dataset_v2\six_classes\paper\paper_1129.jpg","C:\Users\bouss\eco-tri-ia\data\classification\v2\train\paper\paper252.jpg","14CC62B51C56500C63AD16AEBC086F6168492BE4B2BC6D5E475276D1060B8EC4"
"C:\Users\bouss\eco-tri-ia\data\raw\garbage_dataset_v2\six_classes\paper\paper_113.jpg","C:\Users\bouss\eco-tri-ia\data\classification\v2\train\paper\paper400.jpg","9EA0F96F09095465B74D7DA993C75241375ED5EC578ACDBB05655DC4C1CB6337"
"C:\Users\bouss\eco-tri-ia\data\raw\garbage_dataset_v2\six_classes\paper\paper_1130.jpg","C:\Users\bouss\eco-tri-ia\data\classification\v2\train\paper\paper169.jpg","AED809992A5C71FC33B077E410C9ECB630033B28295682AAA15D08F5F08F2B63"
"C:\Users\bouss\eco-tri-ia\data\raw\garbage_dataset_v2\six_classes\paper\paper_1134.jpg","C:\Users\bouss\eco-tri-ia\data\classification\v2\train\paper\paper302.jpg","1A379D0F692CB10DA9C67FAE20088F9EC24C5225286D3EAC1BDC81826609120B"
"C:\Users\bouss\eco-tri-ia\data\raw\garbage_dataset_v2\six_classes\paper\paper_1136.jpg","C:\Users\bouss\eco-tri-ia\data\classification\v2\train\paper\paper172.jpg","846CD3A2D5456EBCD00A66353CDD8F4BAC1055EB0910A87A9E7B9493AA780492"
"C:\Users\bouss\eco-tri-ia\data\raw\garbage_dataset_v2\six_classes\paper\paper_1137.jpg","C:\Users\bouss\eco-tri-ia\data\classification\v2\test\paper\paper519.jpg","C903C6A409B65C0C5630EFDABA8F0B56AAB5EFA8D65800C55D10D6A4FFBA16CA"
"C:\Users\bouss\eco-tri-ia\data\raw\garbage_dataset_v2\six_classes\paper\paper_1138.jpg","C:\Users\bouss\eco-tri-ia\data\classification\v2\train\paper\paper486.jpg","3E2F85826777E8E31F054C8EF412589A0CF6904671FBD61E0EFF6CA45570AEB7"
"C:\Users\bouss\eco-tri-ia\data\raw\garbage_dataset_v2\six_classes\paper\paper_1139.jpg","C:\Users\bouss\eco-tri-ia\data\classification\v2\train\paper\paper239.jpg","1CD940E2F515D0AD6E37FDD86CAC3FE27605F7B1EF4B5157AEC2FA38F1D6EF41"
"C:\Users\bouss\eco-tri-ia\data\raw\garbage_dataset_v2\six_classes\paper\paper_1140.jpg","C:\Users\bouss\eco-tri-ia\data\classification\v2\train\paper\paper303.jpg","F8D3AB2EB84000F3E6FB595AE0FE2EA1BE6364437E583D81D9ADCEDA834F398A"
"C:\Users\bouss\eco-tri-ia\data\raw\garbage_dataset_v2\six_classes\paper\paper_1142.jpg","C:\Users\bouss\eco-tri-ia\data\classification\v2\train\paper\paper107.jpg","F4D494F48881EAE84DD7C740C9CD4DD5BF9BAA2FF84A9D5266C3F1B990229275"
"C:\Users\bouss\eco-tri-ia\data\raw\garbage_dataset_v2\six_classes\paper\paper_1144.jpg","C:\Users\bouss\eco-tri-ia\data\classification\v2\train\paper\paper149.jpg","0970CD522F3EDFD684615E01241735C3E6FEB4F81D7088BDC4B174E199819666"
"C:\Users\bouss\eco-tri-ia\data\raw\garbage_dataset_v2\six_classes\paper\paper_1146.jpg","C:\Users\bouss\eco-tri-ia\data\classification\v2\test\paper\paper56.jpg","1EEEA1A90DBE6CA66E223936CA6E5D6E329D880E547D69AB217C8D1459A8D185"
"C:\Users\bouss\eco-tri-ia\data\raw\garbage_dataset_v2\six_classes\paper\paper_1149.jpg","C:\Users\bouss\eco-tri-ia\data\classification\v2\train\paper\paper44.jpg","854126A082919EBE0F9F127D58CF32FF0161C02FB836A33CE620AEA08146F712"
"C:\Users\bouss\eco-tri-ia\data\raw\garbage_dataset_v2\six_classes\paper\paper_115.jpg","C:\Users\bouss\eco-tri-ia\data\classification\v2\val\paper\paper341.jpg","84CF838BB39699B0DDF461657B8E0BC469D2A82CA923882A22EDAF9FFE058B3C"
"C:\Users\bouss\eco-tri-ia\data\raw\garbage_dataset_v2\six_classes\paper\paper_1150.jpg","C:\Users\bouss\eco-tri-ia\data\classification\v2\test\paper\paper594.jpg","599FBE6A3100966F04191EF72D57667E931232749390A7CCDE24215951989032"
"C:\Users\bouss\eco-tri-ia\data\raw\garbage_dataset_v2\six_classes\paper\paper_1153.jpg","C:\Users\bouss\eco-tri-ia\data\classification\v2\test\paper\paper518.jpg","C2FE4F61C9855674FB9E2D4143C1B7938334F70EE6D5DCDB0559238DE46C4972"
"C:\Users\bouss\eco-tri-ia\data\raw\garbage_dataset_v2\six_classes\paper\paper_1155.jpg","C:\Users\bouss\eco-tri-ia\data\classification\v2\val\paper\paper79.jpg","9EF7E1B92B57B8FB474AED635751BE556B237785EFA353AA35E12C46F588DCCE"
"C:\Users\bouss\eco-tri-ia\data\raw\garbage_dataset_v2\six_classes\paper\paper_116.jpg","C:\Users\bouss\eco-tri-ia\data\classification\v2\train\paper\paper416.jpg","29D700D928AB21E6605FA069FE0CCCB9D80867EFF31D5AB5C61349B4456F10C4"
"C:\Users\bouss\eco-tri-ia\data\raw\garbage_dataset_v2\six_classes\paper\paper_1160.jpg","C:\Users\bouss\eco-tri-ia\data\classification\v2\train\paper\paper97.jpg","331304638E9B9BBF25588B2A3F4C3F726F7C1A05C271186C7E28517F26424152"
"C:\Users\bouss\eco-tri-ia\data\raw\garbage_dataset_v2\six_classes\paper\paper_1161.jpg","C:\Users\bouss\eco-tri-ia\data\classification\v2\train\paper\paper345.jpg","57074B8025A164F6A00B5D708ABE4FB4309318872CD946CE0FD39ED1B4235CAF"
"C:\Users\bouss\eco-tri-ia\data\raw\garbage_dataset_v2\six_classes\paper\paper_1167.jpg","C:\Users\bouss\eco-tri-ia\data\classification\v2\train\paper\paper52.jpg","BE7A5C7898C15C3AB2AA33E38C9DCAA5636589830F4D4CE8D334881AA7B1E073"
"C:\Users\bouss\eco-tri-ia\data\raw\garbage_dataset_v2\six_classes\paper\paper_1169.jpg","C:\Users\bouss\eco-tri-ia\data\classification\v2\train\paper\paper24.jpg","6339CEDB8334907F6FDE6BEBE2FA9796C0835BE1316FF10D5F41AA72E62D4A7D"
"C:\Users\bouss\eco-tri-ia\data\raw\garbage_dataset_v2\six_classes\paper\paper_117.jpg","C:\Users\bouss\eco-tri-ia\data\classification\v2\train\paper\paper340.jpg","B884B537D0F75A85BA5115850A2170955E5ED08229A23430A1DF2EDC0793F172"
"C:\Users\bouss\eco-tri-ia\data\raw\garbage_dataset_v2\six_classes\paper\paper_1171.jpg","C:\Users\bouss\eco-tri-ia\data\classification\v2\val\paper\paper527.jpg","5F0563D1616649C3E42B0B1217EC1C2B32C6CAF5566D372D92A826CBA8EEE152"
"C:\Users\bouss\eco-tri-ia\data\raw\garbage_dataset_v2\six_classes\paper\paper_1173.jpg","C:\Users\bouss\eco-tri-ia\data\classification\v2\val\paper\paper16.jpg","F29758F23E34972ACE659D0A1538F270D55CD40C18876461E2AB8742AC80639C"
"C:\Users\bouss\eco-tri-ia\data\raw\garbage_dataset_v2\six_classes\paper\paper_1176.jpg","C:\Users\bouss\eco-tri-ia\data\classification\v2\train\paper\paper224.jpg","A6FA00996E9716A707D8D2FCF7479706B0B23D76A095B9D55F7679D01CB39C3B"
"C:\Users\bouss\eco-tri-ia\data\raw\garbage_dataset_v2\six_classes\paper\paper_1177.jpg","C:\Users\bouss\eco-tri-ia\data\classification\v2\train\paper\paper191.jpg","CE7B18A78BC9AA266BB4AF742901B0F6B7E2BFC4A7E772D00107E043F43E6AF2"
"C:\Users\bouss\eco-tri-ia\data\raw\garbage_dataset_v2\six_classes\paper\paper_1183.jpg","C:\Users\bouss\eco-tri-ia\data\classification\v2\train\paper\paper3.jpg","45896B90501BF5C7A229F61470F20BE296F3F682E01ACDA906DB6A00D2E37D30"
"C:\Users\bouss\eco-tri-ia\data\raw\garbage_dataset_v2\six_classes\paper\paper_1184.jpg","C:\Users\bouss\eco-tri-ia\data\classification\v2\train\paper\paper559.jpg","F2897FE901C4E34AD283C176D59F9270A7B6629FB3EF48332D41E238DC17E974"
"C:\Users\bouss\eco-tri-ia\data\raw\garbage_dataset_v2\six_classes\paper\paper_1186.jpg","C:\Users\bouss\eco-tri-ia\data\classification\v2\train\paper\paper120.jpg","0EED8D0B7441939E509E4E056569C75E0B316D5F90BCBD76E3DFC68EF7DC329F"
"C:\Users\bouss\eco-tri-ia\data\raw\garbage_dataset_v2\six_classes\paper\paper_1189.jpg","C:\Users\bouss\eco-tri-ia\data\classification\v2\train\paper\paper208.jpg","0FFB51316BAAE31451594D9A305FE3EBC4F0EAD80E790451CA476363C223528C"
"C:\Users\bouss\eco-tri-ia\data\raw\garbage_dataset_v2\six_classes\paper\paper_1190.jpg","C:\Users\bouss\eco-tri-ia\data\classification\v2\train\paper\paper244.jpg","17AC0BE9F178CBADB594A85D055F1B079C60FCCC180BB113C2CD0B6BCE730357"
"C:\Users\bouss\eco-tri-ia\data\raw\garbage_dataset_v2\six_classes\paper\paper_1192.jpg","C:\Users\bouss\eco-tri-ia\data\classification\v2\val\paper\paper578.jpg","2B86B60D03F14160AD6C118006403224CA898823A3150F2D2EAEFAC171EE36DA"
"C:\Users\bouss\eco-tri-ia\data\raw\garbage_dataset_v2\six_classes\paper\paper_1193.jpg","C:\Users\bouss\eco-tri-ia\data\classification\v2\train\paper\paper572.jpg","F68E3A0BF970B94F85658C50B07A0DC6076125D56A068F89BDEEA5A7228B23C8"
"C:\Users\bouss\eco-tri-ia\data\raw\garbage_dataset_v2\six_classes\paper\paper_1195.jpg","C:\Users\bouss\eco-tri-ia\data\classification\v2\train\paper\paper297.jpg","C65383159582C82AA5A73AB4A0A6A3EA48CC2CA0235CC3478C5D321C2D4194D7"
"C:\Users\bouss\eco-tri-ia\data\raw\garbage_dataset_v2\six_classes\paper\paper_1198.jpg","C:\Users\bouss\eco-tri-ia\data\classification\v2\train\paper\paper84.jpg","8A20C1ABF8BA3AAB3D9EE69629057437BBC9E86000E468ACF74DA37D5310FC2A"
"C:\Users\bouss\eco-tri-ia\data\raw\garbage_dataset_v2\six_classes\paper\paper_1199.jpg","C:\Users\bouss\eco-tri-ia\data\classification\v2\val\paper\paper70.jpg","C005FEC186CB09D3B489653A35B4CA0BB892A8D4EF62F0372937B29C9D6FD997"
"C:\Users\bouss\eco-tri-ia\data\raw\garbage_dataset_v2\six_classes\paper\paper_120.jpg","C:\Users\bouss\eco-tri-ia\data\classification\v2\train\paper\paper272.jpg","21D49892BAD71DD6D10216D8AFDEB8EC8FB18F969BA5ECA49673DAB08BA2759E"
"C:\Users\bouss\eco-tri-ia\data\raw\garbage_dataset_v2\six_classes\paper\paper_1200.jpg","C:\Users\bouss\eco-tri-ia\data\classification\v2\test\paper\paper349.jpg","ADCA32DB9071EFB83F74DC67072F3177FFCF098DDC8785C6CCB37AE226CEB287"
"C:\Users\bouss\eco-tri-ia\data\raw\garbage_dataset_v2\six_classes\paper\paper_1201.jpg","C:\Users\bouss\eco-tri-ia\data\classification\v2\train\paper\paper2.jpg","5C246FD3FEC667EE5C9CA8C7F50B86A78264674752D066D525642AFB22BBEB5E"
"C:\Users\bouss\eco-tri-ia\data\raw\garbage_dataset_v2\six_classes\paper\paper_1202.jpg","C:\Users\bouss\eco-tri-ia\data\classification\v2\train\paper\paper434.jpg","AD20DA3D35C1D67DFF131EDBB2C6C06C0D17280243994A6354402626EAA2AE07"
"C:\Users\bouss\eco-tri-ia\data\raw\garbage_dataset_v2\six_classes\paper\paper_1204.jpg","C:\Users\bouss\eco-tri-ia\data\classification\v2\train\paper\paper436.jpg","E93492852A38AD865FEDA57BB001923CA1102FCC0321297D331A0E36A94F80CC"
"C:\Users\bouss\eco-tri-ia\data\raw\garbage_dataset_v2\six_classes\paper\paper_1205.jpg","C:\Users\bouss\eco-tri-ia\data\classification\v2\train\paper\paper498.jpg","5787607D53F73F8823A54E906C0205F7F871D3267D5689A5D903D9676E8D2A3B"
"C:\Users\bouss\eco-tri-ia\data\raw\garbage_dataset_v2\six_classes\paper\paper_1206.jpg","C:\Users\bouss\eco-tri-ia\data\classification\v2\train\paper\paper533.jpg","2BFD415E787FFAA602C1EB66D53B7CCF998A1CB29516CBEAFCB1C507D51298BD"
"C:\Users\bouss\eco-tri-ia\data\raw\garbage_dataset_v2\six_classes\paper\paper_1208.jpg","C:\Users\bouss\eco-tri-ia\data\classification\v2\train\paper\paper233.jpg","7F345D8A55B4621FBBC8B3CCB541E98DE637D28454282DFB512D1DEA0FDE3F17"
"C:\Users\bouss\eco-tri-ia\data\raw\garbage_dataset_v2\six_classes\paper\paper_1209.jpg","C:\Users\bouss\eco-tri-ia\data\classification\v2\train\paper\paper250.jpg","957182C48F6DDD0C4370F8B35536B8B5DE151AEBD75EF9DCB969D694442B2496"
"C:\Users\bouss\eco-tri-ia\data\raw\garbage_dataset_v2\six_classes\paper\paper_1211.jpg","C:\Users\bouss\eco-tri-ia\data\classification\v2\train\paper\paper190.jpg","D605C225EE7DBE2BE3BB51CDE76ACF488F8062DDA3060D83C0121EEEDD9C0ACD"
"C:\Users\bouss\eco-tri-ia\data\raw\garbage_dataset_v2\six_classes\paper\paper_1215.jpg","C:\Users\bouss\eco-tri-ia\data\classification\v2\test\paper\paper330.jpg","E588A3746FEC659B2A5A3E4D9E4A4A7B9D052DCC302EC83FBA701DF1229A9271"
"C:\Users\bouss\eco-tri-ia\data\raw\garbage_dataset_v2\six_classes\paper\paper_1216.jpg","C:\Users\bouss\eco-tri-ia\data\classification\v2\val\paper\paper86.jpg","76AA99B1636D80F6E440043E098F5EA5FA615006E45F468F19BDCA96E262B53C"
"C:\Users\bouss\eco-tri-ia\data\raw\garbage_dataset_v2\six_classes\paper\paper_1217.jpg","C:\Users\bouss\eco-tri-ia\data\classification\v2\test\paper\paper475.jpg","D2D123D51E11E981788C64765FA540B995752C173F828CC8D6D71F07BB637027"
"C:\Users\bouss\eco-tri-ia\data\raw\garbage_dataset_v2\six_classes\paper\paper_1221.jpg","C:\Users\bouss\eco-tri-ia\data\classification\v2\train\paper\paper564.jpg","C0CD76E305F4F20AD7148220466BBD44B5026053594C34C0AC096CF86EDF0EE5"
"C:\Users\bouss\eco-tri-ia\data\raw\garbage_dataset_v2\six_classes\paper\paper_1224.jpg","C:\Users\bouss\eco-tri-ia\data\classification\v2\train\paper\paper219.jpg","0097B8F965F69B557DA82846482508E27A2B7C12F56BD3BDAAA43F69EE5C22FB"
"C:\Users\bouss\eco-tri-ia\data\raw\garbage_dataset_v2\six_classes\paper\paper_1225.jpg","C:\Users\bouss\eco-tri-ia\data\classification\v2\val\paper\paper98.jpg","1E8D901DA0C91216F96152B1E168B8809760B403C707342C8D79B33C309EA7FD"
"C:\Users\bouss\eco-tri-ia\data\raw\garbage_dataset_v2\six_classes\paper\paper_123.jpg","C:\Users\bouss\eco-tri-ia\data\classification\v2\train\paper\paper19.jpg","F08A2A02219F73479C7FD0F2AC59B68A5EA57AB75E1A999DDFF5FC00C6CAD706"
"C:\Users\bouss\eco-tri-ia\data\raw\garbage_dataset_v2\six_classes\paper\paper_1230.jpg","C:\Users\bouss\eco-tri-ia\data\classification\v2\val\paper\paper418.jpg","CB8C69C27362ACCB49E2CAEC57E62EBB29C2491F2532CF9015511FE049E3BC0E"
"C:\Users\bouss\eco-tri-ia\data\raw\garbage_dataset_v2\six_classes\paper\paper_1231.jpg","C:\Users\bouss\eco-tri-ia\data\classification\v2\val\paper\paper142.jpg","3E3BFFEB082BD000D3432C0D0B094CE4C0C37AD0FEC976199A53C6D9A41CA400"
"C:\Users\bouss\eco-tri-ia\data\raw\garbage_dataset_v2\six_classes\paper\paper_1233.jpg","C:\Users\bouss\eco-tri-ia\data\classification\v2\train\paper\paper222.jpg","95538159877B7076FDE78F55FB9C9EE4E688E8A51B440AC01CA55D62F034837E"
"C:\Users\bouss\eco-tri-ia\data\raw\garbage_dataset_v2\six_classes\paper\paper_1235.jpg","C:\Users\bouss\eco-tri-ia\data\classification\v2\train\paper\paper358.jpg","8DA85FB451B03B9BACEB31A430B1DED5309AF208D50CD7E0AFF57B6D49330896"
"C:\Users\bouss\eco-tri-ia\data\raw\garbage_dataset_v2\six_classes\paper\paper_1236.jpg","C:\Users\bouss\eco-tri-ia\data\classification\v2\train\paper\paper321.jpg","221D9E293369FB6B18DA0EA0094988CCAEBFBB198FDAF3BB71666B63FCD412B9"
"C:\Users\bouss\eco-tri-ia\data\raw\garbage_dataset_v2\six_classes\paper\paper_1237.jpg","C:\Users\bouss\eco-tri-ia\data\classification\v2\train\paper\paper163.jpg","547D4FEE70B9DE851A05CACD0FEE5F1A0DA83EBAF123CCD3A43365EE6BACDB3C"
"C:\Users\bouss\eco-tri-ia\data\raw\garbage_dataset_v2\six_classes\paper\paper_1238.jpg","C:\Users\bouss\eco-tri-ia\data\classification\v2\train\paper\paper196.jpg","CD4A5CF9743D622D24635DD4409D906EE50D52679C2AA4C3615D5B93ECD07DF3"
"C:\Users\bouss\eco-tri-ia\data\raw\garbage_dataset_v2\six_classes\paper\paper_1239.jpg","C:\Users\bouss\eco-tri-ia\data\classification\v2\train\paper\paper415.jpg","48C32D52AB6F8552D56BC150D10972479EFE616A6CD3EEACF4D157A2A6898B42"
"C:\Users\bouss\eco-tri-ia\data\raw\garbage_dataset_v2\six_classes\paper\paper_124.jpg","C:\Users\bouss\eco-tri-ia\data\classification\v2\test\paper\paper207.jpg","E943A0022479A2EBC65E0C288FCDFC4CF1EA811EC69731BECB49608EB01BA3C6"
"C:\Users\bouss\eco-tri-ia\data\raw\garbage_dataset_v2\six_classes\paper\paper_1240.jpg","C:\Users\bouss\eco-tri-ia\data\classification\v2\train\paper\paper203.jpg","A9F5691E645A1D36673C7B390557F391C7EA4DDDA2A12ED6932974FD205327EA"
"C:\Users\bouss\eco-tri-ia\data\raw\garbage_dataset_v2\six_classes\paper\paper_1244.jpg","C:\Users\bouss\eco-tri-ia\data\classification\v2\train\paper\paper287.jpg","6FC75011E3C5FAC3ED013385945A324E4047880F0CCA70AD2E47B01B17076A2D"
"C:\Users\bouss\eco-tri-ia\data\raw\garbage_dataset_v2\six_classes\paper\paper_1246.jpg","C:\Users\bouss\eco-tri-ia\data\classification\v2\train\paper\paper366.jpg","EA850C4B381A54D360DB35FB5AD3BB002E3DFFA2DB7FE516F03C65D2A77E7121"
"C:\Users\bouss\eco-tri-ia\data\raw\garbage_dataset_v2\six_classes\paper\paper_1248.jpg","C:\Users\bouss\eco-tri-ia\data\classification\v2\val\paper\paper42.jpg","5B3C87CCDD32300B55D07DC425A25708DB82992CB5470A334D4D3C97FD0802C5"
"C:\Users\bouss\eco-tri-ia\data\raw\garbage_dataset_v2\six_classes\paper\paper_125.jpg","C:\Users\bouss\eco-tri-ia\data\classification\v2\val\paper\paper426.jpg","B73C2E779BF1FDD4073F14ABA88003E035C3D84C0B4000C17F25505C9F2F4441"
"C:\Users\bouss\eco-tri-ia\data\raw\garbage_dataset_v2\six_classes\paper\paper_1251.jpg","C:\Users\bouss\eco-tri-ia\data\classification\v2\train\paper\paper332.jpg","E7376BD5C514B30AAA1A20C30A90AD6869C68DB9877A9627C40480FB61AF0D50"
"C:\Users\bouss\eco-tri-ia\data\raw\garbage_dataset_v2\six_classes\paper\paper_1257.jpg","C:\Users\bouss\eco-tri-ia\data\classification\v2\train\paper\paper344.jpg","8CA08DAD62783CF2514E949B92800E7DD56EB8955B833103EEBBB342C2483633"
"C:\Users\bouss\eco-tri-ia\data\raw\garbage_dataset_v2\six_classes\paper\paper_1259.jpg","C:\Users\bouss\eco-tri-ia\data\classification\v2\train\paper\paper241.jpg","8939C24C9C7AC7297166BB8E151108DF099893D1A5C479B906665D45A7292F51"
"C:\Users\bouss\eco-tri-ia\data\raw\garbage_dataset_v2\six_classes\paper\paper_1262.jpg","C:\Users\bouss\eco-tri-ia\data\classification\v2\train\paper\paper69.jpg","762411E33898BCEBC7D6D682246156588719E5618E03BB70CFD2E70CF91FE2DA"
"C:\Users\bouss\eco-tri-ia\data\raw\garbage_dataset_v2\six_classes\paper\paper_1265.jpg","C:\Users\bouss\eco-tri-ia\data\classification\v2\train\paper\paper385.jpg","B5156DEE24CF3C9401B7B45BF9F523145D8B30AC5DC9CF688CA5DD2360BC9C31"
"C:\Users\bouss\eco-tri-ia\data\raw\garbage_dataset_v2\six_classes\paper\paper_1267.jpg","C:\Users\bouss\eco-tri-ia\data\classification\v2\test\paper\paper223.jpg","57B135FE8842984207D2CD9A111C1F5E3747BE7B8CA2DE76EF3F5428048FBAB3"
"C:\Users\bouss\eco-tri-ia\data\raw\garbage_dataset_v2\six_classes\paper\paper_1269.jpg","C:\Users\bouss\eco-tri-ia\data\classification\v2\val\paper\paper4.jpg","11B00C996D8DBB01F72F7463D4A9F3BC1B0F73398480CF9145D9FAF6ED7DEE25"
"C:\Users\bouss\eco-tri-ia\data\raw\garbage_dataset_v2\six_classes\paper\paper_127.jpg","C:\Users\bouss\eco-tri-ia\data\classification\v2\train\paper\paper440.jpg","09C9A789456404445C500CD5E50903E020456E25FFDF9AA5CAA638440347CC5D"
"C:\Users\bouss\eco-tri-ia\data\raw\garbage_dataset_v2\six_classes\paper\paper_1277.jpg","C:\Users\bouss\eco-tri-ia\data\classification\v2\train\paper\paper431.jpg","766054E0B1ACB3DECED926109425A7E60B5C158F0CD81F738D18E2F586F66B73"
"C:\Users\bouss\eco-tri-ia\data\raw\garbage_dataset_v2\six_classes\paper\paper_1279.jpg","C:\Users\bouss\eco-tri-ia\data\classification\v2\test\paper\paper108.jpg","B19DB665C34279D49210E88485E501283F84C58ED270003E4EE4FB7B0E7E44EA"
"C:\Users\bouss\eco-tri-ia\data\raw\garbage_dataset_v2\six_classes\paper\paper_1280.jpg","C:\Users\bouss\eco-tri-ia\data\classification\v2\train\paper\paper369.jpg","A6B659138D8904930078CBCF24BF0793E5778B58614238B823A764B05F199E0F"
"C:\Users\bouss\eco-tri-ia\data\raw\garbage_dataset_v2\six_classes\paper\paper_1284.jpg","C:\Users\bouss\eco-tri-ia\data\classification\v2\train\paper\paper117.jpg","2127805BC503EF123E6583E403FAD22C9AA8C76C2F41D4A6EEFBBEAFF3CAD00B"
"C:\Users\bouss\eco-tri-ia\data\raw\garbage_dataset_v2\six_classes\paper\paper_1286.jpg","C:\Users\bouss\eco-tri-ia\data\classification\v2\train\paper\paper408.jpg","92AB66CB5BD68B2BC3093C9F85C01CEC2EE94384304179B81147C3AC396FFC7B"
"C:\Users\bouss\eco-tri-ia\data\raw\garbage_dataset_v2\six_classes\paper\paper_1287.jpg","C:\Users\bouss\eco-tri-ia\data\classification\v2\train\paper\paper113.jpg","1CF5A1CD632B57CFDCD4E68B4FEDDC9711E5008753DDE4AA56B63781763D3E1E"
"C:\Users\bouss\eco-tri-ia\data\raw\garbage_dataset_v2\six_classes\paper\paper_129.jpg","C:\Users\bouss\eco-tri-ia\data\classification\v2\test\paper\paper490.jpg","0A79FDE1CE7784EAFFFF4D5902EB37DE1A0F9B7500BB3CE3C1B7C5A97CB8F46D"
"C:\Users\bouss\eco-tri-ia\data\raw\garbage_dataset_v2\six_classes\paper\paper_1290.jpg","C:\Users\bouss\eco-tri-ia\data\classification\v2\train\paper\paper25.jpg","08D34A8E2C1C957356BAC99FE209D888A26DE1567219A05C709F9BAD4622D902"
"C:\Users\bouss\eco-tri-ia\data\raw\garbage_dataset_v2\six_classes\paper\paper_1291.jpg","C:\Users\bouss\eco-tri-ia\data\classification\v2\test\paper\paper292.jpg","4E2290BD00767AA7B69FABB6F3F17806414DFA0ADE8D9238315F8AD07EF95231"
"C:\Users\bouss\eco-tri-ia\data\raw\garbage_dataset_v2\six_classes\paper\paper_1292.jpg","C:\Users\bouss\eco-tri-ia\data\classification\v2\val\paper\paper137.jpg","80E88596040E1D7A8E65F71D7A0F76EA7B682A617344CA4CB6C13B3CC3094000"
"C:\Users\bouss\eco-tri-ia\data\raw\garbage_dataset_v2\six_classes\paper\paper_1293.jpg","C:\Users\bouss\eco-tri-ia\data\classification\v2\train\paper\paper46.jpg","794241228F86AF7BDA80B97900B7D99DAFC89DDB0F32CD523684936F66DB81F5"
"C:\Users\bouss\eco-tri-ia\data\raw\garbage_dataset_v2\six_classes\paper\paper_1294.jpg","C:\Users\bouss\eco-tri-ia\data\classification\v2\train\paper\paper65.jpg","AAD615F569F964529EE967722731F5323AE02F10F7CD21CE1214B4E7FD87152F"
"C:\Users\bouss\eco-tri-ia\data\raw\garbage_dataset_v2\six_classes\paper\paper_13.jpg","C:\Users\bouss\eco-tri-ia\data\classification\v2\train\paper\paper173.jpg","0FFC10AFAA6661B7CE9373BCDF1A1EC0DE0F5415F6DA4E441FF4F15DBD9E9429"
"C:\Users\bouss\eco-tri-ia\data\raw\garbage_dataset_v2\six_classes\paper\paper_130.jpg","C:\Users\bouss\eco-tri-ia\data\classification\v2\train\paper\paper295.jpg","C9292AB46A60CC3F40149AC97F5182707FC541E494AB971667D844E6B7F54310"
"C:\Users\bouss\eco-tri-ia\data\raw\garbage_dataset_v2\six_classes\paper\paper_1301.jpg","C:\Users\bouss\eco-tri-ia\data\classification\v2\train\paper\paper82.jpg","D6634F6F19033597AA8BF6409E7F63CC3BF7EE807DD5BCD4D1CD1201EDE72683"
"C:\Users\bouss\eco-tri-ia\data\raw\garbage_dataset_v2\six_classes\paper\paper_1303.jpg","C:\Users\bouss\eco-tri-ia\data\classification\v2\test\paper\paper181.jpg","784CA4C5C80D8601109ABA6929E84EA7BC0A8A84D210702CA73E0A9144DB634D"
"C:\Users\bouss\eco-tri-ia\data\raw\garbage_dataset_v2\six_classes\paper\paper_1304.jpg","C:\Users\bouss\eco-tri-ia\data\classification\v2\train\paper\paper148.jpg","1D57D7983CD65298C13A0AEDE73A25CBC3578887442CB7218CF64D751FED3319"
"C:\Users\bouss\eco-tri-ia\data\raw\garbage_dataset_v2\six_classes\paper\paper_1305.jpg","C:\Users\bouss\eco-tri-ia\data\classification\v2\test\paper\paper443.jpg","9E16529EBF88A28BBFE4665EFDDB5C7DFD684D1B43C19A970F93515F0883A78A"
"C:\Users\bouss\eco-tri-ia\data\raw\garbage_dataset_v2\six_classes\paper\paper_1306.jpg","C:\Users\bouss\eco-tri-ia\data\classification\v2\train\paper\paper566.jpg","C83D77940C7A0D595299B3D465596527E59378723F60A737BD3EEEBB1FD32829"
"C:\Users\bouss\eco-tri-ia\data\raw\garbage_dataset_v2\six_classes\paper\paper_1307.jpg","C:\Users\bouss\eco-tri-ia\data\classification\v2\train\paper\paper497.jpg","2A68E92046611C511DC12C44EEEC7509CDF44E93A7EE64ABFD4A77F37D0091AC"
"C:\Users\bouss\eco-tri-ia\data\raw\garbage_dataset_v2\six_classes\paper\paper_131.jpg","C:\Users\bouss\eco-tri-ia\data\classification\v2\train\paper\paper309.jpg","A0901ED3C87D98FF008CEA7838BB9E3B04A8EEE228AC3789A5DC460A78451668"
"C:\Users\bouss\eco-tri-ia\data\raw\garbage_dataset_v2\six_classes\paper\paper_1313.jpg","C:\Users\bouss\eco-tri-ia\data\classification\v2\train\paper\paper524.jpg","3028470D0EEE7C5C2030E78B086FA6C656467788CE7953867AE728262E197F50"
"C:\Users\bouss\eco-tri-ia\data\raw\garbage_dataset_v2\six_classes\paper\paper_1314.jpg","C:\Users\bouss\eco-tri-ia\data\classification\v2\train\paper\paper582.jpg","A46AB9BF4E4533EEE5976F7504E05AAEA1CF61FCBBBF385C8C304DF2524B3F85"
"C:\Users\bouss\eco-tri-ia\data\raw\garbage_dataset_v2\six_classes\paper\paper_1315.jpg","C:\Users\bouss\eco-tri-ia\data\classification\v2\train\paper\paper461.jpg","75F0BBFA2B658D55E3FEFF9CF2C8122DD467B05EBB99491BA833088E5BAD5D4D"
"C:\Users\bouss\eco-tri-ia\data\raw\garbage_dataset_v2\six_classes\paper\paper_1317.jpg","C:\Users\bouss\eco-tri-ia\data\classification\v2\test\paper\paper45.jpg","BCF1CACCE0917D97DC1C9D9E722DD6F02EF134DA850E304561F843AC7F20B510"
"C:\Users\bouss\eco-tri-ia\data\raw\garbage_dataset_v2\six_classes\paper\paper_1322.jpg","C:\Users\bouss\eco-tri-ia\data\classification\v2\val\paper\paper22.jpg","D54AAA167187BF43C3D5FF8CD082D2EF7766089BB5FB35755FD5CD959CA89A1A"
"C:\Users\bouss\eco-tri-ia\data\raw\garbage_dataset_v2\six_classes\paper\paper_1325.jpg","C:\Users\bouss\eco-tri-ia\data\classification\v2\train\paper\paper134.jpg","ED495F4F9C3439058D41999CF1EEE407C0EFDCA55B6EE26DBA92285712D7BD4B"
"C:\Users\bouss\eco-tri-ia\data\raw\garbage_dataset_v2\six_classes\paper\paper_1329.jpg","C:\Users\bouss\eco-tri-ia\data\classification\v2\train\paper\paper143.jpg","BE194AC439692DDE371AF2AB9F521E0F373BC079E9821BED68787E110626B988"
"C:\Users\bouss\eco-tri-ia\data\raw\garbage_dataset_v2\six_classes\paper\paper_1330.jpg","C:\Users\bouss\eco-tri-ia\data\classification\v2\train\paper\paper33.jpg","75C318C61C1485CD0FDC118AD4D7D5ACABA5E1FBDE5F2424599E91984D1259DA"
"C:\Users\bouss\eco-tri-ia\data\raw\garbage_dataset_v2\six_classes\paper\paper_1331.jpg","C:\Users\bouss\eco-tri-ia\data\classification\v2\train\paper\paper167.jpg","B2892E9D84B2D5A721A98AFC2276A839C4DFD414A721D2DA004032E2023FAF4B"
"C:\Users\bouss\eco-tri-ia\data\raw\garbage_dataset_v2\six_classes\paper\paper_1334.jpg","C:\Users\bouss\eco-tri-ia\data\classification\v2\train\paper\paper363.jpg","AAB642022B02980535CF7D9688324B1458F4F5E14E3F70CAD1E2B276788FA186"
"C:\Users\bouss\eco-tri-ia\data\raw\garbage_dataset_v2\six_classes\paper\paper_135.jpg","C:\Users\bouss\eco-tri-ia\data\classification\v2\train\paper\paper126.jpg","513A357ED2D5431B1AB04809A48346F1BB86BC144FA22DCB3458E429ABEB5E8B"
"C:\Users\bouss\eco-tri-ia\data\raw\garbage_dataset_v2\six_classes\paper\paper_136.jpg","C:\Users\bouss\eco-tri-ia\data\classification\v2\train\paper\paper67.jpg","7431FEE541682C57E6E708DE717D8816560FA625B3CB0B1C0BA0B97651082EFD"
"C:\Users\bouss\eco-tri-ia\data\raw\garbage_dataset_v2\six_classes\paper\paper_138.jpg","C:\Users\bouss\eco-tri-ia\data\classification\v2\train\paper\paper229.jpg","49A03AC7988C3BBC92642471E484991C9B461787945887A58491F920C8A6A958"
"C:\Users\bouss\eco-tri-ia\data\raw\garbage_dataset_v2\six_classes\paper\paper_141.jpg","C:\Users\bouss\eco-tri-ia\data\classification\v2\train\paper\paper536.jpg","4809A161E34E14DFB8DC5A96F3BA7290FB382D810B31D82E81A8E3E2F64F3587"
"C:\Users\bouss\eco-tri-ia\data\raw\garbage_dataset_v2\six_classes\paper\paper_143.jpg","C:\Users\bouss\eco-tri-ia\data\classification\v2\train\paper\paper542.jpg","FAE969F6C21D518455ED497E1E1DEDAF2A191341880D945183B508933AD6CFA0"
"C:\Users\bouss\eco-tri-ia\data\raw\garbage_dataset_v2\six_classes\paper\paper_144.jpg","C:\Users\bouss\eco-tri-ia\data\classification\v2\train\paper\paper23.jpg","E11D4BAFEA4D2E61834AE4EF63EEDC61E6296BB8713AB90957359021551B81C4"
"C:\Users\bouss\eco-tri-ia\data\raw\garbage_dataset_v2\six_classes\paper\paper_15.jpg","C:\Users\bouss\eco-tri-ia\data\classification\v2\train\paper\paper373.jpg","AAA74F86E55A07AA644FBA3D3693D525099444D717E0AD735AAD08F354320DDC"
"C:\Users\bouss\eco-tri-ia\data\raw\garbage_dataset_v2\six_classes\paper\paper_150.jpg","C:\Users\bouss\eco-tri-ia\data\classification\v2\train\paper\paper102.jpg","CB153343BDC4F1A6673A443D3F4E8FFC82F4CCA6B5C6EF3AC144DD057311FE15"
"C:\Users\bouss\eco-tri-ia\data\raw\garbage_dataset_v2\six_classes\paper\paper_154.jpg","C:\Users\bouss\eco-tri-ia\data\classification\v2\train\paper\paper353.jpg","23DB8D661B2814C349D03707BF918AFE1A19F419397B0B10E6581984E9175BDC"
"C:\Users\bouss\eco-tri-ia\data\raw\garbage_dataset_v2\six_classes\paper\paper_155.jpg","C:\Users\bouss\eco-tri-ia\data\classification\v2\test\paper\paper377.jpg","DE6F0356DA1011CDB18C13FEF21971B6903D2AA79BCC71421CF391A1027AF347"
"C:\Users\bouss\eco-tri-ia\data\raw\garbage_dataset_v2\six_classes\paper\paper_156.jpg","C:\Users\bouss\eco-tri-ia\data\classification\v2\train\paper\paper78.jpg","BF7BC79EA0CEB7A689287B4CB2BBE366967AFFA7B22DED12DCA31ED638A64ADC"
"C:\Users\bouss\eco-tri-ia\data\raw\garbage_dataset_v2\six_classes\paper\paper_157.jpg","C:\Users\bouss\eco-tri-ia\data\classification\v2\train\paper\paper413.jpg","8DC98412E1D8DA9BDE248AEB5850A3ACD758579063F3518B5F60FBF03DC85EB2"
"C:\Users\bouss\eco-tri-ia\data\raw\garbage_dataset_v2\six_classes\paper\paper_158.jpg","C:\Users\bouss\eco-tri-ia\data\classification\v2\train\paper\paper507.jpg","ACD37B751C0377DE7642EF50BE32BB147EBF30938E81A185D37B824B52A4033E"
"C:\Users\bouss\eco-tri-ia\data\raw\garbage_dataset_v2\six_classes\paper\paper_159.jpg","C:\Users\bouss\eco-tri-ia\data\classification\v2\train\paper\paper164.jpg","3A2F5B1BAA2445CDC1D776BB8C928C088F453E1F6576AC9C1486299FAB84D2AD"
"C:\Users\bouss\eco-tri-ia\data\raw\garbage_dataset_v2\six_classes\paper\paper_16.jpg","C:\Users\bouss\eco-tri-ia\data\classification\v2\val\paper\paper227.jpg","B1EC5FA3D15A58A0DA6346CE8C2854EAAC0CC764CEEFC8D1D19E14C0C538236B"
"C:\Users\bouss\eco-tri-ia\data\raw\garbage_dataset_v2\six_classes\paper\paper_161.jpg","C:\Users\bouss\eco-tri-ia\data\classification\v2\train\paper\paper281.jpg","204AEC08EA3E72D57D09F1F25B692C23CA2BE48268914D5AA8DC5264CCD0C54D"
"C:\Users\bouss\eco-tri-ia\data\raw\garbage_dataset_v2\six_classes\paper\paper_163.jpg","C:\Users\bouss\eco-tri-ia\data\classification\v2\train\paper\paper592.jpg","6DE94A8AE9FCD8D62D4870BFA9369BCF4A9517E50DE9F12F818C903C4B054C0C"
"C:\Users\bouss\eco-tri-ia\data\raw\garbage_dataset_v2\six_classes\paper\paper_170.jpg","C:\Users\bouss\eco-tri-ia\data\classification\v2\train\paper\paper124.jpg","289B6C98F3BCBDA3BDF8CDF6B0570EBDE2BE0C309A2FEEAB53D07904BEBBE4A1"
"C:\Users\bouss\eco-tri-ia\data\raw\garbage_dataset_v2\six_classes\paper\paper_173.jpg","C:\Users\bouss\eco-tri-ia\data\classification\v2\train\paper\paper201.jpg","14B7F37BBBF8DB4370E18C90AC0F57BDA7D7D31E263FE086353BBAE93836C499"
"C:\Users\bouss\eco-tri-ia\data\raw\garbage_dataset_v2\six_classes\paper\paper_174.jpg","C:\Users\bouss\eco-tri-ia\data\classification\v2\val\paper\paper32.jpg","1FB0815EA681A3FD401551C8E7573DFC12ABAFEECED521D526973A6E0338312C"
"C:\Users\bouss\eco-tri-ia\data\raw\garbage_dataset_v2\six_classes\paper\paper_177.jpg","C:\Users\bouss\eco-tri-ia\data\classification\v2\train\paper\paper328.jpg","4C107A2D40D21BF4A3140045EB11B20CED98A7BDB49CE9CD0E0881988686EA17"
"C:\Users\bouss\eco-tri-ia\data\raw\garbage_dataset_v2\six_classes\paper\paper_18.jpg","C:\Users\bouss\eco-tri-ia\data\classification\v2\train\paper\paper448.jpg","B7FC8592F16FA6091B9E591D0486CE34BD6122A848FCE132A14E4C3A6E5C595D"
"C:\Users\bouss\eco-tri-ia\data\raw\garbage_dataset_v2\six_classes\paper\paper_181.jpg","C:\Users\bouss\eco-tri-ia\data\classification\v2\test\paper\paper131.jpg","B26BA9D2AA251F9ED74D4F9B7BBB37EB2B3EE1C921501C5C279EE50194878916"
"C:\Users\bouss\eco-tri-ia\data\raw\garbage_dataset_v2\six_classes\paper\paper_186.jpg","C:\Users\bouss\eco-tri-ia\data\classification\v2\test\paper\paper118.jpg","5B87770C7EAA97EAD3A7D15E11CE333082F234DA99B463F595EEC5D84C399527"
"C:\Users\bouss\eco-tri-ia\data\raw\garbage_dataset_v2\six_classes\paper\paper_19.jpg","C:\Users\bouss\eco-tri-ia\data\classification\v2\val\paper\paper95.jpg","561669D95F05F86D8FDF6193957889BB3A3FB5B19F2ADB87C14EE4110C7550DD"
"C:\Users\bouss\eco-tri-ia\data\raw\garbage_dataset_v2\six_classes\paper\paper_190.jpg","C:\Users\bouss\eco-tri-ia\data\classification\v2\train\paper\paper414.jpg","B138992A593C8EDD743DB9D00F837E6297AFFF3796314D1429069FBB51BAFC87"
"C:\Users\bouss\eco-tri-ia\data\raw\garbage_dataset_v2\six_classes\paper\paper_191.jpg","C:\Users\bouss\eco-tri-ia\data\classification\v2\train\paper\paper567.jpg","C8D3A7748CE6FEFCED94FFABF8D155B9CBB513856402CDE0947F075579570E57"
"C:\Users\bouss\eco-tri-ia\data\raw\garbage_dataset_v2\six_classes\paper\paper_192.jpg","C:\Users\bouss\eco-tri-ia\data\classification\v2\val\paper\paper85.jpg","BA24B0495B1C7590228018857D2F11CD85C456E22B653D46732C9B3A310D258D"
"C:\Users\bouss\eco-tri-ia\data\raw\garbage_dataset_v2\six_classes\paper\paper_193.jpg","C:\Users\bouss\eco-tri-ia\data\classification\v2\train\paper\paper13.jpg","057644EFE18833281F00EB77A07AD4024D626D1C6F3BC2130B97868DEF2E6408"
"C:\Users\bouss\eco-tri-ia\data\raw\garbage_dataset_v2\six_classes\paper\paper_194.jpg","C:\Users\bouss\eco-tri-ia\data\classification\v2\test\paper\paper179.jpg","5E5C91DD06FBC6404711F45064FC0D264D423993786AC3196E166E90BAF4CDC9"
"C:\Users\bouss\eco-tri-ia\data\raw\garbage_dataset_v2\six_classes\paper\paper_197.jpg","C:\Users\bouss\eco-tri-ia\data\classification\v2\train\paper\paper260.jpg","185094A156A4F7E66BF42E8901621859727D5835EEDF36102C2CA4A4419C9B9A"
"C:\Users\bouss\eco-tri-ia\data\raw\garbage_dataset_v2\six_classes\paper\paper_198.jpg","C:\Users\bouss\eco-tri-ia\data\classification\v2\train\paper\paper580.jpg","41B57D2C0C364EDC6D89B34D2E318C64088DB2D0EB6D54A3551F1FC892484359"
"C:\Users\bouss\eco-tri-ia\data\raw\garbage_dataset_v2\six_classes\paper\paper_200.jpg","C:\Users\bouss\eco-tri-ia\data\classification\v2\train\paper\paper393.jpg","C832FFD8B7D0591966ABE5147AD53CB2CEB0B47FFD5CDAA4AE4A78DF670AC0CE"
"C:\Users\bouss\eco-tri-ia\data\raw\garbage_dataset_v2\six_classes\paper\paper_201.jpg","C:\Users\bouss\eco-tri-ia\data\classification\v2\train\paper\paper289.jpg","7AE78B5A06265194F67C6BE02E1D7FF0349548AA362C50C8AC96C278F11F5FB3"
"C:\Users\bouss\eco-tri-ia\data\raw\garbage_dataset_v2\six_classes\paper\paper_203.jpg","C:\Users\bouss\eco-tri-ia\data\classification\v2\train\paper\paper170.jpg","E63F334F8F268DD4695C7842342EA1ADD475FF12B59F41179085834C5F0E6171"
"C:\Users\bouss\eco-tri-ia\data\raw\garbage_dataset_v2\six_classes\paper\paper_205.jpg","C:\Users\bouss\eco-tri-ia\data\classification\v2\train\paper\paper193.jpg","DE722DAFD4F2DAF45F77845C9943EBE20E9930A6A42BD894966D8B6FC09E9DB8"
"C:\Users\bouss\eco-tri-ia\data\raw\garbage_dataset_v2\six_classes\paper\paper_206.jpg","C:\Users\bouss\eco-tri-ia\data\classification\v2\train\paper\paper502.jpg","1CDE634898618890A7817C791F5F818B6CD269D7B651BE591CA76607D1388190"
"C:\Users\bouss\eco-tri-ia\data\raw\garbage_dataset_v2\six_classes\paper\paper_208.jpg","C:\Users\bouss\eco-tri-ia\data\classification\v2\train\paper\paper261.jpg","FFFEB7A6D2D37225AEE38BA0943B14B052529F3C4113C651913731B8EB80D52E"
"C:\Users\bouss\eco-tri-ia\data\raw\garbage_dataset_v2\six_classes\paper\paper_209.jpg","C:\Users\bouss\eco-tri-ia\data\classification\v2\train\paper\paper280.jpg","45F205EB9498434C6A82F8DEB9A4EC3A8650783062F4370E5936D021E6987B89"
"C:\Users\bouss\eco-tri-ia\data\raw\garbage_dataset_v2\six_classes\paper\paper_21.jpg","C:\Users\bouss\eco-tri-ia\data\classification\v2\train\paper\paper368.jpg","499C6B549DAE2FF71971D0A23C002E2834F7966510CA3195237FBB2B8ED8DD7F"
"C:\Users\bouss\eco-tri-ia\data\raw\garbage_dataset_v2\six_classes\paper\paper_214.jpg","C:\Users\bouss\eco-tri-ia\data\classification\v2\train\paper\paper276.jpg","77ECAD1966AEAC9E5A879C297C801F3DCA8DDCF7FE8DB85365B2D7C20C7CF034"
"C:\Users\bouss\eco-tri-ia\data\raw\garbage_dataset_v2\six_classes\paper\paper_217.jpg","C:\Users\bouss\eco-tri-ia\data\classification\v2\val\paper\paper199.jpg","AC0EBC670AA84FCE46D894B448BD0E09E0245CA227630FFC32690C99F5F6841D"
"C:\Users\bouss\eco-tri-ia\data\raw\garbage_dataset_v2\six_classes\paper\paper_219.jpg","C:\Users\bouss\eco-tri-ia\data\classification\v2\train\paper\paper153.jpg","0E358D72119E9683595D119F511D65212E0BFF253196494C48D31A297CDF976F"
"C:\Users\bouss\eco-tri-ia\data\raw\garbage_dataset_v2\six_classes\paper\paper_221.jpg","C:\Users\bouss\eco-tri-ia\data\classification\v2\train\paper\paper568.jpg","1F870076B896FE0BF5CF4F9F0417C16CB32010E05B42D1FDCF0A76DFF46F061C"
"C:\Users\bouss\eco-tri-ia\data\raw\garbage_dataset_v2\six_classes\paper\paper_223.jpg","C:\Users\bouss\eco-tri-ia\data\classification\v2\train\paper\paper220.jpg","4A270D6F2722CF14405C49A1747ED23E81C9104119836C49DE66C62B65773504"
"C:\Users\bouss\eco-tri-ia\data\raw\garbage_dataset_v2\six_classes\paper\paper_224.jpg","C:\Users\bouss\eco-tri-ia\data\classification\v2\train\paper\paper505.jpg","1EAE712AC200B7A5AB02AC1B977126371780DC32CB556E62E837C67B3D20DDE5"
"C:\Users\bouss\eco-tri-ia\data\raw\garbage_dataset_v2\six_classes\paper\paper_232.jpg","C:\Users\bouss\eco-tri-ia\data\classification\v2\train\paper\paper550.jpg","873E89CCA019D57E876D5C3167EE27469BF12BC234BC8E438410E06D48613991"
"C:\Users\bouss\eco-tri-ia\data\raw\garbage_dataset_v2\six_classes\paper\paper_235.jpg","C:\Users\bouss\eco-tri-ia\data\classification\v2\val\paper\paper275.jpg","3F7ED65F05F1715380F8587B6866E130240666E7CD130A1FE47CE1B59428FAA4"
"C:\Users\bouss\eco-tri-ia\data\raw\garbage_dataset_v2\six_classes\paper\paper_236.jpg","C:\Users\bouss\eco-tri-ia\data\classification\v2\train\paper\paper183.jpg","0154670A99EA33A7DF713E3C1D46B3DDBAAE489FE243844947B242E395041FE8"
"C:\Users\bouss\eco-tri-ia\data\raw\garbage_dataset_v2\six_classes\paper\paper_237.jpg","C:\Users\bouss\eco-tri-ia\data\classification\v2\train\paper\paper528.jpg","CC1E46F9638B8C20B0F3EE2BF690F22608E8130315463E8BC20E4FCFE26F8EDB"
"C:\Users\bouss\eco-tri-ia\data\raw\garbage_dataset_v2\six_classes\paper\paper_241.jpg","C:\Users\bouss\eco-tri-ia\data\classification\v2\train\paper\paper487.jpg","435EC5F06F2C3B17BDDDB0C8DF8C8A23E7A6CEC9709026A9981BEADE2BF4C8CC"
"C:\Users\bouss\eco-tri-ia\data\raw\garbage_dataset_v2\six_classes\paper\paper_243.jpg","C:\Users\bouss\eco-tri-ia\data\classification\v2\train\paper\paper584.jpg","3AAFD94B9EF477F76FA3D6D86224B44680363ABD0EBBB7AF3A99930876290C3C"
"C:\Users\bouss\eco-tri-ia\data\raw\garbage_dataset_v2\six_classes\paper\paper_244.jpg","C:\Users\bouss\eco-tri-ia\data\classification\v2\train\paper\paper74.jpg","C09F59B8068C9177A2B014D946B326F4D28855C6B93276078D4CB9D7593910AC"
"C:\Users\bouss\eco-tri-ia\data\raw\garbage_dataset_v2\six_classes\paper\paper_247.jpg","C:\Users\bouss\eco-tri-ia\data\classification\v2\train\paper\paper26.jpg","E66BC5E7650E12D64BEBABD46EC5E1C814E312C677F72D3556C06E2AA66FEBC8"
"C:\Users\bouss\eco-tri-ia\data\raw\garbage_dataset_v2\six_classes\paper\paper_249.jpg","C:\Users\bouss\eco-tri-ia\data\classification\v2\train\paper\paper565.jpg","293810FB17F833F24D38525B7CFD33C049C95AC0E2B760652D39E4A19555203B"
"C:\Users\bouss\eco-tri-ia\data\raw\garbage_dataset_v2\six_classes\paper\paper_25.jpg","C:\Users\bouss\eco-tri-ia\data\classification\v2\train\paper\paper87.jpg","424E4B99C87B9A0BCDE31B5835FB39F6428223508D1B3ED971D4D688B2D6ACEB"
"C:\Users\bouss\eco-tri-ia\data\raw\garbage_dataset_v2\six_classes\paper\paper_250.jpg","C:\Users\bouss\eco-tri-ia\data\classification\v2\train\paper\paper437.jpg","E931442AE08E67CBCD2B5BE98747F1C8082C84F9C6D9D1F8A35FB11E39B1D516"
"C:\Users\bouss\eco-tri-ia\data\raw\garbage_dataset_v2\six_classes\paper\paper_254.jpg","C:\Users\bouss\eco-tri-ia\data\classification\v2\test\paper\paper119.jpg","23A180B7424767954F5BABB1509DFA2DFE8628DD221BE271A1685F31A8094E0D"
"C:\Users\bouss\eco-tri-ia\data\raw\garbage_dataset_v2\six_classes\paper\paper_258.jpg","C:\Users\bouss\eco-tri-ia\data\classification\v2\train\paper\paper351.jpg","99630D53913D646B55B1B1F227789B1FF166D337DF1CF12AA87EC70CB0B12FFD"
"C:\Users\bouss\eco-tri-ia\data\raw\garbage_dataset_v2\six_classes\paper\paper_26.jpg","C:\Users\bouss\eco-tri-ia\data\classification\v2\train\paper\paper59.jpg","868BBA7189276887F4F84A656CDFCD0F0934CB0A0308E8EBA7806F37E7317E66"
"C:\Users\bouss\eco-tri-ia\data\raw\garbage_dataset_v2\six_classes\paper\paper_261.jpg","C:\Users\bouss\eco-tri-ia\data\classification\v2\test\paper\paper386.jpg","5A4EB22235A4EEED0170455067D4CE246ADFAC26A87679053BFC58F5F598E414"
"C:\Users\bouss\eco-tri-ia\data\raw\garbage_dataset_v2\six_classes\paper\paper_264.jpg","C:\Users\bouss\eco-tri-ia\data\classification\v2\val\paper\paper483.jpg","4F7D072AF99CB3068698B493CA467D309B47BA06052532C40A0504B439D27F18"
"C:\Users\bouss\eco-tri-ia\data\raw\garbage_dataset_v2\six_classes\paper\paper_268.jpg","C:\Users\bouss\eco-tri-ia\data\classification\v2\train\paper\paper529.jpg","41DB990D64D3070A7D5657566A307C6DFE30EFC37EF87762E34882BFFBACB011"
"C:\Users\bouss\eco-tri-ia\data\raw\garbage_dataset_v2\six_classes\paper\paper_272.jpg","C:\Users\bouss\eco-tri-ia\data\classification\v2\train\paper\paper278.jpg","FDC84B251B53941070FCA55F2A1D9344F3B84687F08FDCAF8B6262D1210740F7"
"C:\Users\bouss\eco-tri-ia\data\raw\garbage_dataset_v2\six_classes\paper\paper_273.jpg","C:\Users\bouss\eco-tri-ia\data\classification\v2\train\paper\paper188.jpg","D5801A74FEF2861C4B3DC48A909E6B391760BC7CE671A5FD83B043BFD9AFD744"
"C:\Users\bouss\eco-tri-ia\data\raw\garbage_dataset_v2\six_classes\paper\paper_274.jpg","C:\Users\bouss\eco-tri-ia\data\classification\v2\train\paper\paper485.jpg","F1B684DBCF63FB341D112962CA8DC42BF3EB3AE984FD3901BEFE335609817B50"
"C:\Users\bouss\eco-tri-ia\data\raw\garbage_dataset_v2\six_classes\paper\paper_277.jpg","C:\Users\bouss\eco-tri-ia\data\classification\v2\val\paper\paper577.jpg","9CE06B4214115851C2A0B489CF5506521EADDC4827F4557E9AC7BC1A6A7213B3"
"C:\Users\bouss\eco-tri-ia\data\raw\garbage_dataset_v2\six_classes\paper\paper_279.jpg","C:\Users\bouss\eco-tri-ia\data\classification\v2\train\paper\paper283.jpg","CC0B219C5A7C300B9802A9C81EE8180621D3C667540DE93DBCF9E04D00787EC1"
"C:\Users\bouss\eco-tri-ia\data\raw\garbage_dataset_v2\six_classes\paper\paper_280.jpg","C:\Users\bouss\eco-tri-ia\data\classification\v2\val\paper\paper111.jpg","5D1799D8BD5CBC76FF238C48CB674C86F84A608CA7D6AD1F2346E0CA146E34A4"
"C:\Users\bouss\eco-tri-ia\data\raw\garbage_dataset_v2\six_classes\paper\paper_281.jpg","C:\Users\bouss\eco-tri-ia\data\classification\v2\train\paper\paper370.jpg","DF9D803E2CFC2F74EB2D5DC579F898562E31158744CF68E4E9F4F53C6B3CCF1D"
"C:\Users\bouss\eco-tri-ia\data\raw\garbage_dataset_v2\six_classes\paper\paper_286.jpg","C:\Users\bouss\eco-tri-ia\data\classification\v2\test\paper\paper166.jpg","A848AB76A8047F94B61924A16727D9DF39A7439C65BFE1D26E9A066E70CBCC6B"
"C:\Users\bouss\eco-tri-ia\data\raw\garbage_dataset_v2\six_classes\paper\paper_287.jpg","C:\Users\bouss\eco-tri-ia\data\classification\v2\train\paper\paper455.jpg","FF8505D60892033473294569DA6B0D6A215340C17FCCB27BACE9E3E3FBC26C13"
"C:\Users\bouss\eco-tri-ia\data\raw\garbage_dataset_v2\six_classes\paper\paper_288.jpg","C:\Users\bouss\eco-tri-ia\data\classification\v2\train\paper\paper209.jpg","43DBB538BC61809E953AB1886BFEEAE68A76AB2ACFE6D1D01BF76768A0D334E2"
"C:\Users\bouss\eco-tri-ia\data\raw\garbage_dataset_v2\six_classes\paper\paper_29.jpg","C:\Users\bouss\eco-tri-ia\data\classification\v2\test\paper\paper268.jpg","2DE03F5598AE7F6182E5A3CE33516D2508185BEDB6FBA0987624483558C9E1C3"
"C:\Users\bouss\eco-tri-ia\data\raw\garbage_dataset_v2\six_classes\paper\paper_292.jpg","C:\Users\bouss\eco-tri-ia\data\classification\v2\train\paper\paper270.jpg","B3A509BA195DBCD85C4DC712ECCA234A565B43E234B7690838F93DB523016DEA"
"C:\Users\bouss\eco-tri-ia\data\raw\garbage_dataset_v2\six_classes\paper\paper_293.jpg","C:\Users\bouss\eco-tri-ia\data\classification\v2\val\paper\paper18.jpg","92024C5E902FB012F4D98D522AB7670494FAFE78A3FEEC0D84D03413E626E259"
"C:\Users\bouss\eco-tri-ia\data\raw\garbage_dataset_v2\six_classes\paper\paper_297.jpg","C:\Users\bouss\eco-tri-ia\data\classification\v2\val\paper\paper121.jpg","0611DB0E706C308FB625BB6C83494421F71D00C224956430CB258017D3FD286E"
"C:\Users\bouss\eco-tri-ia\data\raw\garbage_dataset_v2\six_classes\paper\paper_30.jpg","C:\Users\bouss\eco-tri-ia\data\classification\v2\test\paper\paper422.jpg","556FCB9ED2CC20B6816D292E1DEABDB67C1069A42D64EFF14569D034B24BBA3D"
"C:\Users\bouss\eco-tri-ia\data\raw\garbage_dataset_v2\six_classes\paper\paper_304.jpg","C:\Users\bouss\eco-tri-ia\data\classification\v2\train\paper\paper355.jpg","16A3D7A5B78F08397BA1BA7E9C611B37412D103A43AB4B6804B0718C69B7B5CB"
"C:\Users\bouss\eco-tri-ia\data\raw\garbage_dataset_v2\six_classes\paper\paper_307.jpg","C:\Users\bouss\eco-tri-ia\data\classification\v2\test\paper\paper240.jpg","F76432486A955C1B7CC87E2EB2CB93C50E099B6EDCD88EC50D74710958F18CCF"
"C:\Users\bouss\eco-tri-ia\data\raw\garbage_dataset_v2\six_classes\paper\paper_31.jpg","C:\Users\bouss\eco-tri-ia\data\classification\v2\val\paper\paper380.jpg","A5DD71B4A11FB595B8E5E6E660D5EFEA4A8AB792365147305B1E9AD0445DDFD6"
"C:\Users\bouss\eco-tri-ia\data\raw\garbage_dataset_v2\six_classes\paper\paper_311.jpg","C:\Users\bouss\eco-tri-ia\data\classification\v2\train\paper\paper245.jpg","1AB95B775216E6CD863740CC9DA770D680904F698F054BD22F625AE9AD84B83B"
"C:\Users\bouss\eco-tri-ia\data\raw\garbage_dataset_v2\six_classes\paper\paper_312.jpg","C:\Users\bouss\eco-tri-ia\data\classification\v2\test\paper\paper410.jpg","EF7DCC0DFF5FE504BB98A46C5F1BC2BCBDF7B98227D5D045501A4FCBDF6F30B8"
"C:\Users\bouss\eco-tri-ia\data\raw\garbage_dataset_v2\six_classes\paper\paper_314.jpg","C:\Users\bouss\eco-tri-ia\data\classification\v2\train\paper\paper38.jpg","56B0FCD0B4E95542EEA46247694FD7EA32D4AD863DC0CC4D4C4E588FFE49DB59"
"C:\Users\bouss\eco-tri-ia\data\raw\garbage_dataset_v2\six_classes\paper\paper_316.jpg","C:\Users\bouss\eco-tri-ia\data\classification\v2\train\paper\paper511.jpg","44C3A8746DE764692183AABA206853754323CB98B1C0853BAE98F33CE520DC24"
"C:\Users\bouss\eco-tri-ia\data\raw\garbage_dataset_v2\six_classes\paper\paper_317.jpg","C:\Users\bouss\eco-tri-ia\data\classification\v2\train\paper\paper60.jpg","491EAF967ECE7E09187A49D0CF2BF908C615750720905C8F2DD91171A1203AC0"
"C:\Users\bouss\eco-tri-ia\data\raw\garbage_dataset_v2\six_classes\paper\paper_319.jpg","C:\Users\bouss\eco-tri-ia\data\classification\v2\train\paper\paper433.jpg","CA9E1A9811589D9697A6EE9DA588DBEC665E765AC66AA25694F20795B3BAAA8B"
"C:\Users\bouss\eco-tri-ia\data\raw\garbage_dataset_v2\six_classes\paper\paper_32.jpg","C:\Users\bouss\eco-tri-ia\data\classification\v2\train\paper\paper384.jpg","D419BE16B9299F863B9CB62B392221BA0B7F7EE9723B93EE2AA39D6EFAB64EF9"
"C:\Users\bouss\eco-tri-ia\data\raw\garbage_dataset_v2\six_classes\paper\paper_320.jpg","C:\Users\bouss\eco-tri-ia\data\classification\v2\train\paper\paper323.jpg","4E0641741FD4821074BC75A6D608BDC138712795EB80B585A359F61E8AFAF5E8"
"C:\Users\bouss\eco-tri-ia\data\raw\garbage_dataset_v2\six_classes\paper\paper_324.jpg","C:\Users\bouss\eco-tri-ia\data\classification\v2\train\paper\paper248.jpg","04290269968B9C9713D5C0FA1FB026529D365C90A2CF268089B048B8262470E6"
"C:\Users\bouss\eco-tri-ia\data\raw\garbage_dataset_v2\six_classes\paper\paper_327.jpg","C:\Users\bouss\eco-tri-ia\data\classification\v2\val\paper\paper1.jpg","25063C2320FD0FFF4DC04317A7627418695C9970618A48073BB79CB3E542859C"
"C:\Users\bouss\eco-tri-ia\data\raw\garbage_dataset_v2\six_classes\paper\paper_332.jpg","C:\Users\bouss\eco-tri-ia\data\classification\v2\train\paper\paper253.jpg","35110D355588AFF72CE48CD838F1993A63B2F84C93F07724655B3A887B17CF50"
"C:\Users\bouss\eco-tri-ia\data\raw\garbage_dataset_v2\six_classes\paper\paper_334.jpg","C:\Users\bouss\eco-tri-ia\data\classification\v2\train\paper\paper421.jpg","2D38A56F93DEB17E1CE71B48564EE56FDCB103C35B17E0BF98E4821D9EEF04EC"
"C:\Users\bouss\eco-tri-ia\data\raw\garbage_dataset_v2\six_classes\paper\paper_336.jpg","C:\Users\bouss\eco-tri-ia\data\classification\v2\train\paper\paper93.jpg","12407E13F6331B69927BBF9DFAE1E08A6D0C7117FB0712D896F47269EF86730C"
"C:\Users\bouss\eco-tri-ia\data\raw\garbage_dataset_v2\six_classes\paper\paper_338.jpg","C:\Users\bouss\eco-tri-ia\data\classification\v2\train\paper\paper515.jpg","AD73F6F573594005DF19893AF48A002C721A9478E8C14A68E9F39503E28EDD04"
"C:\Users\bouss\eco-tri-ia\data\raw\garbage_dataset_v2\six_classes\paper\paper_339.jpg","C:\Users\bouss\eco-tri-ia\data\classification\v2\train\paper\paper446.jpg","3C450100D7911DFC43BF22A2C9D385B15E41DB51DB99F57FBE71C331B704E40B"
"C:\Users\bouss\eco-tri-ia\data\raw\garbage_dataset_v2\six_classes\paper\paper_34.jpg","C:\Users\bouss\eco-tri-ia\data\classification\v2\train\paper\paper411.jpg","F5D2B72BFA7372201C49690BBA1081C936C5554AA18E3CD7FA3A1DCB31FC8A3E"
"C:\Users\bouss\eco-tri-ia\data\raw\garbage_dataset_v2\six_classes\paper\paper_340.jpg","C:\Users\bouss\eco-tri-ia\data\classification\v2\train\paper\paper249.jpg","F57EB21A0CF7EBB2E8BCA63B34CAFCD36784A88DB211B4667FA3D2185CAC54A1"
"C:\Users\bouss\eco-tri-ia\data\raw\garbage_dataset_v2\six_classes\paper\paper_342.jpg","C:\Users\bouss\eco-tri-ia\data\classification\v2\train\paper\paper110.jpg","85AAFF6366C591FD1293F0B1A6A78BDBE010C2F78418BB3269FDE864A968153A"
"C:\Users\bouss\eco-tri-ia\data\raw\garbage_dataset_v2\six_classes\paper\paper_344.jpg","C:\Users\bouss\eco-tri-ia\data\classification\v2\test\paper\paper154.jpg","4B701580363466FD85CA3D58F7261945652ACB8548307C401E489E6D7A186639"
"C:\Users\bouss\eco-tri-ia\data\raw\garbage_dataset_v2\six_classes\paper\paper_348.jpg","C:\Users\bouss\eco-tri-ia\data\classification\v2\train\paper\paper522.jpg","E958ECBE96178E040C671A8B0BF8121FAC4049312BAAD3F953654138AF775E02"
"C:\Users\bouss\eco-tri-ia\data\raw\garbage_dataset_v2\six_classes\paper\paper_349.jpg","C:\Users\bouss\eco-tri-ia\data\classification\v2\test\paper\paper404.jpg","6E6FD8CD7880CDFCFFC336ED529826A32782AADC6B519F1E100EF03565D5C517"
"C:\Users\bouss\eco-tri-ia\data\raw\garbage_dataset_v2\six_classes\paper\paper_35.jpg","C:\Users\bouss\eco-tri-ia\data\classification\v2\train\paper\paper383.jpg","A1902E606B1818142C42C697547A9B3AA353EA0EE46EA01AA9E91DDF628E9D45"
"C:\Users\bouss\eco-tri-ia\data\raw\garbage_dataset_v2\six_classes\paper\paper_351.jpg","C:\Users\bouss\eco-tri-ia\data\classification\v2\train\paper\paper221.jpg","AB9BDDABF300D8DA615BB2D652EF81C4CF198102DB42A47D66B09A3D0DDD6561"
"C:\Users\bouss\eco-tri-ia\data\raw\garbage_dataset_v2\six_classes\paper\paper_353.jpg","C:\Users\bouss\eco-tri-ia\data\classification\v2\test\paper\paper357.jpg","7DECA712EE1EB68294F1558BEC2BC1D34C96D079686D8BB35783E88E2CD3D583"
"C:\Users\bouss\eco-tri-ia\data\raw\garbage_dataset_v2\six_classes\paper\paper_355.jpg","C:\Users\bouss\eco-tri-ia\data\classification\v2\train\paper\paper520.jpg","5157000AF5C64BB66548A4D63BFC8C14FF05F28550822676C0C4EB729DBF338E"
"C:\Users\bouss\eco-tri-ia\data\raw\garbage_dataset_v2\six_classes\paper\paper_356.jpg","C:\Users\bouss\eco-tri-ia\data\classification\v2\train\paper\paper54.jpg","B186BDF63509F0E177AD7B9412666A8422B0C968B00E0E7F28E46EF493E4C8B7"
"C:\Users\bouss\eco-tri-ia\data\raw\garbage_dataset_v2\six_classes\paper\paper_357.jpg","C:\Users\bouss\eco-tri-ia\data\classification\v2\test\paper\paper338.jpg","30E1B52627648DD1BEFA6133789E732A2FA77CA53CA802B112AF4053972397FB"
"C:\Users\bouss\eco-tri-ia\data\raw\garbage_dataset_v2\six_classes\paper\paper_36.jpg","C:\Users\bouss\eco-tri-ia\data\classification\v2\train\paper\paper234.jpg","BF02296C63A503E58AF7017F567FA6D49E9575A707BAEF0C306D02EB32723B40"
"C:\Users\bouss\eco-tri-ia\data\raw\garbage_dataset_v2\six_classes\paper\paper_360.jpg","C:\Users\bouss\eco-tri-ia\data\classification\v2\train\paper\paper327.jpg","BA28099671DE6183EEDB10B2D87CAC9074BC79D58B6634280E8ED0881289A26B"
"C:\Users\bouss\eco-tri-ia\data\raw\garbage_dataset_v2\six_classes\paper\paper_361.jpg","C:\Users\bouss\eco-tri-ia\data\classification\v2\train\paper\paper81.jpg","5A74AEFC5D97DF2259473445D28214AB4AE8BF3CFCC5C38E1E8031663F16A8D2"
"C:\Users\bouss\eco-tri-ia\data\raw\garbage_dataset_v2\six_classes\paper\paper_37.jpg","C:\Users\bouss\eco-tri-ia\data\classification\v2\val\paper\paper300.jpg","CA927223253CF6EEB07D622ADD184E88CB158DCA1E28B116E540C6E3D5F55902"
"C:\Users\bouss\eco-tri-ia\data\raw\garbage_dataset_v2\six_classes\paper\paper_371.jpg","C:\Users\bouss\eco-tri-ia\data\classification\v2\test\paper\paper128.jpg","85AFE3C81506544F2E5961185DCDBD6ADAE491710DB4ECA3AB9280669A2CB0A8"
"C:\Users\bouss\eco-tri-ia\data\raw\garbage_dataset_v2\six_classes\paper\paper_372.jpg","C:\Users\bouss\eco-tri-ia\data\classification\v2\train\paper\paper324.jpg","A1BFDA9FB1A15786E5446DBBB59F669D996F96A881FB29CEAF811928B0CD724D"
"C:\Users\bouss\eco-tri-ia\data\raw\garbage_dataset_v2\six_classes\paper\paper_374.jpg","C:\Users\bouss\eco-tri-ia\data\classification\v2\train\paper\paper396.jpg","A570DCE45BCC0A5FD458C816BA2E86D23CA96DB1DEE28DBB93529FE86FE3C95D"
"C:\Users\bouss\eco-tri-ia\data\raw\garbage_dataset_v2\six_classes\paper\paper_377.jpg","C:\Users\bouss\eco-tri-ia\data\classification\v2\val\paper\paper138.jpg","D3BC514EF97F8E6848541583CE9017B028BEF4758D2626426A51B3401B7858D9"
"C:\Users\bouss\eco-tri-ia\data\raw\garbage_dataset_v2\six_classes\paper\paper_38.jpg","C:\Users\bouss\eco-tri-ia\data\classification\v2\test\paper\paper294.jpg","4124289A0D756472E2FB36C2B4ECCC1614D68B1B6B1695147A5AFDE8FDB2A5B0"
"C:\Users\bouss\eco-tri-ia\data\raw\garbage_dataset_v2\six_classes\paper\paper_381.jpg","C:\Users\bouss\eco-tri-ia\data\classification\v2\train\paper\paper255.jpg","BCFED6BE1FA2122852ED8E45A21CECBF62A7CD3BE3C174DE5816B92A181CF4F7"
"C:\Users\bouss\eco-tri-ia\data\raw\garbage_dataset_v2\six_classes\paper\paper_382.jpg","C:\Users\bouss\eco-tri-ia\data\classification\v2\train\paper\paper237.jpg","6FBCC512074383D701EE0D046A7E2E93E29C29FF70E7DA069C375E65844D1111"
"C:\Users\bouss\eco-tri-ia\data\raw\garbage_dataset_v2\six_classes\paper\paper_388.jpg","C:\Users\bouss\eco-tri-ia\data\classification\v2\test\paper\paper37.jpg","AD799541ADFDB4D15A5975A2479D567E0F333C97F42BD3922A6E96C5B9230949"
"C:\Users\bouss\eco-tri-ia\data\raw\garbage_dataset_v2\six_classes\paper\paper_393.jpg","C:\Users\bouss\eco-tri-ia\data\classification\v2\test\paper\paper391.jpg","2109A41137370708C08412FA7C49492B52B57F90B1302F013B80E2A5D79C20C1"
"C:\Users\bouss\eco-tri-ia\data\raw\garbage_dataset_v2\six_classes\paper\paper_397.jpg","C:\Users\bouss\eco-tri-ia\data\classification\v2\test\paper\paper395.jpg","CFA21DE8E6076F3FE36FBB4ADC3D70AF54C4A6A25B4D9152881AAE08E31C0BF3"
"C:\Users\bouss\eco-tri-ia\data\raw\garbage_dataset_v2\six_classes\paper\paper_398.jpg","C:\Users\bouss\eco-tri-ia\data\classification\v2\train\paper\paper182.jpg","120C752ED14A6666ADE37725AF9E32FB854DFE96F692F007BB8DF43EDBAF1B85"
"C:\Users\bouss\eco-tri-ia\data\raw\garbage_dataset_v2\six_classes\paper\paper_399.jpg","C:\Users\bouss\eco-tri-ia\data\classification\v2\train\paper\paper259.jpg","15408D98468EDB4DA70E9C4710F5A70D2FFA57D1E04A8FD98CB2D0F879213585"
"C:\Users\bouss\eco-tri-ia\data\raw\garbage_dataset_v2\six_classes\paper\paper_40.jpg","C:\Users\bouss\eco-tri-ia\data\classification\v2\test\paper\paper125.jpg","E69CD68AD29D54DA782C3084294A11CA1C9BCB15A988E11A99F4E0B3CBC34397"
"C:\Users\bouss\eco-tri-ia\data\raw\garbage_dataset_v2\six_classes\paper\paper_403.jpg","C:\Users\bouss\eco-tri-ia\data\classification\v2\train\paper\paper265.jpg","35FACFC8651AD7DF30CB2E5C8AF7CFF56612BC9E241D06790EB9EB68EA7E944F"
"C:\Users\bouss\eco-tri-ia\data\raw\garbage_dataset_v2\six_classes\paper\paper_404.jpg","C:\Users\bouss\eco-tri-ia\data\classification\v2\train\paper\paper184.jpg","E213DBA504B8B21612184627034E934C01A7878C14DD964DC247AC1856E4FFEC"
"C:\Users\bouss\eco-tri-ia\data\raw\garbage_dataset_v2\six_classes\paper\paper_406.jpg","C:\Users\bouss\eco-tri-ia\data\classification\v2\train\paper\paper158.jpg","85D26779AD4FBB4D8B146F7AC09E177D36B105F1A4271013AD59D97E1C1EAD72"
"C:\Users\bouss\eco-tri-ia\data\raw\garbage_dataset_v2\six_classes\paper\paper_408.jpg","C:\Users\bouss\eco-tri-ia\data\classification\v2\test\paper\paper379.jpg","225710AD5BB0476AF876D7F2007335DA8FA5457649CCA500341CFCEB65FE0B75"
"C:\Users\bouss\eco-tri-ia\data\raw\garbage_dataset_v2\six_classes\paper\paper_409.jpg","C:\Users\bouss\eco-tri-ia\data\classification\v2\train\paper\paper319.jpg","F5BA9E9B9DC32963287E06E70EFE72FB458F0B00424C434A8D644038B980DDE7"
"C:\Users\bouss\eco-tri-ia\data\raw\garbage_dataset_v2\six_classes\paper\paper_412.jpg","C:\Users\bouss\eco-tri-ia\data\classification\v2\train\paper\paper269.jpg","D2BC44636B344F57A36A41D2C167C85DDE8186AB8E1671A78F67FE4427EFDD96"
"C:\Users\bouss\eco-tri-ia\data\raw\garbage_dataset_v2\six_classes\paper\paper_413.jpg","C:\Users\bouss\eco-tri-ia\data\classification\v2\val\paper\paper460.jpg","5B3B58C9692113054240A12AF277B88B8AD61B2ECC2FC1A948A11CE47EB7EB77"
"C:\Users\bouss\eco-tri-ia\data\raw\garbage_dataset_v2\six_classes\paper\paper_418.jpg","C:\Users\bouss\eco-tri-ia\data\classification\v2\train\paper\paper51.jpg","66D1FBBD073C0676B85450A5D1494337E93F581E81A9EC9BE3BC2A7FF5759245"
"C:\Users\bouss\eco-tri-ia\data\raw\garbage_dataset_v2\six_classes\paper\paper_419.jpg","C:\Users\bouss\eco-tri-ia\data\classification\v2\train\paper\paper439.jpg","EF1DA15838F4BD1A3FB454480BB6CBA871AD5F56F8D869CA57F8D1C56E528607"
"C:\Users\bouss\eco-tri-ia\data\raw\garbage_dataset_v2\six_classes\paper\paper_42.jpg","C:\Users\bouss\eco-tri-ia\data\classification\v2\train\paper\paper419.jpg","E02BCFD57FE1AE52F886E81139C0BBDF5C14261616683E36AA601A8A204CC9BB"
"C:\Users\bouss\eco-tri-ia\data\raw\garbage_dataset_v2\six_classes\paper\paper_420.jpg","C:\Users\bouss\eco-tri-ia\data\classification\v2\train\paper\paper555.jpg","864D3E080DBBFD68BAE03035DBF482A1CB2879F9236982A2B0103BB4F122A33B"
"C:\Users\bouss\eco-tri-ia\data\raw\garbage_dataset_v2\six_classes\paper\paper_421.jpg","C:\Users\bouss\eco-tri-ia\data\classification\v2\val\paper\paper198.jpg","AC28C3D7EF747CB7F08388DE9A74CA711F53B2CF7D2BA9348E7775A16734BDB3"
"C:\Users\bouss\eco-tri-ia\data\raw\garbage_dataset_v2\six_classes\paper\paper_422.jpg","C:\Users\bouss\eco-tri-ia\data\classification\v2\train\paper\paper473.jpg","22C8B0E6530B57C37B73985C1C74394372C9C2D4CB70D080C01CF6689143CFE3"
"C:\Users\bouss\eco-tri-ia\data\raw\garbage_dataset_v2\six_classes\paper\paper_424.jpg","C:\Users\bouss\eco-tri-ia\data\classification\v2\train\paper\paper581.jpg","9E39FE347FECA5439BDC81B9D343A22DAA7CC6CC607E278B29F0394ED5064452"
"C:\Users\bouss\eco-tri-ia\data\raw\garbage_dataset_v2\six_classes\paper\paper_426.jpg","C:\Users\bouss\eco-tri-ia\data\classification\v2\train\paper\paper482.jpg","905DCBBBC2870F060B986FB8784756D6C1F93C3F4C2414BFB2C1E64DF9EE8249"
"C:\Users\bouss\eco-tri-ia\data\raw\garbage_dataset_v2\six_classes\paper\paper_429.jpg","C:\Users\bouss\eco-tri-ia\data\classification\v2\test\paper\paper545.jpg","84F3C2CDA395F5CEB202F4289BC1AAD7354DB5351D3A136D1AFCB50AA4F403A7"
"C:\Users\bouss\eco-tri-ia\data\raw\garbage_dataset_v2\six_classes\paper\paper_431.jpg","C:\Users\bouss\eco-tri-ia\data\classification\v2\train\paper\paper441.jpg","B58A23ED92849833655C0E6D7F67C786CCD95CB09EC2E4826D620CF0A9540E69"
"C:\Users\bouss\eco-tri-ia\data\raw\garbage_dataset_v2\six_classes\paper\paper_435.jpg","C:\Users\bouss\eco-tri-ia\data\classification\v2\val\paper\paper447.jpg","83240E4486ABF863306A7F9D9C8636D4C0F2D9D0A0CD006AC7B98C9F500609D5"
"C:\Users\bouss\eco-tri-ia\data\raw\garbage_dataset_v2\six_classes\paper\paper_438.jpg","C:\Users\bouss\eco-tri-ia\data\classification\v2\train\paper\paper187.jpg","AB55E286EA628B5C911DD454FD37B0E64222900E7E27DF41417F378D3C62299F"
"C:\Users\bouss\eco-tri-ia\data\raw\garbage_dataset_v2\six_classes\paper\paper_439.jpg","C:\Users\bouss\eco-tri-ia\data\classification\v2\train\paper\paper21.jpg","56FC6E2DE1258E237EFE35E1F7823D3B467EFACE0BCB176ED44DC8478414AD5A"
"C:\Users\bouss\eco-tri-ia\data\raw\garbage_dataset_v2\six_classes\paper\paper_441.jpg","C:\Users\bouss\eco-tri-ia\data\classification\v2\test\paper\paper230.jpg","ED0DC6D84E854474029CBBFF340C1E01F05F4DE2880748A13B27465D2F5E5ECB"
"C:\Users\bouss\eco-tri-ia\data\raw\garbage_dataset_v2\six_classes\paper\paper_444.jpg","C:\Users\bouss\eco-tri-ia\data\classification\v2\train\paper\paper306.jpg","73363A36AE033A534E62C2150C2AE4285453D880A16F2FAC628AA7059589D613"
"C:\Users\bouss\eco-tri-ia\data\raw\garbage_dataset_v2\six_classes\paper\paper_445.jpg","C:\Users\bouss\eco-tri-ia\data\classification\v2\train\paper\paper215.jpg","94BA3358C23A90B1CB1938887814D6C417A0A65414328E7766FC9CA2BF3E86C5"
"C:\Users\bouss\eco-tri-ia\data\raw\garbage_dataset_v2\six_classes\paper\paper_446.jpg","C:\Users\bouss\eco-tri-ia\data\classification\v2\train\paper\paper100.jpg","99B2E9CF63612AB39D5664972D6F51457C32EFF0E049E9279446031F78FD1BCD"
"C:\Users\bouss\eco-tri-ia\data\raw\garbage_dataset_v2\six_classes\paper\paper_449.jpg","C:\Users\bouss\eco-tri-ia\data\classification\v2\train\paper\paper514.jpg","B60D9D17BC14273941B2F1DF9DFF2FCA612146EBD5EFF495498138D8CBF58E55"
"C:\Users\bouss\eco-tri-ia\data\raw\garbage_dataset_v2\six_classes\paper\paper_451.jpg","C:\Users\bouss\eco-tri-ia\data\classification\v2\train\paper\paper236.jpg","90F778E6251C1B6A876A0FD17A958CA8E8D95B68CFB42102864E352594BE9025"
"C:\Users\bouss\eco-tri-ia\data\raw\garbage_dataset_v2\six_classes\paper\paper_454.jpg","C:\Users\bouss\eco-tri-ia\data\classification\v2\train\paper\paper458.jpg","0BDA48FE1972EBBCF982F8934F9F171DF7C6109772BE028F8605AD06ECD529C5"
"C:\Users\bouss\eco-tri-ia\data\raw\garbage_dataset_v2\six_classes\paper\paper_461.jpg","C:\Users\bouss\eco-tri-ia\data\classification\v2\test\paper\paper160.jpg","0490E06C49CC09E801B5A3B988C0E4CAE3A277E0C0DCF1532DD2481EC12F541C"
"C:\Users\bouss\eco-tri-ia\data\raw\garbage_dataset_v2\six_classes\paper\paper_462.jpg","C:\Users\bouss\eco-tri-ia\data\classification\v2\test\paper\paper254.jpg","70E314C239A2C9DA73B825E1E9E42B84AB8CEEEEB35F8810A7ACD96E37129EDB"
"C:\Users\bouss\eco-tri-ia\data\raw\garbage_dataset_v2\six_classes\paper\paper_463.jpg","C:\Users\bouss\eco-tri-ia\data\classification\v2\train\paper\paper435.jpg","DAA82D2D089366DBE95E8CCBBB1B33708346B1A0F697F5B63F65B173BD9A2419"
"C:\Users\bouss\eco-tri-ia\data\raw\garbage_dataset_v2\six_classes\paper\paper_464.jpg","C:\Users\bouss\eco-tri-ia\data\classification\v2\train\paper\paper211.jpg","A594F043637E0224639690B483B8201D2C4E62B664D69A441690FA90C1588642"
"C:\Users\bouss\eco-tri-ia\data\raw\garbage_dataset_v2\six_classes\paper\paper_466.jpg","C:\Users\bouss\eco-tri-ia\data\classification\v2\test\paper\paper151.jpg","E8DAE52E19B71132148ECEAD963B3647BD7198DFE3F59EC40CBB01DFCB1FEA0B"
"C:\Users\bouss\eco-tri-ia\data\raw\garbage_dataset_v2\six_classes\paper\paper_467.jpg","C:\Users\bouss\eco-tri-ia\data\classification\v2\train\paper\paper523.jpg","09E7ECCD73B0F56D3DAA6656D3A1388E92B9B25AFF046816CABA9C7D05B244D4"
"C:\Users\bouss\eco-tri-ia\data\raw\garbage_dataset_v2\six_classes\paper\paper_468.jpg","C:\Users\bouss\eco-tri-ia\data\classification\v2\train\paper\paper299.jpg","805325E683B5B94A070BAD3D6D1CE98C8038993A557B39F3AE0F10ECBAF0BDF1"
"C:\Users\bouss\eco-tri-ia\data\raw\garbage_dataset_v2\six_classes\paper\paper_469.jpg","C:\Users\bouss\eco-tri-ia\data\classification\v2\train\paper\paper449.jpg","6406255B7C7F7A0E1A1CCCE70D66401913FB23C7648F258B8B5DEC5EEA493481"
"C:\Users\bouss\eco-tri-ia\data\raw\garbage_dataset_v2\six_classes\paper\paper_47.jpg","C:\Users\bouss\eco-tri-ia\data\classification\v2\train\paper\paper286.jpg","524D7A3CE85CF7439BCD1340CD6D94BA77E1C3B17BD2477F2FEB529FB190C3E3"
"C:\Users\bouss\eco-tri-ia\data\raw\garbage_dataset_v2\six_classes\paper\paper_478.jpg","C:\Users\bouss\eco-tri-ia\data\classification\v2\test\paper\paper258.jpg","D5089D5391B1C8C5223C84D74F3CD937C89F32967FF3086F8DB6E80180144502"
"C:\Users\bouss\eco-tri-ia\data\raw\garbage_dataset_v2\six_classes\paper\paper_482.jpg","C:\Users\bouss\eco-tri-ia\data\classification\v2\train\paper\paper91.jpg","CA7957DE64E9ED35415141E78514FD1D246C3A9B6451230619C36269AC513874"
"C:\Users\bouss\eco-tri-ia\data\raw\garbage_dataset_v2\six_classes\paper\paper_487.jpg","C:\Users\bouss\eco-tri-ia\data\classification\v2\train\paper\paper318.jpg","689BAB0F6E722E0D6755F64773EB908CF42764D9DD7165A2081FCE57064DC837"
"C:\Users\bouss\eco-tri-ia\data\raw\garbage_dataset_v2\six_classes\paper\paper_489.jpg","C:\Users\bouss\eco-tri-ia\data\classification\v2\train\paper\paper197.jpg","E99597BDBD5E42EA4DD8D063230926CC0AEE1D4E48593E841EAAB8AEC7A10132"
"C:\Users\bouss\eco-tri-ia\data\raw\garbage_dataset_v2\six_classes\paper\paper_490.jpg","C:\Users\bouss\eco-tri-ia\data\classification\v2\train\paper\paper231.jpg","8F7C78A2B3B24D2C20998F41AB7454011829FCC96970BF5AAE106C7D66538D3A"
"C:\Users\bouss\eco-tri-ia\data\raw\garbage_dataset_v2\six_classes\paper\paper_492.jpg","C:\Users\bouss\eco-tri-ia\data\classification\v2\train\paper\paper92.jpg","EC6E1D5683E3CEB8BC68E7617814DB08A5A01907B24F5D9CAD32B7385271DA78"
"C:\Users\bouss\eco-tri-ia\data\raw\garbage_dataset_v2\six_classes\paper\paper_494.jpg","C:\Users\bouss\eco-tri-ia\data\classification\v2\train\paper\paper262.jpg","9298D575BE19F5359A2DEDEDCD924BCC6DCF3DD5DBBF155B44A04D4E2B2E3FE4"
"C:\Users\bouss\eco-tri-ia\data\raw\garbage_dataset_v2\six_classes\paper\paper_497.jpg","C:\Users\bouss\eco-tri-ia\data\classification\v2\train\paper\paper316.jpg","84394AF3DA0036E7514BE37E2B90F78860E1835BFD4BEEF8EA2F797DABC7DEC7"
"C:\Users\bouss\eco-tri-ia\data\raw\garbage_dataset_v2\six_classes\paper\paper_5.jpg","C:\Users\bouss\eco-tri-ia\data\classification\v2\train\paper\paper352.jpg","645BE3C6A79690AF201E2D7A959038834D807FC7C69FD129AEEE36093C799BE3"
"C:\Users\bouss\eco-tri-ia\data\raw\garbage_dataset_v2\six_classes\paper\paper_501.jpg","C:\Users\bouss\eco-tri-ia\data\classification\v2\val\paper\paper290.jpg","7F90584427C4C9A2FE2FD7EF285D99C2836DE4A04736A77DE05B8D51C3C63AED"
"C:\Users\bouss\eco-tri-ia\data\raw\garbage_dataset_v2\six_classes\paper\paper_503.jpg","C:\Users\bouss\eco-tri-ia\data\classification\v2\test\paper\paper402.jpg","780778C2A59F32B3AA494988B04B726380A46461686E1E583F20691849EF3C9C"
"C:\Users\bouss\eco-tri-ia\data\raw\garbage_dataset_v2\six_classes\paper\paper_504.jpg","C:\Users\bouss\eco-tri-ia\data\classification\v2\test\paper\paper428.jpg","09E48F6BE6E26E151C8FE44499A14C46D23E80D92A2478D990B14FF8D1BE5FAD"
"C:\Users\bouss\eco-tri-ia\data\raw\garbage_dataset_v2\six_classes\paper\paper_506.jpg","C:\Users\bouss\eco-tri-ia\data\classification\v2\train\paper\paper71.jpg","BBEE1C3572CE9AABBA96DC406C0B5BB709DBAABF8C95005EB26E4D4B96C92353"
"C:\Users\bouss\eco-tri-ia\data\raw\garbage_dataset_v2\six_classes\paper\paper_507.jpg","C:\Users\bouss\eco-tri-ia\data\classification\v2\test\paper\paper469.jpg","8EDEFFD3D9DC0AEFBB6D0669237476864F1ABEB0B82AEFA5C55D23A52FDDC8E3"
"C:\Users\bouss\eco-tri-ia\data\raw\garbage_dataset_v2\six_classes\paper\paper_509.jpg","C:\Users\bouss\eco-tri-ia\data\classification\v2\val\paper\paper537.jpg","6A24F95698F17964405EAAB74C341C291A5B489487D19C2656FC815E3024BED2"
"C:\Users\bouss\eco-tri-ia\data\raw\garbage_dataset_v2\six_classes\paper\paper_513.jpg","C:\Users\bouss\eco-tri-ia\data\classification\v2\val\paper\paper412.jpg","8303E24006A890886C240FDEBAFD2367BB155876400F431869CE3ED485978C92"
"C:\Users\bouss\eco-tri-ia\data\raw\garbage_dataset_v2\six_classes\paper\paper_514.jpg","C:\Users\bouss\eco-tri-ia\data\classification\v2\train\paper\paper311.jpg","E2579B837BD6B550F3A2DBAD88977751795167A35B7B88ABEF6BF470E8F0D1DC"
"C:\Users\bouss\eco-tri-ia\data\raw\garbage_dataset_v2\six_classes\paper\paper_518.jpg","C:\Users\bouss\eco-tri-ia\data\classification\v2\test\paper\paper284.jpg","08D8D85108C138824C66DF05DCE02DDE50342D846881F4DE81F4A64C8ACD3391"
"C:\Users\bouss\eco-tri-ia\data\raw\garbage_dataset_v2\six_classes\paper\paper_519.jpg","C:\Users\bouss\eco-tri-ia\data\classification\v2\train\paper\paper450.jpg","330019BCEDE08076860BAD6D91AFF0C352AF470C12EBFF3BF02A8072EAD81C44"
"C:\Users\bouss\eco-tri-ia\data\raw\garbage_dataset_v2\six_classes\paper\paper_52.jpg","C:\Users\bouss\eco-tri-ia\data\classification\v2\train\paper\paper526.jpg","0D8032903E348D8797D74CAA956AF7613E3ADF78D98EB7D44F5DE41324122187"
"C:\Users\bouss\eco-tri-ia\data\raw\garbage_dataset_v2\six_classes\paper\paper_520.jpg","C:\Users\bouss\eco-tri-ia\data\classification\v2\train\paper\paper512.jpg","8389EEA3660C3BFCF6DAC97BB4A4C0F39D2D1157A6C3D2769CF6F3BF3DD0E8F9"
"C:\Users\bouss\eco-tri-ia\data\raw\garbage_dataset_v2\six_classes\paper\paper_521.jpg","C:\Users\bouss\eco-tri-ia\data\classification\v2\train\paper\paper150.jpg","F2801BF9C145AE36C1753AEE3929C2DEB979275CF4CA2C24AA959BF1542C3CCA"
"C:\Users\bouss\eco-tri-ia\data\raw\garbage_dataset_v2\six_classes\paper\paper_522.jpg","C:\Users\bouss\eco-tri-ia\data\classification\v2\train\paper\paper31.jpg","9CB0F0A8B09D20626752B88D2F1D30E13FF4012B2052639B07350D04F28D023C"
"C:\Users\bouss\eco-tri-ia\data\raw\garbage_dataset_v2\six_classes\paper\paper_526.jpg","C:\Users\bouss\eco-tri-ia\data\classification\v2\val\paper\paper405.jpg","14B420EE53548BF7CF8B43990916202A6E125DF8DE67D33D55FE4C2E230A946A"
"C:\Users\bouss\eco-tri-ia\data\raw\garbage_dataset_v2\six_classes\paper\paper_53.jpg","C:\Users\bouss\eco-tri-ia\data\classification\v2\val\paper\paper347.jpg","106F0183419C48FB9812CFFED986F8ACDCBD46E30F1074479B11F36AF44775E0"
"C:\Users\bouss\eco-tri-ia\data\raw\garbage_dataset_v2\six_classes\paper\paper_531.jpg","C:\Users\bouss\eco-tri-ia\data\classification\v2\train\paper\paper55.jpg","61E4135A107681ED768C845A1C5944DFF554041FCE30E8FF2263BE7F1F684B6B"
"C:\Users\bouss\eco-tri-ia\data\raw\garbage_dataset_v2\six_classes\paper\paper_534.jpg","C:\Users\bouss\eco-tri-ia\data\classification\v2\train\paper\paper217.jpg","6AAEB6A4D2CDE578780778E601DB7672976B48E31BA0DE80FC927CA20AB5184D"
"C:\Users\bouss\eco-tri-ia\data\raw\garbage_dataset_v2\six_classes\paper\paper_539.jpg","C:\Users\bouss\eco-tri-ia\data\classification\v2\train\paper\paper354.jpg","060686C8212B009E41D21712E8D132D4E5A0A0EACF07BEE5D81095C63F384164"
"C:\Users\bouss\eco-tri-ia\data\raw\garbage_dataset_v2\six_classes\paper\paper_542.jpg","C:\Users\bouss\eco-tri-ia\data\classification\v2\test\paper\paper35.jpg","78992143E1A96F32070E8CCE67D11216B57CDBFE9FCB9BEF2599428726607FC0"
"C:\Users\bouss\eco-tri-ia\data\raw\garbage_dataset_v2\six_classes\paper\paper_543.jpg","C:\Users\bouss\eco-tri-ia\data\classification\v2\val\paper\paper516.jpg","2192C4E4D3E7ABBE057E4EA29633C1A1BC34EBE571191A94F856E16588ADA713"
"C:\Users\bouss\eco-tri-ia\data\raw\garbage_dataset_v2\six_classes\paper\paper_545.jpg","C:\Users\bouss\eco-tri-ia\data\classification\v2\train\paper\paper464.jpg","309BE609A5CD266A1DD34B7E2BC17770E274CE1AC156B7A59F2B2C36B0E5E072"
"C:\Users\bouss\eco-tri-ia\data\raw\garbage_dataset_v2\six_classes\paper\paper_55.jpg","C:\Users\bouss\eco-tri-ia\data\classification\v2\train\paper\paper310.jpg","59604B5D9853AF847AA620101FE9EA5E89818E581E6FD454A04DAB67BC39B4D7"
"C:\Users\bouss\eco-tri-ia\data\raw\garbage_dataset_v2\six_classes\paper\paper_551.jpg","C:\Users\bouss\eco-tri-ia\data\classification\v2\train\paper\paper195.jpg","B02455643FD5C498F1E8502BF3772BEBD72EB4DF2A98CA3C77BA0D36A3DF1FAB"
"C:\Users\bouss\eco-tri-ia\data\raw\garbage_dataset_v2\six_classes\paper\paper_552.jpg","C:\Users\bouss\eco-tri-ia\data\classification\v2\train\paper\paper438.jpg","242A6EC8181C6D33F83822C9DDCD4287C8A0F9E927EC8695794777182D0890D7"
"C:\Users\bouss\eco-tri-ia\data\raw\garbage_dataset_v2\six_classes\paper\paper_554.jpg","C:\Users\bouss\eco-tri-ia\data\classification\v2\train\paper\paper471.jpg","72E04D21284B07735EB8BB520A5D5B1AEE0293FA0A7ADACFB215319A8B11CBC5"
"C:\Users\bouss\eco-tri-ia\data\raw\garbage_dataset_v2\six_classes\paper\paper_556.jpg","C:\Users\bouss\eco-tri-ia\data\classification\v2\train\paper\paper544.jpg","FC2C6AFEF0DBDF818A4BD80028819E10BD16CF16831C762EF49A6BD64857EDC4"
"C:\Users\bouss\eco-tri-ia\data\raw\garbage_dataset_v2\six_classes\paper\paper_558.jpg","C:\Users\bouss\eco-tri-ia\data\classification\v2\train\paper\paper343.jpg","6C716828B1C48D294CCDF484F4B8AAA197078EFA5C918E60F05F760D4757B3AF"
"C:\Users\bouss\eco-tri-ia\data\raw\garbage_dataset_v2\six_classes\paper\paper_559.jpg","C:\Users\bouss\eco-tri-ia\data\classification\v2\train\paper\paper192.jpg","CDEB2D58D2499CCECB23A9386CDC4BEAC90121E646C508EA7CDAFB6545D0288D"
"C:\Users\bouss\eco-tri-ia\data\raw\garbage_dataset_v2\six_classes\paper\paper_560.jpg","C:\Users\bouss\eco-tri-ia\data\classification\v2\train\paper\paper442.jpg","28A89D70D811CDBC534B659A7692F948A40DE7415F76B3028A593C9FB6E43C52"
"C:\Users\bouss\eco-tri-ia\data\raw\garbage_dataset_v2\six_classes\paper\paper_562.jpg","C:\Users\bouss\eco-tri-ia\data\classification\v2\train\paper\paper47.jpg","F40EAD1AC801A3FB2E9520C1F383952CC940A9E958F3A7DC3B33C402FFC061B7"
"C:\Users\bouss\eco-tri-ia\data\raw\garbage_dataset_v2\six_classes\paper\paper_564.jpg","C:\Users\bouss\eco-tri-ia\data\classification\v2\train\paper\paper15.jpg","AAC615F56E68623E06DEDE09BB4A555A78F3E57FD0A91C7A290EC04F6D240863"
"C:\Users\bouss\eco-tri-ia\data\raw\garbage_dataset_v2\six_classes\paper\paper_565.jpg","C:\Users\bouss\eco-tri-ia\data\classification\v2\train\paper\paper445.jpg","D7BD28AD16F0C2F6CCA6D0F884545EE188C4BE28B214C70236C573DC9A7E3070"
"C:\Users\bouss\eco-tri-ia\data\raw\garbage_dataset_v2\six_classes\paper\paper_566.jpg","C:\Users\bouss\eco-tri-ia\data\classification\v2\train\paper\paper573.jpg","01DE0E642D3DA0CA996DB66780A0DE0494A68A4F9897FDD8747850BCBAC51174"
"C:\Users\bouss\eco-tri-ia\data\raw\garbage_dataset_v2\six_classes\paper\paper_569.jpg","C:\Users\bouss\eco-tri-ia\data\classification\v2\test\paper\paper326.jpg","E3A83780CDB3DF0140055114E6ECF7D88C0D2F426367640492CF202B344CC4DA"
"C:\Users\bouss\eco-tri-ia\data\raw\garbage_dataset_v2\six_classes\paper\paper_57.jpg","C:\Users\bouss\eco-tri-ia\data\classification\v2\train\paper\paper178.jpg","F31F9D54FEEA5FB92A669B87655F52F5575C0B4D4A6EB471E66BD7AC3C220CD8"
"C:\Users\bouss\eco-tri-ia\data\raw\garbage_dataset_v2\six_classes\paper\paper_573.jpg","C:\Users\bouss\eco-tri-ia\data\classification\v2\train\paper\paper427.jpg","3BE8B3C06FD8AC3684FD3EF524D402F7FE00BD5BA88881DE3574C9EC2209306A"
"C:\Users\bouss\eco-tri-ia\data\raw\garbage_dataset_v2\six_classes\paper\paper_578.jpg","C:\Users\bouss\eco-tri-ia\data\classification\v2\train\paper\paper320.jpg","E6242684B9A35E14E4730AB2406A3FE5F626E15325672CCC48B80B09054A4763"
"C:\Users\bouss\eco-tri-ia\data\raw\garbage_dataset_v2\six_classes\paper\paper_58.jpg","C:\Users\bouss\eco-tri-ia\data\classification\v2\test\paper\paper322.jpg","2957DE05A0EBC4770B9DD721F852E600073330914FA756728629A308D15B9F2C"
"C:\Users\bouss\eco-tri-ia\data\raw\garbage_dataset_v2\six_classes\paper\paper_584.jpg","C:\Users\bouss\eco-tri-ia\data\classification\v2\train\paper\paper499.jpg","2658CC2C0491706F7B2CEF7383C367295CA39291C1C26989E035EEDE274E268D"
"C:\Users\bouss\eco-tri-ia\data\raw\garbage_dataset_v2\six_classes\paper\paper_586.jpg","C:\Users\bouss\eco-tri-ia\data\classification\v2\test\paper\paper432.jpg","EF0A95B74FCAB71D016E8D5F42E99C6EECF51AB8B0724B2A67DB0E68CD108528"
"C:\Users\bouss\eco-tri-ia\data\raw\garbage_dataset_v2\six_classes\paper\paper_589.jpg","C:\Users\bouss\eco-tri-ia\data\classification\v2\val\paper\paper73.jpg","CFC16F691225374DEDC84D4FDAA372B3350AA7EC2499250B6E9CD120F159EAAA"
"C:\Users\bouss\eco-tri-ia\data\raw\garbage_dataset_v2\six_classes\paper\paper_59.jpg","C:\Users\bouss\eco-tri-ia\data\classification\v2\val\paper\paper535.jpg","B1873815E7343F96CE71943BA13D0DE9ACDFFCB3DAAF61D6A5293EA91E580CA7"
"C:\Users\bouss\eco-tri-ia\data\raw\garbage_dataset_v2\six_classes\paper\paper_590.jpg","C:\Users\bouss\eco-tri-ia\data\classification\v2\val\paper\paper470.jpg","89C34D6081D6253EEC9FF5D4B81D5E406DE7B5DDD6EC4563EB55CC986181FA5C"
"C:\Users\bouss\eco-tri-ia\data\raw\garbage_dataset_v2\six_classes\paper\paper_594.jpg","C:\Users\bouss\eco-tri-ia\data\classification\v2\train\paper\paper94.jpg","FC31668AB981BABAF03D2F380744914D5651A83C0639FCFBA0841B351C720A3C"
"C:\Users\bouss\eco-tri-ia\data\raw\garbage_dataset_v2\six_classes\paper\paper_595.jpg","C:\Users\bouss\eco-tri-ia\data\classification\v2\val\paper\paper29.jpg","F9967FECFA2AC3D694A8A4AF77CD10268DFBB43FADDEB21A180336A636AB81A7"
"C:\Users\bouss\eco-tri-ia\data\raw\garbage_dataset_v2\six_classes\paper\paper_596.jpg","C:\Users\bouss\eco-tri-ia\data\classification\v2\test\paper\paper484.jpg","AAE61CE624C9648ED92D509EEC4D36D0CAF7825F064CA460533E0BBE8D3CBE3C"
"C:\Users\bouss\eco-tri-ia\data\raw\garbage_dataset_v2\six_classes\paper\paper_599.jpg","C:\Users\bouss\eco-tri-ia\data\classification\v2\train\paper\paper420.jpg","E639D177FC6A0930EC7F2BD86175181707E8534140DBFE3A96468E29324F5F1E"
"C:\Users\bouss\eco-tri-ia\data\raw\garbage_dataset_v2\six_classes\paper\paper_6.jpg","C:\Users\bouss\eco-tri-ia\data\classification\v2\train\paper\paper463.jpg","53F3381AB8B4B0CEA5CEBFB9EF6766C5485BFD23C9F806BF70548EAD38103D4D"
"C:\Users\bouss\eco-tri-ia\data\raw\garbage_dataset_v2\six_classes\paper\paper_603.jpg","C:\Users\bouss\eco-tri-ia\data\classification\v2\train\paper\paper417.jpg","EB9B410C41457573184918DB22E03BC35B9D03B28CDD7C563AADAC1F4B88BEC8"
"C:\Users\bouss\eco-tri-ia\data\raw\garbage_dataset_v2\six_classes\paper\paper_604.jpg","C:\Users\bouss\eco-tri-ia\data\classification\v2\train\paper\paper274.jpg","31C828E47426BC14E44EA6C75457D880E32EC9F59D85C79565EF1F7FBA7BD184"
"C:\Users\bouss\eco-tri-ia\data\raw\garbage_dataset_v2\six_classes\paper\paper_608.jpg","C:\Users\bouss\eco-tri-ia\data\classification\v2\train\paper\paper586.jpg","2105D5C225846BB12C844CE82E7B2ECB3E8C7D73C37DCE1C5F8E623528E486AD"
"C:\Users\bouss\eco-tri-ia\data\raw\garbage_dataset_v2\six_classes\paper\paper_610.jpg","C:\Users\bouss\eco-tri-ia\data\classification\v2\train\paper\paper375.jpg","D5B57B5EBB185828D39E7FCBB374C6281861ACEFF9DADB592D6F6EC3D770382D"
"C:\Users\bouss\eco-tri-ia\data\raw\garbage_dataset_v2\six_classes\paper\paper_615.jpg","C:\Users\bouss\eco-tri-ia\data\classification\v2\val\paper\paper532.jpg","8BCD2587BAB0E7A5DB16C85AB5CF9128FEB66E014ABACA8DFA4DE307BC431706"
"C:\Users\bouss\eco-tri-ia\data\raw\garbage_dataset_v2\six_classes\paper\paper_619.jpg","C:\Users\bouss\eco-tri-ia\data\classification\v2\train\paper\paper372.jpg","53556859388321D238BE04D22EE85639060A8426AAC9E5BCA2721AEDF5BF722A"
"C:\Users\bouss\eco-tri-ia\data\raw\garbage_dataset_v2\six_classes\paper\paper_620.jpg","C:\Users\bouss\eco-tri-ia\data\classification\v2\val\paper\paper508.jpg","C2A71D79FF42FF3C431A14C96D7B4E5E82F526840C85B396703408DEE0E4A56D"
"C:\Users\bouss\eco-tri-ia\data\raw\garbage_dataset_v2\six_classes\paper\paper_622.jpg","C:\Users\bouss\eco-tri-ia\data\classification\v2\train\paper\paper288.jpg","A0428F646CCC0FC0A6D28482A116C670220944065A5972032E57174E6E8E0AFD"
"C:\Users\bouss\eco-tri-ia\data\raw\garbage_dataset_v2\six_classes\paper\paper_629.jpg","C:\Users\bouss\eco-tri-ia\data\classification\v2\train\paper\paper430.jpg","79896519040B595512846383486889BD27125FAA45C43DEBEBB385170EBEBC26"
"C:\Users\bouss\eco-tri-ia\data\raw\garbage_dataset_v2\six_classes\paper\paper_630.jpg","C:\Users\bouss\eco-tri-ia\data\classification\v2\val\paper\paper510.jpg","A5225D6C8997C630596DDD25720DA37A47C61B991327A67707B99DB4273B8651"
"C:\Users\bouss\eco-tri-ia\data\raw\garbage_dataset_v2\six_classes\paper\paper_631.jpg","C:\Users\bouss\eco-tri-ia\data\classification\v2\train\paper\paper467.jpg","BB4B099D6634443EE8DC658701BD09714330148143AA5FE66BCBF24465177EFD"
"C:\Users\bouss\eco-tri-ia\data\raw\garbage_dataset_v2\six_classes\paper\paper_632.jpg","C:\Users\bouss\eco-tri-ia\data\classification\v2\test\paper\paper401.jpg","87726B7E105DD96147E3AB39EF80D972EFFBFEEE83B6F5C1B18E01FAFFD0338E"
"C:\Users\bouss\eco-tri-ia\data\raw\garbage_dataset_v2\six_classes\paper\paper_634.jpg","C:\Users\bouss\eco-tri-ia\data\classification\v2\test\paper\paper453.jpg","1334821287382E98480ED9AC66BECAA31CC8046B01806ABAA9E37E3673AD2F40"
"C:\Users\bouss\eco-tri-ia\data\raw\garbage_dataset_v2\six_classes\paper\paper_635.jpg","C:\Users\bouss\eco-tri-ia\data\classification\v2\train\paper\paper161.jpg","5FCA1E7F18A50FE1B64F80939D9163D7F886B90E8C4943B4CC93A15B897AF8D4"
"C:\Users\bouss\eco-tri-ia\data\raw\garbage_dataset_v2\six_classes\paper\paper_638.jpg","C:\Users\bouss\eco-tri-ia\data\classification\v2\train\paper\paper291.jpg","4047EA7E2F5DBFB3BEF5606D105483EBC5E87AD824B83F61628D8A1D2C044829"
"C:\Users\bouss\eco-tri-ia\data\raw\garbage_dataset_v2\six_classes\paper\paper_64.jpg","C:\Users\bouss\eco-tri-ia\data\classification\v2\train\paper\paper557.jpg","7D248992B164C7D3536B3C8B1D0062157E92B2851CCB876ED2DA497B745C78FC"
"C:\Users\bouss\eco-tri-ia\data\raw\garbage_dataset_v2\six_classes\paper\paper_643.jpg","C:\Users\bouss\eco-tri-ia\data\classification\v2\test\paper\paper397.jpg","7FDB4554D77EC39D4585018167349EB455E9A5358B4000AFD7B3817B356B7071"
"C:\Users\bouss\eco-tri-ia\data\raw\garbage_dataset_v2\six_classes\paper\paper_644.jpg","C:\Users\bouss\eco-tri-ia\data\classification\v2\train\paper\paper41.jpg","E121109328264A87C9A4F22986AE4E5A177807618393382ECED5211B812C3ACD"
"C:\Users\bouss\eco-tri-ia\data\raw\garbage_dataset_v2\six_classes\paper\paper_645.jpg","C:\Users\bouss\eco-tri-ia\data\classification\v2\train\paper\paper561.jpg","AFFFD4D9451B375E6907FC1D9B6A4EA4CDB04F9D10694321249AA8C4E0E5FCB5"
"C:\Users\bouss\eco-tri-ia\data\raw\garbage_dataset_v2\six_classes\paper\paper_646.jpg","C:\Users\bouss\eco-tri-ia\data\classification\v2\test\paper\paper77.jpg","37E247538DA94B32432136E589F382A91BAB6AE45B79E93D097E3F54519B5D40"
"C:\Users\bouss\eco-tri-ia\data\raw\garbage_dataset_v2\six_classes\paper\paper_647.jpg","C:\Users\bouss\eco-tri-ia\data\classification\v2\val\paper\paper425.jpg","E38A2B321412FB4E3882F674368C4E48AA78E89D1A26B72FB2E9A8A46026588F"
"C:\Users\bouss\eco-tri-ia\data\raw\garbage_dataset_v2\six_classes\paper\paper_648.jpg","C:\Users\bouss\eco-tri-ia\data\classification\v2\train\paper\paper378.jpg","B72CFADD1BFA0CDE78043DD73D0F17FF84CB48962DD5545542FB3B0C6B052264"
"C:\Users\bouss\eco-tri-ia\data\raw\garbage_dataset_v2\six_classes\paper\paper_65.jpg","C:\Users\bouss\eco-tri-ia\data\classification\v2\train\paper\paper162.jpg","17FA7521B3F1A57768196F7E3643C6CDA93A87A40CEC20048C4BB324420A090A"
"C:\Users\bouss\eco-tri-ia\data\raw\garbage_dataset_v2\six_classes\paper\paper_650.jpg","C:\Users\bouss\eco-tri-ia\data\classification\v2\val\paper\paper267.jpg","C39B71366E6A436EE2E3F25356E699E81E811295CF2F081A0FAA87646BCFABFF"
"C:\Users\bouss\eco-tri-ia\data\raw\garbage_dataset_v2\six_classes\paper\paper_656.jpg","C:\Users\bouss\eco-tri-ia\data\classification\v2\train\paper\paper235.jpg","C569882D580FC182CBFD7B28104899CB71C2536B5D79D2C163A2271B6B8519C5"
"C:\Users\bouss\eco-tri-ia\data\raw\garbage_dataset_v2\six_classes\paper\paper_658.jpg","C:\Users\bouss\eco-tri-ia\data\classification\v2\train\paper\paper53.jpg","660CB3A69FB9662A5D5D7B5270290E542A5DFC225E520D24CD9E85181E9BE01F"
"C:\Users\bouss\eco-tri-ia\data\raw\garbage_dataset_v2\six_classes\paper\paper_661.jpg","C:\Users\bouss\eco-tri-ia\data\classification\v2\train\paper\paper76.jpg","6CB1B0932891AAF84852C0B7A05ADFC2D1711682AF5918A26E63BBD5110B0A07"
"C:\Users\bouss\eco-tri-ia\data\raw\garbage_dataset_v2\six_classes\paper\paper_663.jpg","C:\Users\bouss\eco-tri-ia\data\classification\v2\test\paper\paper481.jpg","9D81BBEE8153EB7C1FDE03195578C7ECE4F1316A4836C77D45A479A58ED3A38D"
"C:\Users\bouss\eco-tri-ia\data\raw\garbage_dataset_v2\six_classes\paper\paper_668.jpg","C:\Users\bouss\eco-tri-ia\data\classification\v2\train\paper\paper238.jpg","A2089AADF06BC94FAB7EAC9BA166AD423EEDD3A5E7FC2F5A337E5082EDA9C6BF"
"C:\Users\bouss\eco-tri-ia\data\raw\garbage_dataset_v2\six_classes\paper\paper_670.jpg","C:\Users\bouss\eco-tri-ia\data\classification\v2\test\paper\paper156.jpg","BD54F5CDF97DE0108EBADAB779C2D14FB775B2BFDC5B8C28833B4F33EAE15B87"
"C:\Users\bouss\eco-tri-ia\data\raw\garbage_dataset_v2\six_classes\paper\paper_671.jpg","C:\Users\bouss\eco-tri-ia\data\classification\v2\train\paper\paper58.jpg","2AA131BAE0E09410858F8FD4CB174FAC80F25BB8DFD19ADD1CB6AF2148A851AC"
"C:\Users\bouss\eco-tri-ia\data\raw\garbage_dataset_v2\six_classes\paper\paper_675.jpg","C:\Users\bouss\eco-tri-ia\data\classification\v2\train\paper\paper298.jpg","8105F3558247510A47D62661718F3FB447299F8BBE8A52EAFEB79DBFE05D0526"
"C:\Users\bouss\eco-tri-ia\data\raw\garbage_dataset_v2\six_classes\paper\paper_677.jpg","C:\Users\bouss\eco-tri-ia\data\classification\v2\train\paper\paper115.jpg","0C64F8AA4B5EDBED72FD5F0683DCD3285DF7300B973AE2B5013B4EABEDC8F7D0"
"C:\Users\bouss\eco-tri-ia\data\raw\garbage_dataset_v2\six_classes\paper\paper_68.jpg","C:\Users\bouss\eco-tri-ia\data\classification\v2\val\paper\paper588.jpg","18E0117F5F511FDEEB8A0561D5DF892B1136C923CCC992A9C6E83F728D06A0E1"
"C:\Users\bouss\eco-tri-ia\data\raw\garbage_dataset_v2\six_classes\paper\paper_680.jpg","C:\Users\bouss\eco-tri-ia\data\classification\v2\train\paper\paper257.jpg","A665DF39B1E0CE2E3526531E26F9967A91EF4D98EFF7058B8947B2C45D106B8D"
"C:\Users\bouss\eco-tri-ia\data\raw\garbage_dataset_v2\six_classes\paper\paper_683.jpg","C:\Users\bouss\eco-tri-ia\data\classification\v2\train\paper\paper34.jpg","615FE6981D40160C846E2A35F30CFE7D4F499E1A39C065A449AB92B8C1AFA21D"
"C:\Users\bouss\eco-tri-ia\data\raw\garbage_dataset_v2\six_classes\paper\paper_684.jpg","C:\Users\bouss\eco-tri-ia\data\classification\v2\train\paper\paper585.jpg","BACF18F5E7405BB9EFAE3B3B2ED31E3CA2AE5E5169FAE1D11DE4EBD6087DF826"
"C:\Users\bouss\eco-tri-ia\data\raw\garbage_dataset_v2\six_classes\paper\paper_686.jpg","C:\Users\bouss\eco-tri-ia\data\classification\v2\test\paper\paper456.jpg","AD46E70091C6EB11B49E3F288DE4EA4A8EF2E6D8FEF7C5944B96A358486C1CF8"
"C:\Users\bouss\eco-tri-ia\data\raw\garbage_dataset_v2\six_classes\paper\paper_69.jpg","C:\Users\bouss\eco-tri-ia\data\classification\v2\train\paper\paper282.jpg","25162460E1C82FBC04724477C03DA515D8F138719FBDB6EFE42BF6A73E95D396"
"C:\Users\bouss\eco-tri-ia\data\raw\garbage_dataset_v2\six_classes\paper\paper_691.jpg","C:\Users\bouss\eco-tri-ia\data\classification\v2\test\paper\paper392.jpg","92DFEBEF7DF018D745CE136AC4160C4E64763AB19DF66066A5C4322C44951467"
"C:\Users\bouss\eco-tri-ia\data\raw\garbage_dataset_v2\six_classes\paper\paper_692.jpg","C:\Users\bouss\eco-tri-ia\data\classification\v2\train\paper\paper116.jpg","031DD1191A2DBACB3366708667EA6BA4FE68D87619BA9366E36D7A68BC8F7E9B"
"C:\Users\bouss\eco-tri-ia\data\raw\garbage_dataset_v2\six_classes\paper\paper_693.jpg","C:\Users\bouss\eco-tri-ia\data\classification\v2\test\paper\paper336.jpg","9B2570A97CFC9116771125B56E5412518D4611F03E18B4B035E51D4729198906"
"C:\Users\bouss\eco-tri-ia\data\raw\garbage_dataset_v2\six_classes\paper\paper_694.jpg","C:\Users\bouss\eco-tri-ia\data\classification\v2\test\paper\paper186.jpg","8474FEB827C0E0E31C261BCB535898B1B22546039ECB54DAEABE6CDBEF723F8B"
"C:\Users\bouss\eco-tri-ia\data\raw\garbage_dataset_v2\six_classes\paper\paper_696.jpg","C:\Users\bouss\eco-tri-ia\data\classification\v2\train\paper\paper501.jpg","E3BB68EC0D8D6FB0628A6671C8740C3BCB01FFF7D7632805923F126D0B9F70ED"
"C:\Users\bouss\eco-tri-ia\data\raw\garbage_dataset_v2\six_classes\paper\paper_697.jpg","C:\Users\bouss\eco-tri-ia\data\classification\v2\train\paper\paper96.jpg","F310FDA98EA28062DF72F8FF060E63F6AB4AE0496DA18A32B01EE9110CB4D848"
"C:\Users\bouss\eco-tri-ia\data\raw\garbage_dataset_v2\six_classes\paper\paper_698.jpg","C:\Users\bouss\eco-tri-ia\data\classification\v2\train\paper\paper130.jpg","75773FEAA96F67FA6FA6DA14B3CAEF3311DC2786E50C6F69E0FE20E0927DC6DE"
"C:\Users\bouss\eco-tri-ia\data\raw\garbage_dataset_v2\six_classes\paper\paper_699.jpg","C:\Users\bouss\eco-tri-ia\data\classification\v2\train\paper\paper263.jpg","EF1E5141669EC2375BD76B286D15596CB2E9076CF318AC3067309E08F307438D"
"C:\Users\bouss\eco-tri-ia\data\raw\garbage_dataset_v2\six_classes\paper\paper_700.jpg","C:\Users\bouss\eco-tri-ia\data\classification\v2\train\paper\paper155.jpg","B4A45BCD452C3D524CDA9EE2DD2EA89B065D61FE3EABEEDE4729EEEB746A97C1"
"C:\Users\bouss\eco-tri-ia\data\raw\garbage_dataset_v2\six_classes\paper\paper_701.jpg","C:\Users\bouss\eco-tri-ia\data\classification\v2\train\paper\paper49.jpg","7EC43FC936A809CA74CB55DAABD0097236017CB4F205DE16BEFB96DDA33E779C"
"C:\Users\bouss\eco-tri-ia\data\raw\garbage_dataset_v2\six_classes\paper\paper_702.jpg","C:\Users\bouss\eco-tri-ia\data\classification\v2\train\paper\paper313.jpg","6B55D190DACF6E904875B30C31A8A55D8DC01713B4DE1A5D7D4972649E669E2C"
"C:\Users\bouss\eco-tri-ia\data\raw\garbage_dataset_v2\six_classes\paper\paper_704.jpg","C:\Users\bouss\eco-tri-ia\data\classification\v2\train\paper\paper409.jpg","D1537715F2321342C5346657F36E404B78D82ACD7EADF4E188D1CC2037249522"
"C:\Users\bouss\eco-tri-ia\data\raw\garbage_dataset_v2\six_classes\paper\paper_706.jpg","C:\Users\bouss\eco-tri-ia\data\classification\v2\train\paper\paper390.jpg","DD00E15032CD6170CABAB90835752A890C665C8BE1B4595629ADBBA4C35ED38E"
"C:\Users\bouss\eco-tri-ia\data\raw\garbage_dataset_v2\six_classes\paper\paper_708.jpg","C:\Users\bouss\eco-tri-ia\data\classification\v2\train\paper\paper256.jpg","7033C6864102C25D3F4A68A330351F245ECD7BBC785D59E5B6829081EB1B62AA"
"C:\Users\bouss\eco-tri-ia\data\raw\garbage_dataset_v2\six_classes\paper\paper_709.jpg","C:\Users\bouss\eco-tri-ia\data\classification\v2\test\paper\paper539.jpg","26029BD2AF59B209283F8BFF5B91CD6521F2E56E5B7C6BD771695E6A448AB6C8"
"C:\Users\bouss\eco-tri-ia\data\raw\garbage_dataset_v2\six_classes\paper\paper_71.jpg","C:\Users\bouss\eco-tri-ia\data\classification\v2\train\paper\paper367.jpg","BDA46F84CCCF7394F321F2838152AFCA18D6C60B5CEF25A03BD20DD3168263E5"
"C:\Users\bouss\eco-tri-ia\data\raw\garbage_dataset_v2\six_classes\paper\paper_713.jpg","C:\Users\bouss\eco-tri-ia\data\classification\v2\train\paper\paper444.jpg","FB4AF369300166FABDB19B079A2C3062F4F80FA12852DFCE3F04C1380743C4E5"
"C:\Users\bouss\eco-tri-ia\data\raw\garbage_dataset_v2\six_classes\paper\paper_714.jpg","C:\Users\bouss\eco-tri-ia\data\classification\v2\train\paper\paper477.jpg","75BF7BB9A46B9A7555D98127C5BEDD0402BEDAB7D13F5F10F80512F6EE34A618"
"C:\Users\bouss\eco-tri-ia\data\raw\garbage_dataset_v2\six_classes\paper\paper_715.jpg","C:\Users\bouss\eco-tri-ia\data\classification\v2\val\paper\paper27.jpg","0877A4C8265392DBF72773BAB97107DB33249A7ADD9B12DF7D3568F51D8ECA4A"
"C:\Users\bouss\eco-tri-ia\data\raw\garbage_dataset_v2\six_classes\paper\paper_716.jpg","C:\Users\bouss\eco-tri-ia\data\classification\v2\val\paper\paper587.jpg","1EBEBE6611CDB391116D723EA4429446ECCFB74A3DF35E94FE071360443C9725"
"C:\Users\bouss\eco-tri-ia\data\raw\garbage_dataset_v2\six_classes\paper\paper_717.jpg","C:\Users\bouss\eco-tri-ia\data\classification\v2\train\paper\paper381.jpg","35415039975290F0C7D36C93F5FC684C147E8632E93E9ABDDACB2CFF35F0AAD9"
"C:\Users\bouss\eco-tri-ia\data\raw\garbage_dataset_v2\six_classes\paper\paper_718.jpg","C:\Users\bouss\eco-tri-ia\data\classification\v2\train\paper\paper159.jpg","CDACF1D7696837231FA1C2D2A1806799398F29A54B74664A2D7501D259957DE9"
"C:\Users\bouss\eco-tri-ia\data\raw\garbage_dataset_v2\six_classes\paper\paper_720.jpg","C:\Users\bouss\eco-tri-ia\data\classification\v2\train\paper\paper459.jpg","D27E94858036FC53947CB3D3747D7BF1F1DC8CDDF6D03BFFA1F4742B84B61D6F"
"C:\Users\bouss\eco-tri-ia\data\raw\garbage_dataset_v2\six_classes\paper\paper_721.jpg","C:\Users\bouss\eco-tri-ia\data\classification\v2\val\paper\paper304.jpg","953E192EE58B10E3A695E1177C54874412835745B9DCBD14E1BF985ADF427803"
"C:\Users\bouss\eco-tri-ia\data\raw\garbage_dataset_v2\six_classes\paper\paper_723.jpg","C:\Users\bouss\eco-tri-ia\data\classification\v2\train\paper\paper423.jpg","C25745D2B149AF1DC2278847F7FBF54A70B970010B8689AF88C292D679FEF05F"
"C:\Users\bouss\eco-tri-ia\data\raw\garbage_dataset_v2\six_classes\paper\paper_728.jpg","C:\Users\bouss\eco-tri-ia\data\classification\v2\train\paper\paper63.jpg","964885F139CDF990D72377660E59192EDEEDDB213F1FA07353ADEC3262BF2F62"
"C:\Users\bouss\eco-tri-ia\data\raw\garbage_dataset_v2\six_classes\paper\paper_734.jpg","C:\Users\bouss\eco-tri-ia\data\classification\v2\val\paper\paper28.jpg","E0C2DF1387E956C5432111E7422C8F1B672219619925B32F742E8604ED9AB033"
"C:\Users\bouss\eco-tri-ia\data\raw\garbage_dataset_v2\six_classes\paper\paper_739.jpg","C:\Users\bouss\eco-tri-ia\data\classification\v2\val\paper\paper206.jpg","5CC1AC3381CB6C419D9D4F7AF9502334712DC6FF5514D4D76AA5A04289167282"
"C:\Users\bouss\eco-tri-ia\data\raw\garbage_dataset_v2\six_classes\paper\paper_743.jpg","C:\Users\bouss\eco-tri-ia\data\classification\v2\train\paper\paper132.jpg","940457439D824688CF889C55782469CF05509809E99E515FC42888BA5DAC8D89"
"C:\Users\bouss\eco-tri-ia\data\raw\garbage_dataset_v2\six_classes\paper\paper_744.jpg","C:\Users\bouss\eco-tri-ia\data\classification\v2\train\paper\paper61.jpg","9AE5E85E7A9CB655510F9F48D4A53A84FAA3D51D045524E030A23A75CA1E577F"
"C:\Users\bouss\eco-tri-ia\data\raw\garbage_dataset_v2\six_classes\paper\paper_747.jpg","C:\Users\bouss\eco-tri-ia\data\classification\v2\val\paper\paper8.jpg","D048BA0A934E54C5D61B0BF6C1FA7C6A08955481A780E8AA40B28450A2C2B1DB"
"C:\Users\bouss\eco-tri-ia\data\raw\garbage_dataset_v2\six_classes\paper\paper_748.jpg","C:\Users\bouss\eco-tri-ia\data\classification\v2\test\paper\paper194.jpg","1A8485D649565F9C85DA488FF12A528F307ACDEBCDC2632D9D4617EE4835BA7D"
"C:\Users\bouss\eco-tri-ia\data\raw\garbage_dataset_v2\six_classes\paper\paper_749.jpg","C:\Users\bouss\eco-tri-ia\data\classification\v2\train\paper\paper30.jpg","1B2E07A5F186E185E8961DA0478EC0BC0C88AC6161D0CFAA3C53DCF45B57479E"
"C:\Users\bouss\eco-tri-ia\data\raw\garbage_dataset_v2\six_classes\paper\paper_75.jpg","C:\Users\bouss\eco-tri-ia\data\classification\v2\train\paper\paper7.jpg","224A8E782D1F02B4A38AA93FC839AF27A1DA07AD51A3BCE061F84B43E58C64C9"
"C:\Users\bouss\eco-tri-ia\data\raw\garbage_dataset_v2\six_classes\paper\paper_750.jpg","C:\Users\bouss\eco-tri-ia\data\classification\v2\train\paper\paper538.jpg","6FFB73B219C5762D0A80AB7A5E02C336A000F866096C1F9B384E19E5AE32FDCF"
"C:\Users\bouss\eco-tri-ia\data\raw\garbage_dataset_v2\six_classes\paper\paper_753.jpg","C:\Users\bouss\eco-tri-ia\data\classification\v2\train\paper\paper331.jpg","B3941029581E0D870C0611AC7CB7D59582D6E7F8C0405730CE392F953A173B66"
"C:\Users\bouss\eco-tri-ia\data\raw\garbage_dataset_v2\six_classes\paper\paper_756.jpg","C:\Users\bouss\eco-tri-ia\data\classification\v2\val\paper\paper546.jpg","EDA36D177B6AD3BC255F1298186BFB8B529F179136E9746F1A7D0265C9404235"
"C:\Users\bouss\eco-tri-ia\data\raw\garbage_dataset_v2\six_classes\paper\paper_760.jpg","C:\Users\bouss\eco-tri-ia\data\classification\v2\train\paper\paper495.jpg","00C4D3AE3FB39A268AF2E2AB7D567D64A6275A88EA04EA6E34E727570A3C541D"
"C:\Users\bouss\eco-tri-ia\data\raw\garbage_dataset_v2\six_classes\paper\paper_761.jpg","C:\Users\bouss\eco-tri-ia\data\classification\v2\train\paper\paper576.jpg","4574EBAAF26C9ED0C898F1FE81E11FF874832C5D880B33645D175BE23F580FED"
"C:\Users\bouss\eco-tri-ia\data\raw\garbage_dataset_v2\six_classes\paper\paper_764.jpg","C:\Users\bouss\eco-tri-ia\data\classification\v2\test\paper\paper202.jpg","FABEA157B9C60839538E1A994DA612EA31635D5E70D639A99855BDD2F5665280"
"C:\Users\bouss\eco-tri-ia\data\raw\garbage_dataset_v2\six_classes\paper\paper_765.jpg","C:\Users\bouss\eco-tri-ia\data\classification\v2\train\paper\paper264.jpg","BDF1589B0D7358A56F189BF52ED13E19AEBCCC40E0CD3B4917B6877CAFBCF7E0"
"C:\Users\bouss\eco-tri-ia\data\raw\garbage_dataset_v2\six_classes\paper\paper_768.jpg","C:\Users\bouss\eco-tri-ia\data\classification\v2\train\paper\paper90.jpg","21D783B57BFBE3BBF0DA89A38E4D7414955AB366E7D29222E450FE6754F6DF82"
"C:\Users\bouss\eco-tri-ia\data\raw\garbage_dataset_v2\six_classes\paper\paper_77.jpg","C:\Users\bouss\eco-tri-ia\data\classification\v2\train\paper\paper376.jpg","9B3712221FCE93D0C76E53C277A93B49036A9E61566A1F023BA5148CC0CEE970"
"C:\Users\bouss\eco-tri-ia\data\raw\garbage_dataset_v2\six_classes\paper\paper_770.jpg","C:\Users\bouss\eco-tri-ia\data\classification\v2\test\paper\paper549.jpg","E3E78970390CC464123F3F38B5FE1559F5D2C8EF5E6E704D4E8C1992FE4D9CFF"
"C:\Users\bouss\eco-tri-ia\data\raw\garbage_dataset_v2\six_classes\paper\paper_772.jpg","C:\Users\bouss\eco-tri-ia\data\classification\v2\train\paper\paper488.jpg","A7ECDF4D6267CF7B4893E57E62B6B7B802810D6E93F6228A88E2415BEABAA6B5"
"C:\Users\bouss\eco-tri-ia\data\raw\garbage_dataset_v2\six_classes\paper\paper_775.jpg","C:\Users\bouss\eco-tri-ia\data\classification\v2\test\paper\paper174.jpg","5075D4FBACC8DB3E73922BA94C7F63E6A6CDA109BFD3EB2041980891C84F0F3A"
"C:\Users\bouss\eco-tri-ia\data\raw\garbage_dataset_v2\six_classes\paper\paper_782.jpg","C:\Users\bouss\eco-tri-ia\data\classification\v2\val\paper\paper75.jpg","7642D2055D44774F5B59D70985A1EE904A568DD146E0965B7E78F1F97883C2C0"
"C:\Users\bouss\eco-tri-ia\data\raw\garbage_dataset_v2\six_classes\paper\paper_786.jpg","C:\Users\bouss\eco-tri-ia\data\classification\v2\train\paper\paper216.jpg","F41596F2745A00199AB19EDAF7BACD510030394F7F34F54878559D73C59F3EE2"
"C:\Users\bouss\eco-tri-ia\data\raw\garbage_dataset_v2\six_classes\paper\paper_790.jpg","C:\Users\bouss\eco-tri-ia\data\classification\v2\train\paper\paper569.jpg","72D0FBC7794576C241CECFDACBABDAC24A61ECE7C9D9DD6734158CC6040A0185"
"C:\Users\bouss\eco-tri-ia\data\raw\garbage_dataset_v2\six_classes\paper\paper_793.jpg","C:\Users\bouss\eco-tri-ia\data\classification\v2\test\paper\paper593.jpg","202989661312EE01F985E621B8DA49D47785E2FE5E25FA05E0DA86ACD19FD0BD"
"C:\Users\bouss\eco-tri-ia\data\raw\garbage_dataset_v2\six_classes\paper\paper_795.jpg","C:\Users\bouss\eco-tri-ia\data\classification\v2\train\paper\paper583.jpg","0E1FE4CBDBE701CEABDC1EDEBD372231C473D32037E93F9F034C7D3F4F5F2C7D"
"C:\Users\bouss\eco-tri-ia\data\raw\garbage_dataset_v2\six_classes\paper\paper_797.jpg","C:\Users\bouss\eco-tri-ia\data\classification\v2\train\paper\paper228.jpg","47F1F7A13F9B323AAD2EF7F11C2833D30E46A1EA40D51EEDDA64A91BD5C94201"
"C:\Users\bouss\eco-tri-ia\data\raw\garbage_dataset_v2\six_classes\paper\paper_798.jpg","C:\Users\bouss\eco-tri-ia\data\classification\v2\train\paper\paper11.jpg","9610C40FEA5131A2B5AB4F7C50D61639B12E2E7A673FD277D3B54A9747720BF6"
"C:\Users\bouss\eco-tri-ia\data\raw\garbage_dataset_v2\six_classes\paper\paper_799.jpg","C:\Users\bouss\eco-tri-ia\data\classification\v2\val\paper\paper513.jpg","FB34D9969F59F79B519F12E7FD509576AEAF1736552A6C86B2E614225E8B98EF"
"C:\Users\bouss\eco-tri-ia\data\raw\garbage_dataset_v2\six_classes\paper\paper_801.jpg","C:\Users\bouss\eco-tri-ia\data\classification\v2\train\paper\paper424.jpg","23E78E4678DDB10AA6D602D59C6BC6050BF66F6FCEDD4C46265ADA535706F265"
"C:\Users\bouss\eco-tri-ia\data\raw\garbage_dataset_v2\six_classes\paper\paper_802.jpg","C:\Users\bouss\eco-tri-ia\data\classification\v2\val\paper\paper403.jpg","91E6532F252B8D858AA86A96F92783E599D94CAE276A249794A045622803E11E"
"C:\Users\bouss\eco-tri-ia\data\raw\garbage_dataset_v2\six_classes\paper\paper_81.jpg","C:\Users\bouss\eco-tri-ia\data\classification\v2\test\paper\paper503.jpg","C180EBCFA2A33DC1BE03FE5E76DA08A57D11CBFE2F8B90849F6450C18D8E2E87"
"C:\Users\bouss\eco-tri-ia\data\raw\garbage_dataset_v2\six_classes\paper\paper_810.jpg","C:\Users\bouss\eco-tri-ia\data\classification\v2\test\paper\paper356.jpg","9365A055F79A8A5645A9F8CFFCE3D3F509F46F0C232D8C9D5AA829ADF10A5664"
"C:\Users\bouss\eco-tri-ia\data\raw\garbage_dataset_v2\six_classes\paper\paper_813.jpg","C:\Users\bouss\eco-tri-ia\data\classification\v2\train\paper\paper10.jpg","A662BA456E386945B85E1A6E6F36406E509FABD4CE75345FA3B765EC2815CA81"
"C:\Users\bouss\eco-tri-ia\data\raw\garbage_dataset_v2\six_classes\paper\paper_815.jpg","C:\Users\bouss\eco-tri-ia\data\classification\v2\val\paper\paper563.jpg","7A4BC026BD4687A14B8BFC863E0A95BCB411ACDAFCBF5224302B6B71BC1FEFAE"
"C:\Users\bouss\eco-tri-ia\data\raw\garbage_dataset_v2\six_classes\paper\paper_817.jpg","C:\Users\bouss\eco-tri-ia\data\classification\v2\train\paper\paper157.jpg","93809ACA561A45191A8B3E9D29885755A364A51EFEA2CD3F19A7FA9266E64F7B"
"C:\Users\bouss\eco-tri-ia\data\raw\garbage_dataset_v2\six_classes\paper\paper_827.jpg","C:\Users\bouss\eco-tri-ia\data\classification\v2\test\paper\paper114.jpg","884DE574A74B6F1E6EBBEE93CB83879D72E656B6A9316A88400F7C6E03D75044"
"C:\Users\bouss\eco-tri-ia\data\raw\garbage_dataset_v2\six_classes\paper\paper_828.jpg","C:\Users\bouss\eco-tri-ia\data\classification\v2\train\paper\paper346.jpg","716014709461961DF48D4FB1F89E93889A975E47F4E42E05C6F596D135D0A34C"
"C:\Users\bouss\eco-tri-ia\data\raw\garbage_dataset_v2\six_classes\paper\paper_829.jpg","C:\Users\bouss\eco-tri-ia\data\classification\v2\train\paper\paper175.jpg","F051D89E030CF2787B459A1586CC04D6CA226512899E41645916FF77AB6A68A6"
"C:\Users\bouss\eco-tri-ia\data\raw\garbage_dataset_v2\six_classes\paper\paper_83.jpg","C:\Users\bouss\eco-tri-ia\data\classification\v2\train\paper\paper325.jpg","29427083290AACB32621496450610F915E0EEE1FA2B492557075E082FB963EEB"
"C:\Users\bouss\eco-tri-ia\data\raw\garbage_dataset_v2\six_classes\paper\paper_831.jpg","C:\Users\bouss\eco-tri-ia\data\classification\v2\train\paper\paper12.jpg","94D1EE6FEE5568ABE21084C5229D6DC747FEB060842340BDF437E7F163EC7815"
"C:\Users\bouss\eco-tri-ia\data\raw\garbage_dataset_v2\six_classes\paper\paper_833.jpg","C:\Users\bouss\eco-tri-ia\data\classification\v2\val\paper\paper406.jpg","7CE10404D28098B8EAB607FBF26F05D71A602ED9691F67A112AB07E86F111B8C"
"C:\Users\bouss\eco-tri-ia\data\raw\garbage_dataset_v2\six_classes\paper\paper_834.jpg","C:\Users\bouss\eco-tri-ia\data\classification\v2\train\paper\paper146.jpg","68E1468232BCBDAEA5E1617D25644F2676177C8577C29AF896C2B9FDB417FED8"
"C:\Users\bouss\eco-tri-ia\data\raw\garbage_dataset_v2\six_classes\paper\paper_836.jpg","C:\Users\bouss\eco-tri-ia\data\classification\v2\train\paper\paper296.jpg","E48B4DA337F9D86CFD8D93A19BF37FBDD5FA6F9152BD564B05D728F337DD8FCE"
"C:\Users\bouss\eco-tri-ia\data\raw\garbage_dataset_v2\six_classes\paper\paper_837.jpg","C:\Users\bouss\eco-tri-ia\data\classification\v2\train\paper\paper307.jpg","B4748EBD7ADDC4A9F05DF348572F3B1FC8A39D9CEA94EDF0250B883DE9D53640"
"C:\Users\bouss\eco-tri-ia\data\raw\garbage_dataset_v2\six_classes\paper\paper_839.jpg","C:\Users\bouss\eco-tri-ia\data\classification\v2\test\paper\paper365.jpg","207579EC41FC712009583D28ED48674ACCDF919B6EC0C3ED89874FC066656118"
"C:\Users\bouss\eco-tri-ia\data\raw\garbage_dataset_v2\six_classes\paper\paper_841.jpg","C:\Users\bouss\eco-tri-ia\data\classification\v2\val\paper\paper273.jpg","388F298B78C8E58E0B3BBC5A4B570A6EF981CD8B5CF994AAA774C75D3076107D"
"C:\Users\bouss\eco-tri-ia\data\raw\garbage_dataset_v2\six_classes\paper\paper_845.jpg","C:\Users\bouss\eco-tri-ia\data\classification\v2\test\paper\paper454.jpg","EF87CD52F8AFFF4994E9A4F3CAA333CCA6C32CA5BB3CBDB441DA87A062015BAA"
"C:\Users\bouss\eco-tri-ia\data\raw\garbage_dataset_v2\six_classes\paper\paper_846.jpg","C:\Users\bouss\eco-tri-ia\data\classification\v2\train\paper\paper226.jpg","EE07FC315592BD8A3AE9FD02DA7604EB8E645B54BAF155565BE394454EAC1997"
"C:\Users\bouss\eco-tri-ia\data\raw\garbage_dataset_v2\six_classes\paper\paper_847.jpg","C:\Users\bouss\eco-tri-ia\data\classification\v2\train\paper\paper543.jpg","761132411C4FCC4426C0684DEB30FC990DFD798434B5BE909D00F4212FDA2CBB"
"C:\Users\bouss\eco-tri-ia\data\raw\garbage_dataset_v2\six_classes\paper\paper_848.jpg","C:\Users\bouss\eco-tri-ia\data\classification\v2\train\paper\paper317.jpg","8BA7484AB655C91F2A6786C03FFDC7B9F0C1A10C343EC2355A92F355A42AD251"
"C:\Users\bouss\eco-tri-ia\data\raw\garbage_dataset_v2\six_classes\paper\paper_849.jpg","C:\Users\bouss\eco-tri-ia\data\classification\v2\train\paper\paper17.jpg","9199DFBFABAC264BFD326826FAF2FDAE8C7128FD854465E4E539D7F8536CEB9E"
"C:\Users\bouss\eco-tri-ia\data\raw\garbage_dataset_v2\six_classes\paper\paper_850.jpg","C:\Users\bouss\eco-tri-ia\data\classification\v2\train\paper\paper271.jpg","BC53F4DCFC411CE9700057542E0B8779F6FE69C394A633E7B908375F757FF391"
"C:\Users\bouss\eco-tri-ia\data\raw\garbage_dataset_v2\six_classes\paper\paper_851.jpg","C:\Users\bouss\eco-tri-ia\data\classification\v2\train\paper\paper525.jpg","8B80857DA6F4F7F267F7583921B41C8F337C63572F44C366357925A30DCE94DC"
"C:\Users\bouss\eco-tri-ia\data\raw\garbage_dataset_v2\six_classes\paper\paper_852.jpg","C:\Users\bouss\eco-tri-ia\data\classification\v2\train\paper\paper293.jpg","F85FC8D39E89FA9DCA2811DA9D8CEE582FB22C5692490598F0C244CD406C4ADA"
"C:\Users\bouss\eco-tri-ia\data\raw\garbage_dataset_v2\six_classes\paper\paper_853.jpg","C:\Users\bouss\eco-tri-ia\data\classification\v2\train\paper\paper251.jpg","F63066DF4C1C919EA2B7027FF130ACED21F7BFC6DF06046B4402B3B65154F6D7"
"C:\Users\bouss\eco-tri-ia\data\raw\garbage_dataset_v2\six_classes\paper\paper_854.jpg","C:\Users\bouss\eco-tri-ia\data\classification\v2\train\paper\paper277.jpg","DFAAE0E9D165AE8AE4F0C3D033DDDF8FECD070D377C21E590BE8B1D33D7CF04D"
"C:\Users\bouss\eco-tri-ia\data\raw\garbage_dataset_v2\six_classes\paper\paper_855.jpg","C:\Users\bouss\eco-tri-ia\data\classification\v2\train\paper\paper491.jpg","1F25675EDE26ACD44A7D1EA9A683C72E0BCE39CF33860F5C6DAC475D76FF0B4D"
"C:\Users\bouss\eco-tri-ia\data\raw\garbage_dataset_v2\six_classes\paper\paper_856.jpg","C:\Users\bouss\eco-tri-ia\data\classification\v2\test\paper\paper242.jpg","39744979D229B80403D359A89C10506D9FBED857B370A5705C4688694D156A0C"
"C:\Users\bouss\eco-tri-ia\data\raw\garbage_dataset_v2\six_classes\paper\paper_857.jpg","C:\Users\bouss\eco-tri-ia\data\classification\v2\train\paper\paper382.jpg","F9B64CD026A4656BB87B35E489FED19BE5D852238537CA5B94661516153680F7"
"C:\Users\bouss\eco-tri-ia\data\raw\garbage_dataset_v2\six_classes\paper\paper_858.jpg","C:\Users\bouss\eco-tri-ia\data\classification\v2\test\paper\paper168.jpg","6D76C054D32B26EA011B9CF8F3587C5A4BB0BB1369EBBD50F2876FC499867AB5"
"C:\Users\bouss\eco-tri-ia\data\raw\garbage_dataset_v2\six_classes\paper\paper_863.jpg","C:\Users\bouss\eco-tri-ia\data\classification\v2\train\paper\paper429.jpg","AB61A29F1B2D8316D13160A649F2D0682854F9B3BE842F657536B6B52F134ED9"
"C:\Users\bouss\eco-tri-ia\data\raw\garbage_dataset_v2\six_classes\paper\paper_864.jpg","C:\Users\bouss\eco-tri-ia\data\classification\v2\test\paper\paper329.jpg","DF5F3AF4CE3BD5053090EF8EE26F5EBC86750F80C6D9A7BB62DBB5AA7BC981BA"
"C:\Users\bouss\eco-tri-ia\data\raw\garbage_dataset_v2\six_classes\paper\paper_866.jpg","C:\Users\bouss\eco-tri-ia\data\classification\v2\train\paper\paper266.jpg","7486B77585A1D94CA09973A5434E31AB52A98BFB4C73B0A101F19169F18F35F6"
"C:\Users\bouss\eco-tri-ia\data\raw\garbage_dataset_v2\six_classes\paper\paper_867.jpg","C:\Users\bouss\eco-tri-ia\data\classification\v2\val\paper\paper9.jpg","9343ACF12F8934A4DD9F57CD8B88DF51E6193DB607C109FE55776AAD66B19941"
"C:\Users\bouss\eco-tri-ia\data\raw\garbage_dataset_v2\six_classes\paper\paper_869.jpg","C:\Users\bouss\eco-tri-ia\data\classification\v2\train\paper\paper147.jpg","9A36FF9B1300515F7B8BB0073553BBC4A2F57CEF9FA723BFB152A311B05282C0"
"C:\Users\bouss\eco-tri-ia\data\raw\garbage_dataset_v2\six_classes\paper\paper_878.jpg","C:\Users\bouss\eco-tri-ia\data\classification\v2\train\paper\paper407.jpg","E7D542190DFD9B21569193BD7ED1CB94597CEEAD9D926AEC6798CCF98665B3F7"
"C:\Users\bouss\eco-tri-ia\data\raw\garbage_dataset_v2\six_classes\paper\paper_879.jpg","C:\Users\bouss\eco-tri-ia\data\classification\v2\train\paper\paper213.jpg","32036F52A8B6D1CBD055A120BC234BBDFDF72EEC4A51128EC344F11F3DFE5DD2"
"C:\Users\bouss\eco-tri-ia\data\raw\garbage_dataset_v2\six_classes\paper\paper_885.jpg","C:\Users\bouss\eco-tri-ia\data\classification\v2\test\paper\paper360.jpg","C3CCC0942A44B9BFC38F6B1E9C3BBE2610F09B48DF1C3048EE674E30DC6686AB"
"C:\Users\bouss\eco-tri-ia\data\raw\garbage_dataset_v2\six_classes\paper\paper_891.jpg","C:\Users\bouss\eco-tri-ia\data\classification\v2\train\paper\paper362.jpg","16796ABA75EC18DC20DFD1C4E918724DF1FD3747B052C01C74CBD6A56128A1D6"
"C:\Users\bouss\eco-tri-ia\data\raw\garbage_dataset_v2\six_classes\paper\paper_893.jpg","C:\Users\bouss\eco-tri-ia\data\classification\v2\train\paper\paper106.jpg","3A43C3CA2559710CB8710467F46AF86D480A6AFCFA7064C1B66231CF21331D11"
"C:\Users\bouss\eco-tri-ia\data\raw\garbage_dataset_v2\six_classes\paper\paper_894.jpg","C:\Users\bouss\eco-tri-ia\data\classification\v2\train\paper\paper480.jpg","74CA7D71EC4C8B9DC003F5F27B615E2AF40E9FF02F9F6E0D11DDE9057F8647A8"
"C:\Users\bouss\eco-tri-ia\data\raw\garbage_dataset_v2\six_classes\paper\paper_895.jpg","C:\Users\bouss\eco-tri-ia\data\classification\v2\train\paper\paper387.jpg","FFA7ACC8E93DC44EF4965ECE108BBE8639BAD46DFC4089EC905E931582F9B93F"
"C:\Users\bouss\eco-tri-ia\data\raw\garbage_dataset_v2\six_classes\paper\paper_896.jpg","C:\Users\bouss\eco-tri-ia\data\classification\v2\train\paper\paper103.jpg","8AFD191F79F0D13EA26A83AF9F4BD4F94A38ABD161C1F2A400C564520DAAE03C"
"C:\Users\bouss\eco-tri-ia\data\raw\garbage_dataset_v2\six_classes\paper\paper_897.jpg","C:\Users\bouss\eco-tri-ia\data\classification\v2\test\paper\paper494.jpg","20A83DA01CBF24694407EA3EFAF2D842005EF4958151189C5DA1364E65DAE808"
"C:\Users\bouss\eco-tri-ia\data\raw\garbage_dataset_v2\six_classes\paper\paper_902.jpg","C:\Users\bouss\eco-tri-ia\data\classification\v2\train\paper\paper57.jpg","9FC10044741A1949B010452C25D81120E3AB548613B0830C16D60CE7BAC7420F"
"C:\Users\bouss\eco-tri-ia\data\raw\garbage_dataset_v2\six_classes\paper\paper_903.jpg","C:\Users\bouss\eco-tri-ia\data\classification\v2\train\paper\paper541.jpg","C4888283B8AD6F05C97CC8F33098DB1EDC363FF6954E7BBBC848B6E26E07FC62"
"C:\Users\bouss\eco-tri-ia\data\raw\garbage_dataset_v2\six_classes\paper\paper_905.jpg","C:\Users\bouss\eco-tri-ia\data\classification\v2\val\paper\paper371.jpg","921DDD2BB02E7200F0E3260B8A3E639246335B997283DC3790C306A1715A1CB5"
"C:\Users\bouss\eco-tri-ia\data\raw\garbage_dataset_v2\six_classes\paper\paper_906.jpg","C:\Users\bouss\eco-tri-ia\data\classification\v2\train\paper\paper36.jpg","D20CC7E0A9CBBDC163183C88CC37D65D40156001F931568B5BD944F42CE433AA"
"C:\Users\bouss\eco-tri-ia\data\raw\garbage_dataset_v2\six_classes\paper\paper_914.jpg","C:\Users\bouss\eco-tri-ia\data\classification\v2\train\paper\paper350.jpg","EF6B15402023445819E52326F1CCE2A9D7524D132AD61431619F9A19715EA2BC"
"C:\Users\bouss\eco-tri-ia\data\raw\garbage_dataset_v2\six_classes\paper\paper_915.jpg","C:\Users\bouss\eco-tri-ia\data\classification\v2\train\paper\paper243.jpg","010398AAAA4A7510FE1437862435D88013BCE4F386A2F891CA3CB8180EBDD50C"
"C:\Users\bouss\eco-tri-ia\data\raw\garbage_dataset_v2\six_classes\paper\paper_92.jpg","C:\Users\bouss\eco-tri-ia\data\classification\v2\train\paper\paper398.jpg","A244D24C0985D2CDCFDE901D92279433871C00A9C6748EFAD3548106B1C94D24"
"C:\Users\bouss\eco-tri-ia\data\raw\garbage_dataset_v2\six_classes\paper\paper_923.jpg","C:\Users\bouss\eco-tri-ia\data\classification\v2\train\paper\paper530.jpg","69C9F05C80D97470E575C5927F8523B0F4FFDED91C0A18B53518A58C1A7B1787"
"C:\Users\bouss\eco-tri-ia\data\raw\garbage_dataset_v2\six_classes\paper\paper_926.jpg","C:\Users\bouss\eco-tri-ia\data\classification\v2\train\paper\paper315.jpg","46B051FC891308459FB97B93876386743EB143CDE82FE90AE679E3DDA550FF44"
"C:\Users\bouss\eco-tri-ia\data\raw\garbage_dataset_v2\six_classes\paper\paper_927.jpg","C:\Users\bouss\eco-tri-ia\data\classification\v2\train\paper\paper305.jpg","1708AE1E698D0ACCFC0F698A3859A0EA4FF6BBC0EFA27DB32C919EAB93017177"
"C:\Users\bouss\eco-tri-ia\data\raw\garbage_dataset_v2\six_classes\paper\paper_931.jpg","C:\Users\bouss\eco-tri-ia\data\classification\v2\train\paper\paper496.jpg","EA0E35589E6C56A3EDE6489DF7EBA026ABC77745E75C92224E1F18E58891CBCD"
"C:\Users\bouss\eco-tri-ia\data\raw\garbage_dataset_v2\six_classes\paper\paper_932.jpg","C:\Users\bouss\eco-tri-ia\data\classification\v2\train\paper\paper145.jpg","9B327708B8A47E6F0783D881B149FE6CE45FBEF5EDC8A7F581D5A73B5E816F1D"
"C:\Users\bouss\eco-tri-ia\data\raw\garbage_dataset_v2\six_classes\paper\paper_933.jpg","C:\Users\bouss\eco-tri-ia\data\classification\v2\test\paper\paper144.jpg","C1976FD353D41344F825D988703F63ECE168E453F9630F4964D3952890A0559D"
"C:\Users\bouss\eco-tri-ia\data\raw\garbage_dataset_v2\six_classes\paper\paper_934.jpg","C:\Users\bouss\eco-tri-ia\data\classification\v2\train\paper\paper556.jpg","54783D495508BA31E4FCEE64A4F08802402FB9AF78A57CC2727985964D7EC338"
"C:\Users\bouss\eco-tri-ia\data\raw\garbage_dataset_v2\six_classes\paper\paper_938.jpg","C:\Users\bouss\eco-tri-ia\data\classification\v2\train\paper\paper548.jpg","3364B945CD88B7238CD23DAB9B5E95EC3DA2EC3310082B3EEF4DB34B5F5EF833"
"C:\Users\bouss\eco-tri-ia\data\raw\garbage_dataset_v2\six_classes\paper\paper_939.jpg","C:\Users\bouss\eco-tri-ia\data\classification\v2\train\paper\paper165.jpg","86F7DE44FCE23C740E02B4D8C8028E682ACAF1E4496D99EAB51BAC58DDBCE809"
"C:\Users\bouss\eco-tri-ia\data\raw\garbage_dataset_v2\six_classes\paper\paper_942.jpg","C:\Users\bouss\eco-tri-ia\data\classification\v2\train\paper\paper133.jpg","BB824FF078D95D25413F1EBDC522CE2E081DEB40AEC488F4E4E682B86E86E571"
"C:\Users\bouss\eco-tri-ia\data\raw\garbage_dataset_v2\six_classes\paper\paper_943.jpg","C:\Users\bouss\eco-tri-ia\data\classification\v2\train\paper\paper359.jpg","9C732E082CFBAAF64CBE6D7BCE0E3C7925B77D4DB841CB07C9C4F1575FB430DB"
"C:\Users\bouss\eco-tri-ia\data\raw\garbage_dataset_v2\six_classes\paper\paper_948.jpg","C:\Users\bouss\eco-tri-ia\data\classification\v2\train\paper\paper478.jpg","EADBE7B81899D3FD5E9A8FD309D30DCE3D51A722C6B56A5560A1C6A3C58DF07C"
"C:\Users\bouss\eco-tri-ia\data\raw\garbage_dataset_v2\six_classes\paper\paper_949.jpg","C:\Users\bouss\eco-tri-ia\data\classification\v2\val\paper\paper509.jpg","97E55747804AABA3E7AB3326FF259E90515B80AFD4DFE406E118FEF50402D104"
"C:\Users\bouss\eco-tri-ia\data\raw\garbage_dataset_v2\six_classes\paper\paper_950.jpg","C:\Users\bouss\eco-tri-ia\data\classification\v2\train\paper\paper210.jpg","ED89314FE3902A917CA66FE0188BF80B7056394527B435679E727F51C79CAFD1"
"C:\Users\bouss\eco-tri-ia\data\raw\garbage_dataset_v2\six_classes\paper\paper_951.jpg","C:\Users\bouss\eco-tri-ia\data\classification\v2\train\paper\paper493.jpg","C0E2A3A37B098B4B4923DC3BB67A30ED502867535D837D0BC8063B1322FD0885"
"C:\Users\bouss\eco-tri-ia\data\raw\garbage_dataset_v2\six_classes\paper\paper_956.jpg","C:\Users\bouss\eco-tri-ia\data\classification\v2\test\paper\paper394.jpg","4393828D8F152F58A4E753B66A60A9207B1E0DC5CC151932625B58C3B76AD578"
"C:\Users\bouss\eco-tri-ia\data\raw\garbage_dataset_v2\six_classes\paper\paper_957.jpg","C:\Users\bouss\eco-tri-ia\data\classification\v2\train\paper\paper83.jpg","B802C684C77EBC0DEF38D2769145E5F9BAAF1E14A97B6B52AF9E31F4615DFDAA"
"C:\Users\bouss\eco-tri-ia\data\raw\garbage_dataset_v2\six_classes\paper\paper_961.jpg","C:\Users\bouss\eco-tri-ia\data\classification\v2\test\paper\paper574.jpg","673BD5CCBBD97DB5DCBB761AA782D16C856DC89888D8AC58974459306FF421E4"
"C:\Users\bouss\eco-tri-ia\data\raw\garbage_dataset_v2\six_classes\paper\paper_962.jpg","C:\Users\bouss\eco-tri-ia\data\classification\v2\train\paper\paper521.jpg","4F512939AA5CCDA50AB7BDF636C01BF13E54DD33816ADF911419E5378691220E"
"C:\Users\bouss\eco-tri-ia\data\raw\garbage_dataset_v2\six_classes\paper\paper_964.jpg","C:\Users\bouss\eco-tri-ia\data\classification\v2\train\paper\paper472.jpg","CA1C78D4D0E8C917B7398A4DBA4338DCF823F0069ADAF11865A2B300CFEA69B1"
"C:\Users\bouss\eco-tri-ia\data\raw\garbage_dataset_v2\six_classes\paper\paper_965.jpg","C:\Users\bouss\eco-tri-ia\data\classification\v2\train\paper\paper335.jpg","2D4E555B298B81C20DE1B743C09BCB76D8322FE6F9E4E258A0EB036AD020A805"
"C:\Users\bouss\eco-tri-ia\data\raw\garbage_dataset_v2\six_classes\paper\paper_966.jpg","C:\Users\bouss\eco-tri-ia\data\classification\v2\train\paper\paper492.jpg","4ACE1C20AAE76C7C5DC3FE1E9DB206FE8ABC5565D9F67BE21D02C96DD941AE8A"
"C:\Users\bouss\eco-tri-ia\data\raw\garbage_dataset_v2\six_classes\paper\paper_967.jpg","C:\Users\bouss\eco-tri-ia\data\classification\v2\val\paper\paper452.jpg","F218A1513BBD5AE0047427638D39CDD9B49BF847219C77DCAAA109F7BF17AB91"
"C:\Users\bouss\eco-tri-ia\data\raw\garbage_dataset_v2\six_classes\paper\paper_968.jpg","C:\Users\bouss\eco-tri-ia\data\classification\v2\train\paper\paper285.jpg","0DE99CCF58FD88570E851DCEF50C2599A84B63890FE66C40506E429DCC73781F"
"C:\Users\bouss\eco-tri-ia\data\raw\garbage_dataset_v2\six_classes\paper\paper_971.jpg","C:\Users\bouss\eco-tri-ia\data\classification\v2\train\paper\paper504.jpg","A29F26705F053E3CBCB729C05E56F63543A3AA37DFFA5B125419ED357D6DADE3"
"C:\Users\bouss\eco-tri-ia\data\raw\garbage_dataset_v2\six_classes\paper\paper_973.jpg","C:\Users\bouss\eco-tri-ia\data\classification\v2\val\paper\paper247.jpg","5ECDC4745F35BE7F4F3BE4AB7AF337B25B198985AC802AD8E7F0D3F79E8F95C4"
"C:\Users\bouss\eco-tri-ia\data\raw\garbage_dataset_v2\six_classes\paper\paper_974.jpg","C:\Users\bouss\eco-tri-ia\data\classification\v2\train\paper\paper48.jpg","5500DEB7995281DC729C6870043D35AA7DC6F79A82FEBE22608AE9ABEB5E3B16"
"C:\Users\bouss\eco-tri-ia\data\raw\garbage_dataset_v2\six_classes\paper\paper_975.jpg","C:\Users\bouss\eco-tri-ia\data\classification\v2\val\paper\paper462.jpg","E2770D67E42BC2AE3C4C6D55EDE9D4A77408D066F81D2C68DE9D9FC54EE41E22"
"C:\Users\bouss\eco-tri-ia\data\raw\garbage_dataset_v2\six_classes\paper\paper_976.jpg","C:\Users\bouss\eco-tri-ia\data\classification\v2\train\paper\paper141.jpg","6845842D1A4E9E12B329105EA9C5F477C783C36DFA21937596CCD55B300EF376"
"C:\Users\bouss\eco-tri-ia\data\raw\garbage_dataset_v2\six_classes\paper\paper_978.jpg","C:\Users\bouss\eco-tri-ia\data\classification\v2\train\paper\paper388.jpg","FDB9C001240014BB2B8AC5619E370BF0FF6334A7F7EA0305AD84C40C4EF406F4"
"C:\Users\bouss\eco-tri-ia\data\raw\garbage_dataset_v2\six_classes\paper\paper_979.jpg","C:\Users\bouss\eco-tri-ia\data\classification\v2\val\paper\paper127.jpg","6CE5AD817D9D57F925F0DC6B5ABCA5473D2CC28A62DE5F681B1E61B843821B89"
"C:\Users\bouss\eco-tri-ia\data\raw\garbage_dataset_v2\six_classes\paper\paper_98.jpg","C:\Users\bouss\eco-tri-ia\data\classification\v2\train\paper\paper558.jpg","54528F7358C406BED4206F29B141F70A91FF74C1F21744D970ECF3DDA1CF1DEE"
"C:\Users\bouss\eco-tri-ia\data\raw\garbage_dataset_v2\six_classes\paper\paper_980.jpg","C:\Users\bouss\eco-tri-ia\data\classification\v2\train\paper\paper64.jpg","D2976D8BD28F32817E8449F4AA100D10DDDD104FEF8E08B2EABADC16E54DCD3A"
"C:\Users\bouss\eco-tri-ia\data\raw\garbage_dataset_v2\six_classes\paper\paper_983.jpg","C:\Users\bouss\eco-tri-ia\data\classification\v2\val\paper\paper489.jpg","11A101697E8208D6E2AEFCB95CE575B51CBA2C109C054EEE5638C52F6E3A66D8"
"C:\Users\bouss\eco-tri-ia\data\raw\garbage_dataset_v2\six_classes\paper\paper_989.jpg","C:\Users\bouss\eco-tri-ia\data\classification\v2\train\paper\paper476.jpg","6C5125A61E4A90BFEE7DE1DB0104B1897AE88FA86C33027F2FE23F0FE7C3CED5"
"C:\Users\bouss\eco-tri-ia\data\raw\garbage_dataset_v2\six_classes\paper\paper_990.jpg","C:\Users\bouss\eco-tri-ia\data\classification\v2\val\paper\paper465.jpg","8C56A967409863F218B0F289B22A5ACCC91F99F4B21100CBDF01EAACA54C6A2B"
"C:\Users\bouss\eco-tri-ia\data\raw\garbage_dataset_v2\six_classes\paper\paper_995.jpg","C:\Users\bouss\eco-tri-ia\data\classification\v2\test\paper\paper479.jpg","3B82772D2649481097E9D843F019974BA6F375ECAAABCC8D4339B00FFF38F9E0"
"C:\Users\bouss\eco-tri-ia\data\raw\garbage_dataset_v2\six_classes\paper\paper_997.jpg","C:\Users\bouss\eco-tri-ia\data\classification\v2\train\paper\paper560.jpg","CF4D6F56134E7A8A6D914165047FF9399A953CAD758B57F4FBAD45369E045D6C"
"C:\Users\bouss\eco-tri-ia\data\raw\garbage_dataset_v2\six_classes\paper\paper_998.jpg","C:\Users\bouss\eco-tri-ia\data\classification\v2\train\paper\paper468.jpg","726F1D0CAA101406528A6CC20B38D2E8644DE15376801E73D6463C6DB446CDDB"
"C:\Users\bouss\eco-tri-ia\data\raw\garbage_dataset_v2\six_classes\paper\paper_999.jpg","C:\Users\bouss\eco-tri-ia\data\classification\v2\test\paper\paper204.jpg","7D19F0D696ECBFB6E53877C9D0FE4E84405FB22A05BDF72BBF2DB286533D4282"
"C:\Users\bouss\eco-tri-ia\data\raw\garbage_dataset_v2\six_classes\plastic\plastic_1.jpg","C:\Users\bouss\eco-tri-ia\data\classification\v2\train\plastic\plastic475.jpg","00827843E2717008273BCC743C442864E5C9DCD150AC6158EFD4952125AC1FB6"
"C:\Users\bouss\eco-tri-ia\data\raw\garbage_dataset_v2\six_classes\plastic\plastic_1003.jpg","C:\Users\bouss\eco-tri-ia\data\classification\v2\val\plastic\plastic40.jpg","D39AAA99980604A54B7B6FC5173A36DD8138B8DDE3F3E4BAE486A1ED78E78437"
"C:\Users\bouss\eco-tri-ia\data\raw\garbage_dataset_v2\six_classes\plastic\plastic_1004.jpg","C:\Users\bouss\eco-tri-ia\data\classification\v2\train\plastic\plastic121.jpg","475D2F7B09BAC0C800B26AF40DCFC9DE1E7C85AEC2C84D5390F3CBDEE85BD7FE"
"C:\Users\bouss\eco-tri-ia\data\raw\garbage_dataset_v2\six_classes\plastic\plastic_1006.jpg","C:\Users\bouss\eco-tri-ia\data\classification\v2\val\plastic\plastic184.jpg","8FBF45B1666F41F5D19903EDD5822DE96BD449309F12FE668891C2538F08D961"
"C:\Users\bouss\eco-tri-ia\data\raw\garbage_dataset_v2\six_classes\plastic\plastic_1007.jpg","C:\Users\bouss\eco-tri-ia\data\classification\v2\train\plastic\plastic140.jpg","A6B5C0650A6B5B6F2117FA074BC95B7766EEBDF6FE27F177DCD9554458E58516"
"C:\Users\bouss\eco-tri-ia\data\raw\garbage_dataset_v2\six_classes\plastic\plastic_1012.jpg","C:\Users\bouss\eco-tri-ia\data\classification\v2\train\plastic\plastic213.jpg","734C7013E660553D0BE8BDD872B13AB814919DEC7794011BE9139F5FDF124F29"
"C:\Users\bouss\eco-tri-ia\data\raw\garbage_dataset_v2\six_classes\plastic\plastic_1017.jpg","C:\Users\bouss\eco-tri-ia\data\classification\v2\train\plastic\plastic468.jpg","DFBB47B3303BE9C6C18129D220EEBE8E378680D184EEEDBECAB7C3DCD218E429"
"C:\Users\bouss\eco-tri-ia\data\raw\garbage_dataset_v2\six_classes\plastic\plastic_1018.jpg","C:\Users\bouss\eco-tri-ia\data\classification\v2\train\plastic\plastic235.jpg","B4EAB673B773E0025EC0CC31B13705325713A712050C17B2EAE710519F92AFF8"
"C:\Users\bouss\eco-tri-ia\data\raw\garbage_dataset_v2\six_classes\plastic\plastic_1019.jpg","C:\Users\bouss\eco-tri-ia\data\classification\v2\train\plastic\plastic347.jpg","78C3FC7DC09F3F083FFE752DF9E02BD4A0FB6540DD56BF02D4C3718DF6ED4165"
"C:\Users\bouss\eco-tri-ia\data\raw\garbage_dataset_v2\six_classes\plastic\plastic_1023.jpg","C:\Users\bouss\eco-tri-ia\data\classification\v2\val\plastic\plastic276.jpg","BFDFBC629A84967C1DBFDC3E90275279A2A2760F9053750C64A3307DB605F4D8"
"C:\Users\bouss\eco-tri-ia\data\raw\garbage_dataset_v2\six_classes\plastic\plastic_1026.jpg","C:\Users\bouss\eco-tri-ia\data\classification\v2\test\plastic\plastic372.jpg","31B4750D5072F1C4E7AE5B66A3FECB0F94F9439307627952E810B3764FD40EF5"
"C:\Users\bouss\eco-tri-ia\data\raw\garbage_dataset_v2\six_classes\plastic\plastic_1029.jpg","C:\Users\bouss\eco-tri-ia\data\classification\v2\train\plastic\plastic398.jpg","204739A2E73AFCA691E41130F49FFA8C5B40D25A110B56AA2A67041A07BC259D"
"C:\Users\bouss\eco-tri-ia\data\raw\garbage_dataset_v2\six_classes\plastic\plastic_1032.jpg","C:\Users\bouss\eco-tri-ia\data\classification\v2\train\plastic\plastic57.jpg","4674E3D6EEE6F7ED7B4E67E6B00D0AD920DACA0B38B3B1031C36E5A17067DA94"
"C:\Users\bouss\eco-tri-ia\data\raw\garbage_dataset_v2\six_classes\plastic\plastic_1035.jpg","C:\Users\bouss\eco-tri-ia\data\classification\v2\train\plastic\plastic328.jpg","6B09EEE0722C2A8E562BAE5C657E1DB64BAD8E90040D599A26480268A125FDE6"
"C:\Users\bouss\eco-tri-ia\data\raw\garbage_dataset_v2\six_classes\plastic\plastic_1039.jpg","C:\Users\bouss\eco-tri-ia\data\classification\v2\train\plastic\plastic444.jpg","EB26EE5DEABE9ABDA304CB63B1F25FBE02E80216DF1101EBA6745CD1A68B5898"
"C:\Users\bouss\eco-tri-ia\data\raw\garbage_dataset_v2\six_classes\plastic\plastic_1040.jpg","C:\Users\bouss\eco-tri-ia\data\classification\v2\val\plastic\plastic395.jpg","9DC18C5008B827FE714659B0240A6CE2984D9A55D8EB5B5C7073B438347A649F"
"C:\Users\bouss\eco-tri-ia\data\raw\garbage_dataset_v2\six_classes\plastic\plastic_1050.jpg","C:\Users\bouss\eco-tri-ia\data\classification\v2\train\plastic\plastic2.jpg","86C49AD6AD1213CA8E78308201430378E8FB87B3FFE624993773E6828BF7E30A"
"C:\Users\bouss\eco-tri-ia\data\raw\garbage_dataset_v2\six_classes\plastic\plastic_1054.jpg","C:\Users\bouss\eco-tri-ia\data\classification\v2\val\plastic\plastic359.jpg","B81CF3E51BE8F35C3F25E99A0A68DCD7176910BE32D8306B812FA90E560D733C"
"C:\Users\bouss\eco-tri-ia\data\raw\garbage_dataset_v2\six_classes\plastic\plastic_1058.jpg","C:\Users\bouss\eco-tri-ia\data\classification\v2\val\plastic\plastic473.jpg","55210883FC994028C402FE62582610B48F99F8A1EF4929677EB2E9EF46DB8CBF"
"C:\Users\bouss\eco-tri-ia\data\raw\garbage_dataset_v2\six_classes\plastic\plastic_1069.jpg","C:\Users\bouss\eco-tri-ia\data\classification\v2\test\plastic\plastic320.jpg","D0C8C6C75BCDD5DD0B50D012C0C4CD15CCB78DCB1EFCEA8F5FA7409948743956"
"C:\Users\bouss\eco-tri-ia\data\raw\garbage_dataset_v2\six_classes\plastic\plastic_1070.jpg","C:\Users\bouss\eco-tri-ia\data\classification\v2\train\plastic\plastic35.jpg","3D697A4663EF8312EC806F1D35CB40331BAD3DBF9BC190958983906808039A1D"
"C:\Users\bouss\eco-tri-ia\data\raw\garbage_dataset_v2\six_classes\plastic\plastic_1073.jpg","C:\Users\bouss\eco-tri-ia\data\classification\v2\train\plastic\plastic265.jpg","9CE823C13128CDDE96B3FEA06608B3CE5C0991CCD45A5AC832E2464360169B1A"
"C:\Users\bouss\eco-tri-ia\data\raw\garbage_dataset_v2\six_classes\plastic\plastic_1074.jpg","C:\Users\bouss\eco-tri-ia\data\classification\v2\val\plastic\plastic447.jpg","035D22330D0D075CC9F336A640224688346994D7F0F9E7512216ACA90D1FC505"
"C:\Users\bouss\eco-tri-ia\data\raw\garbage_dataset_v2\six_classes\plastic\plastic_1077.jpg","C:\Users\bouss\eco-tri-ia\data\classification\v2\test\plastic\plastic194.jpg","E065D6D28EF07271ACCB840F14449AC7A73128C09FA04E35819A1083960934CF"
"C:\Users\bouss\eco-tri-ia\data\raw\garbage_dataset_v2\six_classes\plastic\plastic_1078.jpg","C:\Users\bouss\eco-tri-ia\data\classification\v2\train\plastic\plastic315.jpg","C0427850434FBD1DAAEC76E205EC253DFCEFE277E12C0D707018EBBE58621CC5"
"C:\Users\bouss\eco-tri-ia\data\raw\garbage_dataset_v2\six_classes\plastic\plastic_1087.jpg","C:\Users\bouss\eco-tri-ia\data\classification\v2\train\plastic\plastic125.jpg","2DA1DC04AECDFFDF22714AFF09A76C9C6AA591544130D2C7C3A0B1B2896EB867"
"C:\Users\bouss\eco-tri-ia\data\raw\garbage_dataset_v2\six_classes\plastic\plastic_1088.jpg","C:\Users\bouss\eco-tri-ia\data\classification\v2\train\plastic\plastic198.jpg","FCF9E895001A17B7C76F70B6E9AA3E96628405F8AAA1C51FC7F318D305393AEF"
"C:\Users\bouss\eco-tri-ia\data\raw\garbage_dataset_v2\six_classes\plastic\plastic_1091.jpg","C:\Users\bouss\eco-tri-ia\data\classification\v2\train\plastic\plastic294.jpg","E50E59F0123BC75469B29D7140DC6C3023E3F8251E33496B8DB6ACDE58D9F1FE"
"C:\Users\bouss\eco-tri-ia\data\raw\garbage_dataset_v2\six_classes\plastic\plastic_1096.jpg","C:\Users\bouss\eco-tri-ia\data\classification\v2\val\plastic\plastic92.jpg","A4F4316EEC3AD18387D1142D3F1C71A92824C2F1F385D777BA4FCA1A2A1DE2E9"
"C:\Users\bouss\eco-tri-ia\data\raw\garbage_dataset_v2\six_classes\plastic\plastic_1097.jpg","C:\Users\bouss\eco-tri-ia\data\classification\v2\train\plastic\plastic321.jpg","A9542EE2EEBDC4CE1CDC23B1E7561766A2000E352804F7C38E98067E23E4137B"
"C:\Users\bouss\eco-tri-ia\data\raw\garbage_dataset_v2\six_classes\plastic\plastic_1100.jpg","C:\Users\bouss\eco-tri-ia\data\classification\v2\val\plastic\plastic382.jpg","5024BA701A30817BB3F296F857B4B0FA31EF0ED76637553C03B3C0C5BA242516"
"C:\Users\bouss\eco-tri-ia\data\raw\garbage_dataset_v2\six_classes\plastic\plastic_1105.jpg","C:\Users\bouss\eco-tri-ia\data\classification\v2\train\plastic\plastic401.jpg","41691DD04158ED6B0A2CFFE6470A4E4C28BC1A172D6B0ABC57233F7564872443"
"C:\Users\bouss\eco-tri-ia\data\raw\garbage_dataset_v2\six_classes\plastic\plastic_1109.jpg","C:\Users\bouss\eco-tri-ia\data\classification\v2\test\plastic\plastic349.jpg","DE5931A4EFB3532C996B49AE1E803A116F6DFAF0DD5F16C126D3DC97877CF1B8"
"C:\Users\bouss\eco-tri-ia\data\raw\garbage_dataset_v2\six_classes\plastic\plastic_111.jpg","C:\Users\bouss\eco-tri-ia\data\classification\v2\train\plastic\plastic163.jpg","89639EC1D3248A9846E4BC2B943826FDC0E26200BDA8196BD0B5D81FBB9CAC0D"
"C:\Users\bouss\eco-tri-ia\data\raw\garbage_dataset_v2\six_classes\plastic\plastic_1110.jpg","C:\Users\bouss\eco-tri-ia\data\classification\v2\train\plastic\plastic322.jpg","C34288AB439C8463B83BB62453F90816779131FB2BAE79D38E40B58BC306A8DE"
"C:\Users\bouss\eco-tri-ia\data\raw\garbage_dataset_v2\six_classes\plastic\plastic_1113.jpg","C:\Users\bouss\eco-tri-ia\data\classification\v2\train\plastic\plastic312.jpg","9B24C96BED046E3C870B0086621726803D6D3127B8011D08C75AC7A9340873AF"
"C:\Users\bouss\eco-tri-ia\data\raw\garbage_dataset_v2\six_classes\plastic\plastic_1114.jpg","C:\Users\bouss\eco-tri-ia\data\classification\v2\train\plastic\plastic352.jpg","19908813035B3C9616D2C5E2A0770B0609C643964158F976106483BEA9DB6153"
"C:\Users\bouss\eco-tri-ia\data\raw\garbage_dataset_v2\six_classes\plastic\plastic_1117.jpg","C:\Users\bouss\eco-tri-ia\data\classification\v2\test\plastic\plastic304.jpg","7F728B9E10BAEF5D4FF0661F2C51939EC71F8B03A792ECC092720DBC30E4D4C8"
"C:\Users\bouss\eco-tri-ia\data\raw\garbage_dataset_v2\six_classes\plastic\plastic_1119.jpg","C:\Users\bouss\eco-tri-ia\data\classification\v2\train\plastic\plastic25.jpg","85F8F176FD9B9ABD4FC5291679DEAECB6E09D45192B4A9832F8188C28A2F635B"
"C:\Users\bouss\eco-tri-ia\data\raw\garbage_dataset_v2\six_classes\plastic\plastic_1121.jpg","C:\Users\bouss\eco-tri-ia\data\classification\v2\train\plastic\plastic389.jpg","637404061A17A1FF0810D035F4473243B7351344915CD3D9E1C713A76401DA8E"
"C:\Users\bouss\eco-tri-ia\data\raw\garbage_dataset_v2\six_classes\plastic\plastic_1123.jpg","C:\Users\bouss\eco-tri-ia\data\classification\v2\val\plastic\plastic400.jpg","F7F52C4CC48D6C1BD6FFF276931160F61EC7EA82CFEA05E6A3C44851259D227F"
"C:\Users\bouss\eco-tri-ia\data\raw\garbage_dataset_v2\six_classes\plastic\plastic_1125.jpg","C:\Users\bouss\eco-tri-ia\data\classification\v2\train\plastic\plastic51.jpg","B683387E221E5B23286F1FB59DA08A6D356676C52644CF42D75DDCF1CD346A62"
"C:\Users\bouss\eco-tri-ia\data\raw\garbage_dataset_v2\six_classes\plastic\plastic_1127.jpg","C:\Users\bouss\eco-tri-ia\data\classification\v2\train\plastic\plastic380.jpg","F96EBE860F17249CDB53BCC1C236F681A7536B484C7A11C6BFDCE9788E0076A7"
"C:\Users\bouss\eco-tri-ia\data\raw\garbage_dataset_v2\six_classes\plastic\plastic_1128.jpg","C:\Users\bouss\eco-tri-ia\data\classification\v2\train\plastic\plastic209.jpg","9D2CDABD68F4DF9E76B989FF882F2FD0895A1B1D3633F01E479C52DC94DB1161"
"C:\Users\bouss\eco-tri-ia\data\raw\garbage_dataset_v2\six_classes\plastic\plastic_1129.jpg","C:\Users\bouss\eco-tri-ia\data\classification\v2\train\plastic\plastic318.jpg","67D1AC306A493D7D032F66089A2F544AE6908A2A1C6343DCF798927059CD55B8"
"C:\Users\bouss\eco-tri-ia\data\raw\garbage_dataset_v2\six_classes\plastic\plastic_1133.jpg","C:\Users\bouss\eco-tri-ia\data\classification\v2\train\plastic\plastic131.jpg","9E65C52E21E2AB0D53C5D02032A6B8C7D2BC1176A92727850E56AC55AD8048E6"
"C:\Users\bouss\eco-tri-ia\data\raw\garbage_dataset_v2\six_classes\plastic\plastic_1135.jpg","C:\Users\bouss\eco-tri-ia\data\classification\v2\train\plastic\plastic259.jpg","F62BF0B618248826BA92DD8E1B5FC33CD929E6563D3D1613C08C4F4745481CF3"
"C:\Users\bouss\eco-tri-ia\data\raw\garbage_dataset_v2\six_classes\plastic\plastic_114.jpg","C:\Users\bouss\eco-tri-ia\data\classification\v2\train\plastic\plastic186.jpg","7EF599E5EDF2B0C5BA84992507AA5A90250FAF7C1FA9CBC93C0C42601A0E0C24"
"C:\Users\bouss\eco-tri-ia\data\raw\garbage_dataset_v2\six_classes\plastic\plastic_1140.jpg","C:\Users\bouss\eco-tri-ia\data\classification\v2\train\plastic\plastic216.jpg","353979EB66DCF41890687639974F69993DE17321C0D38082341EB4AF831DF4FD"
"C:\Users\bouss\eco-tri-ia\data\raw\garbage_dataset_v2\six_classes\plastic\plastic_1144.jpg","C:\Users\bouss\eco-tri-ia\data\classification\v2\train\plastic\plastic41.jpg","B199B2AD9A3BC7A28BA3C55662A0E4C4695984C5C6AA795826733C9ECB093479"
"C:\Users\bouss\eco-tri-ia\data\raw\garbage_dataset_v2\six_classes\plastic\plastic_1145.jpg","C:\Users\bouss\eco-tri-ia\data\classification\v2\train\plastic\plastic81.jpg","5619C5112EF5558AE84005997B8AEDEF11DC851A91276A474EA9C28DCC57ACB9"
"C:\Users\bouss\eco-tri-ia\data\raw\garbage_dataset_v2\six_classes\plastic\plastic_1148.jpg","C:\Users\bouss\eco-tri-ia\data\classification\v2\val\plastic\plastic45.jpg","67141E8F523C921CB5BCA25DDD2E9AA3C27D7AB976C00855B22695AEAFE942CA"
"C:\Users\bouss\eco-tri-ia\data\raw\garbage_dataset_v2\six_classes\plastic\plastic_1154.jpg","C:\Users\bouss\eco-tri-ia\data\classification\v2\val\plastic\plastic179.jpg","AD299921A80A27A58D01757BD887DD9C255ECF55FF18EF6FC4D97E03ACEEE118"
"C:\Users\bouss\eco-tri-ia\data\raw\garbage_dataset_v2\six_classes\plastic\plastic_1155.jpg","C:\Users\bouss\eco-tri-ia\data\classification\v2\train\plastic\plastic111.jpg","CE76F8922E3279D04F3B73D6F2BF485687643244D8620B7F9AF9CBC97C3152CE"
"C:\Users\bouss\eco-tri-ia\data\raw\garbage_dataset_v2\six_classes\plastic\plastic_1162.jpg","C:\Users\bouss\eco-tri-ia\data\classification\v2\val\plastic\plastic160.jpg","393C105A4F5BB2EB904F6B2E4BD9DA533FC7ADE97DF1F3C79D8E51DA9C2B9D14"
"C:\Users\bouss\eco-tri-ia\data\raw\garbage_dataset_v2\six_classes\plastic\plastic_1164.jpg","C:\Users\bouss\eco-tri-ia\data\classification\v2\test\plastic\plastic141.jpg","A4F6E17F8C565E8A319D01D67287CEF90F4FF74B2C476F4492F52343E21D8137"
"C:\Users\bouss\eco-tri-ia\data\raw\garbage_dataset_v2\six_classes\plastic\plastic_1165.jpg","C:\Users\bouss\eco-tri-ia\data\classification\v2\val\plastic\plastic474.jpg","4DD995989AA9414B21B21CDB5EFFA88BD361D3A549D93E8FD460A4FF652897F0"
"C:\Users\bouss\eco-tri-ia\data\raw\garbage_dataset_v2\six_classes\plastic\plastic_117.jpg","C:\Users\bouss\eco-tri-ia\data\classification\v2\train\plastic\plastic87.jpg","A472388FAA1BD0FBCDF90086317B0CA67CA6516AEBEB2289D816003B36DE9A8F"
"C:\Users\bouss\eco-tri-ia\data\raw\garbage_dataset_v2\six_classes\plastic\plastic_1172.jpg","C:\Users\bouss\eco-tri-ia\data\classification\v2\train\plastic\plastic23.jpg","6FCC879E28F160E32E2B5F8B4EE0E8AB3E57DEC802CDFFFD1AFEDF2FF98EF3FE"
"C:\Users\bouss\eco-tri-ia\data\raw\garbage_dataset_v2\six_classes\plastic\plastic_1174.jpg","C:\Users\bouss\eco-tri-ia\data\classification\v2\train\plastic\plastic272.jpg","6C0952547164BD6BC5BAB5A971F84456C1BAC30A983758CC51D5E141447F8BB6"
"C:\Users\bouss\eco-tri-ia\data\raw\garbage_dataset_v2\six_classes\plastic\plastic_1178.jpg","C:\Users\bouss\eco-tri-ia\data\classification\v2\test\plastic\plastic470.jpg","9FC537C06129C55815FFAD37149A24F8C7C5E914F270EF40A44838F65D7F7DA9"
"C:\Users\bouss\eco-tri-ia\data\raw\garbage_dataset_v2\six_classes\plastic\plastic_1179.jpg","C:\Users\bouss\eco-tri-ia\data\classification\v2\val\plastic\plastic61.jpg","6C3EFDB40A993A64E1D2C3EAB03DD634101CF8BA124D65B092537FF0116626AB"
"C:\Users\bouss\eco-tri-ia\data\raw\garbage_dataset_v2\six_classes\plastic\plastic_1181.jpg","C:\Users\bouss\eco-tri-ia\data\classification\v2\train\plastic\plastic249.jpg","C21F1F0F400D606FD6B75C6B19B1333F1B889A65576AFE38CF34C0F1AD40D4FD"
"C:\Users\bouss\eco-tri-ia\data\raw\garbage_dataset_v2\six_classes\plastic\plastic_1182.jpg","C:\Users\bouss\eco-tri-ia\data\classification\v2\train\plastic\plastic415.jpg","9D23BFFF7520B2FB001C5DB9591CD851CF52BFA68147C3FA3BC004DA3E58FF05"
"C:\Users\bouss\eco-tri-ia\data\raw\garbage_dataset_v2\six_classes\plastic\plastic_1183.jpg","C:\Users\bouss\eco-tri-ia\data\classification\v2\val\plastic\plastic453.jpg","F010CEAC35917DA54F016E4749E93A6B10A9154E2A32E508CE73773804CEA627"
"C:\Users\bouss\eco-tri-ia\data\raw\garbage_dataset_v2\six_classes\plastic\plastic_1188.jpg","C:\Users\bouss\eco-tri-ia\data\classification\v2\train\plastic\plastic101.jpg","8FE2A6C5B6D485D7F040D58BE8704E9988F7DA90378DC0A06EF3093002B15C20"
"C:\Users\bouss\eco-tri-ia\data\raw\garbage_dataset_v2\six_classes\plastic\plastic_119.jpg","C:\Users\bouss\eco-tri-ia\data\classification\v2\train\plastic\plastic316.jpg","49318DD9DB948DA708C19047298D85870D0E764CA7D98BE8E957D308B5781240"
"C:\Users\bouss\eco-tri-ia\data\raw\garbage_dataset_v2\six_classes\plastic\plastic_1198.jpg","C:\Users\bouss\eco-tri-ia\data\classification\v2\train\plastic\plastic206.jpg","7E8D8CA65E56E0EB598928C026907BD54109AC5533A6B8CE3771664C4212EA28"
"C:\Users\bouss\eco-tri-ia\data\raw\garbage_dataset_v2\six_classes\plastic\plastic_1201.jpg","C:\Users\bouss\eco-tri-ia\data\classification\v2\test\plastic\plastic5.jpg","D85046400205055EF166783630ADFB2DF8399A67A8E8039CB203A1CD14E4B886"
"C:\Users\bouss\eco-tri-ia\data\raw\garbage_dataset_v2\six_classes\plastic\plastic_1203.jpg","C:\Users\bouss\eco-tri-ia\data\classification\v2\val\plastic\plastic243.jpg","E8B8D86102144EB56FA1EEA49BA072DEBDF7284E1144E236F2CD6E31940F0057"
"C:\Users\bouss\eco-tri-ia\data\raw\garbage_dataset_v2\six_classes\plastic\plastic_1205.jpg","C:\Users\bouss\eco-tri-ia\data\classification\v2\train\plastic\plastic346.jpg","008D570E2620F929BAD28E8B1A5DFE5EB4ABB861C02598F9F98349AAE2289692"
"C:\Users\bouss\eco-tri-ia\data\raw\garbage_dataset_v2\six_classes\plastic\plastic_1207.jpg","C:\Users\bouss\eco-tri-ia\data\classification\v2\val\plastic\plastic191.jpg","EC065CF4559FB3B6ACA7E07624D2BED44EDD2495850087DDE7DECBF2AF6A8070"
"C:\Users\bouss\eco-tri-ia\data\raw\garbage_dataset_v2\six_classes\plastic\plastic_1208.jpg","C:\Users\bouss\eco-tri-ia\data\classification\v2\train\plastic\plastic221.jpg","9C49ED51F926D46ED4328411D99CBEE9440A16F34314FD834DBD41439573852B"
"C:\Users\bouss\eco-tri-ia\data\raw\garbage_dataset_v2\six_classes\plastic\plastic_1212.jpg","C:\Users\bouss\eco-tri-ia\data\classification\v2\train\plastic\plastic237.jpg","46790A275AC54D841CA2F6A981F192A2C212473A9408F9B2FD5C42E021019C4B"
"C:\Users\bouss\eco-tri-ia\data\raw\garbage_dataset_v2\six_classes\plastic\plastic_1218.jpg","C:\Users\bouss\eco-tri-ia\data\classification\v2\train\plastic\plastic402.jpg","49F9E8353C3D0018012C84D9611C662D906E7F452F5A97B8B754B750A88B9B8B"
"C:\Users\bouss\eco-tri-ia\data\raw\garbage_dataset_v2\six_classes\plastic\plastic_1220.jpg","C:\Users\bouss\eco-tri-ia\data\classification\v2\train\plastic\plastic67.jpg","BAC537B6725ECEB69E3AA20ED650CB9540AFF2543E83E9DF4214394C008F48C3"
"C:\Users\bouss\eco-tri-ia\data\raw\garbage_dataset_v2\six_classes\plastic\plastic_1222.jpg","C:\Users\bouss\eco-tri-ia\data\classification\v2\train\plastic\plastic126.jpg","219FAADF8CA0140BBE363127E9414F3E53718C2FF180C4AC1A6173A66A2ABAE1"
"C:\Users\bouss\eco-tri-ia\data\raw\garbage_dataset_v2\six_classes\plastic\plastic_1226.jpg","C:\Users\bouss\eco-tri-ia\data\classification\v2\test\plastic\plastic421.jpg","9C02154ED8B1A372DC29F2DEFBA0DA9949AFECCE1D8D5C4914872506596CA73F"
"C:\Users\bouss\eco-tri-ia\data\raw\garbage_dataset_v2\six_classes\plastic\plastic_1234.jpg","C:\Users\bouss\eco-tri-ia\data\classification\v2\val\plastic\plastic405.jpg","D61BE560EE231EAC62E7DC581FC44160644BA269C08CD9FA6EEA7D9E68A9162D"
"C:\Users\bouss\eco-tri-ia\data\raw\garbage_dataset_v2\six_classes\plastic\plastic_1235.jpg","C:\Users\bouss\eco-tri-ia\data\classification\v2\train\plastic\plastic242.jpg","3D1E36E5E4C1AF663D0509513D856D7430C70915E52C20CB1B9F2E0979A2A2FE"
"C:\Users\bouss\eco-tri-ia\data\raw\garbage_dataset_v2\six_classes\plastic\plastic_1236.jpg","C:\Users\bouss\eco-tri-ia\data\classification\v2\train\plastic\plastic85.jpg","01F8D026E7A6F1FC6BC47CF9DDB98E7C23D0CFB538A2F1822BF5287BECEB6872"
"C:\Users\bouss\eco-tri-ia\data\raw\garbage_dataset_v2\six_classes\plastic\plastic_1241.jpg","C:\Users\bouss\eco-tri-ia\data\classification\v2\train\plastic\plastic292.jpg","1FE34344D11D325ABAE025AB4AC0CF6D7322B4CD54CE846B3D725EEEA6F4C965"
"C:\Users\bouss\eco-tri-ia\data\raw\garbage_dataset_v2\six_classes\plastic\plastic_1244.jpg","C:\Users\bouss\eco-tri-ia\data\classification\v2\train\plastic\plastic102.jpg","F35BE988683274741B7A26D147953D4FCF63B6DFEBB6FE72601C6A56E3C9EDA2"
"C:\Users\bouss\eco-tri-ia\data\raw\garbage_dataset_v2\six_classes\plastic\plastic_1245.jpg","C:\Users\bouss\eco-tri-ia\data\classification\v2\train\plastic\plastic98.jpg","5DCDD840B2EF4863A974153E836821955C0D8A179529FD9AE3DFF29AF628B8B8"
"C:\Users\bouss\eco-tri-ia\data\raw\garbage_dataset_v2\six_classes\plastic\plastic_1248.jpg","C:\Users\bouss\eco-tri-ia\data\classification\v2\test\plastic\plastic239.jpg","F43FB84C64704B4CCD3117A763F018C3D1698E4DC4A50E6B362476FE14E93049"
"C:\Users\bouss\eco-tri-ia\data\raw\garbage_dataset_v2\six_classes\plastic\plastic_1249.jpg","C:\Users\bouss\eco-tri-ia\data\classification\v2\train\plastic\plastic71.jpg","06210EE684574356308AB6A75B5C7CDEDC9959A0B1033B968D98D1DEE7FB5B90"
"C:\Users\bouss\eco-tri-ia\data\raw\garbage_dataset_v2\six_classes\plastic\plastic_125.jpg","C:\Users\bouss\eco-tri-ia\data\classification\v2\train\plastic\plastic65.jpg","00FDA87186FDAF0484E7E3E3C5A56A22556C6C12C1D042C65D19821CFA460BC2"
"C:\Users\bouss\eco-tri-ia\data\raw\garbage_dataset_v2\six_classes\plastic\plastic_1253.jpg","C:\Users\bouss\eco-tri-ia\data\classification\v2\test\plastic\plastic247.jpg","4A52C4965541DEEF9A3C77CC7F21BA33917EEA02E9C6B153F40960E17417E81F"
"C:\Users\bouss\eco-tri-ia\data\raw\garbage_dataset_v2\six_classes\plastic\plastic_1258.jpg","C:\Users\bouss\eco-tri-ia\data\classification\v2\train\plastic\plastic337.jpg","E183B64119A1E635954791638D293A362A9116328AAF78AD071B26B616ACBD33"
"C:\Users\bouss\eco-tri-ia\data\raw\garbage_dataset_v2\six_classes\plastic\plastic_1259.jpg","C:\Users\bouss\eco-tri-ia\data\classification\v2\train\plastic\plastic77.jpg","2AD4C7F1FF68E4C36E00222A1FF14D2C3B10084B13A040C69B6B8AF0E10DC802"
"C:\Users\bouss\eco-tri-ia\data\raw\garbage_dataset_v2\six_classes\plastic\plastic_1265.jpg","C:\Users\bouss\eco-tri-ia\data\classification\v2\train\plastic\plastic300.jpg","B3B078BD4F10CC51F22F60357C7210BE7C4DD6E151AC8202A1DB9C6A3A52F990"
"C:\Users\bouss\eco-tri-ia\data\raw\garbage_dataset_v2\six_classes\plastic\plastic_1270.jpg","C:\Users\bouss\eco-tri-ia\data\classification\v2\train\plastic\plastic245.jpg","D389CFC7A268DED1252E78EFC1E7AA498DC63474907C935FCFD1767F273EA7A9"
"C:\Users\bouss\eco-tri-ia\data\raw\garbage_dataset_v2\six_classes\plastic\plastic_1271.jpg","C:\Users\bouss\eco-tri-ia\data\classification\v2\test\plastic\plastic236.jpg","4396B640336B9DF28C71D007065045E2D56DD83BB6CD6BBACCB1F43F22DF3CFC"
"C:\Users\bouss\eco-tri-ia\data\raw\garbage_dataset_v2\six_classes\plastic\plastic_1285.jpg","C:\Users\bouss\eco-tri-ia\data\classification\v2\train\plastic\plastic224.jpg","1BD51773840A0C85BA787D7A486EDC9CCEF32E782B31760C3D5324AC39042DE8"
"C:\Users\bouss\eco-tri-ia\data\raw\garbage_dataset_v2\six_classes\plastic\plastic_1289.jpg","C:\Users\bouss\eco-tri-ia\data\classification\v2\train\plastic\plastic144.jpg","CB1E8246F2413CE6BDBF4EC97083A88EEF3577FF55362FC0B0045373C514F641"
"C:\Users\bouss\eco-tri-ia\data\raw\garbage_dataset_v2\six_classes\plastic\plastic_129.jpg","C:\Users\bouss\eco-tri-ia\data\classification\v2\val\plastic\plastic286.jpg","E78E85656429571B165F2034AAB58E3BE7219E70641DA073FA582A6B11F8B547"
"C:\Users\bouss\eco-tri-ia\data\raw\garbage_dataset_v2\six_classes\plastic\plastic_1295.jpg","C:\Users\bouss\eco-tri-ia\data\classification\v2\train\plastic\plastic115.jpg","D5F394F916D68814087C06EF285E28536DFBB0355A714F98834739E2FF3A8AD6"
"C:\Users\bouss\eco-tri-ia\data\raw\garbage_dataset_v2\six_classes\plastic\plastic_1296.jpg","C:\Users\bouss\eco-tri-ia\data\classification\v2\train\plastic\plastic190.jpg","A958771CAB8ECB665A768A1B9E1605F289F4BEAB74938D1255AC3E04FE77CF14"
"C:\Users\bouss\eco-tri-ia\data\raw\garbage_dataset_v2\six_classes\plastic\plastic_1297.jpg","C:\Users\bouss\eco-tri-ia\data\classification\v2\train\plastic\plastic193.jpg","776539E44E0E0A70B9691A97FC5803048D4E6435F2AC37C6F94054C89F65F177"
"C:\Users\bouss\eco-tri-ia\data\raw\garbage_dataset_v2\six_classes\plastic\plastic_1310.jpg","C:\Users\bouss\eco-tri-ia\data\classification\v2\test\plastic\plastic99.jpg","F974EBE90DF82D6E9E011848F4542E5FCE471D27C85902CE8866BB0131D494B5"
"C:\Users\bouss\eco-tri-ia\data\raw\garbage_dataset_v2\six_classes\plastic\plastic_1311.jpg","C:\Users\bouss\eco-tri-ia\data\classification\v2\train\plastic\plastic207.jpg","91D77A33F85B448AAE6B334B477010F5E181C01615C6D41329432E13945381DD"
"C:\Users\bouss\eco-tri-ia\data\raw\garbage_dataset_v2\six_classes\plastic\plastic_1313.jpg","C:\Users\bouss\eco-tri-ia\data\classification\v2\train\plastic\plastic66.jpg","193A15FA9C0F2B9385BD569C056122AE9C27C6F2784BD5EFBB50D1DD6C1026D1"
"C:\Users\bouss\eco-tri-ia\data\raw\garbage_dataset_v2\six_classes\plastic\plastic_1314.jpg","C:\Users\bouss\eco-tri-ia\data\classification\v2\train\plastic\plastic295.jpg","68E30089FA4660A406B72126B3749CC851A26C666E611F823C857466006963FE"
"C:\Users\bouss\eco-tri-ia\data\raw\garbage_dataset_v2\six_classes\plastic\plastic_1315.jpg","C:\Users\bouss\eco-tri-ia\data\classification\v2\train\plastic\plastic329.jpg","C78E40757BF8D6728C124EC34644563102B677DED29BE69B36A19FF44DCBD195"
"C:\Users\bouss\eco-tri-ia\data\raw\garbage_dataset_v2\six_classes\plastic\plastic_1317.jpg","C:\Users\bouss\eco-tri-ia\data\classification\v2\train\plastic\plastic33.jpg","B9029BDB19393882842447353EC70DA302DB5091C9435F3D38BEADE842C7C081"
"C:\Users\bouss\eco-tri-ia\data\raw\garbage_dataset_v2\six_classes\plastic\plastic_1318.jpg","C:\Users\bouss\eco-tri-ia\data\classification\v2\train\plastic\plastic158.jpg","DDAF814B724A50341A48DB8F05D3632939AFE0FC0EE44CDEBAE43CEFDE327D80"
"C:\Users\bouss\eco-tri-ia\data\raw\garbage_dataset_v2\six_classes\plastic\plastic_1320.jpg","C:\Users\bouss\eco-tri-ia\data\classification\v2\train\plastic\plastic238.jpg","32883143E21CC8E56415A794B74D1E4770BB8F1A44710D17AB4B59B626221B79"
"C:\Users\bouss\eco-tri-ia\data\raw\garbage_dataset_v2\six_classes\plastic\plastic_1324.jpg","C:\Users\bouss\eco-tri-ia\data\classification\v2\train\plastic\plastic219.jpg","45CCD79331785E8CC08DC6F31A02F471C4BBF44300D562A553E8FB21B18C3857"
"C:\Users\bouss\eco-tri-ia\data\raw\garbage_dataset_v2\six_classes\plastic\plastic_1328.jpg","C:\Users\bouss\eco-tri-ia\data\classification\v2\val\plastic\plastic472.jpg","CE58E1C64B496050A6B560FA57D5337A081BD1D1D532FF182A94F710E88F85EB"
"C:\Users\bouss\eco-tri-ia\data\raw\garbage_dataset_v2\six_classes\plastic\plastic_133.jpg","C:\Users\bouss\eco-tri-ia\data\classification\v2\test\plastic\plastic83.jpg","87635DF246F224B72ACAC9EC299736D164F175A0E9BBE569A0991DDF7A638E6C"
"C:\Users\bouss\eco-tri-ia\data\raw\garbage_dataset_v2\six_classes\plastic\plastic_1332.jpg","C:\Users\bouss\eco-tri-ia\data\classification\v2\train\plastic\plastic309.jpg","0A443CAC418BC3985C61276257E424F64B630492A54DCDB79658199339143C7C"
"C:\Users\bouss\eco-tri-ia\data\raw\garbage_dataset_v2\six_classes\plastic\plastic_1333.jpg","C:\Users\bouss\eco-tri-ia\data\classification\v2\train\plastic\plastic399.jpg","301E771D2EA138815666F1F0345F7EBB7FC92F8FE15E865CA6D93E81CBA14F79"
"C:\Users\bouss\eco-tri-ia\data\raw\garbage_dataset_v2\six_classes\plastic\plastic_1334.jpg","C:\Users\bouss\eco-tri-ia\data\classification\v2\train\plastic\plastic176.jpg","72ABDCF185DC7DF2D4679D0449F54656B550E7E80088EC8BBE94598F51638FD9"
"C:\Users\bouss\eco-tri-ia\data\raw\garbage_dataset_v2\six_classes\plastic\plastic_1336.jpg","C:\Users\bouss\eco-tri-ia\data\classification\v2\test\plastic\plastic266.jpg","C8DEF67DB4E56D42DD7216FA2FA842FC2D5F23F424305D6C09BB69D6C777591C"
"C:\Users\bouss\eco-tri-ia\data\raw\garbage_dataset_v2\six_classes\plastic\plastic_1339.jpg","C:\Users\bouss\eco-tri-ia\data\classification\v2\train\plastic\plastic161.jpg","AFA02CDB3AD470CF5BB1A5EE4D6297D3B0228EE7E2E48FC5973370F91DDDCB46"
"C:\Users\bouss\eco-tri-ia\data\raw\garbage_dataset_v2\six_classes\plastic\plastic_134.jpg","C:\Users\bouss\eco-tri-ia\data\classification\v2\train\plastic\plastic406.jpg","A757686547B448C242C69D29E0D275202D88C38F90DA022F0B9BE25E86B87542"
"C:\Users\bouss\eco-tri-ia\data\raw\garbage_dataset_v2\six_classes\plastic\plastic_1340.jpg","C:\Users\bouss\eco-tri-ia\data\classification\v2\train\plastic\plastic356.jpg","8B3AF4C5F1C1533D5534AC5FCB1577BA1EB84FEF699A3A82028606B4043CAAB7"
"C:\Users\bouss\eco-tri-ia\data\raw\garbage_dataset_v2\six_classes\plastic\plastic_1342.jpg","C:\Users\bouss\eco-tri-ia\data\classification\v2\train\plastic\plastic455.jpg","B21D41AAED31FA3BA75330F2181288DE824CC71BBDA01B29B3A35E0C5875CA24"
"C:\Users\bouss\eco-tri-ia\data\raw\garbage_dataset_v2\six_classes\plastic\plastic_1345.jpg","C:\Users\bouss\eco-tri-ia\data\classification\v2\train\plastic\plastic195.jpg","C1EE09DF23C4E7DF0882B4BE96914E7D41C9F6F6C5E85A475EA6EA709C5812B7"
"C:\Users\bouss\eco-tri-ia\data\raw\garbage_dataset_v2\six_classes\plastic\plastic_1347.jpg","C:\Users\bouss\eco-tri-ia\data\classification\v2\test\plastic\plastic334.jpg","892ED231F4D541B31C3F49BC5765A8C93647DDF5A317034742F83D46CB940AD7"
"C:\Users\bouss\eco-tri-ia\data\raw\garbage_dataset_v2\six_classes\plastic\plastic_1352.jpg","C:\Users\bouss\eco-tri-ia\data\classification\v2\test\plastic\plastic134.jpg","F20F144F44908E67F1008CF6344D9FC12A72A6F9883A063722B4DBFE10BFF064"
"C:\Users\bouss\eco-tri-ia\data\raw\garbage_dataset_v2\six_classes\plastic\plastic_1355.jpg","C:\Users\bouss\eco-tri-ia\data\classification\v2\train\plastic\plastic451.jpg","526CD74CE053BEE9CB9735F8484EFB3C39C45892E9A0DAD736DEED3F755F093F"
"C:\Users\bouss\eco-tri-ia\data\raw\garbage_dataset_v2\six_classes\plastic\plastic_1356.jpg","C:\Users\bouss\eco-tri-ia\data\classification\v2\val\plastic\plastic88.jpg","D330491AA03DBAA550FB4729C87C3A82082785918068E2DE501C0FF2B30F1E25"
"C:\Users\bouss\eco-tri-ia\data\raw\garbage_dataset_v2\six_classes\plastic\plastic_1361.jpg","C:\Users\bouss\eco-tri-ia\data\classification\v2\test\plastic\plastic392.jpg","2D80CD1F9C21C9B56E5A20FA3B011128FB34B36782C3503404BFB0BEC57432F7"
"C:\Users\bouss\eco-tri-ia\data\raw\garbage_dataset_v2\six_classes\plastic\plastic_1368.jpg","C:\Users\bouss\eco-tri-ia\data\classification\v2\train\plastic\plastic82.jpg","1A2AF231F4F280680A67D841707A6B36D9438E816BE6FDAF70E2E2609A2979BF"
"C:\Users\bouss\eco-tri-ia\data\raw\garbage_dataset_v2\six_classes\plastic\plastic_1370.jpg","C:\Users\bouss\eco-tri-ia\data\classification\v2\val\plastic\plastic62.jpg","89727A52B4A17AE1508D41186ED38D03DF84D0CF3B4BA2813CEA9507D55E36E5"
"C:\Users\bouss\eco-tri-ia\data\raw\garbage_dataset_v2\six_classes\plastic\plastic_1374.jpg","C:\Users\bouss\eco-tri-ia\data\classification\v2\train\plastic\plastic44.jpg","1A04EE128C41326E7C3A9DC1E10503A50BCFC852F7E40CF91A7079C0AAC1C8D3"
"C:\Users\bouss\eco-tri-ia\data\raw\garbage_dataset_v2\six_classes\plastic\plastic_1375.jpg","C:\Users\bouss\eco-tri-ia\data\classification\v2\test\plastic\plastic339.jpg","EC749275DCE4A43F8003FBA4E02E9DB319AF5C39CA10F674E6E4398077A228C8"
"C:\Users\bouss\eco-tri-ia\data\raw\garbage_dataset_v2\six_classes\plastic\plastic_1376.jpg","C:\Users\bouss\eco-tri-ia\data\classification\v2\val\plastic\plastic412.jpg","90DEE1473FE6EEF923E1311438BFF2A867777F7641EE6C524DD26FA8BAD0B9C2"
"C:\Users\bouss\eco-tri-ia\data\raw\garbage_dataset_v2\six_classes\plastic\plastic_138.jpg","C:\Users\bouss\eco-tri-ia\data\classification\v2\test\plastic\plastic113.jpg","44D8C7B8B344AB3BA030EA0492D186B786FDC4A8C2010AA2E8A0DC98CB4E1EDE"
"C:\Users\bouss\eco-tri-ia\data\raw\garbage_dataset_v2\six_classes\plastic\plastic_1380.jpg","C:\Users\bouss\eco-tri-ia\data\classification\v2\test\plastic\plastic283.jpg","B9154DB665EBC5955E2999B6B54C2702F7B895CF89705CBC9F4D284796FD5F1B"
"C:\Users\bouss\eco-tri-ia\data\raw\garbage_dataset_v2\six_classes\plastic\plastic_1386.jpg","C:\Users\bouss\eco-tri-ia\data\classification\v2\train\plastic\plastic19.jpg","AFF2C03BAFE7C1EFCB645AD0B57114DF478F5F04AAEAE15D16354E414F2445EB"
"C:\Users\bouss\eco-tri-ia\data\raw\garbage_dataset_v2\six_classes\plastic\plastic_1387.jpg","C:\Users\bouss\eco-tri-ia\data\classification\v2\train\plastic\plastic189.jpg","281F3D7DF5B3343A51832A2C06AB6C95D9999FF8E30C40C55684D670DBFAF6EB"
"C:\Users\bouss\eco-tri-ia\data\raw\garbage_dataset_v2\six_classes\plastic\plastic_1388.jpg","C:\Users\bouss\eco-tri-ia\data\classification\v2\train\plastic\plastic132.jpg","554E898F89E123B1F1801E9863D60CC789277DC2B5B62112F6C7CF9A7B603BDF"
"C:\Users\bouss\eco-tri-ia\data\raw\garbage_dataset_v2\six_classes\plastic\plastic_1395.jpg","C:\Users\bouss\eco-tri-ia\data\classification\v2\test\plastic\plastic148.jpg","DAEEBC24A8EBCBFDC7B1C383C6D745A188EAD378D37DB005F532A0FDD8C8D38A"
"C:\Users\bouss\eco-tri-ia\data\raw\garbage_dataset_v2\six_classes\plastic\plastic_1400.jpg","C:\Users\bouss\eco-tri-ia\data\classification\v2\test\plastic\plastic117.jpg","1A2F52E6F942C7283041E4A49DDA2F309941C2A1FC2DE0DD1B8A832B3BA26F89"
"C:\Users\bouss\eco-tri-ia\data\raw\garbage_dataset_v2\six_classes\plastic\plastic_1405.jpg","C:\Users\bouss\eco-tri-ia\data\classification\v2\train\plastic\plastic174.jpg","306C7EBE95C1736D28D1CC93D3EC4CDE04003CF1279FCFED8BC246AF10AC6D36"
"C:\Users\bouss\eco-tri-ia\data\raw\garbage_dataset_v2\six_classes\plastic\plastic_141.jpg","C:\Users\bouss\eco-tri-ia\data\classification\v2\val\plastic\plastic431.jpg","69B2CF41BCF89812D49459A7C849277C1678FBDE22CB63FD6981EE7819739F4A"
"C:\Users\bouss\eco-tri-ia\data\raw\garbage_dataset_v2\six_classes\plastic\plastic_1414.jpg","C:\Users\bouss\eco-tri-ia\data\classification\v2\train\plastic\plastic348.jpg","7A6DFB86C6B5D8C45E298989408E85CC3C4C3C872FECDD086EA87A41629D1764"
"C:\Users\bouss\eco-tri-ia\data\raw\garbage_dataset_v2\six_classes\plastic\plastic_1419.jpg","C:\Users\bouss\eco-tri-ia\data\classification\v2\train\plastic\plastic327.jpg","0E9DC24BCA2711E36948B1F1192007C7331F3502544D561D7E8123C05034E8B6"
"C:\Users\bouss\eco-tri-ia\data\raw\garbage_dataset_v2\six_classes\plastic\plastic_1422.jpg","C:\Users\bouss\eco-tri-ia\data\classification\v2\train\plastic\plastic8.jpg","9F5B2E26171E2568EA3C809705CFA00732550AE24E0D06C58680E401BEF3474E"
"C:\Users\bouss\eco-tri-ia\data\raw\garbage_dataset_v2\six_classes\plastic\plastic_1429.jpg","C:\Users\bouss\eco-tri-ia\data\classification\v2\val\plastic\plastic151.jpg","65669691C0DFB00AECA597FD6D2AB22473E5734FEB3C2FEE9160920255234DEF"
"C:\Users\bouss\eco-tri-ia\data\raw\garbage_dataset_v2\six_classes\plastic\plastic_1432.jpg","C:\Users\bouss\eco-tri-ia\data\classification\v2\test\plastic\plastic60.jpg","8FC6634D40C03C2BBF645C53885117DE9BA8D99982F90819512A7281F203515F"
"C:\Users\bouss\eco-tri-ia\data\raw\garbage_dataset_v2\six_classes\plastic\plastic_1435.jpg","C:\Users\bouss\eco-tri-ia\data\classification\v2\train\plastic\plastic341.jpg","AC16C747706A759A7010C88466769ECD70A9D0348F6E80E68D58B567E4FDF1C6"
"C:\Users\bouss\eco-tri-ia\data\raw\garbage_dataset_v2\six_classes\plastic\plastic_1444.jpg","C:\Users\bouss\eco-tri-ia\data\classification\v2\val\plastic\plastic345.jpg","0B529F3D5CE73E58B4168A271E5E29BB66ADE9EB0DDD9616B55ED7E3068A9104"
"C:\Users\bouss\eco-tri-ia\data\raw\garbage_dataset_v2\six_classes\plastic\plastic_1450.jpg","C:\Users\bouss\eco-tri-ia\data\classification\v2\test\plastic\plastic277.jpg","B70669928144A5F5B6F2C5C6740C134A87B8E11079FD90289F22833280439271"
"C:\Users\bouss\eco-tri-ia\data\raw\garbage_dataset_v2\six_classes\plastic\plastic_1453.jpg","C:\Users\bouss\eco-tri-ia\data\classification\v2\train\plastic\plastic199.jpg","73FFBAAC6D2F854AEE7874A1B7BED2C11AAF7441464EC54F22FF01E84C07F2C1"
"C:\Users\bouss\eco-tri-ia\data\raw\garbage_dataset_v2\six_classes\plastic\plastic_1455.jpg","C:\Users\bouss\eco-tri-ia\data\classification\v2\val\plastic\plastic109.jpg","BEC428C22BB87FE0C47558AD00516742C36558C87D8DA223803BAA40E8BB450E"
"C:\Users\bouss\eco-tri-ia\data\raw\garbage_dataset_v2\six_classes\plastic\plastic_1456.jpg","C:\Users\bouss\eco-tri-ia\data\classification\v2\train\plastic\plastic435.jpg","EDBE3956999482B4AB2EBE1A75E0FFF214CF86C7D96C205C95286FD3551C30F7"
"C:\Users\bouss\eco-tri-ia\data\raw\garbage_dataset_v2\six_classes\plastic\plastic_1464.jpg","C:\Users\bouss\eco-tri-ia\data\classification\v2\train\plastic\plastic268.jpg","2F032358D0A9C0F9EB1782F04438907900EFF8595CD6D90827A524F2BE451170"
"C:\Users\bouss\eco-tri-ia\data\raw\garbage_dataset_v2\six_classes\plastic\plastic_1466.jpg","C:\Users\bouss\eco-tri-ia\data\classification\v2\train\plastic\plastic104.jpg","EE2EFD0C3DE2816F3009E3220D6CEB0BF1BA3F9B02563814F85FC4FA9FD09972"
"C:\Users\bouss\eco-tri-ia\data\raw\garbage_dataset_v2\six_classes\plastic\plastic_1467.jpg","C:\Users\bouss\eco-tri-ia\data\classification\v2\train\plastic\plastic250.jpg","786B48370CB3DB55AFD5A8B31CCDA8F4593869106F1475E990444D426FC6E10C"
"C:\Users\bouss\eco-tri-ia\data\raw\garbage_dataset_v2\six_classes\plastic\plastic_1469.jpg","C:\Users\bouss\eco-tri-ia\data\classification\v2\train\plastic\plastic139.jpg","20B51C7DD0604E23B351783AAEE67367FFCD8EDFE34DF32FC83E338FE5E13B9F"
"C:\Users\bouss\eco-tri-ia\data\raw\garbage_dataset_v2\six_classes\plastic\plastic_147.jpg","C:\Users\bouss\eco-tri-ia\data\classification\v2\train\plastic\plastic360.jpg","94E4EBA94173CCE4E19C4356549D317D6D4F9D79C144436C7F26ADE6B490270D"
"C:\Users\bouss\eco-tri-ia\data\raw\garbage_dataset_v2\six_classes\plastic\plastic_1475.jpg","C:\Users\bouss\eco-tri-ia\data\classification\v2\test\plastic\plastic457.jpg","51B55BE03F382E445F0C8F3EA06136B3DCD569D08D46439AA4948F81907505BF"
"C:\Users\bouss\eco-tri-ia\data\raw\garbage_dataset_v2\six_classes\plastic\plastic_148.jpg","C:\Users\bouss\eco-tri-ia\data\classification\v2\val\plastic\plastic403.jpg","049E0CCA6B8514626CB43768ED556F745589A26B0AB91B9E69D648AA00324495"
"C:\Users\bouss\eco-tri-ia\data\raw\garbage_dataset_v2\six_classes\plastic\plastic_1481.jpg","C:\Users\bouss\eco-tri-ia\data\classification\v2\train\plastic\plastic454.jpg","ECCD69B3909C969780EDE2CA1603B3FB72BBBBDB91E54A78EEE2C400F3ACC495"
"C:\Users\bouss\eco-tri-ia\data\raw\garbage_dataset_v2\six_classes\plastic\plastic_1482.jpg","C:\Users\bouss\eco-tri-ia\data\classification\v2\train\plastic\plastic299.jpg","C19D113838EB9F913CE810A9A0AFC125F9FB5220175896B4CC3CC0423DF1CF50"
"C:\Users\bouss\eco-tri-ia\data\raw\garbage_dataset_v2\six_classes\plastic\plastic_1488.jpg","C:\Users\bouss\eco-tri-ia\data\classification\v2\train\plastic\plastic56.jpg","5F196349256F720044B8222E8E7027B95AB12AFBD042C8C08C86E1EBF7637DB8"
"C:\Users\bouss\eco-tri-ia\data\raw\garbage_dataset_v2\six_classes\plastic\plastic_1489.jpg","C:\Users\bouss\eco-tri-ia\data\classification\v2\train\plastic\plastic261.jpg","B7EB28E44872FAD1B8FC3F39E0F2083D2F4295F74AFDB706539B0D156400D713"
"C:\Users\bouss\eco-tri-ia\data\raw\garbage_dataset_v2\six_classes\plastic\plastic_1490.jpg","C:\Users\bouss\eco-tri-ia\data\classification\v2\train\plastic\plastic267.jpg","B1480ABB8251B9E4F1227AD91B41D089BA58E3ED312BE800958A27F57789751A"
"C:\Users\bouss\eco-tri-ia\data\raw\garbage_dataset_v2\six_classes\plastic\plastic_1496.jpg","C:\Users\bouss\eco-tri-ia\data\classification\v2\test\plastic\plastic63.jpg","16518E0987964AC97CAA28FE32FE0F0908E7C33DB070418126D5CC9C05F0E22D"
"C:\Users\bouss\eco-tri-ia\data\raw\garbage_dataset_v2\six_classes\plastic\plastic_1498.jpg","C:\Users\bouss\eco-tri-ia\data\classification\v2\train\plastic\plastic28.jpg","FE828481C8FF4561BA61690FB4DD6D9B9448A95814FC7099B3D50293A1933440"
"C:\Users\bouss\eco-tri-ia\data\raw\garbage_dataset_v2\six_classes\plastic\plastic_1499.jpg","C:\Users\bouss\eco-tri-ia\data\classification\v2\train\plastic\plastic262.jpg","B6DDA9ED628E3C7845E1B2C90AB54B06C43AC48A6D5FD19E3987E55F603C5EB6"
"C:\Users\bouss\eco-tri-ia\data\raw\garbage_dataset_v2\six_classes\plastic\plastic_15.jpg","C:\Users\bouss\eco-tri-ia\data\classification\v2\train\plastic\plastic419.jpg","46589779C40299C82795D1ED0EB6D9F045E969EAC0470A0E448E950A32DB54DA"
"C:\Users\bouss\eco-tri-ia\data\raw\garbage_dataset_v2\six_classes\plastic\plastic_1503.jpg","C:\Users\bouss\eco-tri-ia\data\classification\v2\train\plastic\plastic319.jpg","BF75D7442A831A48B49342223E304C1507EE3108262B23AD8ACFF182CA040D28"
"C:\Users\bouss\eco-tri-ia\data\raw\garbage_dataset_v2\six_classes\plastic\plastic_1509.jpg","C:\Users\bouss\eco-tri-ia\data\classification\v2\train\plastic\plastic293.jpg","D38EED6ABB53BAB0066797A23DE7260E23BA0F6C2F2912D968633EDFE5A49510"
"C:\Users\bouss\eco-tri-ia\data\raw\garbage_dataset_v2\six_classes\plastic\plastic_151.jpg","C:\Users\bouss\eco-tri-ia\data\classification\v2\val\glass\glass176.jpg","C41B99AEC8A3257C8668A2144EBBAF8042018F0A85D88E22BF4E413B43693DD8"
"C:\Users\bouss\eco-tri-ia\data\raw\garbage_dataset_v2\six_classes\plastic\plastic_1517.jpg","C:\Users\bouss\eco-tri-ia\data\classification\v2\test\plastic\plastic130.jpg","05DA256767172A2EB0619D0014D6763BB4CBB92B75E3FD328C5DB86F6F80F6BC"
"C:\Users\bouss\eco-tri-ia\data\raw\garbage_dataset_v2\six_classes\plastic\plastic_1523.jpg","C:\Users\bouss\eco-tri-ia\data\classification\v2\train\plastic\plastic374.jpg","F0A5BC491963E626629FC5B428636A27C96610C0CFD4FC748C6F5932436AA22F"
"C:\Users\bouss\eco-tri-ia\data\raw\garbage_dataset_v2\six_classes\plastic\plastic_1525.jpg","C:\Users\bouss\eco-tri-ia\data\classification\v2\train\plastic\plastic336.jpg","6B36BE228178879D1EB090433F768589C109EEB7772B785FBF5D3C7952019211"
"C:\Users\bouss\eco-tri-ia\data\raw\garbage_dataset_v2\six_classes\plastic\plastic_1530.jpg","C:\Users\bouss\eco-tri-ia\data\classification\v2\train\plastic\plastic18.jpg","75F4D51C55138EC671DDA4488D50C6742730FB5124A7ACDB4BBE1655BB54F802"
"C:\Users\bouss\eco-tri-ia\data\raw\garbage_dataset_v2\six_classes\plastic\plastic_1532.jpg","C:\Users\bouss\eco-tri-ia\data\classification\v2\test\plastic\plastic37.jpg","0A31FEE31053146410B99EB9734305556D5CC7B83C0C3C88931353D3753BA4FF"
"C:\Users\bouss\eco-tri-ia\data\raw\garbage_dataset_v2\six_classes\plastic\plastic_1533.jpg","C:\Users\bouss\eco-tri-ia\data\classification\v2\train\plastic\plastic78.jpg","067D32A5AFDE16199CBE295B57D04BDE2495C5F5F54C1053982D9EE706733AF1"
"C:\Users\bouss\eco-tri-ia\data\raw\garbage_dataset_v2\six_classes\plastic\plastic_1535.jpg","C:\Users\bouss\eco-tri-ia\data\classification\v2\train\plastic\plastic172.jpg","570BA0C54B086B600A253A9522A636F848051DBAD9C7DBC1AF7C1E05D5F357C5"
"C:\Users\bouss\eco-tri-ia\data\raw\garbage_dataset_v2\six_classes\plastic\plastic_1538.jpg","C:\Users\bouss\eco-tri-ia\data\classification\v2\train\plastic\plastic388.jpg","3CEA91CD461F29869FB632D8E6E4EE625DCC6DCDAF4D2A3E5C457C70A0ED7BD9"
"C:\Users\bouss\eco-tri-ia\data\raw\garbage_dataset_v2\six_classes\plastic\plastic_1542.jpg","C:\Users\bouss\eco-tri-ia\data\classification\v2\train\plastic\plastic373.jpg","24C0388EE64BE0310FC3B57FDF0FCC894E3E56C4FEC1675E00FFC91CAA919ADE"
"C:\Users\bouss\eco-tri-ia\data\raw\garbage_dataset_v2\six_classes\plastic\plastic_1543.jpg","C:\Users\bouss\eco-tri-ia\data\classification\v2\train\plastic\plastic307.jpg","57D8F0B982F0F166F76C2C8231AA18A1146049D52863F921AE8A0C323CB96CB9"
"C:\Users\bouss\eco-tri-ia\data\raw\garbage_dataset_v2\six_classes\plastic\plastic_1544.jpg","C:\Users\bouss\eco-tri-ia\data\classification\v2\test\plastic\plastic205.jpg","9D98B9FDAEB4F7AB6877330E345E4E40BE5F8086A558EB20480F75F2FAEB6A41"
"C:\Users\bouss\eco-tri-ia\data\raw\garbage_dataset_v2\six_classes\plastic\plastic_155.jpg","C:\Users\bouss\eco-tri-ia\data\classification\v2\train\glass\glass389.jpg","E971F4F8F50E960E454EA724CEC922FC2988BBF4027AA48B553E139BB5890968"
"C:\Users\bouss\eco-tri-ia\data\raw\garbage_dataset_v2\six_classes\plastic\plastic_1552.jpg","C:\Users\bouss\eco-tri-ia\data\classification\v2\train\plastic\plastic120.jpg","9B14D5EAC0254DF0500B1800CC7B48D26232D4A79C4EB8F51461E3DA9E5FB1F6"
"C:\Users\bouss\eco-tri-ia\data\raw\garbage_dataset_v2\six_classes\plastic\plastic_1559.jpg","C:\Users\bouss\eco-tri-ia\data\classification\v2\train\plastic\plastic377.jpg","3CDFA94C9893BF571A8E46FDB728F1F6EA7DA1A222C6F6573EB59981631D3D1D"
"C:\Users\bouss\eco-tri-ia\data\raw\garbage_dataset_v2\six_classes\plastic\plastic_156.jpg","C:\Users\bouss\eco-tri-ia\data\classification\v2\test\plastic\plastic263.jpg","A2FAD759FA0B1F15B8854474212EA194FA30325E2083AA58048B2FD06717F8A9"
"C:\Users\bouss\eco-tri-ia\data\raw\garbage_dataset_v2\six_classes\plastic\plastic_1567.jpg","C:\Users\bouss\eco-tri-ia\data\classification\v2\val\plastic\plastic429.jpg","DE94C032E81DF55A168BA4C0F6FDB6D6D91704CC799E34839FBE9C6500745A99"
"C:\Users\bouss\eco-tri-ia\data\raw\garbage_dataset_v2\six_classes\plastic\plastic_1578.jpg","C:\Users\bouss\eco-tri-ia\data\classification\v2\train\plastic\plastic367.jpg","50D02A73CCE4116B4C1853A25AC9B1DC913D41C37E219EAD22B58D25E32B7157"
"C:\Users\bouss\eco-tri-ia\data\raw\garbage_dataset_v2\six_classes\plastic\plastic_1581.jpg","C:\Users\bouss\eco-tri-ia\data\classification\v2\train\plastic\plastic476.jpg","EF8121E224597DA0607432CFBBFAAB33B38A69A02D555AEF5710737F7857B660"
"C:\Users\bouss\eco-tri-ia\data\raw\garbage_dataset_v2\six_classes\plastic\plastic_1586.jpg","C:\Users\bouss\eco-tri-ia\data\classification\v2\train\plastic\plastic420.jpg","094C6C3A65CBEA6B2A26F25E763B073B57A90786A13EEB010B5D139426A90A5F"
"C:\Users\bouss\eco-tri-ia\data\raw\garbage_dataset_v2\six_classes\plastic\plastic_1588.jpg","C:\Users\bouss\eco-tri-ia\data\classification\v2\train\plastic\plastic108.jpg","D80C2BE26802DA61053A83EE095EAC4460A9A505CC9B757FDDCC3649AAA48265"
"C:\Users\bouss\eco-tri-ia\data\raw\garbage_dataset_v2\six_classes\plastic\plastic_1591.jpg","C:\Users\bouss\eco-tri-ia\data\classification\v2\train\plastic\plastic52.jpg","BB53A10A93857884E8B6EDCDD9D1E74976779EF35D9AC74C0B9983C7121AF9DC"
"C:\Users\bouss\eco-tri-ia\data\raw\garbage_dataset_v2\six_classes\plastic\plastic_1593.jpg","C:\Users\bouss\eco-tri-ia\data\classification\v2\train\plastic\plastic90.jpg","E8ECEDA00DD5AB13F689F1597B08B7BBE04FF63BC9CB4278822423A28D8E0BF5"
"C:\Users\bouss\eco-tri-ia\data\raw\garbage_dataset_v2\six_classes\plastic\plastic_1594.jpg","C:\Users\bouss\eco-tri-ia\data\classification\v2\val\plastic\plastic427.jpg","6D578A80836EC004A1AC149895E8689F33EDEB9B8E8EE48ED5CEDF000C7B7CAC"
"C:\Users\bouss\eco-tri-ia\data\raw\garbage_dataset_v2\six_classes\plastic\plastic_1595.jpg","C:\Users\bouss\eco-tri-ia\data\classification\v2\train\plastic\plastic313.jpg","4A3EE8BB2E7A98D662172E9039DAF4E4C7B231746AA619E7C150AD40DD24FE97"
"C:\Users\bouss\eco-tri-ia\data\raw\garbage_dataset_v2\six_classes\plastic\plastic_164.jpg","C:\Users\bouss\eco-tri-ia\data\classification\v2\train\plastic\plastic404.jpg","3805DC91D17D98623AF7B5C2D018B85944D42796B4FA9395323177D86119225B"
"C:\Users\bouss\eco-tri-ia\data\raw\garbage_dataset_v2\six_classes\plastic\plastic_165.jpg","C:\Users\bouss\eco-tri-ia\data\classification\v2\train\plastic\plastic324.jpg","3B9FFE4F163E4626818B0AC88B0BEEE5CD018C2456B7C00EB46CBF05052BE268"
"C:\Users\bouss\eco-tri-ia\data\raw\garbage_dataset_v2\six_classes\plastic\plastic_167.jpg","C:\Users\bouss\eco-tri-ia\data\classification\v2\train\plastic\plastic127.jpg","BCCE89202C141CE13A6F4BC83BAC9FDBE3D703B93CF55B96E5E9B76523D3BCD7"
"C:\Users\bouss\eco-tri-ia\data\raw\garbage_dataset_v2\six_classes\plastic\plastic_177.jpg","C:\Users\bouss\eco-tri-ia\data\classification\v2\train\plastic\plastic29.jpg","6FC1A126CF07A445FF88C78E3F457F479D7C04D26536B71F0262756623C67176"
"C:\Users\bouss\eco-tri-ia\data\raw\garbage_dataset_v2\six_classes\plastic\plastic_178.jpg","C:\Users\bouss\eco-tri-ia\data\classification\v2\train\plastic\plastic168.jpg","48F49B87A652760A34AF2B71B85A03AA1F4F71B522D6ABEC5C9F917CAEB60C22"
"C:\Users\bouss\eco-tri-ia\data\raw\garbage_dataset_v2\six_classes\plastic\plastic_190.jpg","C:\Users\bouss\eco-tri-ia\data\classification\v2\test\plastic\plastic311.jpg","209D2D10773D74E2C829D4BAC3B4E3D592C486BAF852F332B8435FB9FD6F7987"
"C:\Users\bouss\eco-tri-ia\data\raw\garbage_dataset_v2\six_classes\plastic\plastic_193.jpg","C:\Users\bouss\eco-tri-ia\data\classification\v2\train\plastic\plastic124.jpg","71EFB049F7A58617C6C2D53DD490E2FD194A0B22B6753FC97EFE84E82F3F7D42"
"C:\Users\bouss\eco-tri-ia\data\raw\garbage_dataset_v2\six_classes\plastic\plastic_194.jpg","C:\Users\bouss\eco-tri-ia\data\classification\v2\train\plastic\plastic253.jpg","63AC5E258BE03CCA86F2DD5012F4366A15C7B4DD794DBA32AFEDE551761ACE5F"
"C:\Users\bouss\eco-tri-ia\data\raw\garbage_dataset_v2\six_classes\plastic\plastic_197.jpg","C:\Users\bouss\eco-tri-ia\data\classification\v2\train\plastic\plastic105.jpg","4B3BAF362454CA82FA25407200355A6646EE8D2FD89BAD5F146A35FE1CE61EBD"
"C:\Users\bouss\eco-tri-ia\data\raw\garbage_dataset_v2\six_classes\plastic\plastic_2.jpg","C:\Users\bouss\eco-tri-ia\data\classification\v2\val\plastic\plastic1.jpg","5A81A13C442580A6839E0D350F98D6A6712F6DFF47AFBC5B436945327CA9AD37"
"C:\Users\bouss\eco-tri-ia\data\raw\garbage_dataset_v2\six_classes\plastic\plastic_201.jpg","C:\Users\bouss\eco-tri-ia\data\classification\v2\train\plastic\plastic21.jpg","2A9D33453F886A84673ECA85A60D2EF62D0BC5783C6200B52ADC1DAB01841664"
"C:\Users\bouss\eco-tri-ia\data\raw\garbage_dataset_v2\six_classes\plastic\plastic_202.jpg","C:\Users\bouss\eco-tri-ia\data\classification\v2\test\plastic\plastic314.jpg","694E49B212EA8B4C1F4CAD6EA8758C3A5B7AAE9B54BB2DA120DDBAD3CA146D9E"
"C:\Users\bouss\eco-tri-ia\data\raw\garbage_dataset_v2\six_classes\plastic\plastic_203.jpg","C:\Users\bouss\eco-tri-ia\data\classification\v2\test\plastic\plastic226.jpg","CEB4D3B5DF9F6FAC3CB972AC7A7ABF9848791CCBCB7AF21734554B3965B98509"
"C:\Users\bouss\eco-tri-ia\data\raw\garbage_dataset_v2\six_classes\plastic\plastic_204.jpg","C:\Users\bouss\eco-tri-ia\data\classification\v2\train\plastic\plastic36.jpg","45B4E36DF6C6750A9D602C296AFEC5C54D044D0B045352030E2C72A2198890CA"
"C:\Users\bouss\eco-tri-ia\data\raw\garbage_dataset_v2\six_classes\plastic\plastic_205.jpg","C:\Users\bouss\eco-tri-ia\data\classification\v2\train\plastic\plastic167.jpg","D4143C9315967EA98CAD769421CFE61B87036CE99A1FAF670277EEE1801D9C73"
"C:\Users\bouss\eco-tri-ia\data\raw\garbage_dataset_v2\six_classes\plastic\plastic_206.jpg","C:\Users\bouss\eco-tri-ia\data\classification\v2\val\plastic\plastic409.jpg","9905AC528C1D56A26DAAD93005656A8CF6A3DA6194E690B92CF4C926930B584B"
"C:\Users\bouss\eco-tri-ia\data\raw\garbage_dataset_v2\six_classes\plastic\plastic_210.jpg","C:\Users\bouss\eco-tri-ia\data\classification\v2\val\plastic\plastic9.jpg","E92CF86071F6F8437E628F74DCE1FD2617D960274E54BDA1F8EE6EB9DA87E32E"
"C:\Users\bouss\eco-tri-ia\data\raw\garbage_dataset_v2\six_classes\plastic\plastic_213.jpg","C:\Users\bouss\eco-tri-ia\data\classification\v2\train\plastic\plastic258.jpg","450D4D2935C87906B62AFAEA9D3CB7FAC59BF764C6872B134761419C32240C75"
"C:\Users\bouss\eco-tri-ia\data\raw\garbage_dataset_v2\six_classes\plastic\plastic_216.jpg","C:\Users\bouss\eco-tri-ia\data\classification\v2\test\plastic\plastic446.jpg","C09B1E4917F0C62337DCDB3172CD2CCECD640800C85AAF8AE859033BCBA3A31D"
"C:\Users\bouss\eco-tri-ia\data\raw\garbage_dataset_v2\six_classes\plastic\plastic_22.jpg","C:\Users\bouss\eco-tri-ia\data\classification\v2\val\plastic\plastic274.jpg","861BA3D17FF24A8BD51210F991D34B019B73CBAEB0FA059655C4EF1DA2C7C6D8"
"C:\Users\bouss\eco-tri-ia\data\raw\garbage_dataset_v2\six_classes\plastic\plastic_220.jpg","C:\Users\bouss\eco-tri-ia\data\classification\v2\val\plastic\plastic53.jpg","1FDBDC9E1F510230B101766576439B374929864F1FE6E9A2D146205E73EB724D"
"C:\Users\bouss\eco-tri-ia\data\raw\garbage_dataset_v2\six_classes\plastic\plastic_221.jpg","C:\Users\bouss\eco-tri-ia\data\classification\v2\train\plastic\plastic438.jpg","EAE8DCCA1E55CEB89F478CB8A82CD496FE4175031410CF17B4E1C8EB31B68095"
"C:\Users\bouss\eco-tri-ia\data\raw\garbage_dataset_v2\six_classes\plastic\plastic_224.jpg","C:\Users\bouss\eco-tri-ia\data\classification\v2\train\plastic\plastic157.jpg","8DA02DFFBA1358A9EF9130EE86D4F02F8DB163976D022ABAC541B82B60524EA3"
"C:\Users\bouss\eco-tri-ia\data\raw\garbage_dataset_v2\six_classes\plastic\plastic_228.jpg","C:\Users\bouss\eco-tri-ia\data\classification\v2\train\plastic\plastic173.jpg","0E5498EEB7C54C88280AACB7E375089FBA40BE8473C73127FC592FC6E763DB5E"
"C:\Users\bouss\eco-tri-ia\data\raw\garbage_dataset_v2\six_classes\plastic\plastic_23.jpg","C:\Users\bouss\eco-tri-ia\data\classification\v2\train\plastic\plastic376.jpg","0D1045D59F049C16A905ECDB1F2E35DCCF3C631313C6ADE6301B211FCD064191"
"C:\Users\bouss\eco-tri-ia\data\raw\garbage_dataset_v2\six_classes\plastic\plastic_230.jpg","C:\Users\bouss\eco-tri-ia\data\classification\v2\test\plastic\plastic185.jpg","422899CBA7912927777C3F682CA2EB7400F067B69A908E15C0026779E3FEA928"
"C:\Users\bouss\eco-tri-ia\data\raw\garbage_dataset_v2\six_classes\plastic\plastic_233.jpg","C:\Users\bouss\eco-tri-ia\data\classification\v2\val\plastic\plastic153.jpg","214C390CD34FCE2B18DD269926F2DCE3F7DEFB135278D800BCC0CEA0DB207ACA"
"C:\Users\bouss\eco-tri-ia\data\raw\garbage_dataset_v2\six_classes\plastic\plastic_248.jpg","C:\Users\bouss\eco-tri-ia\data\classification\v2\train\plastic\plastic436.jpg","68FBCF0479CA09E2660AC723CBCA1ABB608C67E1F6906D97C1E9D767B05F6E83"
"C:\Users\bouss\eco-tri-ia\data\raw\garbage_dataset_v2\six_classes\plastic\plastic_250.jpg","C:\Users\bouss\eco-tri-ia\data\classification\v2\train\plastic\plastic218.jpg","5BC9740AC63BE97443D0FACD37C49BB8909B5104B47CA6C4390745FEB264D7F3"
"C:\Users\bouss\eco-tri-ia\data\raw\garbage_dataset_v2\six_classes\plastic\plastic_252.jpg","C:\Users\bouss\eco-tri-ia\data\classification\v2\train\plastic\plastic305.jpg","3FB602D0FE1022300E1C63168F0F24A5C504EF3D3D026E93D8424D458C86EF9F"
"C:\Users\bouss\eco-tri-ia\data\raw\garbage_dataset_v2\six_classes\plastic\plastic_256.jpg","C:\Users\bouss\eco-tri-ia\data\classification\v2\val\plastic\plastic182.jpg","0EAF0D06661B144A9C06DFD259403EABD5B2F10E1FD31D51DC658B69E93A6068"
"C:\Users\bouss\eco-tri-ia\data\raw\garbage_dataset_v2\six_classes\plastic\plastic_258.jpg","C:\Users\bouss\eco-tri-ia\data\classification\v2\test\plastic\plastic46.jpg","F518118C026F30902FB073DB820D2FC4A1C30A15624A0EF2D859B3AD670B942A"
"C:\Users\bouss\eco-tri-ia\data\raw\garbage_dataset_v2\six_classes\plastic\plastic_259.jpg","C:\Users\bouss\eco-tri-ia\data\classification\v2\train\plastic\plastic119.jpg","8F05CE513EB42EFFE218CD00C0A552D1F610E53E40A44804335DADBF3EF2C0A9"
"C:\Users\bouss\eco-tri-ia\data\raw\garbage_dataset_v2\six_classes\plastic\plastic_263.jpg","C:\Users\bouss\eco-tri-ia\data\classification\v2\val\plastic\plastic229.jpg","FFB16CF4378081E2786A7BDE7969DA45EBC7D14C98BEA4BA2FEA6AF4974CF123"
"C:\Users\bouss\eco-tri-ia\data\raw\garbage_dataset_v2\six_classes\plastic\plastic_264.jpg","C:\Users\bouss\eco-tri-ia\data\classification\v2\test\plastic\plastic251.jpg","8DBB1979032FB913540FBE907BE48BF3559B594BCB5101E69BA6F6AC1E29BAEA"
"C:\Users\bouss\eco-tri-ia\data\raw\garbage_dataset_v2\six_classes\plastic\plastic_266.jpg","C:\Users\bouss\eco-tri-ia\data\classification\v2\train\plastic\plastic75.jpg","F3369337F73E10460C7EE4C117A44F64939E894A4CB820524971DD5C288F8E77"
"C:\Users\bouss\eco-tri-ia\data\raw\garbage_dataset_v2\six_classes\plastic\plastic_269.jpg","C:\Users\bouss\eco-tri-ia\data\classification\v2\train\plastic\plastic228.jpg","F229D34C2E2E38F70374AA21C05E1EB6827848B4530C8DBC109BF3310DA79E79"
"C:\Users\bouss\eco-tri-ia\data\raw\garbage_dataset_v2\six_classes\plastic\plastic_271.jpg","C:\Users\bouss\eco-tri-ia\data\classification\v2\train\plastic\plastic278.jpg","F1B3E3BDC6089B2ED10B06A22187BD5CCFF3B552F8489C5D401E1853965FFA9F"
"C:\Users\bouss\eco-tri-ia\data\raw\garbage_dataset_v2\six_classes\plastic\plastic_273.jpg","C:\Users\bouss\eco-tri-ia\data\classification\v2\train\plastic\plastic282.jpg","0FD8314480E6B635F86CA6D27360B5BF5EB7A1A211B7216BFC5271164BAF1801"
"C:\Users\bouss\eco-tri-ia\data\raw\garbage_dataset_v2\six_classes\plastic\plastic_276.jpg","C:\Users\bouss\eco-tri-ia\data\classification\v2\val\plastic\plastic79.jpg","F8DE98B15B5F39AE3C170242AC145414367F87F7F55651A4A9916E77E9D068A5"
"C:\Users\bouss\eco-tri-ia\data\raw\garbage_dataset_v2\six_classes\plastic\plastic_278.jpg","C:\Users\bouss\eco-tri-ia\data\classification\v2\train\plastic\plastic31.jpg","8CC18CC0C6709B6A34594DD1B6B44118EE52D5A5AC38FD2EB8A14B4235BCF5F2"
"C:\Users\bouss\eco-tri-ia\data\raw\garbage_dataset_v2\six_classes\plastic\plastic_28.jpg","C:\Users\bouss\eco-tri-ia\data\classification\v2\train\plastic\plastic12.jpg","9276E09C44FBF0DD5BF7F405DE6EFD7EDFE61099F7DE9019879D2EABA07F47A6"
"C:\Users\bouss\eco-tri-ia\data\raw\garbage_dataset_v2\six_classes\plastic\plastic_282.jpg","C:\Users\bouss\eco-tri-ia\data\classification\v2\test\plastic\plastic3.jpg","7F4EB255C95899E33A37895FFF70B99314C037995DE0A6C2A4D53C4E14226889"
"C:\Users\bouss\eco-tri-ia\data\raw\garbage_dataset_v2\six_classes\plastic\plastic_286.jpg","C:\Users\bouss\eco-tri-ia\data\classification\v2\train\plastic\plastic197.jpg","2B8514CA220FB7845A3D00A99C9264AEB973EC292E43EE04ADACDA7D86436B45"
"C:\Users\bouss\eco-tri-ia\data\raw\garbage_dataset_v2\six_classes\plastic\plastic_29.jpg","C:\Users\bouss\eco-tri-ia\data\classification\v2\train\plastic\plastic296.jpg","B351129A596213F3B020CB63230FA6E0698E9FE20F9B8BB9D023F4ECF3AA436C"
"C:\Users\bouss\eco-tri-ia\data\raw\garbage_dataset_v2\six_classes\plastic\plastic_291.jpg","C:\Users\bouss\eco-tri-ia\data\classification\v2\train\plastic\plastic443.jpg","5D8785FED5C72E1F73CEA76868AF04579CA37CF07FCC8A0751AF6A765DC59981"
"C:\Users\bouss\eco-tri-ia\data\raw\garbage_dataset_v2\six_classes\plastic\plastic_297.jpg","C:\Users\bouss\eco-tri-ia\data\classification\v2\train\plastic\plastic118.jpg","A8AAFB65C4580C1F9F63280DAB07F94791A7469EDB7452D6FBBCB3B0AE0F7BE6"
"C:\Users\bouss\eco-tri-ia\data\raw\garbage_dataset_v2\six_classes\plastic\plastic_298.jpg","C:\Users\bouss\eco-tri-ia\data\classification\v2\train\plastic\plastic128.jpg","A26E462649EDC9BEF4FEA36CDA86C8E8433219C03AC428A97243467C7DFDDB82"
"C:\Users\bouss\eco-tri-ia\data\raw\garbage_dataset_v2\six_classes\plastic\plastic_300.jpg","C:\Users\bouss\eco-tri-ia\data\classification\v2\val\plastic\plastic364.jpg","C2BC088C8E2082ED3D0CD72EC1EB7D1D329B961509741DA37525AB303AAA3D74"
"C:\Users\bouss\eco-tri-ia\data\raw\garbage_dataset_v2\six_classes\plastic\plastic_306.jpg","C:\Users\bouss\eco-tri-ia\data\classification\v2\train\plastic\plastic439.jpg","C48D62E02BFA1A932B0AA50AC1723BBE3BE1C8D54BFFB54F66FA52C0EEB59C57"
"C:\Users\bouss\eco-tri-ia\data\raw\garbage_dataset_v2\six_classes\plastic\plastic_308.jpg","C:\Users\bouss\eco-tri-ia\data\classification\v2\val\plastic\plastic208.jpg","7066E4BA418DC5633759F9648810860845DC918332EDCD49D0A505E434A6855D"
"C:\Users\bouss\eco-tri-ia\data\raw\garbage_dataset_v2\six_classes\plastic\plastic_312.jpg","C:\Users\bouss\eco-tri-ia\data\classification\v2\test\plastic\plastic55.jpg","CD61BF3FC38601B928A272EB2F6890BB53323F6C86F2C2C0D7DE648F1D3FC464"
"C:\Users\bouss\eco-tri-ia\data\raw\garbage_dataset_v2\six_classes\plastic\plastic_317.jpg","C:\Users\bouss\eco-tri-ia\data\classification\v2\train\plastic\plastic146.jpg","9B7B14D2025B1827110FD60D02A54B605E6B0E18DA547C35DC240F9B324FA698"
"C:\Users\bouss\eco-tri-ia\data\raw\garbage_dataset_v2\six_classes\plastic\plastic_318.jpg","C:\Users\bouss\eco-tri-ia\data\classification\v2\train\plastic\plastic14.jpg","3C1CC3B63AB1CDF605ADFABB8FB059F2471645516FC99446A4C665D85F7541FF"
"C:\Users\bouss\eco-tri-ia\data\raw\garbage_dataset_v2\six_classes\plastic\plastic_323.jpg","C:\Users\bouss\eco-tri-ia\data\classification\v2\train\plastic\plastic423.jpg","2420707C919E4D373408ADF3D85620610D701A9BF667E61E5D3E3D60ADA78DBD"
"C:\Users\bouss\eco-tri-ia\data\raw\garbage_dataset_v2\six_classes\plastic\plastic_327.jpg","C:\Users\bouss\eco-tri-ia\data\classification\v2\train\plastic\plastic122.jpg","54408331BAE646CCABEB2E77330BC9430D6C6EA7440F294AB7AEED0C458B4ADD"
"C:\Users\bouss\eco-tri-ia\data\raw\garbage_dataset_v2\six_classes\plastic\plastic_330.jpg","C:\Users\bouss\eco-tri-ia\data\classification\v2\val\plastic\plastic366.jpg","1CEDA9EFB08FA9866FEF408B343EB382B613BC08106C2DBFB774AC27B72F045F"
"C:\Users\bouss\eco-tri-ia\data\raw\garbage_dataset_v2\six_classes\plastic\plastic_333.jpg","C:\Users\bouss\eco-tri-ia\data\classification\v2\val\plastic\plastic138.jpg","80C1DADCE4BE8F73CE9CC0F2CC8DEDED5D9C7781304E1D61FA2DB9B50F7CE985"
"C:\Users\bouss\eco-tri-ia\data\raw\garbage_dataset_v2\six_classes\plastic\plastic_335.jpg","C:\Users\bouss\eco-tri-ia\data\classification\v2\train\plastic\plastic142.jpg","630E0DE1FE0EEA7E7142E238032EC10B6FFF345411BC79EBFC77BFE441EE71CD"
"C:\Users\bouss\eco-tri-ia\data\raw\garbage_dataset_v2\six_classes\plastic\plastic_338.jpg","C:\Users\bouss\eco-tri-ia\data\classification\v2\train\plastic\plastic379.jpg","6EE988C39DF74A3D4BAE4662D28EF523DAF7E2CA4B0C0B2FC550CB3336FD72A1"
"C:\Users\bouss\eco-tri-ia\data\raw\garbage_dataset_v2\six_classes\plastic\plastic_345.jpg","C:\Users\bouss\eco-tri-ia\data\classification\v2\train\plastic\plastic355.jpg","862A45CE202043C3F295F63BBA732B6CA4515FE0601010AD73D971333C9DC69E"
"C:\Users\bouss\eco-tri-ia\data\raw\garbage_dataset_v2\six_classes\plastic\plastic_346.jpg","C:\Users\bouss\eco-tri-ia\data\classification\v2\train\plastic\plastic232.jpg","A091E7139DEABB255C353DF965A0711759DDFD479CD2D691D67A30E14779742C"
"C:\Users\bouss\eco-tri-ia\data\raw\garbage_dataset_v2\six_classes\plastic\plastic_347.jpg","C:\Users\bouss\eco-tri-ia\data\classification\v2\train\plastic\plastic47.jpg","8CFC88156E367BE7E00BAEBC32CC97607794F2FB94892AFF8BEB28878C4D93C1"
"C:\Users\bouss\eco-tri-ia\data\raw\garbage_dataset_v2\six_classes\plastic\plastic_350.jpg","C:\Users\bouss\eco-tri-ia\data\classification\v2\train\plastic\plastic442.jpg","8C314191A4963A276888030E5AEC28D77CF8C0F4A0E964DEEF0ADE385CEC3838"
"C:\Users\bouss\eco-tri-ia\data\raw\garbage_dataset_v2\six_classes\plastic\plastic_353.jpg","C:\Users\bouss\eco-tri-ia\data\classification\v2\train\plastic\plastic433.jpg","C4585C2D3A7B2BB30F028D7C6F3DEE30565B9D3B2C44E1AB9C0FCE4D0DB5F928"
"C:\Users\bouss\eco-tri-ia\data\raw\garbage_dataset_v2\six_classes\plastic\plastic_357.jpg","C:\Users\bouss\eco-tri-ia\data\classification\v2\train\plastic\plastic34.jpg","36EF6E2A3544BEBFD29E73D3DED40DC58A05871F3712A02BACE6F108ECF72A98"
"C:\Users\bouss\eco-tri-ia\data\raw\garbage_dataset_v2\six_classes\plastic\plastic_362.jpg","C:\Users\bouss\eco-tri-ia\data\classification\v2\train\plastic\plastic241.jpg","6B69CAD1AE109B030B4A1F2DD376DE3FB4D9780D78B372C462ABCC0DB1E37E7E"
"C:\Users\bouss\eco-tri-ia\data\raw\garbage_dataset_v2\six_classes\plastic\plastic_369.jpg","C:\Users\bouss\eco-tri-ia\data\classification\v2\train\plastic\plastic248.jpg","5B801D74EA215A2DA8893AD5359DFF20CE6397F41C1B00726A357E935BB77D2A"
"C:\Users\bouss\eco-tri-ia\data\raw\garbage_dataset_v2\six_classes\plastic\plastic_373.jpg","C:\Users\bouss\eco-tri-ia\data\classification\v2\train\plastic\plastic86.jpg","1C12D12B9AF2E54C77D4E48D40EE831C67F699F251E391FF8864B881A6203C87"
"C:\Users\bouss\eco-tri-ia\data\raw\garbage_dataset_v2\six_classes\plastic\plastic_375.jpg","C:\Users\bouss\eco-tri-ia\data\classification\v2\train\plastic\plastic422.jpg","023C1C633CD1D69CAC64ABB54D1D300F51FE2C208770DB4732584E35382591C5"
"C:\Users\bouss\eco-tri-ia\data\raw\garbage_dataset_v2\six_classes\plastic\plastic_378.jpg","C:\Users\bouss\eco-tri-ia\data\classification\v2\val\plastic\plastic169.jpg","EA63E0F3A543C45C158A408A2FB730CFF3D32D146F501D04FFF4BEC4FF0AD87F"
"C:\Users\bouss\eco-tri-ia\data\raw\garbage_dataset_v2\six_classes\plastic\plastic_380.jpg","C:\Users\bouss\eco-tri-ia\data\classification\v2\train\plastic\plastic417.jpg","A9000094B5F3FD0AD35C9126CAD270A62011C3135F6E55BCC68F19E9356946FC"
"C:\Users\bouss\eco-tri-ia\data\raw\garbage_dataset_v2\six_classes\plastic\plastic_382.jpg","C:\Users\bouss\eco-tri-ia\data\classification\v2\train\plastic\plastic396.jpg","BE971871F668041AEEB2E22BAE3667B7196148DD193AEA8ACE51063D52A762E3"
"C:\Users\bouss\eco-tri-ia\data\raw\garbage_dataset_v2\six_classes\plastic\plastic_384.jpg","C:\Users\bouss\eco-tri-ia\data\classification\v2\train\plastic\plastic4.jpg","BFA51700E80CB967C6A904BECCE781399B1CB990DFD444A9CEB217BD44EB8399"
"C:\Users\bouss\eco-tri-ia\data\raw\garbage_dataset_v2\six_classes\plastic\plastic_386.jpg","C:\Users\bouss\eco-tri-ia\data\classification\v2\train\plastic\plastic181.jpg","856AA849534AC1859B5A85BF76B7CA02A18E608D2258841CF2215DABFF8C4629"
"C:\Users\bouss\eco-tri-ia\data\raw\garbage_dataset_v2\six_classes\plastic\plastic_39.jpg","C:\Users\bouss\eco-tri-ia\data\classification\v2\test\plastic\plastic284.jpg","26712C0BA852BA181BD2C50E93CBEE2E380C13DBCDD03E69B2F8DFD7EB77501E"
"C:\Users\bouss\eco-tri-ia\data\raw\garbage_dataset_v2\six_classes\plastic\plastic_391.jpg","C:\Users\bouss\eco-tri-ia\data\classification\v2\train\plastic\plastic270.jpg","F3653CB5116826633F695145EB1A4AF66156E0B27ECE17A17304831FE06A5361"
"C:\Users\bouss\eco-tri-ia\data\raw\garbage_dataset_v2\six_classes\plastic\plastic_395.jpg","C:\Users\bouss\eco-tri-ia\data\classification\v2\train\plastic\plastic413.jpg","5ECDCE1F0C64E1E0C6DD90D2097EB24685E743369A48E02A787D0D8F4D7DEE65"
"C:\Users\bouss\eco-tri-ia\data\raw\garbage_dataset_v2\six_classes\plastic\plastic_396.jpg","C:\Users\bouss\eco-tri-ia\data\classification\v2\train\plastic\plastic234.jpg","962E67CB1D4A3C65CBF713AF1AE58897C60F8D0117C7EE36AC04A567DA6CF8F3"
"C:\Users\bouss\eco-tri-ia\data\raw\garbage_dataset_v2\six_classes\plastic\plastic_40.jpg","C:\Users\bouss\eco-tri-ia\data\classification\v2\train\plastic\plastic306.jpg","E163ACB20D023630B198C38B093169BCEA1989DA9CCA0D3C66FB409C6EED7CF6"
"C:\Users\bouss\eco-tri-ia\data\raw\garbage_dataset_v2\six_classes\plastic\plastic_400.jpg","C:\Users\bouss\eco-tri-ia\data\classification\v2\train\plastic\plastic458.jpg","1BAC9D75550551AA591D5C7CB136283CEA796C2052CD42A65F664822698D0933"
"C:\Users\bouss\eco-tri-ia\data\raw\garbage_dataset_v2\six_classes\plastic\plastic_402.jpg","C:\Users\bouss\eco-tri-ia\data\classification\v2\val\plastic\plastic269.jpg","CDB990F12CECB4B31A21FF16F7FB7DB098BF62825606DE5769571B1B1D988FF9"
"C:\Users\bouss\eco-tri-ia\data\raw\garbage_dataset_v2\six_classes\plastic\plastic_403.jpg","C:\Users\bouss\eco-tri-ia\data\classification\v2\train\plastic\plastic257.jpg","D7AADB2E515592B20886B8412CC70D0E6070E8C793623EA0DA87CBE8451D565C"
"C:\Users\bouss\eco-tri-ia\data\raw\garbage_dataset_v2\six_classes\plastic\plastic_405.jpg","C:\Users\bouss\eco-tri-ia\data\classification\v2\test\plastic\plastic371.jpg","655525F72B7162D1497B9B94662372C457757B55B64519D965402D8FC5008D40"
"C:\Users\bouss\eco-tri-ia\data\raw\garbage_dataset_v2\six_classes\plastic\plastic_406.jpg","C:\Users\bouss\eco-tri-ia\data\classification\v2\train\plastic\plastic301.jpg","163C1534D5CB13B304AF123C5961F60AC3DD1773148675E96FDB7E468C155C9A"
"C:\Users\bouss\eco-tri-ia\data\raw\garbage_dataset_v2\six_classes\plastic\plastic_407.jpg","C:\Users\bouss\eco-tri-ia\data\classification\v2\train\plastic\plastic441.jpg","5E622980E96CE47EFFFCF38EE8BFFDE7C22704C7D57E29DAEB4B3C46B9367800"
"C:\Users\bouss\eco-tri-ia\data\raw\garbage_dataset_v2\six_classes\plastic\plastic_416.jpg","C:\Users\bouss\eco-tri-ia\data\classification\v2\val\plastic\plastic445.jpg","06F511F3F263C68B88DF3DA413392322C6615510BCC0844ABF7E47FB822E94A5"
"C:\Users\bouss\eco-tri-ia\data\raw\garbage_dataset_v2\six_classes\plastic\plastic_420.jpg","C:\Users\bouss\eco-tri-ia\data\classification\v2\train\plastic\plastic93.jpg","2E772DB456E0CEDC180BBBDCEB428D6B5A071981D81C6968E7DB385E5418A2AC"
"C:\Users\bouss\eco-tri-ia\data\raw\garbage_dataset_v2\six_classes\plastic\plastic_421.jpg","C:\Users\bouss\eco-tri-ia\data\classification\v2\train\plastic\plastic59.jpg","ED2C9543B506A7119BE6552EA9C24865D52180D43CD86169E7D895464D846563"
"C:\Users\bouss\eco-tri-ia\data\raw\garbage_dataset_v2\six_classes\plastic\plastic_425.jpg","C:\Users\bouss\eco-tri-ia\data\classification\v2\val\plastic\plastic129.jpg","CC4229329892F78AD0551448CBB1D659834E211BFCE1AA839D4877B88F410C20"
"C:\Users\bouss\eco-tri-ia\data\raw\garbage_dataset_v2\six_classes\plastic\plastic_427.jpg","C:\Users\bouss\eco-tri-ia\data\classification\v2\test\plastic\plastic287.jpg","894ADAED8F5888CCEC198D9084553D1B1218E0F05BED3A5E8AA6918F0FAECE36"
"C:\Users\bouss\eco-tri-ia\data\raw\garbage_dataset_v2\six_classes\plastic\plastic_428.jpg","C:\Users\bouss\eco-tri-ia\data\classification\v2\train\plastic\plastic342.jpg","97B9567D28F5583726AE3A988323C96D44206FBE76FA778EA09FAAF8790246FD"
"C:\Users\bouss\eco-tri-ia\data\raw\garbage_dataset_v2\six_classes\plastic\plastic_430.jpg","C:\Users\bouss\eco-tri-ia\data\classification\v2\test\plastic\plastic123.jpg","E2ED78BAB86B4353434BB3B05E496ED7770EF709DAF1CA13CFD0E7740A000B99"
"C:\Users\bouss\eco-tri-ia\data\raw\garbage_dataset_v2\six_classes\plastic\plastic_431.jpg","C:\Users\bouss\eco-tri-ia\data\classification\v2\test\plastic\plastic162.jpg","09A6D4927B5D8D3C819DB94AB60CC96A484ABD731C2C08F323033A80430E3467"
"C:\Users\bouss\eco-tri-ia\data\raw\garbage_dataset_v2\six_classes\plastic\plastic_432.jpg","C:\Users\bouss\eco-tri-ia\data\classification\v2\val\plastic\plastic244.jpg","6455853EC978543D38B1E012685B9FC5F9FA4B3405D3C309BD9C0CCD804726F9"
"C:\Users\bouss\eco-tri-ia\data\raw\garbage_dataset_v2\six_classes\plastic\plastic_442.jpg","C:\Users\bouss\eco-tri-ia\data\classification\v2\train\plastic\plastic338.jpg","7DC8EC4EEF571B4482371569DF63A0F8F7ED8F22E38B99EB4A2043AB55D93615"
"C:\Users\bouss\eco-tri-ia\data\raw\garbage_dataset_v2\six_classes\plastic\plastic_448.jpg","C:\Users\bouss\eco-tri-ia\data\classification\v2\val\plastic\plastic302.jpg","FD01973669F1E821C8D5FB4403E11FBC50FED749A390E494638DDCEA2D5A2EAA"
"C:\Users\bouss\eco-tri-ia\data\raw\garbage_dataset_v2\six_classes\plastic\plastic_450.jpg","C:\Users\bouss\eco-tri-ia\data\classification\v2\train\plastic\plastic155.jpg","8A6621CCF8739D86B2B724BBD4034D0E0D6CB6BC769B60619C995785200489EC"
"C:\Users\bouss\eco-tri-ia\data\raw\garbage_dataset_v2\six_classes\plastic\plastic_452.jpg","C:\Users\bouss\eco-tri-ia\data\classification\v2\train\plastic\plastic330.jpg","B86FBCCFF6107A77B1AF8A3291DA8B3B31A90D45E800103A1B528114C32B62FE"
"C:\Users\bouss\eco-tri-ia\data\raw\garbage_dataset_v2\six_classes\plastic\plastic_454.jpg","C:\Users\bouss\eco-tri-ia\data\classification\v2\train\plastic\plastic416.jpg","7C52EE325E51D0BA1753F86433A256F86CD6EFED044EF6777A1BDE1EF40CF13B"
"C:\Users\bouss\eco-tri-ia\data\raw\garbage_dataset_v2\six_classes\plastic\plastic_456.jpg","C:\Users\bouss\eco-tri-ia\data\classification\v2\train\plastic\plastic223.jpg","C9D48E78BC73CB71DEB8ABDE8B5F52C69A65E19C00BA30F622D7E255224F4A86"
"C:\Users\bouss\eco-tri-ia\data\raw\garbage_dataset_v2\six_classes\plastic\plastic_460.jpg","C:\Users\bouss\eco-tri-ia\data\classification\v2\train\plastic\plastic177.jpg","B0DBF76688A902B77194DC78F8FB422AE6372BAE747A9C6DF479C930CE58C13A"
"C:\Users\bouss\eco-tri-ia\data\raw\garbage_dataset_v2\six_classes\plastic\plastic_462.jpg","C:\Users\bouss\eco-tri-ia\data\classification\v2\val\plastic\plastic188.jpg","95EE1F7A19E5987F0BE3E7DD0781F374ECBD7A10666DEDA14A6FBA1C63850C51"
"C:\Users\bouss\eco-tri-ia\data\raw\garbage_dataset_v2\six_classes\plastic\plastic_471.jpg","C:\Users\bouss\eco-tri-ia\data\classification\v2\train\plastic\plastic335.jpg","3A8FDCB0C7B95BC9474FA8302F77DA9EEB113AEB3BC3A1DBCD6F84D07161E748"
"C:\Users\bouss\eco-tri-ia\data\raw\garbage_dataset_v2\six_classes\plastic\plastic_472.jpg","C:\Users\bouss\eco-tri-ia\data\classification\v2\train\plastic\plastic368.jpg","A548FF8E8A9B11E8751947C4507560C1722BDDC86731B8E3BD05DDEB12FE4AD3"
"C:\Users\bouss\eco-tri-ia\data\raw\garbage_dataset_v2\six_classes\plastic\plastic_473.jpg","C:\Users\bouss\eco-tri-ia\data\classification\v2\train\plastic\plastic97.jpg","221592AD0B4CA84AB9B2D75DD82D279E9C2635056CAA6E1E478544BD9EBAE2D7"
"C:\Users\bouss\eco-tri-ia\data\raw\garbage_dataset_v2\six_classes\plastic\plastic_474.jpg","C:\Users\bouss\eco-tri-ia\data\classification\v2\val\plastic\plastic280.jpg","2CE4E21A095A78498B34CD16BB87FB9359E6961873EED50E2C402DE2EDE77D18"
"C:\Users\bouss\eco-tri-ia\data\raw\garbage_dataset_v2\six_classes\plastic\plastic_482.jpg","C:\Users\bouss\eco-tri-ia\data\classification\v2\train\plastic\plastic385.jpg","73F8991DEF6DEADB06C5F31A9B69DD33DCC9D041EF6FEC48AA8A2EE06134B31B"
"C:\Users\bouss\eco-tri-ia\data\raw\garbage_dataset_v2\six_classes\plastic\plastic_484.jpg","C:\Users\bouss\eco-tri-ia\data\classification\v2\test\plastic\plastic17.jpg","FD9A37742993B172A194CD520203A6E684DB8872FACAD1F8780DA5F763B3ECE3"
"C:\Users\bouss\eco-tri-ia\data\raw\garbage_dataset_v2\six_classes\plastic\plastic_487.jpg","C:\Users\bouss\eco-tri-ia\data\classification\v2\train\plastic\plastic136.jpg","2B8B7B53C225E04948F7C1C875EBC4BE4382268DD5EC4B0184BCADDAE505273E"
"C:\Users\bouss\eco-tri-ia\data\raw\garbage_dataset_v2\six_classes\plastic\plastic_488.jpg","C:\Users\bouss\eco-tri-ia\data\classification\v2\train\plastic\plastic217.jpg","498E64723AFE4E5E440DDDB990F636A44F2B166B699FD882E502CECE63E20C85"
"C:\Users\bouss\eco-tri-ia\data\raw\garbage_dataset_v2\six_classes\plastic\plastic_49.jpg","C:\Users\bouss\eco-tri-ia\data\classification\v2\train\plastic\plastic100.jpg","00E0BBCC0A75007FB79CB8E2E96A48C3D32941EE9AE8918590F846261D5AAAC1"
"C:\Users\bouss\eco-tri-ia\data\raw\garbage_dataset_v2\six_classes\plastic\plastic_493.jpg","C:\Users\bouss\eco-tri-ia\data\classification\v2\test\plastic\plastic353.jpg","22552B8E2196DCCB5BB80C34B899F2A6BC7880270818E6586C1A4E9F45B0AF90"
"C:\Users\bouss\eco-tri-ia\data\raw\garbage_dataset_v2\six_classes\plastic\plastic_499.jpg","C:\Users\bouss\eco-tri-ia\data\classification\v2\test\plastic\plastic430.jpg","1C639BA85CFFC1704C6661DF756984B81D362366B6190E42966B39018E2D4F61"
"C:\Users\bouss\eco-tri-ia\data\raw\garbage_dataset_v2\six_classes\plastic\plastic_50.jpg","C:\Users\bouss\eco-tri-ia\data\classification\v2\train\plastic\plastic26.jpg","A3C1692D2A4591CCCB1257CDB4A5CE72095D22328D65CC8E0B1FAE27C81CECE5"
"C:\Users\bouss\eco-tri-ia\data\raw\garbage_dataset_v2\six_classes\plastic\plastic_505.jpg","C:\Users\bouss\eco-tri-ia\data\classification\v2\train\plastic\plastic390.jpg","74EED91F34DB1284B8E69BD6C54DD37C97722F961493D3E7AE45725A8119033D"
"C:\Users\bouss\eco-tri-ia\data\raw\garbage_dataset_v2\six_classes\plastic\plastic_509.jpg","C:\Users\bouss\eco-tri-ia\data\classification\v2\train\plastic\plastic303.jpg","6976EFBCB5D0632DB03AA712D98A08180BFA2991F7648EC200EEA0D9D683AA44"
"C:\Users\bouss\eco-tri-ia\data\raw\garbage_dataset_v2\six_classes\plastic\plastic_510.jpg","C:\Users\bouss\eco-tri-ia\data\classification\v2\train\plastic\plastic80.jpg","350124B58B826B16E7E73331B4C16846229343A1099C61B3868BFD8BD9CA8075"
"C:\Users\bouss\eco-tri-ia\data\raw\garbage_dataset_v2\six_classes\plastic\plastic_511.jpg","C:\Users\bouss\eco-tri-ia\data\classification\v2\train\plastic\plastic72.jpg","FC6BA4D98792B4F60D37402D561D882B57A95D6C6A3ECDE3CB469043240E0FD8"
"C:\Users\bouss\eco-tri-ia\data\raw\garbage_dataset_v2\six_classes\plastic\plastic_512.jpg","C:\Users\bouss\eco-tri-ia\data\classification\v2\val\plastic\plastic450.jpg","DD4019A8F22BA1F519FE5A75936EDB16ED8F9098F0274A67826FACE7129B59E5"
"C:\Users\bouss\eco-tri-ia\data\raw\garbage_dataset_v2\six_classes\plastic\plastic_514.jpg","C:\Users\bouss\eco-tri-ia\data\classification\v2\train\plastic\plastic227.jpg","AAB36D5A8153CDF5533467FFFDB0FA843ED0DB87F46BBD19F0F634EB2FDE11FC"
"C:\Users\bouss\eco-tri-ia\data\raw\garbage_dataset_v2\six_classes\plastic\plastic_518.jpg","C:\Users\bouss\eco-tri-ia\data\classification\v2\train\plastic\plastic331.jpg","B9B6354DAFAF94C8E9AEB8E472EF7712193B3F11AE8EA72DFDA7DF52D35E91C5"
"C:\Users\bouss\eco-tri-ia\data\raw\garbage_dataset_v2\six_classes\plastic\plastic_521.jpg","C:\Users\bouss\eco-tri-ia\data\classification\v2\train\plastic\plastic103.jpg","87B7C1963F3EDAF573CA0B650117B57F082754CF03E96E9B5F32C89BB0D4BAF3"
"C:\Users\bouss\eco-tri-ia\data\raw\garbage_dataset_v2\six_classes\plastic\plastic_525.jpg","C:\Users\bouss\eco-tri-ia\data\classification\v2\test\plastic\plastic76.jpg","447EAD7E3DE2C149161648BC34FCFBD4E9FE5D98EFA686D617685631969B5159"
"C:\Users\bouss\eco-tri-ia\data\raw\garbage_dataset_v2\six_classes\plastic\plastic_527.jpg","C:\Users\bouss\eco-tri-ia\data\classification\v2\val\plastic\plastic96.jpg","D22ED88164908CA988680A02DF3F580E439258DF4B378901F25D83C1CD77BEC1"
"C:\Users\bouss\eco-tri-ia\data\raw\garbage_dataset_v2\six_classes\plastic\plastic_529.jpg","C:\Users\bouss\eco-tri-ia\data\classification\v2\test\plastic\plastic344.jpg","C2091AE7792EF6D98469BDA46F513839D0F45DA5B9681E78BF74CD2808E46A2D"
"C:\Users\bouss\eco-tri-ia\data\raw\garbage_dataset_v2\six_classes\plastic\plastic_53.jpg","C:\Users\bouss\eco-tri-ia\data\classification\v2\train\plastic\plastic397.jpg","9E666ABEFF19F37BA945CE8C6CD5496A2043747257D8D0D2CC245205F57AAE0D"
"C:\Users\bouss\eco-tri-ia\data\raw\garbage_dataset_v2\six_classes\plastic\plastic_534.jpg","C:\Users\bouss\eco-tri-ia\data\classification\v2\test\plastic\plastic351.jpg","FEF4BA5B6207BB0C31A53B9906E7FEA2F4906A59C9BCE90953F0D8EA1555A77B"
"C:\Users\bouss\eco-tri-ia\data\raw\garbage_dataset_v2\six_classes\plastic\plastic_535.jpg","C:\Users\bouss\eco-tri-ia\data\classification\v2\train\plastic\plastic13.jpg","27C2EA40BB631374F93D50E184E9CD31CFC4F211A471F7DC6E8B2A209856798C"
"C:\Users\bouss\eco-tri-ia\data\raw\garbage_dataset_v2\six_classes\plastic\plastic_536.jpg","C:\Users\bouss\eco-tri-ia\data\classification\v2\train\plastic\plastic154.jpg","30D4A12DE850E642437CD40013F09F68B32193D7D935EC2EF3A3200C0A80B4B3"
"C:\Users\bouss\eco-tri-ia\data\raw\garbage_dataset_v2\six_classes\plastic\plastic_537.jpg","C:\Users\bouss\eco-tri-ia\data\classification\v2\train\plastic\plastic308.jpg","6C2A19B3E15D505D6C00836D15C8C1E68C337E909289F0CDB1FA1E715BDD0E4C"
"C:\Users\bouss\eco-tri-ia\data\raw\garbage_dataset_v2\six_classes\plastic\plastic_539.jpg","C:\Users\bouss\eco-tri-ia\data\classification\v2\test\plastic\plastic171.jpg","1DB8F6F300A11F18FC6A82833AE08BA187230FC922C4ABF5A92D4FC8D67B39A9"
"C:\Users\bouss\eco-tri-ia\data\raw\garbage_dataset_v2\six_classes\plastic\plastic_550.jpg","C:\Users\bouss\eco-tri-ia\data\classification\v2\train\plastic\plastic135.jpg","39FA46DFA5DDAACE2AF4E36919D320F5ABAD7718B7D00D227DD0DECCA92C92A3"
"C:\Users\bouss\eco-tri-ia\data\raw\garbage_dataset_v2\six_classes\plastic\plastic_553.jpg","C:\Users\bouss\eco-tri-ia\data\classification\v2\train\plastic\plastic260.jpg","4763161EB2F6DB915CD378A3C8B1E407D240030D4B1F924007853BDCCF3352A1"
"C:\Users\bouss\eco-tri-ia\data\raw\garbage_dataset_v2\six_classes\plastic\plastic_555.jpg","C:\Users\bouss\eco-tri-ia\data\classification\v2\train\plastic\plastic440.jpg","286DE05A374690C68BE861DE898597C49905225C0962731C24CAC142CAAA9141"
"C:\Users\bouss\eco-tri-ia\data\raw\garbage_dataset_v2\six_classes\plastic\plastic_556.jpg","C:\Users\bouss\eco-tri-ia\data\classification\v2\train\plastic\plastic6.jpg","7E619FBD55C4A04A748D52AB82F2464967E0CC2B424F4E36D5F54C6E9BCD5BE7"
"C:\Users\bouss\eco-tri-ia\data\raw\garbage_dataset_v2\six_classes\plastic\plastic_557.jpg","C:\Users\bouss\eco-tri-ia\data\classification\v2\train\plastic\plastic326.jpg","8674E04EE46792C5CC1C5148B070495A749F189D0495F18D9F8B29DF428DECDC"
"C:\Users\bouss\eco-tri-ia\data\raw\garbage_dataset_v2\six_classes\plastic\plastic_558.jpg","C:\Users\bouss\eco-tri-ia\data\classification\v2\val\plastic\plastic27.jpg","6B57147F6DC729D07D2EBAB6CCE58A37D82C4076199AF7080A560A82C9F821E2"
"C:\Users\bouss\eco-tri-ia\data\raw\garbage_dataset_v2\six_classes\plastic\plastic_564.jpg","C:\Users\bouss\eco-tri-ia\data\classification\v2\train\plastic\plastic383.jpg","D011086EEF5790DF6F9109C38AD6B5CF601879FC4C7D0247C4E4006362BC1EAF"
"C:\Users\bouss\eco-tri-ia\data\raw\garbage_dataset_v2\six_classes\plastic\plastic_57.jpg","C:\Users\bouss\eco-tri-ia\data\classification\v2\test\plastic\plastic426.jpg","CA3DB4385012F56B510D13ABC9B9871B5410AF4DD09AD3535FDF6AF638A24EAE"
"C:\Users\bouss\eco-tri-ia\data\raw\garbage_dataset_v2\six_classes\plastic\plastic_570.jpg","C:\Users\bouss\eco-tri-ia\data\classification\v2\train\plastic\plastic358.jpg","8A7FEB499061A9FB97F270C5FD7958813561D76D75E286BA21035091C76573DE"
"C:\Users\bouss\eco-tri-ia\data\raw\garbage_dataset_v2\six_classes\plastic\plastic_582.jpg","C:\Users\bouss\eco-tri-ia\data\classification\v2\train\plastic\plastic58.jpg","B1799161A0DD174A06A9DB28AA24D4F16DEAB2323FEFDAB2CED227EBE0349024"
"C:\Users\bouss\eco-tri-ia\data\raw\garbage_dataset_v2\six_classes\plastic\plastic_59.jpg","C:\Users\bouss\eco-tri-ia\data\classification\v2\train\plastic\plastic38.jpg","529699E12215CEFF38270314EB2DE1C8F1C52FB7513CAE7C5576F70DA13A5F50"
"C:\Users\bouss\eco-tri-ia\data\raw\garbage_dataset_v2\six_classes\plastic\plastic_591.jpg","C:\Users\bouss\eco-tri-ia\data\classification\v2\train\plastic\plastic297.jpg","9E523B6842BD07836250AA9C95F467936B1E7EADBE9D10B3E59A92C2DC0040AF"
"C:\Users\bouss\eco-tri-ia\data\raw\garbage_dataset_v2\six_classes\plastic\plastic_593.jpg","C:\Users\bouss\eco-tri-ia\data\classification\v2\train\plastic\plastic285.jpg","E21F74112FBCE5B9EECEE6CFE77ED24F361AC7A4DAEB237719C6C02CB8310506"
"C:\Users\bouss\eco-tri-ia\data\raw\garbage_dataset_v2\six_classes\plastic\plastic_598.jpg","C:\Users\bouss\eco-tri-ia\data\classification\v2\train\plastic\plastic192.jpg","24470846EFAB9351855D86998EAA42F45963D6189BD138754A49A6BBC869BF71"
"C:\Users\bouss\eco-tri-ia\data\raw\garbage_dataset_v2\six_classes\plastic\plastic_608.jpg","C:\Users\bouss\eco-tri-ia\data\classification\v2\val\plastic\plastic180.jpg","2D1992D1550347F99E6AEBA304CA7794D2021AAD257D048E1A3D2303A524F304"
"C:\Users\bouss\eco-tri-ia\data\raw\garbage_dataset_v2\six_classes\plastic\plastic_610.jpg","C:\Users\bouss\eco-tri-ia\data\classification\v2\train\plastic\plastic298.jpg","F205E53419A78F56B78AE54B0053F3A437CDBA809CC480F79D50E2703F11C2F5"
"C:\Users\bouss\eco-tri-ia\data\raw\garbage_dataset_v2\six_classes\plastic\plastic_611.jpg","C:\Users\bouss\eco-tri-ia\data\classification\v2\train\plastic\plastic271.jpg","B21A383CDC95334871F941E2FAB170AD41E57E62CAA29D1BBD022B669EF424C7"
"C:\Users\bouss\eco-tri-ia\data\raw\garbage_dataset_v2\six_classes\plastic\plastic_613.jpg","C:\Users\bouss\eco-tri-ia\data\classification\v2\train\plastic\plastic215.jpg","A3858F8EEB36BEFA8C708C87E52BDB7BC9BDD20B73A4375FE6A856CA23CE6262"
"C:\Users\bouss\eco-tri-ia\data\raw\garbage_dataset_v2\six_classes\plastic\plastic_616.jpg","C:\Users\bouss\eco-tri-ia\data\classification\v2\test\plastic\plastic381.jpg","F1F9CD73BBC752919386F1940734C2CBC64335E34EC93E507EC716D7144F9BDF"
"C:\Users\bouss\eco-tri-ia\data\raw\garbage_dataset_v2\six_classes\plastic\plastic_618.jpg","C:\Users\bouss\eco-tri-ia\data\classification\v2\train\plastic\plastic42.jpg","7A5D6BFB40B0BE7E090CEA22E45DD8A66BE3E2E47D92E1FF2B68E819A9338E68"
"C:\Users\bouss\eco-tri-ia\data\raw\garbage_dataset_v2\six_classes\plastic\plastic_62.jpg","C:\Users\bouss\eco-tri-ia\data\classification\v2\train\plastic\plastic414.jpg","4647225F2142D3D40C46AB71C47B062B2DB1037D8A2C6041A4A4BC1F9ED29E97"
"C:\Users\bouss\eco-tri-ia\data\raw\garbage_dataset_v2\six_classes\plastic\plastic_620.jpg","C:\Users\bouss\eco-tri-ia\data\classification\v2\train\plastic\plastic210.jpg","566CD36E559EC9463BC6BAF55745354735DF28E16B31BF95FE57ECE0F0110977"
"C:\Users\bouss\eco-tri-ia\data\raw\garbage_dataset_v2\six_classes\plastic\plastic_622.jpg","C:\Users\bouss\eco-tri-ia\data\classification\v2\train\plastic\plastic178.jpg","9D42A746C0D30E6CC21CD40C35189CDFFA651035F95EC552DADFBA5CFEF83FC4"
"C:\Users\bouss\eco-tri-ia\data\raw\garbage_dataset_v2\six_classes\plastic\plastic_624.jpg","C:\Users\bouss\eco-tri-ia\data\classification\v2\train\plastic\plastic378.jpg","324EBEE870F39532E3E6B6E6DAC3AE826D0F02E85B37ACEFEC52EA8121BDF521"
"C:\Users\bouss\eco-tri-ia\data\raw\garbage_dataset_v2\six_classes\plastic\plastic_629.jpg","C:\Users\bouss\eco-tri-ia\data\classification\v2\test\plastic\plastic255.jpg","EBE79AFA3DD50C78E83C327AB3A3AE88E386CF2C65B149408BF63BD8E297D943"
"C:\Users\bouss\eco-tri-ia\data\raw\garbage_dataset_v2\six_classes\plastic\plastic_63.jpg","C:\Users\bouss\eco-tri-ia\data\classification\v2\val\plastic\plastic230.jpg","16C0E9985F713CC81522592DC1D0A6FCC18019F222792B6045CBDB5C3D9CEB46"
"C:\Users\bouss\eco-tri-ia\data\raw\garbage_dataset_v2\six_classes\plastic\plastic_630.jpg","C:\Users\bouss\eco-tri-ia\data\classification\v2\train\plastic\plastic424.jpg","3F3832C7C25C9B7F8FDDAF2ADE395408E7881C9624EDE81E0AC7C02899A6E7E4"
"C:\Users\bouss\eco-tri-ia\data\raw\garbage_dataset_v2\six_classes\plastic\plastic_64.jpg","C:\Users\bouss\eco-tri-ia\data\classification\v2\train\plastic\plastic289.jpg","9CE5BF6A6E1486C1C6C09A9ADEDBBFB9ABCF0C026A7FED1FBF7D7A0008B54696"
"C:\Users\bouss\eco-tri-ia\data\raw\garbage_dataset_v2\six_classes\plastic\plastic_640.jpg","C:\Users\bouss\eco-tri-ia\data\classification\v2\train\plastic\plastic437.jpg","DC77CC81DE1F518E90B34190CA84ABA0C5B91BF020316C34B95FCAE257D9C13C"
"C:\Users\bouss\eco-tri-ia\data\raw\garbage_dataset_v2\six_classes\plastic\plastic_644.jpg","C:\Users\bouss\eco-tri-ia\data\classification\v2\test\plastic\plastic375.jpg","4D5B1E98E440DBE08718F2ACE68EA989D9A8214C96948047DACB6EA17D55E200"
"C:\Users\bouss\eco-tri-ia\data\raw\garbage_dataset_v2\six_classes\plastic\plastic_645.jpg","C:\Users\bouss\eco-tri-ia\data\classification\v2\train\plastic\plastic54.jpg","75BEDA52E2FDD625CA9DDF6BC2AAF2FCFCE906172F0C3E857DC5B05FDADA092E"
"C:\Users\bouss\eco-tri-ia\data\raw\garbage_dataset_v2\six_classes\plastic\plastic_647.jpg","C:\Users\bouss\eco-tri-ia\data\classification\v2\train\plastic\plastic175.jpg","9BEC7462014A741D2E75FAF29CA2B43E55F9781CF7432DC0D03B1103DB9E4F0E"
"C:\Users\bouss\eco-tri-ia\data\raw\garbage_dataset_v2\six_classes\plastic\plastic_655.jpg","C:\Users\bouss\eco-tri-ia\data\classification\v2\val\plastic\plastic149.jpg","443A178C7FE0793564FD8213AEA0DC218C863F50FA6DD43F88E47B837F807E9A"
"C:\Users\bouss\eco-tri-ia\data\raw\garbage_dataset_v2\six_classes\plastic\plastic_657.jpg","C:\Users\bouss\eco-tri-ia\data\classification\v2\val\plastic\plastic114.jpg","721001D815684542D682A210CDC5EB7F3EE84A6B45A5A2208275F5D9BB34C5BB"
"C:\Users\bouss\eco-tri-ia\data\raw\garbage_dataset_v2\six_classes\plastic\plastic_658.jpg","C:\Users\bouss\eco-tri-ia\data\classification\v2\train\plastic\plastic39.jpg","FAF28D8F09C1075D3337EBF19BCAFDA1427053DEB2EE9827926F9077F9EBDF1E"
"C:\Users\bouss\eco-tri-ia\data\raw\garbage_dataset_v2\six_classes\plastic\plastic_659.jpg","C:\Users\bouss\eco-tri-ia\data\classification\v2\train\plastic\plastic291.jpg","A5BCB37D1C6739E03FB16EF5F2B73C732CD3A5CE8D15CCD96891F0870A90F917"
"C:\Users\bouss\eco-tri-ia\data\raw\garbage_dataset_v2\six_classes\plastic\plastic_66.jpg","C:\Users\bouss\eco-tri-ia\data\classification\v2\train\plastic\plastic343.jpg","B210E88FDA29AE9F02D7497EB3F7DD9D7DBC22E0ACBC93226A020F17930B34A9"
"C:\Users\bouss\eco-tri-ia\data\raw\garbage_dataset_v2\six_classes\plastic\plastic_662.jpg","C:\Users\bouss\eco-tri-ia\data\classification\v2\train\plastic\plastic391.jpg","B60C1808E1FDAE7723C3BC4239B793EE77DC6BBD7C591E79FE98C72CE2FB1D2B"
"C:\Users\bouss\eco-tri-ia\data\raw\garbage_dataset_v2\six_classes\plastic\plastic_666.jpg","C:\Users\bouss\eco-tri-ia\data\classification\v2\train\plastic\plastic418.jpg","ABF29F030AD600D7AD368FB31DC35A060DCA16C1F19F6B610E7908A48D905E29"
"C:\Users\bouss\eco-tri-ia\data\raw\garbage_dataset_v2\six_classes\plastic\plastic_668.jpg","C:\Users\bouss\eco-tri-ia\data\classification\v2\train\plastic\plastic369.jpg","8FF7330E4E431765516FE7DFB63F4D8A3CA7415F60409B0FAD832502A8AA1DE7"
"C:\Users\bouss\eco-tri-ia\data\raw\garbage_dataset_v2\six_classes\plastic\plastic_671.jpg","C:\Users\bouss\eco-tri-ia\data\classification\v2\train\plastic\plastic69.jpg","CAA7044E8E8913D0394C7FC4007DC9F40578E57D810E345E80BADC68F809954F"
"C:\Users\bouss\eco-tri-ia\data\raw\garbage_dataset_v2\six_classes\plastic\plastic_673.jpg","C:\Users\bouss\eco-tri-ia\data\classification\v2\train\plastic\plastic365.jpg","3062DD65794D177B88BA6DABE3948A1256A890ECCDBDAB7DAC29E47D97748BA5"
"C:\Users\bouss\eco-tri-ia\data\raw\garbage_dataset_v2\six_classes\plastic\plastic_675.jpg","C:\Users\bouss\eco-tri-ia\data\classification\v2\train\plastic\plastic137.jpg","DE59966908BD7F79F6A902350212FF69E473B34F3C60AD4C4C97DBDC90FD2E9A"
"C:\Users\bouss\eco-tri-ia\data\raw\garbage_dataset_v2\six_classes\plastic\plastic_678.jpg","C:\Users\bouss\eco-tri-ia\data\classification\v2\train\plastic\plastic310.jpg","178BCCCDC927DF8F61789569EA50814D110B0443355ECBB4227E4AE6452293D9"
"C:\Users\bouss\eco-tri-ia\data\raw\garbage_dataset_v2\six_classes\plastic\plastic_682.jpg","C:\Users\bouss\eco-tri-ia\data\classification\v2\train\plastic\plastic73.jpg","8ADFD45C91E59217EB86FBF17B7CC91EA7E3C5E72C9FF5C32D59D97B43766991"
"C:\Users\bouss\eco-tri-ia\data\raw\garbage_dataset_v2\six_classes\plastic\plastic_7.jpg","C:\Users\bouss\eco-tri-ia\data\classification\v2\train\plastic\plastic48.jpg","DE7518266453B4E7BD276AA21052733FD68B468729F80879233DB0665CBACD26"
"C:\Users\bouss\eco-tri-ia\data\raw\garbage_dataset_v2\six_classes\plastic\plastic_705.jpg","C:\Users\bouss\eco-tri-ia\data\classification\v2\train\plastic\plastic425.jpg","B8D900537F30DD1B82BCF6978A4C3A96A6C9E527D8B50844C2C13DCCAC6F0252"
"C:\Users\bouss\eco-tri-ia\data\raw\garbage_dataset_v2\six_classes\plastic\plastic_707.jpg","C:\Users\bouss\eco-tri-ia\data\classification\v2\train\plastic\plastic106.jpg","34B4D88C722B12483F73E1FF39947BD464E2CE8A0EAEB1E7C0971DEA6BB3893C"
"C:\Users\bouss\eco-tri-ia\data\raw\garbage_dataset_v2\six_classes\plastic\plastic_709.jpg","C:\Users\bouss\eco-tri-ia\data\classification\v2\train\plastic\plastic7.jpg","DA60DCEE4982606118F20C988E3740DAA3E23FEB4335A37A5FC3AA9E16D10F66"
"C:\Users\bouss\eco-tri-ia\data\raw\garbage_dataset_v2\six_classes\plastic\plastic_72.jpg","C:\Users\bouss\eco-tri-ia\data\classification\v2\train\plastic\plastic222.jpg","AAE0D683F6E9B3272B7945A1F4F095E65919DF7056D7D6756D174A407A68FC19"
"C:\Users\bouss\eco-tri-ia\data\raw\garbage_dataset_v2\six_classes\plastic\plastic_721.jpg","C:\Users\bouss\eco-tri-ia\data\classification\v2\train\plastic\plastic252.jpg","61A89874BE4F9FCDEEEFEC2C2F2A8EED113A96ADA46B4C7DD54B7B81DC43EE09"
"C:\Users\bouss\eco-tri-ia\data\raw\garbage_dataset_v2\six_classes\plastic\plastic_731.jpg","C:\Users\bouss\eco-tri-ia\data\classification\v2\train\plastic\plastic166.jpg","4153554F90520551AD05959E1E6631483D5F34669E59412D33E8CCAC10FF7879"
"C:\Users\bouss\eco-tri-ia\data\raw\garbage_dataset_v2\six_classes\plastic\plastic_733.jpg","C:\Users\bouss\eco-tri-ia\data\classification\v2\train\plastic\plastic220.jpg","65847BA689E296C21F23C69287E9F219E7CB2E5BCCF7C999C489B7FDCBB148D6"
"C:\Users\bouss\eco-tri-ia\data\raw\garbage_dataset_v2\six_classes\plastic\plastic_737.jpg","C:\Users\bouss\eco-tri-ia\data\classification\v2\train\plastic\plastic164.jpg","043B7646FDAC3E6AF282AE292B74A8CCA39E8D5EDC36B004046CF348689644DA"
"C:\Users\bouss\eco-tri-ia\data\raw\garbage_dataset_v2\six_classes\plastic\plastic_74.jpg","C:\Users\bouss\eco-tri-ia\data\classification\v2\train\plastic\plastic240.jpg","F427AEAF6FA2267AECCA4F945DCCDDF0CB85D3A798B66AA1562870A897A705FF"
"C:\Users\bouss\eco-tri-ia\data\raw\garbage_dataset_v2\six_classes\plastic\plastic_742.jpg","C:\Users\bouss\eco-tri-ia\data\classification\v2\val\plastic\plastic68.jpg","0A5F58A0CF30BC2E81F6B5B9305DB468FF5AB6FEB7537A6877BC5A5E9D4F28A2"
"C:\Users\bouss\eco-tri-ia\data\raw\garbage_dataset_v2\six_classes\plastic\plastic_746.jpg","C:\Users\bouss\eco-tri-ia\data\classification\v2\train\plastic\plastic94.jpg","79D94D7D79B70D35391826F17D4F46F49E47BD576EDF06E05D14CD847F32C58A"
"C:\Users\bouss\eco-tri-ia\data\raw\garbage_dataset_v2\six_classes\plastic\plastic_747.jpg","C:\Users\bouss\eco-tri-ia\data\classification\v2\train\plastic\plastic201.jpg","1E0B2094A10BEC25A65F4C01B6F7F8ECD6DA63825F27829D9631360F8BA3AEDA"
"C:\Users\bouss\eco-tri-ia\data\raw\garbage_dataset_v2\six_classes\plastic\plastic_75.jpg","C:\Users\bouss\eco-tri-ia\data\classification\v2\test\plastic\plastic254.jpg","A42DE206A88426C033AB5C2482A5AC7EC3E81CE1695FB8B7E4F08739F1F9F313"
"C:\Users\bouss\eco-tri-ia\data\raw\garbage_dataset_v2\six_classes\plastic\plastic_755.jpg","C:\Users\bouss\eco-tri-ia\data\classification\v2\train\plastic\plastic408.jpg","D6E431FD641F389899DBA14F30F9D6191908264C7CEF4A80567B67C97A9B21F7"
"C:\Users\bouss\eco-tri-ia\data\raw\garbage_dataset_v2\six_classes\plastic\plastic_761.jpg","C:\Users\bouss\eco-tri-ia\data\classification\v2\test\plastic\plastic133.jpg","1FA0F0B2C0FF6E61C85AD20F23460BDBBD9CB96A27CEC75C76763747716C9324"
"C:\Users\bouss\eco-tri-ia\data\raw\garbage_dataset_v2\six_classes\plastic\plastic_765.jpg","C:\Users\bouss\eco-tri-ia\data\classification\v2\val\plastic\plastic432.jpg","BA6A9B30BD8D3701AC084706995BB3F68A3E56DFFACFC0B4D667EF2690512624"
"C:\Users\bouss\eco-tri-ia\data\raw\garbage_dataset_v2\six_classes\plastic\plastic_768.jpg","C:\Users\bouss\eco-tri-ia\data\classification\v2\train\plastic\plastic384.jpg","DEBBF86C08871D40D9C094BC8E8392D7698DB6F0AD31170785F722BA140C5A4F"
"C:\Users\bouss\eco-tri-ia\data\raw\garbage_dataset_v2\six_classes\plastic\plastic_770.jpg","C:\Users\bouss\eco-tri-ia\data\classification\v2\train\plastic\plastic256.jpg","1BDB6CB2949721018B1A4CB80CFEE4C0EEA5965DF935A5FF2A28603B946ED3EE"
"C:\Users\bouss\eco-tri-ia\data\raw\garbage_dataset_v2\six_classes\plastic\plastic_774.jpg","C:\Users\bouss\eco-tri-ia\data\classification\v2\train\plastic\plastic279.jpg","29BBC6186B2064A1B1A38C648EC3A8BA0EB35EE3929E3E2A869D43023F8A5B30"
"C:\Users\bouss\eco-tri-ia\data\raw\garbage_dataset_v2\six_classes\plastic\plastic_788.jpg","C:\Users\bouss\eco-tri-ia\data\classification\v2\train\plastic\plastic49.jpg","42961FF5BB972E412575A53D3D24459A04E4AB47CBF18961D3CDBC70D49CA404"
"C:\Users\bouss\eco-tri-ia\data\raw\garbage_dataset_v2\six_classes\plastic\plastic_791.jpg","C:\Users\bouss\eco-tri-ia\data\classification\v2\train\plastic\plastic32.jpg","DD4B43A6BA69F04F3264F855F632F83F1CB5656B8BD47C08A958176662BCB27A"
"C:\Users\bouss\eco-tri-ia\data\raw\garbage_dataset_v2\six_classes\plastic\plastic_792.jpg","C:\Users\bouss\eco-tri-ia\data\classification\v2\train\plastic\plastic386.jpg","054A9303CEF789E03F84B8EC018CECE84BEB906A64C6AABA75C15E1C4D4D1027"
"C:\Users\bouss\eco-tri-ia\data\raw\garbage_dataset_v2\six_classes\plastic\plastic_794.jpg","C:\Users\bouss\eco-tri-ia\data\classification\v2\test\plastic\plastic387.jpg","18A2627A793528EAE5FE2EAE4C4B6AAF17764D75899C30C4A9E2F9D4C8F36C76"
"C:\Users\bouss\eco-tri-ia\data\raw\garbage_dataset_v2\six_classes\plastic\plastic_801.jpg","C:\Users\bouss\eco-tri-ia\data\classification\v2\train\plastic\plastic231.jpg","7DFFA9F9FD24ED3CBB6A5B3DF597867BC92C15021A88D892ABE845E291129D88"
"C:\Users\bouss\eco-tri-ia\data\raw\garbage_dataset_v2\six_classes\plastic\plastic_802.jpg","C:\Users\bouss\eco-tri-ia\data\classification\v2\train\plastic\plastic211.jpg","1F3BBD7DA2C877BA9A65F9083D7EC14B211994001F10F8F01D2A081C8D604301"
"C:\Users\bouss\eco-tri-ia\data\raw\garbage_dataset_v2\six_classes\plastic\plastic_805.jpg","C:\Users\bouss\eco-tri-ia\data\classification\v2\train\plastic\plastic361.jpg","92FCF5269F1C4952F567DD3D34279842FDC7D85C4F9E117B76C40CFB3E6D470B"
"C:\Users\bouss\eco-tri-ia\data\raw\garbage_dataset_v2\six_classes\plastic\plastic_807.jpg","C:\Users\bouss\eco-tri-ia\data\classification\v2\test\plastic\plastic43.jpg","AEBC35A0A781AAAC200E8407A93A7BA9A532ED6A9F2198D47241471CC69F5E8C"
"C:\Users\bouss\eco-tri-ia\data\raw\garbage_dataset_v2\six_classes\plastic\plastic_809.jpg","C:\Users\bouss\eco-tri-ia\data\classification\v2\train\plastic\plastic225.jpg","41B6B1BA77E63F97AD6F3D74272BBF00ADDD0D15B2120E3A7187860DE3D1DCAA"
"C:\Users\bouss\eco-tri-ia\data\raw\garbage_dataset_v2\six_classes\plastic\plastic_813.jpg","C:\Users\bouss\eco-tri-ia\data\classification\v2\train\plastic\plastic95.jpg","D4607FBC266410204ECACBC03E5E084C8A7153D53A6155F32B6A26F1C7EB48DB"
"C:\Users\bouss\eco-tri-ia\data\raw\garbage_dataset_v2\six_classes\plastic\plastic_814.jpg","C:\Users\bouss\eco-tri-ia\data\classification\v2\val\plastic\plastic50.jpg","09E75E68F5B4514645B59E090F13B430D448B9BA03EA05A648A0ED83BE35D4EC"
"C:\Users\bouss\eco-tri-ia\data\raw\garbage_dataset_v2\six_classes\plastic\plastic_815.jpg","C:\Users\bouss\eco-tri-ia\data\classification\v2\train\plastic\plastic30.jpg","7E6EEFEB3E84EC480AA1A40B923E48105FC5208E04423E47652B4A41B584DCF5"
"C:\Users\bouss\eco-tri-ia\data\raw\garbage_dataset_v2\six_classes\plastic\plastic_817.jpg","C:\Users\bouss\eco-tri-ia\data\classification\v2\train\plastic\plastic116.jpg","6BAAC8C58F3C8F9AF351013EBB6479F31D8F055B7BC25B25C55E7A54DB4C1A21"
"C:\Users\bouss\eco-tri-ia\data\raw\garbage_dataset_v2\six_classes\plastic\plastic_820.jpg","C:\Users\bouss\eco-tri-ia\data\classification\v2\train\plastic\plastic471.jpg","1FA506D340C028A17FA2B600B7D3D0D3285E47EBC57AA5788CE9B55D648939BB"
"C:\Users\bouss\eco-tri-ia\data\raw\garbage_dataset_v2\six_classes\plastic\plastic_83.jpg","C:\Users\bouss\eco-tri-ia\data\classification\v2\val\plastic\plastic64.jpg","DAABA9DA8E9B2D76AAE5C21030392F8069BD053C9993B2B227F6DF5DED49E03A"
"C:\Users\bouss\eco-tri-ia\data\raw\garbage_dataset_v2\six_classes\plastic\plastic_834.jpg","C:\Users\bouss\eco-tri-ia\data\classification\v2\train\plastic\plastic407.jpg","B6A9FDA657482C6F5856763F01B936CA55012F0BE1C9289C0C8B4A9DBC75A831"
"C:\Users\bouss\eco-tri-ia\data\raw\garbage_dataset_v2\six_classes\plastic\plastic_835.jpg","C:\Users\bouss\eco-tri-ia\data\classification\v2\train\plastic\plastic20.jpg","7BE5D6ED8C3910E9D59DE6F6EF91D18C4F1C2A731409E368FF639DEBC32AC857"
"C:\Users\bouss\eco-tri-ia\data\raw\garbage_dataset_v2\six_classes\plastic\plastic_84.jpg","C:\Users\bouss\eco-tri-ia\data\classification\v2\train\plastic\plastic143.jpg","2B4099E51228220B28A0960F3BAC42200765F00D88C1BACC1420740B8A645DD3"
"C:\Users\bouss\eco-tri-ia\data\raw\garbage_dataset_v2\six_classes\plastic\plastic_842.jpg","C:\Users\bouss\eco-tri-ia\data\classification\v2\train\plastic\plastic394.jpg","86404F9CE0592B4DBC0C53EA0354C85114BF9E0FC640719B31400273ED929DB8"
"C:\Users\bouss\eco-tri-ia\data\raw\garbage_dataset_v2\six_classes\plastic\plastic_844.jpg","C:\Users\bouss\eco-tri-ia\data\classification\v2\train\plastic\plastic212.jpg","F1B4123293E14703463B22DD12F2FF8840AE59B2EDCCAC42F02D8635CB5922FD"
"C:\Users\bouss\eco-tri-ia\data\raw\garbage_dataset_v2\six_classes\plastic\plastic_849.jpg","C:\Users\bouss\eco-tri-ia\data\classification\v2\train\plastic\plastic411.jpg","90F72638E98C7D98446B1DDC98C0826E55D7B87714B9395E39D36141DA2A2E4A"
"C:\Users\bouss\eco-tri-ia\data\raw\garbage_dataset_v2\six_classes\plastic\plastic_85.jpg","C:\Users\bouss\eco-tri-ia\data\classification\v2\train\plastic\plastic469.jpg","76FC3FD75A739F4549B06BAA1A6CA5785EADA05568768D051D5683A1E73C3CFB"
"C:\Users\bouss\eco-tri-ia\data\raw\garbage_dataset_v2\six_classes\plastic\plastic_852.jpg","C:\Users\bouss\eco-tri-ia\data\classification\v2\train\plastic\plastic107.jpg","4F8D3355D35F5DB081EF90641B4D31FBB283C4DD5003E764AC71EB977FDDF502"
"C:\Users\bouss\eco-tri-ia\data\raw\garbage_dataset_v2\six_classes\plastic\plastic_857.jpg","C:\Users\bouss\eco-tri-ia\data\classification\v2\val\plastic\plastic363.jpg","406D94F0202C91A7396337FFFC1AB626151FCCB951AA4CCC3B221EF87A1EA6AE"
"C:\Users\bouss\eco-tri-ia\data\raw\garbage_dataset_v2\six_classes\plastic\plastic_861.jpg","C:\Users\bouss\eco-tri-ia\data\classification\v2\train\plastic\plastic183.jpg","1BB07D23D88C135A03B8CCB4AB47497DC3BF231CF194A0CF936310D9766195C2"
"C:\Users\bouss\eco-tri-ia\data\raw\garbage_dataset_v2\six_classes\plastic\plastic_864.jpg","C:\Users\bouss\eco-tri-ia\data\classification\v2\train\plastic\plastic204.jpg","45728F9CF17D582F05318C2B21FFAEE274242199FD26A96F5A53ABA032A37BBD"
"C:\Users\bouss\eco-tri-ia\data\raw\garbage_dataset_v2\six_classes\plastic\plastic_868.jpg","C:\Users\bouss\eco-tri-ia\data\classification\v2\train\plastic\plastic16.jpg","33C554D03819ABD4F0F326CF8B07B00611EA4D2C92DBAA53E51718989E9A2166"
"C:\Users\bouss\eco-tri-ia\data\raw\garbage_dataset_v2\six_classes\plastic\plastic_869.jpg","C:\Users\bouss\eco-tri-ia\data\classification\v2\val\plastic\plastic281.jpg","02AC4F6EA8C3BB88022AE62C041F10ABA417A89B9BFF40882D5B906267B2132D"
"C:\Users\bouss\eco-tri-ia\data\raw\garbage_dataset_v2\six_classes\plastic\plastic_871.jpg","C:\Users\bouss\eco-tri-ia\data\classification\v2\val\plastic\plastic145.jpg","1782030F5438851C5B95628BA661FC0815070591EF12835903CCCB2C2550106A"
"C:\Users\bouss\eco-tri-ia\data\raw\garbage_dataset_v2\six_classes\plastic\plastic_883.jpg","C:\Users\bouss\eco-tri-ia\data\classification\v2\train\plastic\plastic22.jpg","1CD2A95DC91965A8D4AC5829AADF0B9DB5D2457FF685A3D315B35B9B2EDE8DCE"
"C:\Users\bouss\eco-tri-ia\data\raw\garbage_dataset_v2\six_classes\plastic\plastic_888.jpg","C:\Users\bouss\eco-tri-ia\data\classification\v2\test\plastic\plastic317.jpg","EB326E1C218874929D693EDD6D3555F34AE18A287253EDCDA9A89B3C04267B7C"
"C:\Users\bouss\eco-tri-ia\data\raw\garbage_dataset_v2\six_classes\plastic\plastic_895.jpg","C:\Users\bouss\eco-tri-ia\data\classification\v2\val\plastic\plastic275.jpg","C72733B6D16458678E0D6883EB3F694EB6EFF960C51C2A4757D14C1188AFA9C4"
"C:\Users\bouss\eco-tri-ia\data\raw\garbage_dataset_v2\six_classes\plastic\plastic_898.jpg","C:\Users\bouss\eco-tri-ia\data\classification\v2\train\plastic\plastic202.jpg","CFD035C8C4400A35408BE51E5E4219F01104E858E689779EF1972755E2612955"
"C:\Users\bouss\eco-tri-ia\data\raw\garbage_dataset_v2\six_classes\plastic\plastic_90.jpg","C:\Users\bouss\eco-tri-ia\data\classification\v2\train\plastic\plastic480.jpg","817235DD5F4C5EE053684622951EA0F221763095E458F28A5B2727801389A278"
"C:\Users\bouss\eco-tri-ia\data\raw\garbage_dataset_v2\six_classes\plastic\plastic_903.jpg","C:\Users\bouss\eco-tri-ia\data\classification\v2\train\plastic\plastic428.jpg","A44CDB0309C5B2FD8BA2E7A1168B08B05CB4B8CBEBDA4A4E7A25E749AFE93A99"
"C:\Users\bouss\eco-tri-ia\data\raw\garbage_dataset_v2\six_classes\plastic\plastic_905.jpg","C:\Users\bouss\eco-tri-ia\data\classification\v2\test\plastic\plastic15.jpg","5DAC04CF4D4FCC77D7469A3985B587F325F785523B31E6C8D504F4D7C7F4ED75"
"C:\Users\bouss\eco-tri-ia\data\raw\garbage_dataset_v2\six_classes\plastic\plastic_907.jpg","C:\Users\bouss\eco-tri-ia\data\classification\v2\train\plastic\plastic91.jpg","4C4B7514CD5E25ED6D878C1F657F520FF6B1D0337AD417ED1EA6B4E98A48BC75"
"C:\Users\bouss\eco-tri-ia\data\raw\garbage_dataset_v2\six_classes\plastic\plastic_912.jpg","C:\Users\bouss\eco-tri-ia\data\classification\v2\train\plastic\plastic165.jpg","5F3F970FB7FA2143711F163AFE4A0D92CB86B338F1615271E77345884F148704"
"C:\Users\bouss\eco-tri-ia\data\raw\garbage_dataset_v2\six_classes\plastic\plastic_914.jpg","C:\Users\bouss\eco-tri-ia\data\classification\v2\train\plastic\plastic89.jpg","3BEA414EFE7EC324C143E02C7E84C5966CDCF702CD0E75E38B29783881D78D17"
"C:\Users\bouss\eco-tri-ia\data\raw\garbage_dataset_v2\six_classes\plastic\plastic_919.jpg","C:\Users\bouss\eco-tri-ia\data\classification\v2\test\plastic\plastic203.jpg","777D4E22A9174AD4988C425841699EDAC66165EB0F1027CADB26328F677ED61F"
"C:\Users\bouss\eco-tri-ia\data\raw\garbage_dataset_v2\six_classes\plastic\plastic_920.jpg","C:\Users\bouss\eco-tri-ia\data\classification\v2\train\plastic\plastic200.jpg","A093B5E32FCC49641C4990CEA1505286E2F9A2FC54526BF100AB2EB6A6728DFA"
"C:\Users\bouss\eco-tri-ia\data\raw\garbage_dataset_v2\six_classes\plastic\plastic_922.jpg","C:\Users\bouss\eco-tri-ia\data\classification\v2\test\plastic\plastic170.jpg","1F4467071265642D3170C0336C19644F5F9B7B3944CFB5B5AD41F8771094E801"
"C:\Users\bouss\eco-tri-ia\data\raw\garbage_dataset_v2\six_classes\plastic\plastic_924.jpg","C:\Users\bouss\eco-tri-ia\data\classification\v2\val\plastic\plastic410.jpg","8FC12B3278E610B3CFE16F95FC65E9CBE1EED14012A6483DF6F94CA2FD4FE47B"
"C:\Users\bouss\eco-tri-ia\data\raw\garbage_dataset_v2\six_classes\plastic\plastic_926.jpg","C:\Users\bouss\eco-tri-ia\data\classification\v2\train\plastic\plastic24.jpg","0BF1327C0F1A2D08994B88C56E332F4F36C3B8DAC07C59C8965E85C7E9741A30"
"C:\Users\bouss\eco-tri-ia\data\raw\garbage_dataset_v2\six_classes\plastic\plastic_931.jpg","C:\Users\bouss\eco-tri-ia\data\classification\v2\train\plastic\plastic290.jpg","819A168F2ADF861ECFF0176D9474882AF0F4018F1E20541FE652665427EB3CC3"
"C:\Users\bouss\eco-tri-ia\data\raw\garbage_dataset_v2\six_classes\plastic\plastic_933.jpg","C:\Users\bouss\eco-tri-ia\data\classification\v2\test\plastic\plastic112.jpg","CDDCDC2ACEDAA90D51F298AC2F6AB32A219EB318332763003502476E3DC55FD0"
"C:\Users\bouss\eco-tri-ia\data\raw\garbage_dataset_v2\six_classes\plastic\plastic_934.jpg","C:\Users\bouss\eco-tri-ia\data\classification\v2\train\plastic\plastic357.jpg","33E291289B32FE975A1576AA28FDEBCB24F94B5B28657AB1AC268ADAE14328BC"
"C:\Users\bouss\eco-tri-ia\data\raw\garbage_dataset_v2\six_classes\plastic\plastic_936.jpg","C:\Users\bouss\eco-tri-ia\data\classification\v2\val\plastic\plastic350.jpg","A6AACB0D7B62BB26619618F2A15C88260DEE68801ABF72987C22E21F7CB87A85"
"C:\Users\bouss\eco-tri-ia\data\raw\garbage_dataset_v2\six_classes\plastic\plastic_942.jpg","C:\Users\bouss\eco-tri-ia\data\classification\v2\train\plastic\plastic110.jpg","1078B4398EE115A73D3AB007959C970E3230CA232D840E2D00D4F6038949D6FE"
"C:\Users\bouss\eco-tri-ia\data\raw\garbage_dataset_v2\six_classes\plastic\plastic_948.jpg","C:\Users\bouss\eco-tri-ia\data\classification\v2\train\plastic\plastic354.jpg","82C007F3B58BB183D0CF048B00308C7E9DC0A0BE49213EE7DB178E541223BEEA"
"C:\Users\bouss\eco-tri-ia\data\raw\garbage_dataset_v2\six_classes\plastic\plastic_955.jpg","C:\Users\bouss\eco-tri-ia\data\classification\v2\test\plastic\plastic84.jpg","E601DA110E32D80F61767E7551BBB7840D3C87F3A3BBE2B1040AE02124094217"
"C:\Users\bouss\eco-tri-ia\data\raw\garbage_dataset_v2\six_classes\plastic\plastic_961.jpg","C:\Users\bouss\eco-tri-ia\data\classification\v2\train\plastic\plastic370.jpg","F12898504B448AD7C3134742B61D69297DDE32F9B4B037D5A60DBE1C429DDAFC"
"C:\Users\bouss\eco-tri-ia\data\raw\garbage_dataset_v2\six_classes\plastic\plastic_965.jpg","C:\Users\bouss\eco-tri-ia\data\classification\v2\train\plastic\plastic70.jpg","43E494E51A912320499EC75C5B73769668F094DC5982A13EA6DFAFA50033FF8E"
"C:\Users\bouss\eco-tri-ia\data\raw\garbage_dataset_v2\six_classes\plastic\plastic_967.jpg","C:\Users\bouss\eco-tri-ia\data\classification\v2\train\plastic\plastic340.jpg","4737F744E32E648DC1711E84CB56D9F453AFE9D9EE271F82FDFEAF4B752D48D7"
"C:\Users\bouss\eco-tri-ia\data\raw\garbage_dataset_v2\six_classes\plastic\plastic_97.jpg","C:\Users\bouss\eco-tri-ia\data\classification\v2\test\plastic\plastic264.jpg","1DF8D5C5690689C8D0119BBB7F8FD98D94943931E281A0776F84A89EECB4250D"
"C:\Users\bouss\eco-tri-ia\data\raw\garbage_dataset_v2\six_classes\plastic\plastic_977.jpg","C:\Users\bouss\eco-tri-ia\data\classification\v2\train\plastic\plastic196.jpg","9B1FF3737DD984D1B81ECAE4EF290F894CEE197EAC3B1E586200EC186A20EAD4"
"C:\Users\bouss\eco-tri-ia\data\raw\garbage_dataset_v2\six_classes\plastic\plastic_978.jpg","C:\Users\bouss\eco-tri-ia\data\classification\v2\train\plastic\plastic434.jpg","A84AC2040A83AC6DDD90622DBD63A0109896421B5819D2F5C8AEE72EFA8D5F35"
"C:\Users\bouss\eco-tri-ia\data\raw\garbage_dataset_v2\six_classes\plastic\plastic_98.jpg","C:\Users\bouss\eco-tri-ia\data\classification\v2\train\plastic\plastic333.jpg","98B134058E7BB87F09FDFDEE20471A8C528CE0C41C0AA32F0F71F38C327112AE"
"C:\Users\bouss\eco-tri-ia\data\raw\garbage_dataset_v2\six_classes\plastic\plastic_988.jpg","C:\Users\bouss\eco-tri-ia\data\classification\v2\train\plastic\plastic362.jpg","1765BC4CE8AC204B9831D5F5F3CA23354CEAF6D5C438362745775448424515BD"
"C:\Users\bouss\eco-tri-ia\data\raw\garbage_dataset_v2\six_classes\plastic\plastic_989.jpg","C:\Users\bouss\eco-tri-ia\data\classification\v2\train\plastic\plastic246.jpg","CECC06948D588377F99F12737CC59221531F74F3F2DA80B8FCBB0524A0B1D507"
"C:\Users\bouss\eco-tri-ia\data\raw\garbage_dataset_v2\six_classes\plastic\plastic_99.jpg","C:\Users\bouss\eco-tri-ia\data\classification\v2\val\plastic\plastic214.jpg","94EF473A8DDE0A7EEC8F1E2C6D9301DA37A04757F8A000CE8A662E3565F25755"
"C:\Users\bouss\eco-tri-ia\data\raw\garbage_dataset_v2\six_classes\plastic\plastic_995.jpg","C:\Users\bouss\eco-tri-ia\data\classification\v2\test\plastic\plastic393.jpg","808A490DC41A1F9D3DDDE4E354C894D76E346402F6DA7809FB4BA02622FFE823"
"C:\Users\bouss\eco-tri-ia\data\raw\garbage_dataset_v2\six_classes\trash\trash_120.jpg","C:\Users\bouss\eco-tri-ia\data\classification\v2\val\trash\trash16.jpg","63AD4E3C8A3E85ADAEDCC92F48FE900FD02CB9E1973B42D684FDA45A3139EDF2"
"C:\Users\bouss\eco-tri-ia\data\raw\garbage_dataset_v2\six_classes\trash\trash_133.jpg","C:\Users\bouss\eco-tri-ia\data\classification\v2\train\trash\trash6.jpg","20018F7C4B30F387EDBCA44D6B4B1233F65FB0E194992119609D0AF807985057"
"C:\Users\bouss\eco-tri-ia\data\raw\garbage_dataset_v2\six_classes\trash\trash_135.jpg","C:\Users\bouss\eco-tri-ia\data\classification\v2\train\trash\trash123.jpg","2528D8CE5DB65E02481A90E613944E64690D36CC89FB2DBDA35F1D9763121C6C"
"C:\Users\bouss\eco-tri-ia\data\raw\garbage_dataset_v2\six_classes\trash\trash_139.jpg","C:\Users\bouss\eco-tri-ia\data\classification\v2\val\trash\trash44.jpg","9ACEAF820BC9C4625D3929A0C3F6154639124448EC52385C14F0015A974A1FC1"
"C:\Users\bouss\eco-tri-ia\data\raw\garbage_dataset_v2\six_classes\trash\trash_141.jpg","C:\Users\bouss\eco-tri-ia\data\classification\v2\train\trash\trash33.jpg","76E972561544E88C60DAF4F54DAFB0A98F84430633B79603E26C9D39B997CEA3"
"C:\Users\bouss\eco-tri-ia\data\raw\garbage_dataset_v2\six_classes\trash\trash_142.jpg","C:\Users\bouss\eco-tri-ia\data\classification\v2\test\trash\trash80.jpg","8C10C016558A7BA0735F0A23B5E68BA5681B4440FB875405609E1E4250C3D0D5"
"C:\Users\bouss\eco-tri-ia\data\raw\garbage_dataset_v2\six_classes\trash\trash_158.jpg","C:\Users\bouss\eco-tri-ia\data\classification\v2\train\trash\trash39.jpg","C2298CA13C3E4050CC169DE58B8B77CC6765E18B7FB6145586A96B116668AD0B"
"C:\Users\bouss\eco-tri-ia\data\raw\garbage_dataset_v2\six_classes\trash\trash_168.jpg","C:\Users\bouss\eco-tri-ia\data\classification\v2\train\trash\trash95.jpg","605ECBA52073B4FDEB9F5DD0F9A635963B7FD8762F96C23D31BBF1090E26AB75"
"C:\Users\bouss\eco-tri-ia\data\raw\garbage_dataset_v2\six_classes\trash\trash_186.jpg","C:\Users\bouss\eco-tri-ia\data\classification\v2\test\trash\trash84.jpg","4A0C4F7699E9873658694C3315064A829A6E36FAA32DBB221ECD4C8BCA9E1468"
"C:\Users\bouss\eco-tri-ia\data\raw\garbage_dataset_v2\six_classes\trash\trash_189.jpg","C:\Users\bouss\eco-tri-ia\data\classification\v2\train\trash\trash49.jpg","BB30F9F1CBBFD077D079CC10E55C3724C1F479C467BCA875A76A5A15D274D3E7"
"C:\Users\bouss\eco-tri-ia\data\raw\garbage_dataset_v2\six_classes\trash\trash_197.jpg","C:\Users\bouss\eco-tri-ia\data\classification\v2\train\trash\trash36.jpg","E9F3CA01A30CACE8B5D3F28FC900A2E40B35F9436470FF9BA8F21A611D6E0556"
"C:\Users\bouss\eco-tri-ia\data\raw\garbage_dataset_v2\six_classes\trash\trash_219.jpg","C:\Users\bouss\eco-tri-ia\data\classification\v2\train\trash\trash13.jpg","ADFBA9DE5E4ECBB51152F547D344D17C84BE35AE1D2D215D6E41CCD9151BA88C"
"C:\Users\bouss\eco-tri-ia\data\raw\garbage_dataset_v2\six_classes\trash\trash_227.jpg","C:\Users\bouss\eco-tri-ia\data\classification\v2\test\trash\trash10.jpg","5F1EE42F525810222F5AFC0AFA6393F9184DB463B2E2414DF428F9321639A028"
"C:\Users\bouss\eco-tri-ia\data\raw\garbage_dataset_v2\six_classes\trash\trash_238.jpg","C:\Users\bouss\eco-tri-ia\data\classification\v2\test\trash\trash34.jpg","65AB3DC1A6B9F079ADB4D2322F8596B19972798610BF0A85FA426BD5E538A575"
"C:\Users\bouss\eco-tri-ia\data\raw\garbage_dataset_v2\six_classes\trash\trash_244.jpg","C:\Users\bouss\eco-tri-ia\data\classification\v2\train\trash\trash65.jpg","4F6BE7D1E5AE1FC6A479E1D6E60CC7DBB9643662E0C48DABD2D882CC1DF8C1E9"
"C:\Users\bouss\eco-tri-ia\data\raw\garbage_dataset_v2\six_classes\trash\trash_263.jpg","C:\Users\bouss\eco-tri-ia\data\classification\v2\train\trash\trash37.jpg","10BC95B47A1870BDC56EBFD73843EDD207914EFAE70FF84B10E4B7A12E28758A"
"C:\Users\bouss\eco-tri-ia\data\raw\garbage_dataset_v2\six_classes\trash\trash_273.jpg","C:\Users\bouss\eco-tri-ia\data\classification\v2\test\trash\trash38.jpg","BE3709B243FBCAC3C8A84B94C88608FBCF8E46A0872D54730757A4957ECBD209"
"C:\Users\bouss\eco-tri-ia\data\raw\garbage_dataset_v2\six_classes\trash\trash_276.jpg","C:\Users\bouss\eco-tri-ia\data\classification\v2\train\trash\trash103.jpg","91569F5D8AD69BECD2F2B00717DC145AC32DA62EF45F5388A6A672CFD029823E"
"C:\Users\bouss\eco-tri-ia\data\raw\garbage_dataset_v2\six_classes\trash\trash_283.jpg","C:\Users\bouss\eco-tri-ia\data\classification\v2\train\trash\trash105.jpg","38F27EE1E73ABED46C00653E1BBBD1FDD42F447123F03AD2C796D090DD3A83D9"
"C:\Users\bouss\eco-tri-ia\data\raw\garbage_dataset_v2\six_classes\trash\trash_286.jpg","C:\Users\bouss\eco-tri-ia\data\classification\v2\train\trash\trash96.jpg","5BFE21D663958B01B145A4934D211F721BEB68DB99B0BE6CCF65289FDB6A92F5"
"C:\Users\bouss\eco-tri-ia\data\raw\garbage_dataset_v2\six_classes\trash\trash_287.jpg","C:\Users\bouss\eco-tri-ia\data\classification\v2\train\trash\trash77.jpg","878EDEDAA72CE87581C64FB73535D6C8A00A1D97215C02FD09066870DE222322"
"C:\Users\bouss\eco-tri-ia\data\raw\garbage_dataset_v2\six_classes\trash\trash_293.jpg","C:\Users\bouss\eco-tri-ia\data\classification\v2\train\trash\trash124.jpg","39BB0A46E81CB3C6EA99737E63B8FDC1DFB6B48E5F40A210EBE2F722B50E0EA5"
"C:\Users\bouss\eco-tri-ia\data\raw\garbage_dataset_v2\six_classes\trash\trash_30.jpg","C:\Users\bouss\eco-tri-ia\data\classification\v2\test\trash\trash75.jpg","A99BBA1B57F9E8C1A94F4B65242BC59E6FCCAFFFA28B6F819348AD8E750A8260"
"C:\Users\bouss\eco-tri-ia\data\raw\garbage_dataset_v2\six_classes\trash\trash_314.jpg","C:\Users\bouss\eco-tri-ia\data\classification\v2\train\trash\trash48.jpg","AC83BA14BC298D01D9C94AA7C4F45F5D423C790606F1A7F66826FAC156276B8F"
"C:\Users\bouss\eco-tri-ia\data\raw\garbage_dataset_v2\six_classes\trash\trash_319.jpg","C:\Users\bouss\eco-tri-ia\data\classification\v2\val\trash\trash135.jpg","0767882DB2A9D02D83B5F92304F0ADDBB87928BF1C658F7BCDAF10DFCE37F5A8"
"C:\Users\bouss\eco-tri-ia\data\raw\garbage_dataset_v2\six_classes\trash\trash_320.jpg","C:\Users\bouss\eco-tri-ia\data\classification\v2\train\trash\trash46.jpg","4107315BB5F544800C18EC1901782473CF656BA1C5B7CB049CEF990A5583E412"
"C:\Users\bouss\eco-tri-ia\data\raw\garbage_dataset_v2\six_classes\trash\trash_327.jpg","C:\Users\bouss\eco-tri-ia\data\classification\v2\train\trash\trash137.jpg","A44EBCBAC28E8A5E75CD7DDBC458D484535B11C3D5A30838E14B48D09991E554"
"C:\Users\bouss\eco-tri-ia\data\raw\garbage_dataset_v2\six_classes\trash\trash_33.jpg","C:\Users\bouss\eco-tri-ia\data\classification\v2\train\trash\trash118.jpg","747BAD445F6B285FB18B4246B799BDD6FC1186BD3DA96E10F340E07636D87E95"
"C:\Users\bouss\eco-tri-ia\data\raw\garbage_dataset_v2\six_classes\trash\trash_331.jpg","C:\Users\bouss\eco-tri-ia\data\classification\v2\val\trash\trash55.jpg","360BB1B49F6F1F02DFB68D120863BC8B36B144B9A7EDD1C5EBDA5AAB57476DF7"
"C:\Users\bouss\eco-tri-ia\data\raw\garbage_dataset_v2\six_classes\trash\trash_333.jpg","C:\Users\bouss\eco-tri-ia\data\classification\v2\train\trash\trash11.jpg","3BDE5980EA8D4947EC29E8EFEE5D361C353064C2F18AA27A86597F06EC5B7C2C"
"C:\Users\bouss\eco-tri-ia\data\raw\garbage_dataset_v2\six_classes\trash\trash_336.jpg","C:\Users\bouss\eco-tri-ia\data\classification\v2\train\trash\trash61.jpg","145FB39B422C564081BEFB9607F327EA785CCB0FA845F04B918946A958AA6B19"
"C:\Users\bouss\eco-tri-ia\data\raw\garbage_dataset_v2\six_classes\trash\trash_348.jpg","C:\Users\bouss\eco-tri-ia\data\classification\v2\train\trash\trash98.jpg","1C04329BD1A226BF2498F4B4693D97EEAA6531DA1EA2F9CE46ACA3703637E3C9"
"C:\Users\bouss\eco-tri-ia\data\raw\garbage_dataset_v2\six_classes\trash\trash_350.jpg","C:\Users\bouss\eco-tri-ia\data\classification\v2\train\trash\trash63.jpg","ECB6E1ED0DD5F7F862F61E9F9CB10B738458C706AB6C170055ACB238E90611B3"
"C:\Users\bouss\eco-tri-ia\data\raw\garbage_dataset_v2\six_classes\trash\trash_356.jpg","C:\Users\bouss\eco-tri-ia\data\classification\v2\test\trash\trash1.jpg","BEFE03DB44AD0923B3F88239C071084950190E54381DC51679007917CFD315FA"
"C:\Users\bouss\eco-tri-ia\data\raw\garbage_dataset_v2\six_classes\trash\trash_360.jpg","C:\Users\bouss\eco-tri-ia\data\classification\v2\train\trash\trash128.jpg","C1B0F328E062E40B9BADC5C514E1C95D9442076944B3485971605AF1F3503366"
"C:\Users\bouss\eco-tri-ia\data\raw\garbage_dataset_v2\six_classes\trash\trash_370.jpg","C:\Users\bouss\eco-tri-ia\data\classification\v2\train\trash\trash116.jpg","948B1A1E823DB469DDE660FB69C2F217CA58256DDD565361CFC8E9ECA24BB0E5"
"C:\Users\bouss\eco-tri-ia\data\raw\garbage_dataset_v2\six_classes\trash\trash_390.jpg","C:\Users\bouss\eco-tri-ia\data\classification\v2\test\trash\trash66.jpg","1D9429A9CEC835BA139FFC989C1310C991BB562F560C6D8ADB27E0C8DF65BD59"
"C:\Users\bouss\eco-tri-ia\data\raw\garbage_dataset_v2\six_classes\trash\trash_397.jpg","C:\Users\bouss\eco-tri-ia\data\classification\v2\train\trash\trash131.jpg","ABEBDA9F7EF7B14F4A33B164566A4AA09F23CF0E7605F019FAD2F2FA9C1574AE"
"C:\Users\bouss\eco-tri-ia\data\raw\garbage_dataset_v2\six_classes\trash\trash_398.jpg","C:\Users\bouss\eco-tri-ia\data\classification\v2\train\trash\trash9.jpg","72954FAFCBAAADC28FABF6EB3E0C785DBF527C9CC5DE3FAA6B0AF2C59116F442"
"C:\Users\bouss\eco-tri-ia\data\raw\garbage_dataset_v2\six_classes\trash\trash_40.jpg","C:\Users\bouss\eco-tri-ia\data\classification\v2\test\trash\trash72.jpg","917E956C1DF7D71729B71069800B1C9B0B5C45F4BE29901C4437781244DB9A58"
"C:\Users\bouss\eco-tri-ia\data\raw\garbage_dataset_v2\six_classes\trash\trash_404.jpg","C:\Users\bouss\eco-tri-ia\data\classification\v2\train\trash\trash127.jpg","3B3A24FFA5DF2F643AED2DDB3A26F1B62CC5678B3CF9774121A05BB4D0F3E502"
"C:\Users\bouss\eco-tri-ia\data\raw\garbage_dataset_v2\six_classes\trash\trash_43.jpg","C:\Users\bouss\eco-tri-ia\data\classification\v2\test\trash\trash67.jpg","F73D1E1AE35305D896CACB45FB1A22D1585B4F2722CCD5A6CB01258AF61887E7"
"C:\Users\bouss\eco-tri-ia\data\raw\garbage_dataset_v2\six_classes\trash\trash_434.jpg","C:\Users\bouss\eco-tri-ia\data\classification\v2\val\trash\trash24.jpg","016C256ADE2E52C40791CD3FCA036B17E3E01219C80A2F7A4798DD055B2B9ECF"
"C:\Users\bouss\eco-tri-ia\data\raw\garbage_dataset_v2\six_classes\trash\trash_46.jpg","C:\Users\bouss\eco-tri-ia\data\classification\v2\test\trash\trash51.jpg","35C30BC348530667F60C6BF6396552A396E4BBE3F9C8DA0E808A3E1C673504A8"
"C:\Users\bouss\eco-tri-ia\data\raw\garbage_dataset_v2\six_classes\trash\trash_48.jpg","C:\Users\bouss\eco-tri-ia\data\classification\v2\train\trash\trash119.jpg","6F56A47E66AFD9D98D8A338D4E7B2635565A315E84B3E4964BE6BCD402AC88CE"
"C:\Users\bouss\eco-tri-ia\data\raw\garbage_dataset_v2\six_classes\trash\trash_49.jpg","C:\Users\bouss\eco-tri-ia\data\classification\v2\train\trash\trash70.jpg","4C7CF78BC2DA8F9C5A221C12DC17F5CEC46075710AB28C8E9A6897660EB0A657"
"C:\Users\bouss\eco-tri-ia\data\raw\garbage_dataset_v2\six_classes\trash\trash_50.jpg","C:\Users\bouss\eco-tri-ia\data\classification\v2\train\trash\trash3.jpg","D61760BC3764E4DA7BB229FB76A8E16F39EBEAF5A4E04AD18B06446C506695C8"
"C:\Users\bouss\eco-tri-ia\data\raw\garbage_dataset_v2\six_classes\trash\trash_56.jpg","C:\Users\bouss\eco-tri-ia\data\classification\v2\val\trash\trash125.jpg","4606FB885763E30440AA6B9F6D6607750C6BC1A147C855C8135915CBD21F9544"
"C:\Users\bouss\eco-tri-ia\data\raw\garbage_dataset_v2\six_classes\trash\trash_64.jpg","C:\Users\bouss\eco-tri-ia\data\classification\v2\val\trash\trash74.jpg","37E7A1E4A4B3ACDD91D9A4A89D25E0E2B2B5F35B972952168A2FD5E278E9ADDC"
"C:\Users\bouss\eco-tri-ia\data\raw\garbage_dataset_v2\six_classes\trash\trash_74.jpg","C:\Users\bouss\eco-tri-ia\data\classification\v2\train\trash\trash22.jpg","087E89608720C132A27BAD153B651988F1BD22847C275B12DDA9D7436F50AF2B"
"C:\Users\bouss\eco-tri-ia\data\raw\garbage_dataset_v2\six_classes\trash\trash_85.jpg","C:\Users\bouss\eco-tri-ia\data\classification\v2\train\trash\trash17.jpg","DB537C41BC4F2E3593CF3E53B056AACC7B8882B63C6F5C88B880AC72B1E6AF7D"
