path,expected_class,predicted_class,confidence,is_uncertain
data\external_test_realwaste\cardboard\Cardboard_1.jpg,cardboard,glass,0.51921,True
data\external_test_realwaste\cardboard\Cardboard_100.jpg,cardboard,trash,0.446323,True
data\external_test_realwaste\cardboard\Cardboard_101.jpg,cardboard,trash,0.99459,False
data\external_test_realwaste\cardboard\Cardboard_102.jpg,cardboard,trash,0.6408,False
data\external_test_realwaste\cardboard\Cardboard_104.jpg,cardboard,trash,0.773169,False
data\external_test_realwaste\cardboard\Cardboard_105.jpg,cardboard,paper,0.472735,True
data\external_test_realwaste\cardboard\Cardboard_107.jpg,cardboard,paper,0.947461,False
data\external_test_realwaste\cardboard\Cardboard_109.jpg,cardboard,paper,0.988685,False
data\external_test_realwaste\cardboard\Cardboard_110.jpg,cardboard,trash,0.810631,False
data\external_test_realwaste\cardboard\Cardboard_111.jpg,cardboard,trash,0.889758,False
data\external_test_realwaste\cardboard\Cardboard_112.jpg,cardboard,paper,0.7893,False
data\external_test_realwaste\cardboard\Cardboard_117.jpg,cardboard,trash,0.838479,False
data\external_test_realwaste\cardboard\Cardboard_118.jpg,cardboard,trash,0.617362,False
data\external_test_realwaste\cardboard\Cardboard_119.jpg,cardboard,trash,0.983572,False
data\external_test_realwaste\cardboard\Cardboard_12.jpg,cardboard,paper,0.98772,False
data\external_test_realwaste\cardboard\Cardboard_120.jpg,cardboard,trash,0.911757,False
data\external_test_realwaste\cardboard\Cardboard_121.jpg,cardboard,trash,0.955214,False
data\external_test_realwaste\cardboard\Cardboard_125.jpg,cardboard,paper,0.870636,False
data\external_test_realwaste\cardboard\Cardboard_126.jpg,cardboard,trash,0.463612,True
data\external_test_realwaste\cardboard\Cardboard_127.jpg,cardboard,trash,0.92452,False
data\external_test_realwaste\cardboard\Cardboard_128.jpg,cardboard,trash,0.930709,False
data\external_test_realwaste\cardboard\Cardboard_129.jpg,cardboard,trash,0.956178,False
data\external_test_realwaste\cardboard\Cardboard_13.jpg,cardboard,trash,0.651991,False
data\external_test_realwaste\cardboard\Cardboard_131.jpg,cardboard,trash,0.837263,False
data\external_test_realwaste\cardboard\Cardboard_132.jpg,cardboard,trash,0.477889,True
data\external_test_realwaste\cardboard\Cardboard_133.jpg,cardboard,trash,0.360282,True
data\external_test_realwaste\cardboard\Cardboard_135.jpg,cardboard,trash,0.987964,False
data\external_test_realwaste\cardboard\Cardboard_136.jpg,cardboard,plastic,0.641388,False
data\external_test_realwaste\cardboard\Cardboard_137.jpg,cardboard,metal,0.643039,False
data\external_test_realwaste\cardboard\Cardboard_139.jpg,cardboard,trash,0.691634,False
data\external_test_realwaste\cardboard\Cardboard_14.jpg,cardboard,paper,0.892373,False
data\external_test_realwaste\cardboard\Cardboard_140.jpg,cardboard,paper,0.662196,False
data\external_test_realwaste\cardboard\Cardboard_142.jpg,cardboard,paper,0.798452,False
data\external_test_realwaste\cardboard\Cardboard_145.jpg,cardboard,glass,0.586987,True
data\external_test_realwaste\cardboard\Cardboard_146.jpg,cardboard,trash,0.63752,False
data\external_test_realwaste\cardboard\Cardboard_148.jpg,cardboard,trash,0.638776,False
data\external_test_realwaste\cardboard\Cardboard_149.jpg,cardboard,trash,0.608143,False
data\external_test_realwaste\cardboard\Cardboard_15.jpg,cardboard,trash,0.68697,False
data\external_test_realwaste\cardboard\Cardboard_150.jpg,cardboard,metal,0.986429,False
data\external_test_realwaste\cardboard\Cardboard_151.jpg,cardboard,metal,0.982913,False
data\external_test_realwaste\cardboard\Cardboard_152.jpg,cardboard,metal,0.719538,False
data\external_test_realwaste\cardboard\Cardboard_153.jpg,cardboard,metal,0.994356,False
data\external_test_realwaste\cardboard\Cardboard_154.jpg,cardboard,trash,0.514065,True
data\external_test_realwaste\cardboard\Cardboard_156.jpg,cardboard,trash,0.939659,False
data\external_test_realwaste\cardboard\Cardboard_157.jpg,cardboard,trash,0.698182,False
data\external_test_realwaste\cardboard\Cardboard_159.jpg,cardboard,trash,0.977964,False
data\external_test_realwaste\cardboard\Cardboard_16.jpg,cardboard,trash,0.965569,False
data\external_test_realwaste\cardboard\Cardboard_160.jpg,cardboard,trash,0.710219,False
data\external_test_realwaste\cardboard\Cardboard_161.jpg,cardboard,paper,0.557988,True
data\external_test_realwaste\cardboard\Cardboard_163.jpg,cardboard,paper,0.522946,True
data\external_test_realwaste\cardboard\Cardboard_164.jpg,cardboard,paper,0.784258,False
data\external_test_realwaste\cardboard\Cardboard_165.jpg,cardboard,trash,0.859259,False
data\external_test_realwaste\cardboard\Cardboard_166.jpg,cardboard,paper,0.641214,False
data\external_test_realwaste\cardboard\Cardboard_167.jpg,cardboard,trash,0.428266,True
data\external_test_realwaste\cardboard\Cardboard_168.jpg,cardboard,plastic,0.63686,False
data\external_test_realwaste\cardboard\Cardboard_169.jpg,cardboard,trash,0.908354,False
data\external_test_realwaste\cardboard\Cardboard_17.jpg,cardboard,paper,0.663137,False
data\external_test_realwaste\cardboard\Cardboard_170.jpg,cardboard,trash,0.913068,False
data\external_test_realwaste\cardboard\Cardboard_171.jpg,cardboard,trash,0.93935,False
data\external_test_realwaste\cardboard\Cardboard_172.jpg,cardboard,trash,0.6986,False
data\external_test_realwaste\cardboard\Cardboard_173.jpg,cardboard,trash,0.970106,False
data\external_test_realwaste\cardboard\Cardboard_177.jpg,cardboard,trash,0.547374,True
data\external_test_realwaste\cardboard\Cardboard_179.jpg,cardboard,paper,0.809637,False
data\external_test_realwaste\cardboard\Cardboard_18.jpg,cardboard,paper,0.99796,False
data\external_test_realwaste\cardboard\Cardboard_180.jpg,cardboard,trash,0.670104,False
data\external_test_realwaste\cardboard\Cardboard_181.jpg,cardboard,trash,0.733151,False
data\external_test_realwaste\cardboard\Cardboard_183.jpg,cardboard,trash,0.370547,True
data\external_test_realwaste\cardboard\Cardboard_184.jpg,cardboard,trash,0.822997,False
data\external_test_realwaste\cardboard\Cardboard_185.jpg,cardboard,trash,0.928676,False
data\external_test_realwaste\cardboard\Cardboard_186.jpg,cardboard,trash,0.756034,False
data\external_test_realwaste\cardboard\Cardboard_187.jpg,cardboard,trash,0.531805,True
data\external_test_realwaste\cardboard\Cardboard_188.jpg,cardboard,trash,0.751495,False
data\external_test_realwaste\cardboard\Cardboard_189.jpg,cardboard,trash,0.738562,False
data\external_test_realwaste\cardboard\Cardboard_19.jpg,cardboard,trash,0.794731,False
data\external_test_realwaste\cardboard\Cardboard_190.jpg,cardboard,trash,0.967679,False
data\external_test_realwaste\cardboard\Cardboard_191.jpg,cardboard,paper,0.822951,False
data\external_test_realwaste\cardboard\Cardboard_192.jpg,cardboard,paper,0.506697,True
data\external_test_realwaste\cardboard\Cardboard_193.jpg,cardboard,trash,0.538256,True
data\external_test_realwaste\cardboard\Cardboard_196.jpg,cardboard,paper,0.483037,True
data\external_test_realwaste\cardboard\Cardboard_197.jpg,cardboard,trash,0.769407,False
data\external_test_realwaste\cardboard\Cardboard_198.jpg,cardboard,trash,0.850843,False
data\external_test_realwaste\cardboard\Cardboard_199.jpg,cardboard,plastic,0.62943,False
data\external_test_realwaste\cardboard\Cardboard_2.jpg,cardboard,trash,0.627079,False
data\external_test_realwaste\cardboard\Cardboard_20.jpg,cardboard,paper,0.65985,False
data\external_test_realwaste\cardboard\Cardboard_200.jpg,cardboard,trash,0.729672,False
data\external_test_realwaste\cardboard\Cardboard_201.jpg,cardboard,trash,0.870996,False
data\external_test_realwaste\cardboard\Cardboard_202.jpg,cardboard,paper,0.479841,True
data\external_test_realwaste\cardboard\Cardboard_203.jpg,cardboard,trash,0.934839,False
data\external_test_realwaste\cardboard\Cardboard_204.jpg,cardboard,trash,0.926826,False
data\external_test_realwaste\cardboard\Cardboard_205.jpg,cardboard,plastic,0.655908,False
data\external_test_realwaste\cardboard\Cardboard_206.jpg,cardboard,trash,0.710204,False
data\external_test_realwaste\cardboard\Cardboard_207.jpg,cardboard,trash,0.835602,False
data\external_test_realwaste\cardboard\Cardboard_208.jpg,cardboard,trash,0.965465,False
data\external_test_realwaste\cardboard\Cardboard_209.jpg,cardboard,trash,0.967746,False
data\external_test_realwaste\cardboard\Cardboard_21.jpg,cardboard,metal,0.520696,True
data\external_test_realwaste\cardboard\Cardboard_210.jpg,cardboard,trash,0.828684,False
data\external_test_realwaste\cardboard\Cardboard_211.jpg,cardboard,trash,0.77091,False
data\external_test_realwaste\cardboard\Cardboard_212.jpg,cardboard,paper,0.858181,False
data\external_test_realwaste\cardboard\Cardboard_213.jpg,cardboard,paper,0.399657,True
data\external_test_realwaste\cardboard\Cardboard_214.jpg,cardboard,trash,0.785888,False
data\external_test_realwaste\cardboard\Cardboard_215.jpg,cardboard,trash,0.904295,False
data\external_test_realwaste\cardboard\Cardboard_216.jpg,cardboard,paper,0.949134,False
data\external_test_realwaste\cardboard\Cardboard_217.jpg,cardboard,trash,0.557039,True
data\external_test_realwaste\cardboard\Cardboard_221.jpg,cardboard,trash,0.944905,False
data\external_test_realwaste\cardboard\Cardboard_222.jpg,cardboard,paper,0.781095,False
data\external_test_realwaste\cardboard\Cardboard_223.jpg,cardboard,paper,0.79482,False
data\external_test_realwaste\cardboard\Cardboard_224.jpg,cardboard,paper,0.99401,False
data\external_test_realwaste\cardboard\Cardboard_225.jpg,cardboard,paper,0.983352,False
data\external_test_realwaste\cardboard\Cardboard_226.jpg,cardboard,trash,0.704121,False
data\external_test_realwaste\cardboard\Cardboard_227.jpg,cardboard,trash,0.917395,False
data\external_test_realwaste\cardboard\Cardboard_228.jpg,cardboard,trash,0.812115,False
data\external_test_realwaste\cardboard\Cardboard_229.jpg,cardboard,trash,0.973159,False
data\external_test_realwaste\cardboard\Cardboard_23.jpg,cardboard,paper,0.990321,False
data\external_test_realwaste\cardboard\Cardboard_230.jpg,cardboard,trash,0.856965,False
data\external_test_realwaste\cardboard\Cardboard_231.jpg,cardboard,trash,0.903955,False
data\external_test_realwaste\cardboard\Cardboard_232.jpg,cardboard,trash,0.674569,False
data\external_test_realwaste\cardboard\Cardboard_234.jpg,cardboard,trash,0.934625,False
data\external_test_realwaste\cardboard\Cardboard_235.jpg,cardboard,paper,0.554625,True
data\external_test_realwaste\cardboard\Cardboard_236.jpg,cardboard,trash,0.970497,False
data\external_test_realwaste\cardboard\Cardboard_237.jpg,cardboard,paper,0.97872,False
data\external_test_realwaste\cardboard\Cardboard_238.jpg,cardboard,trash,0.673344,False
data\external_test_realwaste\cardboard\Cardboard_239.jpg,cardboard,trash,0.604271,False
data\external_test_realwaste\cardboard\Cardboard_24.jpg,cardboard,trash,0.93555,False
data\external_test_realwaste\cardboard\Cardboard_240.jpg,cardboard,trash,0.501837,True
data\external_test_realwaste\cardboard\Cardboard_241.jpg,cardboard,trash,0.758193,False
data\external_test_realwaste\cardboard\Cardboard_242.jpg,cardboard,paper,0.994874,False
data\external_test_realwaste\cardboard\Cardboard_243.jpg,cardboard,paper,0.772373,False
data\external_test_realwaste\cardboard\Cardboard_244.jpg,cardboard,trash,0.824441,False
data\external_test_realwaste\cardboard\Cardboard_245.jpg,cardboard,paper,0.474509,True
data\external_test_realwaste\cardboard\Cardboard_247.jpg,cardboard,paper,0.850285,False
data\external_test_realwaste\cardboard\Cardboard_248.jpg,cardboard,paper,0.817167,False
data\external_test_realwaste\cardboard\Cardboard_249.jpg,cardboard,trash,0.970854,False
data\external_test_realwaste\cardboard\Cardboard_250.jpg,cardboard,trash,0.950611,False
data\external_test_realwaste\cardboard\Cardboard_251.jpg,cardboard,trash,0.99531,False
data\external_test_realwaste\cardboard\Cardboard_252.jpg,cardboard,trash,0.97344,False
data\external_test_realwaste\cardboard\Cardboard_253.jpg,cardboard,trash,0.643776,False
data\external_test_realwaste\cardboard\Cardboard_254.jpg,cardboard,trash,0.678956,False
data\external_test_realwaste\cardboard\Cardboard_255.jpg,cardboard,trash,0.747838,False
data\external_test_realwaste\cardboard\Cardboard_256.jpg,cardboard,paper,0.828228,False
data\external_test_realwaste\cardboard\Cardboard_257.jpg,cardboard,paper,0.997317,False
data\external_test_realwaste\cardboard\Cardboard_258.jpg,cardboard,trash,0.863193,False
data\external_test_realwaste\cardboard\Cardboard_259.jpg,cardboard,trash,0.91782,False
data\external_test_realwaste\cardboard\Cardboard_26.jpg,cardboard,trash,0.933598,False
data\external_test_realwaste\cardboard\Cardboard_260.jpg,cardboard,paper,0.983425,False
data\external_test_realwaste\cardboard\Cardboard_261.jpg,cardboard,paper,0.976532,False
data\external_test_realwaste\cardboard\Cardboard_262.jpg,cardboard,trash,0.839142,False
data\external_test_realwaste\cardboard\Cardboard_263.jpg,cardboard,paper,0.616902,False
data\external_test_realwaste\cardboard\Cardboard_264.jpg,cardboard,trash,0.899442,False
data\external_test_realwaste\cardboard\Cardboard_265.jpg,cardboard,paper,0.813478,False
data\external_test_realwaste\cardboard\Cardboard_266.jpg,cardboard,plastic,0.692013,False
data\external_test_realwaste\cardboard\Cardboard_267.jpg,cardboard,trash,0.564159,True
data\external_test_realwaste\cardboard\Cardboard_268.jpg,cardboard,paper,0.931518,False
data\external_test_realwaste\cardboard\Cardboard_269.jpg,cardboard,trash,0.99715,False
data\external_test_realwaste\cardboard\Cardboard_27.jpg,cardboard,trash,0.561215,True
data\external_test_realwaste\cardboard\Cardboard_270.jpg,cardboard,paper,0.730797,False
data\external_test_realwaste\cardboard\Cardboard_271.jpg,cardboard,plastic,0.479482,True
data\external_test_realwaste\cardboard\Cardboard_272.jpg,cardboard,metal,0.885175,False
data\external_test_realwaste\cardboard\Cardboard_273.jpg,cardboard,metal,0.912442,False
data\external_test_realwaste\cardboard\Cardboard_274.jpg,cardboard,trash,0.653266,False
data\external_test_realwaste\cardboard\Cardboard_275.jpg,cardboard,paper,0.888759,False
data\external_test_realwaste\cardboard\Cardboard_276.jpg,cardboard,plastic,0.708282,False
data\external_test_realwaste\cardboard\Cardboard_277.jpg,cardboard,metal,0.977177,False
data\external_test_realwaste\cardboard\Cardboard_278.jpg,cardboard,paper,0.983718,False
data\external_test_realwaste\cardboard\Cardboard_28.jpg,cardboard,trash,0.989795,False
data\external_test_realwaste\cardboard\Cardboard_280.jpg,cardboard,paper,0.777415,False
data\external_test_realwaste\cardboard\Cardboard_281.jpg,cardboard,paper,0.737933,False
data\external_test_realwaste\cardboard\Cardboard_282.jpg,cardboard,trash,0.917075,False
data\external_test_realwaste\cardboard\Cardboard_283.jpg,cardboard,paper,0.610498,False
data\external_test_realwaste\cardboard\Cardboard_284.jpg,cardboard,trash,0.970884,False
data\external_test_realwaste\cardboard\Cardboard_285.jpg,cardboard,trash,0.853253,False
data\external_test_realwaste\cardboard\Cardboard_286.jpg,cardboard,trash,0.980453,False
data\external_test_realwaste\cardboard\Cardboard_287.jpg,cardboard,trash,0.983675,False
data\external_test_realwaste\cardboard\Cardboard_288.jpg,cardboard,plastic,0.542163,True
data\external_test_realwaste\cardboard\Cardboard_289.jpg,cardboard,paper,0.962146,False
data\external_test_realwaste\cardboard\Cardboard_290.jpg,cardboard,paper,0.777494,False
data\external_test_realwaste\cardboard\Cardboard_291.jpg,cardboard,paper,0.347536,True
data\external_test_realwaste\cardboard\Cardboard_292.jpg,cardboard,plastic,0.611432,False
data\external_test_realwaste\cardboard\Cardboard_293.jpg,cardboard,metal,0.85053,False
data\external_test_realwaste\cardboard\Cardboard_294.jpg,cardboard,metal,0.979509,False
data\external_test_realwaste\cardboard\Cardboard_295.jpg,cardboard,trash,0.820407,False
data\external_test_realwaste\cardboard\Cardboard_296.jpg,cardboard,trash,0.828052,False
data\external_test_realwaste\cardboard\Cardboard_297.jpg,cardboard,paper,0.820045,False
data\external_test_realwaste\cardboard\Cardboard_298.jpg,cardboard,paper,0.64982,False
data\external_test_realwaste\cardboard\Cardboard_299.jpg,cardboard,trash,0.838802,False
data\external_test_realwaste\cardboard\Cardboard_3.jpg,cardboard,paper,0.990736,False
data\external_test_realwaste\cardboard\Cardboard_300.jpg,cardboard,paper,0.949246,False
data\external_test_realwaste\cardboard\Cardboard_302.jpg,cardboard,paper,0.99893,False
data\external_test_realwaste\cardboard\Cardboard_303.jpg,cardboard,paper,0.990246,False
data\external_test_realwaste\cardboard\Cardboard_304.jpg,cardboard,paper,0.999958,False
data\external_test_realwaste\cardboard\Cardboard_305.jpg,cardboard,paper,0.947545,False
data\external_test_realwaste\cardboard\Cardboard_306.jpg,cardboard,paper,0.534482,True
data\external_test_realwaste\cardboard\Cardboard_307.jpg,cardboard,paper,0.66949,False
data\external_test_realwaste\cardboard\Cardboard_308.jpg,cardboard,trash,0.636354,False
data\external_test_realwaste\cardboard\Cardboard_309.jpg,cardboard,trash,0.535118,True
data\external_test_realwaste\cardboard\Cardboard_31.jpg,cardboard,trash,0.763403,False
data\external_test_realwaste\cardboard\Cardboard_310.jpg,cardboard,trash,0.903046,False
data\external_test_realwaste\cardboard\Cardboard_311.jpg,cardboard,trash,0.941821,False
data\external_test_realwaste\cardboard\Cardboard_313.jpg,cardboard,trash,0.960931,False
data\external_test_realwaste\cardboard\Cardboard_314.jpg,cardboard,trash,0.974872,False
data\external_test_realwaste\cardboard\Cardboard_315.jpg,cardboard,trash,0.968911,False
data\external_test_realwaste\cardboard\Cardboard_316.jpg,cardboard,trash,0.988212,False
data\external_test_realwaste\cardboard\Cardboard_317.jpg,cardboard,trash,0.877239,False
data\external_test_realwaste\cardboard\Cardboard_318.jpg,cardboard,trash,0.993153,False
data\external_test_realwaste\cardboard\Cardboard_319.jpg,cardboard,trash,0.997727,False
data\external_test_realwaste\cardboard\Cardboard_32.jpg,cardboard,paper,0.522378,True
data\external_test_realwaste\cardboard\Cardboard_320.jpg,cardboard,trash,0.601314,False
data\external_test_realwaste\cardboard\Cardboard_321.jpg,cardboard,trash,0.928626,False
data\external_test_realwaste\cardboard\Cardboard_322.jpg,cardboard,paper,0.887038,False
data\external_test_realwaste\cardboard\Cardboard_323.jpg,cardboard,paper,0.994572,False
data\external_test_realwaste\cardboard\Cardboard_324.jpg,cardboard,trash,0.546248,True
data\external_test_realwaste\cardboard\Cardboard_325.jpg,cardboard,trash,0.704689,False
data\external_test_realwaste\cardboard\Cardboard_326.jpg,cardboard,trash,0.500831,True
data\external_test_realwaste\cardboard\Cardboard_327.jpg,cardboard,trash,0.600463,False
data\external_test_realwaste\cardboard\Cardboard_328.jpg,cardboard,trash,0.691346,False
data\external_test_realwaste\cardboard\Cardboard_329.jpg,cardboard,paper,0.759521,False
data\external_test_realwaste\cardboard\Cardboard_33.jpg,cardboard,trash,0.824084,False
data\external_test_realwaste\cardboard\Cardboard_330.jpg,cardboard,trash,0.8963,False
data\external_test_realwaste\cardboard\Cardboard_331.jpg,cardboard,trash,0.930914,False
data\external_test_realwaste\cardboard\Cardboard_332.jpg,cardboard,trash,0.884848,False
data\external_test_realwaste\cardboard\Cardboard_333.jpg,cardboard,trash,0.894116,False
data\external_test_realwaste\cardboard\Cardboard_336.jpg,cardboard,trash,0.582498,True
data\external_test_realwaste\cardboard\Cardboard_337.jpg,cardboard,trash,0.889818,False
data\external_test_realwaste\cardboard\Cardboard_338.jpg,cardboard,trash,0.981328,False
data\external_test_realwaste\cardboard\Cardboard_339.jpg,cardboard,trash,0.845437,False
data\external_test_realwaste\cardboard\Cardboard_340.jpg,cardboard,trash,0.960481,False
data\external_test_realwaste\cardboard\Cardboard_341.jpg,cardboard,paper,0.516362,True
data\external_test_realwaste\cardboard\Cardboard_342.jpg,cardboard,plastic,0.952854,False
data\external_test_realwaste\cardboard\Cardboard_343.jpg,cardboard,paper,0.984664,False
data\external_test_realwaste\cardboard\Cardboard_344.jpg,cardboard,plastic,0.804536,False
data\external_test_realwaste\cardboard\Cardboard_345.jpg,cardboard,trash,0.387613,True
data\external_test_realwaste\cardboard\Cardboard_346.jpg,cardboard,trash,0.432295,True
data\external_test_realwaste\cardboard\Cardboard_347.jpg,cardboard,trash,0.590039,True
data\external_test_realwaste\cardboard\Cardboard_348.jpg,cardboard,trash,0.615102,False
data\external_test_realwaste\cardboard\Cardboard_349.jpg,cardboard,trash,0.701598,False
data\external_test_realwaste\cardboard\Cardboard_35.jpg,cardboard,metal,0.873845,False
data\external_test_realwaste\cardboard\Cardboard_350.jpg,cardboard,trash,0.99413,False
data\external_test_realwaste\cardboard\Cardboard_351.jpg,cardboard,trash,0.832903,False
data\external_test_realwaste\cardboard\Cardboard_352.jpg,cardboard,paper,0.819794,False
data\external_test_realwaste\cardboard\Cardboard_353.jpg,cardboard,paper,0.736529,False
data\external_test_realwaste\cardboard\Cardboard_354.jpg,cardboard,trash,0.358172,True
data\external_test_realwaste\cardboard\Cardboard_355.jpg,cardboard,metal,0.391289,True
data\external_test_realwaste\cardboard\Cardboard_356.jpg,cardboard,trash,0.845788,False
data\external_test_realwaste\cardboard\Cardboard_358.jpg,cardboard,paper,0.484347,True
data\external_test_realwaste\cardboard\Cardboard_359.jpg,cardboard,trash,0.86041,False
data\external_test_realwaste\cardboard\Cardboard_360.jpg,cardboard,paper,0.98613,False
data\external_test_realwaste\cardboard\Cardboard_361.jpg,cardboard,paper,0.681637,False
data\external_test_realwaste\cardboard\Cardboard_362.jpg,cardboard,trash,0.999389,False
data\external_test_realwaste\cardboard\Cardboard_363.jpg,cardboard,paper,0.999342,False
data\external_test_realwaste\cardboard\Cardboard_364.jpg,cardboard,trash,0.899518,False
data\external_test_realwaste\cardboard\Cardboard_365.jpg,cardboard,trash,0.550411,True
data\external_test_realwaste\cardboard\Cardboard_366.jpg,cardboard,trash,0.650792,False
data\external_test_realwaste\cardboard\Cardboard_367.jpg,cardboard,paper,0.956748,False
data\external_test_realwaste\cardboard\Cardboard_369.jpg,cardboard,paper,0.678883,False
data\external_test_realwaste\cardboard\Cardboard_37.jpg,cardboard,metal,0.983291,False
data\external_test_realwaste\cardboard\Cardboard_370.jpg,cardboard,paper,0.549,True
data\external_test_realwaste\cardboard\Cardboard_371.jpg,cardboard,paper,0.52458,True
data\external_test_realwaste\cardboard\Cardboard_372.jpg,cardboard,paper,0.883632,False
data\external_test_realwaste\cardboard\Cardboard_373.jpg,cardboard,trash,0.660835,False
data\external_test_realwaste\cardboard\Cardboard_374.jpg,cardboard,trash,0.79737,False
data\external_test_realwaste\cardboard\Cardboard_375.jpg,cardboard,paper,0.884232,False
data\external_test_realwaste\cardboard\Cardboard_376.jpg,cardboard,trash,0.998908,False
data\external_test_realwaste\cardboard\Cardboard_377.jpg,cardboard,trash,0.663568,False
data\external_test_realwaste\cardboard\Cardboard_378.jpg,cardboard,trash,0.678477,False
data\external_test_realwaste\cardboard\Cardboard_379.jpg,cardboard,trash,0.47401,True
data\external_test_realwaste\cardboard\Cardboard_38.jpg,cardboard,paper,0.5652,True
data\external_test_realwaste\cardboard\Cardboard_380.jpg,cardboard,trash,0.995511,False
data\external_test_realwaste\cardboard\Cardboard_381.jpg,cardboard,metal,0.660022,False
data\external_test_realwaste\cardboard\Cardboard_382.jpg,cardboard,trash,0.9764,False
data\external_test_realwaste\cardboard\Cardboard_383.jpg,cardboard,trash,0.867486,False
data\external_test_realwaste\cardboard\Cardboard_384.jpg,cardboard,trash,0.680168,False
data\external_test_realwaste\cardboard\Cardboard_385.jpg,cardboard,trash,0.96526,False
data\external_test_realwaste\cardboard\Cardboard_386.jpg,cardboard,plastic,0.583719,True
data\external_test_realwaste\cardboard\Cardboard_387.jpg,cardboard,paper,0.636715,False
data\external_test_realwaste\cardboard\Cardboard_388.jpg,cardboard,paper,0.844938,False
data\external_test_realwaste\cardboard\Cardboard_389.jpg,cardboard,trash,0.996323,False
data\external_test_realwaste\cardboard\Cardboard_39.jpg,cardboard,trash,0.905908,False
data\external_test_realwaste\cardboard\Cardboard_390.jpg,cardboard,paper,0.996122,False
data\external_test_realwaste\cardboard\Cardboard_391.jpg,cardboard,trash,0.716464,False
data\external_test_realwaste\cardboard\Cardboard_392.jpg,cardboard,trash,0.638203,False
data\external_test_realwaste\cardboard\Cardboard_393.jpg,cardboard,paper,0.950015,False
data\external_test_realwaste\cardboard\Cardboard_394.jpg,cardboard,paper,0.72885,False
data\external_test_realwaste\cardboard\Cardboard_395.jpg,cardboard,paper,0.963822,False
data\external_test_realwaste\cardboard\Cardboard_396.jpg,cardboard,paper,0.506886,True
data\external_test_realwaste\cardboard\Cardboard_398.jpg,cardboard,trash,0.738728,False
data\external_test_realwaste\cardboard\Cardboard_399.jpg,cardboard,trash,0.944428,False
data\external_test_realwaste\cardboard\Cardboard_4.jpg,cardboard,trash,0.750743,False
data\external_test_realwaste\cardboard\Cardboard_40.jpg,cardboard,paper,0.879102,False
data\external_test_realwaste\cardboard\Cardboard_400.jpg,cardboard,trash,0.641455,False
data\external_test_realwaste\cardboard\Cardboard_401.jpg,cardboard,paper,0.997616,False
data\external_test_realwaste\cardboard\Cardboard_402.jpg,cardboard,trash,0.620624,False
data\external_test_realwaste\cardboard\Cardboard_403.jpg,cardboard,trash,0.731013,False
data\external_test_realwaste\cardboard\Cardboard_404.jpg,cardboard,paper,0.707193,False
data\external_test_realwaste\cardboard\Cardboard_407.jpg,cardboard,paper,0.989174,False
data\external_test_realwaste\cardboard\Cardboard_408.jpg,cardboard,trash,0.913283,False
data\external_test_realwaste\cardboard\Cardboard_409.jpg,cardboard,trash,0.984471,False
data\external_test_realwaste\cardboard\Cardboard_411.jpg,cardboard,trash,0.647091,False
data\external_test_realwaste\cardboard\Cardboard_412.jpg,cardboard,trash,0.570715,True
data\external_test_realwaste\cardboard\Cardboard_413.jpg,cardboard,paper,0.933922,False
data\external_test_realwaste\cardboard\Cardboard_414.jpg,cardboard,trash,0.66087,False
data\external_test_realwaste\cardboard\Cardboard_415.jpg,cardboard,trash,0.741249,False
data\external_test_realwaste\cardboard\Cardboard_416.jpg,cardboard,paper,0.906909,False
data\external_test_realwaste\cardboard\Cardboard_417.jpg,cardboard,trash,0.804871,False
data\external_test_realwaste\cardboard\Cardboard_418.jpg,cardboard,paper,0.924476,False
data\external_test_realwaste\cardboard\Cardboard_419.jpg,cardboard,paper,0.540642,True
data\external_test_realwaste\cardboard\Cardboard_420.jpg,cardboard,paper,0.944399,False
data\external_test_realwaste\cardboard\Cardboard_421.jpg,cardboard,paper,0.924055,False
data\external_test_realwaste\cardboard\Cardboard_422.jpg,cardboard,paper,0.97761,False
data\external_test_realwaste\cardboard\Cardboard_423.jpg,cardboard,paper,0.662568,False
data\external_test_realwaste\cardboard\Cardboard_424.jpg,cardboard,metal,0.631211,False
data\external_test_realwaste\cardboard\Cardboard_425.jpg,cardboard,paper,0.480287,True
data\external_test_realwaste\cardboard\Cardboard_426.jpg,cardboard,trash,0.931711,False
data\external_test_realwaste\cardboard\Cardboard_427.jpg,cardboard,trash,0.91411,False
data\external_test_realwaste\cardboard\Cardboard_428.jpg,cardboard,trash,0.80091,False
data\external_test_realwaste\cardboard\Cardboard_429.jpg,cardboard,paper,0.995217,False
data\external_test_realwaste\cardboard\Cardboard_430.jpg,cardboard,trash,0.95894,False
data\external_test_realwaste\cardboard\Cardboard_431.jpg,cardboard,trash,0.895683,False
data\external_test_realwaste\cardboard\Cardboard_432.jpg,cardboard,trash,0.967881,False
data\external_test_realwaste\cardboard\Cardboard_433.jpg,cardboard,trash,0.454518,True
data\external_test_realwaste\cardboard\Cardboard_434.jpg,cardboard,plastic,0.363231,True
data\external_test_realwaste\cardboard\Cardboard_435.jpg,cardboard,plastic,0.71232,False
data\external_test_realwaste\cardboard\Cardboard_436.jpg,cardboard,paper,0.598537,True
data\external_test_realwaste\cardboard\Cardboard_438.jpg,cardboard,paper,0.599395,True
data\external_test_realwaste\cardboard\Cardboard_439.jpg,cardboard,paper,0.946226,False
data\external_test_realwaste\cardboard\Cardboard_44.jpg,cardboard,trash,0.91639,False
data\external_test_realwaste\cardboard\Cardboard_440.jpg,cardboard,metal,0.786681,False
data\external_test_realwaste\cardboard\Cardboard_442.jpg,cardboard,paper,0.997697,False
data\external_test_realwaste\cardboard\Cardboard_45.jpg,cardboard,trash,0.696539,False
data\external_test_realwaste\cardboard\Cardboard_450.jpg,cardboard,paper,0.822858,False
data\external_test_realwaste\cardboard\Cardboard_451.jpg,cardboard,paper,0.538015,True
data\external_test_realwaste\cardboard\Cardboard_452.jpg,cardboard,paper,0.904421,False
data\external_test_realwaste\cardboard\Cardboard_453.jpg,cardboard,paper,0.956174,False
data\external_test_realwaste\cardboard\Cardboard_46.jpg,cardboard,trash,0.858511,False
data\external_test_realwaste\cardboard\Cardboard_461.jpg,cardboard,trash,0.608294,False
data\external_test_realwaste\cardboard\Cardboard_47.jpg,cardboard,paper,0.953938,False
data\external_test_realwaste\cardboard\Cardboard_48.jpg,cardboard,paper,0.566658,True
data\external_test_realwaste\cardboard\Cardboard_5.jpg,cardboard,trash,0.380086,True
data\external_test_realwaste\cardboard\Cardboard_50.jpg,cardboard,paper,0.818566,False
data\external_test_realwaste\cardboard\Cardboard_52.jpg,cardboard,trash,0.628305,False
data\external_test_realwaste\cardboard\Cardboard_53.jpg,cardboard,trash,0.532858,True
data\external_test_realwaste\cardboard\Cardboard_54.jpg,cardboard,paper,0.918564,False
data\external_test_realwaste\cardboard\Cardboard_56.jpg,cardboard,paper,0.97255,False
data\external_test_realwaste\cardboard\Cardboard_57.jpg,cardboard,paper,0.383103,True
data\external_test_realwaste\cardboard\Cardboard_58.jpg,cardboard,paper,0.98174,False
data\external_test_realwaste\cardboard\Cardboard_59.jpg,cardboard,paper,0.992974,False
data\external_test_realwaste\cardboard\Cardboard_6.jpg,cardboard,paper,0.982356,False
data\external_test_realwaste\cardboard\Cardboard_60.jpg,cardboard,paper,0.845503,False
data\external_test_realwaste\cardboard\Cardboard_61.jpg,cardboard,paper,0.957324,False
data\external_test_realwaste\cardboard\Cardboard_62.jpg,cardboard,paper,0.996456,False
data\external_test_realwaste\cardboard\Cardboard_63.jpg,cardboard,paper,0.984249,False
data\external_test_realwaste\cardboard\Cardboard_64.jpg,cardboard,trash,0.628696,False
data\external_test_realwaste\cardboard\Cardboard_65.jpg,cardboard,trash,0.743462,False
data\external_test_realwaste\cardboard\Cardboard_66.jpg,cardboard,trash,0.614074,False
data\external_test_realwaste\cardboard\Cardboard_67.jpg,cardboard,paper,0.957294,False
data\external_test_realwaste\cardboard\Cardboard_68.jpg,cardboard,paper,0.71504,False
data\external_test_realwaste\cardboard\Cardboard_69.jpg,cardboard,trash,0.787552,False
data\external_test_realwaste\cardboard\Cardboard_70.jpg,cardboard,trash,0.922001,False
data\external_test_realwaste\cardboard\Cardboard_71.jpg,cardboard,trash,0.49473,True
data\external_test_realwaste\cardboard\Cardboard_72.jpg,cardboard,trash,0.558244,True
data\external_test_realwaste\cardboard\Cardboard_73.jpg,cardboard,trash,0.927383,False
data\external_test_realwaste\cardboard\Cardboard_74.jpg,cardboard,trash,0.624556,False
data\external_test_realwaste\cardboard\Cardboard_75.jpg,cardboard,trash,0.987456,False
data\external_test_realwaste\cardboard\Cardboard_76.jpg,cardboard,trash,0.686,False
data\external_test_realwaste\cardboard\Cardboard_77.jpg,cardboard,trash,0.478414,True
data\external_test_realwaste\cardboard\Cardboard_8.jpg,cardboard,paper,0.999421,False
data\external_test_realwaste\cardboard\Cardboard_82.jpg,cardboard,trash,0.8404,False
data\external_test_realwaste\cardboard\Cardboard_83.jpg,cardboard,trash,0.970765,False
data\external_test_realwaste\cardboard\Cardboard_84.jpg,cardboard,trash,0.950708,False
data\external_test_realwaste\cardboard\Cardboard_85.jpg,cardboard,trash,0.922226,False
data\external_test_realwaste\cardboard\Cardboard_86.jpg,cardboard,trash,0.696457,False
data\external_test_realwaste\cardboard\Cardboard_87.jpg,cardboard,paper,0.664592,False
data\external_test_realwaste\cardboard\Cardboard_88.jpg,cardboard,trash,0.92651,False
data\external_test_realwaste\cardboard\Cardboard_89.jpg,cardboard,trash,0.959978,False
data\external_test_realwaste\cardboard\Cardboard_9.jpg,cardboard,paper,0.994853,False
data\external_test_realwaste\cardboard\Cardboard_90.jpg,cardboard,trash,0.902751,False
data\external_test_realwaste\cardboard\Cardboard_91.jpg,cardboard,trash,0.708521,False
data\external_test_realwaste\cardboard\Cardboard_92.jpg,cardboard,trash,0.904302,False
data\external_test_realwaste\cardboard\Cardboard_94.jpg,cardboard,trash,0.797619,False
data\external_test_realwaste\cardboard\Cardboard_95.jpg,cardboard,trash,0.716897,False
data\external_test_realwaste\cardboard\Cardboard_96.jpg,cardboard,trash,0.881085,False
data\external_test_realwaste\cardboard\Cardboard_97.jpg,cardboard,trash,0.858005,False
data\external_test_realwaste\cardboard\Cardboard_98.jpg,cardboard,trash,0.932813,False
data\external_test_realwaste\glass\Glass_1.jpg,glass,cardboard,0.774325,False
data\external_test_realwaste\glass\Glass_10.jpg,glass,cardboard,0.840755,False
data\external_test_realwaste\glass\Glass_100.jpg,glass,trash,0.527161,True
data\external_test_realwaste\glass\Glass_102.jpg,glass,metal,0.795259,False
data\external_test_realwaste\glass\Glass_103.jpg,glass,metal,0.444777,True
data\external_test_realwaste\glass\Glass_104.jpg,glass,plastic,0.447793,True
data\external_test_realwaste\glass\Glass_105.jpg,glass,trash,0.767359,False
data\external_test_realwaste\glass\Glass_106.jpg,glass,trash,0.755846,False
data\external_test_realwaste\glass\Glass_107.jpg,glass,trash,0.412816,True
data\external_test_realwaste\glass\Glass_108.jpg,glass,plastic,0.970993,False
data\external_test_realwaste\glass\Glass_109.jpg,glass,metal,0.903621,False
data\external_test_realwaste\glass\Glass_11.jpg,glass,trash,0.699148,False
data\external_test_realwaste\glass\Glass_111.jpg,glass,trash,0.819421,False
data\external_test_realwaste\glass\Glass_113.jpg,glass,cardboard,0.6217,False
data\external_test_realwaste\glass\Glass_114.jpg,glass,cardboard,0.560794,True
data\external_test_realwaste\glass\Glass_115.jpg,glass,trash,0.614307,False
data\external_test_realwaste\glass\Glass_116.jpg,glass,metal,0.880662,False
data\external_test_realwaste\glass\Glass_117.jpg,glass,plastic,0.670907,False
data\external_test_realwaste\glass\Glass_119.jpg,glass,trash,0.973455,False
data\external_test_realwaste\glass\Glass_12.jpg,glass,cardboard,0.624143,False
data\external_test_realwaste\glass\Glass_120.jpg,glass,trash,0.619452,False
data\external_test_realwaste\glass\Glass_121.jpg,glass,trash,0.779699,False
data\external_test_realwaste\glass\Glass_122.jpg,glass,plastic,0.646624,False
data\external_test_realwaste\glass\Glass_124.jpg,glass,trash,0.535241,True
data\external_test_realwaste\glass\Glass_125.jpg,glass,plastic,0.884612,False
data\external_test_realwaste\glass\Glass_126.jpg,glass,plastic,0.998208,False
data\external_test_realwaste\glass\Glass_127.jpg,glass,trash,0.870088,False
data\external_test_realwaste\glass\Glass_128.jpg,glass,trash,0.743908,False
data\external_test_realwaste\glass\Glass_129.jpg,glass,cardboard,0.754376,False
data\external_test_realwaste\glass\Glass_13.jpg,glass,trash,0.884804,False
data\external_test_realwaste\glass\Glass_130.jpg,glass,cardboard,0.467236,True
data\external_test_realwaste\glass\Glass_132.jpg,glass,trash,0.889359,False
data\external_test_realwaste\glass\Glass_133.jpg,glass,cardboard,0.841626,False
data\external_test_realwaste\glass\Glass_134.jpg,glass,trash,0.625111,False
data\external_test_realwaste\glass\Glass_135.jpg,glass,cardboard,0.465445,True
data\external_test_realwaste\glass\Glass_136.jpg,glass,trash,0.392714,True
data\external_test_realwaste\glass\Glass_137.jpg,glass,plastic,0.665482,False
data\external_test_realwaste\glass\Glass_138.jpg,glass,trash,0.671362,False
data\external_test_realwaste\glass\Glass_139.jpg,glass,plastic,0.562354,True
data\external_test_realwaste\glass\Glass_14.jpg,glass,cardboard,0.504679,True
data\external_test_realwaste\glass\Glass_140.jpg,glass,paper,0.599534,True
data\external_test_realwaste\glass\Glass_141.jpg,glass,trash,0.487272,True
data\external_test_realwaste\glass\Glass_142.jpg,glass,cardboard,0.893689,False
data\external_test_realwaste\glass\Glass_143.jpg,glass,cardboard,0.69183,False
data\external_test_realwaste\glass\Glass_144.jpg,glass,trash,0.429879,True
data\external_test_realwaste\glass\Glass_145.jpg,glass,trash,0.703189,False
data\external_test_realwaste\glass\Glass_146.jpg,glass,trash,0.941721,False
data\external_test_realwaste\glass\Glass_147.jpg,glass,paper,0.529665,True
data\external_test_realwaste\glass\Glass_148.jpg,glass,paper,0.868029,False
data\external_test_realwaste\glass\Glass_150.jpg,glass,plastic,0.585848,True
data\external_test_realwaste\glass\Glass_151.jpg,glass,trash,0.537824,True
data\external_test_realwaste\glass\Glass_154.jpg,glass,plastic,0.834224,False
data\external_test_realwaste\glass\Glass_155.jpg,glass,plastic,0.995775,False
data\external_test_realwaste\glass\Glass_156.jpg,glass,paper,0.944824,False
data\external_test_realwaste\glass\Glass_157.jpg,glass,trash,0.865507,False
data\external_test_realwaste\glass\Glass_158.jpg,glass,plastic,0.695023,False
data\external_test_realwaste\glass\Glass_159.jpg,glass,paper,0.794087,False
data\external_test_realwaste\glass\Glass_16.jpg,glass,paper,0.628322,False
data\external_test_realwaste\glass\Glass_160.jpg,glass,trash,0.864477,False
data\external_test_realwaste\glass\Glass_161.jpg,glass,plastic,0.875934,False
data\external_test_realwaste\glass\Glass_162.jpg,glass,cardboard,0.608125,False
data\external_test_realwaste\glass\Glass_163.jpg,glass,plastic,0.910298,False
data\external_test_realwaste\glass\Glass_164.jpg,glass,plastic,0.961447,False
data\external_test_realwaste\glass\Glass_165.jpg,glass,paper,0.512722,True
data\external_test_realwaste\glass\Glass_166.jpg,glass,trash,0.664371,False
data\external_test_realwaste\glass\Glass_167.jpg,glass,trash,0.464674,True
data\external_test_realwaste\glass\Glass_168.jpg,glass,trash,0.961449,False
data\external_test_realwaste\glass\Glass_169.jpg,glass,plastic,0.473688,True
data\external_test_realwaste\glass\Glass_17.jpg,glass,cardboard,0.748835,False
data\external_test_realwaste\glass\Glass_170.jpg,glass,metal,0.433631,True
data\external_test_realwaste\glass\Glass_171.jpg,glass,plastic,0.771781,False
data\external_test_realwaste\glass\Glass_172.jpg,glass,plastic,0.933403,False
data\external_test_realwaste\glass\Glass_173.jpg,glass,plastic,0.475849,True
data\external_test_realwaste\glass\Glass_174.jpg,glass,plastic,0.837189,False
data\external_test_realwaste\glass\Glass_175.jpg,glass,metal,0.945641,False
data\external_test_realwaste\glass\Glass_176.jpg,glass,plastic,0.346758,True
data\external_test_realwaste\glass\Glass_177.jpg,glass,trash,0.939596,False
data\external_test_realwaste\glass\Glass_178.jpg,glass,trash,0.92453,False
data\external_test_realwaste\glass\Glass_179.jpg,glass,trash,0.896806,False
data\external_test_realwaste\glass\Glass_18.jpg,glass,paper,0.603561,False
data\external_test_realwaste\glass\Glass_180.jpg,glass,plastic,0.944819,False
data\external_test_realwaste\glass\Glass_181.jpg,glass,plastic,0.921648,False
data\external_test_realwaste\glass\Glass_182.jpg,glass,metal,0.977946,False
data\external_test_realwaste\glass\Glass_183.jpg,glass,metal,0.85024,False
data\external_test_realwaste\glass\Glass_184.jpg,glass,plastic,0.430448,True
data\external_test_realwaste\glass\Glass_185.jpg,glass,plastic,0.717353,False
data\external_test_realwaste\glass\Glass_186.jpg,glass,metal,0.467301,True
data\external_test_realwaste\glass\Glass_187.jpg,glass,plastic,0.961996,False
data\external_test_realwaste\glass\Glass_189.jpg,glass,metal,0.521242,True
data\external_test_realwaste\glass\Glass_19.jpg,glass,paper,0.811027,False
data\external_test_realwaste\glass\Glass_192.jpg,glass,plastic,0.974366,False
data\external_test_realwaste\glass\Glass_193.jpg,glass,plastic,0.944886,False
data\external_test_realwaste\glass\Glass_194.jpg,glass,trash,0.930196,False
data\external_test_realwaste\glass\Glass_195.jpg,glass,trash,0.941935,False
data\external_test_realwaste\glass\Glass_196.jpg,glass,plastic,0.446733,True
data\external_test_realwaste\glass\Glass_197.jpg,glass,trash,0.467934,True
data\external_test_realwaste\glass\Glass_198.jpg,glass,trash,0.934173,False
data\external_test_realwaste\glass\Glass_199.jpg,glass,trash,0.509608,True
data\external_test_realwaste\glass\Glass_20.jpg,glass,cardboard,0.714261,False
data\external_test_realwaste\glass\Glass_200.jpg,glass,paper,0.950069,False
data\external_test_realwaste\glass\Glass_202.jpg,glass,trash,0.799284,False
data\external_test_realwaste\glass\Glass_203.jpg,glass,trash,0.799964,False
data\external_test_realwaste\glass\Glass_204.jpg,glass,trash,0.725372,False
data\external_test_realwaste\glass\Glass_205.jpg,glass,trash,0.729042,False
data\external_test_realwaste\glass\Glass_206.jpg,glass,trash,0.964499,False
data\external_test_realwaste\glass\Glass_207.jpg,glass,paper,0.775363,False
data\external_test_realwaste\glass\Glass_208.jpg,glass,trash,0.431354,True
data\external_test_realwaste\glass\Glass_209.jpg,glass,trash,0.622279,False
data\external_test_realwaste\glass\Glass_21.jpg,glass,cardboard,0.682228,False
data\external_test_realwaste\glass\Glass_210.jpg,glass,paper,0.662292,False
data\external_test_realwaste\glass\Glass_211.jpg,glass,plastic,0.764714,False
data\external_test_realwaste\glass\Glass_212.jpg,glass,plastic,0.984047,False
data\external_test_realwaste\glass\Glass_213.jpg,glass,trash,0.592472,True
data\external_test_realwaste\glass\Glass_214.jpg,glass,trash,0.969683,False
data\external_test_realwaste\glass\Glass_215.jpg,glass,trash,0.910801,False
data\external_test_realwaste\glass\Glass_216.jpg,glass,trash,0.588019,True
data\external_test_realwaste\glass\Glass_217.jpg,glass,trash,0.906638,False
data\external_test_realwaste\glass\Glass_218.jpg,glass,paper,0.579958,True
data\external_test_realwaste\glass\Glass_219.jpg,glass,trash,0.566491,True
data\external_test_realwaste\glass\Glass_22.jpg,glass,trash,0.530885,True
data\external_test_realwaste\glass\Glass_220.jpg,glass,trash,0.544656,True
data\external_test_realwaste\glass\Glass_221.jpg,glass,trash,0.950931,False
data\external_test_realwaste\glass\Glass_222.jpg,glass,paper,0.743646,False
data\external_test_realwaste\glass\Glass_223.jpg,glass,cardboard,0.902804,False
data\external_test_realwaste\glass\Glass_224.jpg,glass,cardboard,0.360093,True
data\external_test_realwaste\glass\Glass_225.jpg,glass,paper,0.638181,False
data\external_test_realwaste\glass\Glass_226.jpg,glass,trash,0.865509,False
data\external_test_realwaste\glass\Glass_227.jpg,glass,trash,0.791512,False
data\external_test_realwaste\glass\Glass_228.jpg,glass,paper,0.993094,False
data\external_test_realwaste\glass\Glass_229.jpg,glass,paper,0.560649,True
data\external_test_realwaste\glass\Glass_23.jpg,glass,paper,0.566283,True
data\external_test_realwaste\glass\Glass_230.jpg,glass,trash,0.750638,False
data\external_test_realwaste\glass\Glass_231.jpg,glass,trash,0.536711,True
data\external_test_realwaste\glass\Glass_232.jpg,glass,trash,0.513822,True
data\external_test_realwaste\glass\Glass_233.jpg,glass,paper,0.532433,True
data\external_test_realwaste\glass\Glass_234.jpg,glass,trash,0.550979,True
data\external_test_realwaste\glass\Glass_235.jpg,glass,cardboard,0.414745,True
data\external_test_realwaste\glass\Glass_236.jpg,glass,trash,0.602682,False
data\external_test_realwaste\glass\Glass_237.jpg,glass,metal,0.636341,False
data\external_test_realwaste\glass\Glass_238.jpg,glass,metal,0.888556,False
data\external_test_realwaste\glass\Glass_239.jpg,glass,plastic,0.554636,True
data\external_test_realwaste\glass\Glass_240.jpg,glass,trash,0.940408,False
data\external_test_realwaste\glass\Glass_241.jpg,glass,metal,0.606981,False
data\external_test_realwaste\glass\Glass_242.jpg,glass,trash,0.684203,False
data\external_test_realwaste\glass\Glass_243.jpg,glass,metal,0.912822,False
data\external_test_realwaste\glass\Glass_244.jpg,glass,trash,0.970573,False
data\external_test_realwaste\glass\Glass_245.jpg,glass,trash,0.746974,False
data\external_test_realwaste\glass\Glass_246.jpg,glass,plastic,0.456598,True
data\external_test_realwaste\glass\Glass_247.jpg,glass,trash,0.607346,False
data\external_test_realwaste\glass\Glass_248.jpg,glass,paper,0.398901,True
data\external_test_realwaste\glass\Glass_249.jpg,glass,metal,0.417937,True
data\external_test_realwaste\glass\Glass_25.jpg,glass,cardboard,0.588978,True
data\external_test_realwaste\glass\Glass_251.jpg,glass,plastic,0.999061,False
data\external_test_realwaste\glass\Glass_252.jpg,glass,trash,0.618456,False
data\external_test_realwaste\glass\Glass_253.jpg,glass,plastic,0.992194,False
data\external_test_realwaste\glass\Glass_254.jpg,glass,plastic,0.859462,False
data\external_test_realwaste\glass\Glass_255.jpg,glass,plastic,0.756564,False
data\external_test_realwaste\glass\Glass_256.jpg,glass,plastic,0.983451,False
data\external_test_realwaste\glass\Glass_257.jpg,glass,trash,0.352141,True
data\external_test_realwaste\glass\Glass_258.jpg,glass,trash,0.688257,False
data\external_test_realwaste\glass\Glass_259.jpg,glass,trash,0.748159,False
data\external_test_realwaste\glass\Glass_26.jpg,glass,paper,0.639095,False
data\external_test_realwaste\glass\Glass_260.jpg,glass,paper,0.640034,False
data\external_test_realwaste\glass\Glass_261.jpg,glass,paper,0.787421,False
data\external_test_realwaste\glass\Glass_262.jpg,glass,paper,0.97242,False
data\external_test_realwaste\glass\Glass_263.jpg,glass,paper,0.453338,True
data\external_test_realwaste\glass\Glass_264.jpg,glass,plastic,0.97276,False
data\external_test_realwaste\glass\Glass_265.jpg,glass,plastic,0.843391,False
data\external_test_realwaste\glass\Glass_266.jpg,glass,plastic,0.968503,False
data\external_test_realwaste\glass\Glass_267.jpg,glass,plastic,0.97153,False
data\external_test_realwaste\glass\Glass_269.jpg,glass,trash,0.525869,True
data\external_test_realwaste\glass\Glass_27.jpg,glass,cardboard,0.511242,True
data\external_test_realwaste\glass\Glass_270.jpg,glass,trash,0.659757,False
data\external_test_realwaste\glass\Glass_271.jpg,glass,plastic,0.542953,True
data\external_test_realwaste\glass\Glass_272.jpg,glass,trash,0.86534,False
data\external_test_realwaste\glass\Glass_273.jpg,glass,plastic,0.52508,True
data\external_test_realwaste\glass\Glass_274.jpg,glass,plastic,0.396669,True
data\external_test_realwaste\glass\Glass_275.jpg,glass,paper,0.778671,False
data\external_test_realwaste\glass\Glass_276.jpg,glass,trash,0.534894,True
data\external_test_realwaste\glass\Glass_277.jpg,glass,trash,0.457294,True
data\external_test_realwaste\glass\Glass_278.jpg,glass,plastic,0.89419,False
data\external_test_realwaste\glass\Glass_279.jpg,glass,cardboard,0.918953,False
data\external_test_realwaste\glass\Glass_28.jpg,glass,trash,0.54538,True
data\external_test_realwaste\glass\Glass_280.jpg,glass,trash,0.907134,False
data\external_test_realwaste\glass\Glass_281.jpg,glass,trash,0.951318,False
data\external_test_realwaste\glass\Glass_282.jpg,glass,trash,0.728339,False
data\external_test_realwaste\glass\Glass_283.jpg,glass,trash,0.976043,False
data\external_test_realwaste\glass\Glass_284.jpg,glass,trash,0.927486,False
data\external_test_realwaste\glass\Glass_285.jpg,glass,trash,0.888645,False
data\external_test_realwaste\glass\Glass_286.jpg,glass,trash,0.871262,False
data\external_test_realwaste\glass\Glass_287.jpg,glass,trash,0.961049,False
data\external_test_realwaste\glass\Glass_288.jpg,glass,plastic,0.473942,True
data\external_test_realwaste\glass\Glass_289.jpg,glass,trash,0.654782,False
data\external_test_realwaste\glass\Glass_29.jpg,glass,paper,0.557855,True
data\external_test_realwaste\glass\Glass_290.jpg,glass,cardboard,0.331159,True
data\external_test_realwaste\glass\Glass_291.jpg,glass,plastic,0.727619,False
data\external_test_realwaste\glass\Glass_292.jpg,glass,metal,0.984711,False
data\external_test_realwaste\glass\Glass_293.jpg,glass,cardboard,0.335192,True
data\external_test_realwaste\glass\Glass_294.jpg,glass,cardboard,0.674496,False
data\external_test_realwaste\glass\Glass_295.jpg,glass,trash,0.598313,True
data\external_test_realwaste\glass\Glass_296.jpg,glass,trash,0.532852,True
data\external_test_realwaste\glass\Glass_297.jpg,glass,cardboard,0.816252,False
data\external_test_realwaste\glass\Glass_298.jpg,glass,plastic,0.4147,True
data\external_test_realwaste\glass\Glass_299.jpg,glass,trash,0.543881,True
data\external_test_realwaste\glass\Glass_300.jpg,glass,paper,0.929815,False
data\external_test_realwaste\glass\Glass_302.jpg,glass,cardboard,0.542558,True
data\external_test_realwaste\glass\Glass_303.jpg,glass,paper,0.590637,True
data\external_test_realwaste\glass\Glass_305.jpg,glass,cardboard,0.744592,False
data\external_test_realwaste\glass\Glass_306.jpg,glass,cardboard,0.474373,True
data\external_test_realwaste\glass\Glass_307.jpg,glass,trash,0.750811,False
data\external_test_realwaste\glass\Glass_308.jpg,glass,paper,0.941336,False
data\external_test_realwaste\glass\Glass_309.jpg,glass,cardboard,0.65048,False
data\external_test_realwaste\glass\Glass_31.jpg,glass,plastic,0.479277,True
data\external_test_realwaste\glass\Glass_310.jpg,glass,trash,0.615052,False
data\external_test_realwaste\glass\Glass_311.jpg,glass,cardboard,0.592452,True
data\external_test_realwaste\glass\Glass_313.jpg,glass,cardboard,0.663489,False
data\external_test_realwaste\glass\Glass_314.jpg,glass,trash,0.855566,False
data\external_test_realwaste\glass\Glass_315.jpg,glass,trash,0.829698,False
data\external_test_realwaste\glass\Glass_316.jpg,glass,paper,0.380362,True
data\external_test_realwaste\glass\Glass_317.jpg,glass,cardboard,0.847708,False
data\external_test_realwaste\glass\Glass_318.jpg,glass,trash,0.763807,False
data\external_test_realwaste\glass\Glass_319.jpg,glass,paper,0.478122,True
data\external_test_realwaste\glass\Glass_320.jpg,glass,paper,0.867419,False
data\external_test_realwaste\glass\Glass_321.jpg,glass,trash,0.490771,True
data\external_test_realwaste\glass\Glass_322.jpg,glass,trash,0.605313,False
data\external_test_realwaste\glass\Glass_323.jpg,glass,plastic,0.696083,False
data\external_test_realwaste\glass\Glass_324.jpg,glass,cardboard,0.529915,True
data\external_test_realwaste\glass\Glass_325.jpg,glass,trash,0.640564,False
data\external_test_realwaste\glass\Glass_326.jpg,glass,plastic,0.541828,True
data\external_test_realwaste\glass\Glass_327.jpg,glass,trash,0.881216,False
data\external_test_realwaste\glass\Glass_328.jpg,glass,plastic,0.961314,False
data\external_test_realwaste\glass\Glass_329.jpg,glass,paper,0.48971,True
data\external_test_realwaste\glass\Glass_330.jpg,glass,plastic,0.922426,False
data\external_test_realwaste\glass\Glass_331.jpg,glass,paper,0.785085,False
data\external_test_realwaste\glass\Glass_332.jpg,glass,trash,0.866511,False
data\external_test_realwaste\glass\Glass_333.jpg,glass,plastic,0.866765,False
data\external_test_realwaste\glass\Glass_335.jpg,glass,cardboard,0.956038,False
data\external_test_realwaste\glass\Glass_336.jpg,glass,plastic,0.982717,False
data\external_test_realwaste\glass\Glass_337.jpg,glass,trash,0.682561,False
data\external_test_realwaste\glass\Glass_338.jpg,glass,trash,0.535264,True
data\external_test_realwaste\glass\Glass_339.jpg,glass,plastic,0.50682,True
data\external_test_realwaste\glass\Glass_34.jpg,glass,cardboard,0.881538,False
data\external_test_realwaste\glass\Glass_340.jpg,glass,metal,0.925765,False
data\external_test_realwaste\glass\Glass_341.jpg,glass,metal,0.421461,True
data\external_test_realwaste\glass\Glass_342.jpg,glass,trash,0.580256,True
data\external_test_realwaste\glass\Glass_343.jpg,glass,plastic,0.829066,False
data\external_test_realwaste\glass\Glass_345.jpg,glass,plastic,0.56554,True
data\external_test_realwaste\glass\Glass_346.jpg,glass,trash,0.750649,False
data\external_test_realwaste\glass\Glass_347.jpg,glass,plastic,0.931348,False
data\external_test_realwaste\glass\Glass_348.jpg,glass,plastic,0.99799,False
data\external_test_realwaste\glass\Glass_35.jpg,glass,trash,0.510834,True
data\external_test_realwaste\glass\Glass_353.jpg,glass,trash,0.742156,False
data\external_test_realwaste\glass\Glass_356.jpg,glass,cardboard,0.42522,True
data\external_test_realwaste\glass\Glass_357.jpg,glass,trash,0.991991,False
data\external_test_realwaste\glass\Glass_358.jpg,glass,paper,0.916545,False
data\external_test_realwaste\glass\Glass_359.jpg,glass,trash,0.977596,False
data\external_test_realwaste\glass\Glass_36.jpg,glass,cardboard,0.877416,False
data\external_test_realwaste\glass\Glass_360.jpg,glass,plastic,0.969855,False
data\external_test_realwaste\glass\Glass_361.jpg,glass,metal,0.692793,False
data\external_test_realwaste\glass\Glass_362.jpg,glass,trash,0.884086,False
data\external_test_realwaste\glass\Glass_363.jpg,glass,trash,0.365215,True
data\external_test_realwaste\glass\Glass_364.jpg,glass,plastic,0.903057,False
data\external_test_realwaste\glass\Glass_366.jpg,glass,cardboard,0.811489,False
data\external_test_realwaste\glass\Glass_368.jpg,glass,plastic,0.511535,True
data\external_test_realwaste\glass\Glass_369.jpg,glass,trash,0.903042,False
data\external_test_realwaste\glass\Glass_37.jpg,glass,cardboard,0.919385,False
data\external_test_realwaste\glass\Glass_370.jpg,glass,trash,0.621304,False
data\external_test_realwaste\glass\Glass_371.jpg,glass,trash,0.96689,False
data\external_test_realwaste\glass\Glass_372.jpg,glass,trash,0.693489,False
data\external_test_realwaste\glass\Glass_374.jpg,glass,cardboard,0.992622,False
data\external_test_realwaste\glass\Glass_375.jpg,glass,trash,0.573193,True
data\external_test_realwaste\glass\Glass_376.jpg,glass,plastic,0.728374,False
data\external_test_realwaste\glass\Glass_377.jpg,glass,cardboard,0.824839,False
data\external_test_realwaste\glass\Glass_379.jpg,glass,trash,0.662134,False
data\external_test_realwaste\glass\Glass_38.jpg,glass,cardboard,0.968152,False
data\external_test_realwaste\glass\Glass_381.jpg,glass,trash,0.678953,False
data\external_test_realwaste\glass\Glass_382.jpg,glass,cardboard,0.994428,False
data\external_test_realwaste\glass\Glass_383.jpg,glass,trash,0.515883,True
data\external_test_realwaste\glass\Glass_384.jpg,glass,trash,0.563265,True
data\external_test_realwaste\glass\Glass_385.jpg,glass,trash,0.748628,False
data\external_test_realwaste\glass\Glass_386.jpg,glass,trash,0.616212,False
data\external_test_realwaste\glass\Glass_387.jpg,glass,trash,0.933544,False
data\external_test_realwaste\glass\Glass_388.jpg,glass,cardboard,0.907512,False
data\external_test_realwaste\glass\Glass_389.jpg,glass,cardboard,0.63305,False
data\external_test_realwaste\glass\Glass_39.jpg,glass,cardboard,0.985771,False
data\external_test_realwaste\glass\Glass_391.jpg,glass,cardboard,0.626775,False
data\external_test_realwaste\glass\Glass_392.jpg,glass,cardboard,0.756608,False
data\external_test_realwaste\glass\Glass_393.jpg,glass,cardboard,0.983096,False
data\external_test_realwaste\glass\Glass_394.jpg,glass,cardboard,0.839268,False
data\external_test_realwaste\glass\Glass_395.jpg,glass,plastic,0.430044,True
data\external_test_realwaste\glass\Glass_396.jpg,glass,cardboard,0.527137,True
data\external_test_realwaste\glass\Glass_397.jpg,glass,cardboard,0.964433,False
data\external_test_realwaste\glass\Glass_398.jpg,glass,cardboard,0.898673,False
data\external_test_realwaste\glass\Glass_399.jpg,glass,cardboard,0.605332,False
data\external_test_realwaste\glass\Glass_40.jpg,glass,cardboard,0.670843,False
data\external_test_realwaste\glass\Glass_400.jpg,glass,cardboard,0.996224,False
data\external_test_realwaste\glass\Glass_401.jpg,glass,trash,0.828286,False
data\external_test_realwaste\glass\Glass_402.jpg,glass,cardboard,0.886158,False
data\external_test_realwaste\glass\Glass_403.jpg,glass,trash,0.552292,True
data\external_test_realwaste\glass\Glass_404.jpg,glass,plastic,0.682888,False
data\external_test_realwaste\glass\Glass_405.jpg,glass,cardboard,0.541528,True
data\external_test_realwaste\glass\Glass_406.jpg,glass,cardboard,0.948662,False
data\external_test_realwaste\glass\Glass_407.jpg,glass,trash,0.60882,False
data\external_test_realwaste\glass\Glass_408.jpg,glass,plastic,0.833897,False
data\external_test_realwaste\glass\Glass_41.jpg,glass,trash,0.661958,False
data\external_test_realwaste\glass\Glass_410.jpg,glass,plastic,0.628716,False
data\external_test_realwaste\glass\Glass_411.jpg,glass,plastic,0.823817,False
data\external_test_realwaste\glass\Glass_412.jpg,glass,cardboard,0.860882,False
data\external_test_realwaste\glass\Glass_413.jpg,glass,cardboard,0.994968,False
data\external_test_realwaste\glass\Glass_414.jpg,glass,trash,0.973078,False
data\external_test_realwaste\glass\Glass_415.jpg,glass,cardboard,0.814904,False
data\external_test_realwaste\glass\Glass_416.jpg,glass,plastic,0.859688,False
data\external_test_realwaste\glass\Glass_417.jpg,glass,cardboard,0.937811,False
data\external_test_realwaste\glass\Glass_418.jpg,glass,metal,0.799151,False
data\external_test_realwaste\glass\Glass_419.jpg,glass,metal,0.530315,True
data\external_test_realwaste\glass\Glass_42.jpg,glass,cardboard,0.941549,False
data\external_test_realwaste\glass\Glass_43.jpg,glass,cardboard,0.541509,True
data\external_test_realwaste\glass\Glass_44.jpg,glass,trash,0.597461,True
data\external_test_realwaste\glass\Glass_45.jpg,glass,cardboard,0.908636,False
data\external_test_realwaste\glass\Glass_46.jpg,glass,cardboard,0.973429,False
data\external_test_realwaste\glass\Glass_47.jpg,glass,paper,0.710807,False
data\external_test_realwaste\glass\Glass_48.jpg,glass,cardboard,0.999922,False
data\external_test_realwaste\glass\Glass_49.jpg,glass,cardboard,0.880708,False
data\external_test_realwaste\glass\Glass_5.jpg,glass,plastic,0.552424,True
data\external_test_realwaste\glass\Glass_50.jpg,glass,cardboard,0.893919,False
data\external_test_realwaste\glass\Glass_51.jpg,glass,paper,0.786612,False
data\external_test_realwaste\glass\Glass_52.jpg,glass,paper,0.973691,False
data\external_test_realwaste\glass\Glass_53.jpg,glass,cardboard,0.501073,True
data\external_test_realwaste\glass\Glass_54.jpg,glass,trash,0.621855,False
data\external_test_realwaste\glass\Glass_55.jpg,glass,cardboard,0.430897,True
data\external_test_realwaste\glass\Glass_56.jpg,glass,paper,0.928959,False
data\external_test_realwaste\glass\Glass_57.jpg,glass,plastic,0.455023,True
data\external_test_realwaste\glass\Glass_58.jpg,glass,paper,0.877317,False
data\external_test_realwaste\glass\Glass_59.jpg,glass,paper,0.830853,False
data\external_test_realwaste\glass\Glass_6.jpg,glass,trash,0.33023,True
data\external_test_realwaste\glass\Glass_60.jpg,glass,paper,0.861081,False
data\external_test_realwaste\glass\Glass_61.jpg,glass,cardboard,0.959177,False
data\external_test_realwaste\glass\Glass_62.jpg,glass,cardboard,0.953193,False
data\external_test_realwaste\glass\Glass_63.jpg,glass,cardboard,0.918418,False
data\external_test_realwaste\glass\Glass_64.jpg,glass,paper,0.877272,False
data\external_test_realwaste\glass\Glass_66.jpg,glass,metal,0.89707,False
data\external_test_realwaste\glass\Glass_67.jpg,glass,plastic,0.998983,False
data\external_test_realwaste\glass\Glass_68.jpg,glass,cardboard,0.770979,False
data\external_test_realwaste\glass\Glass_69.jpg,glass,trash,0.480795,True
data\external_test_realwaste\glass\Glass_7.jpg,glass,trash,0.33754,True
data\external_test_realwaste\glass\Glass_70.jpg,glass,plastic,0.914378,False
data\external_test_realwaste\glass\Glass_71.jpg,glass,cardboard,0.423677,True
data\external_test_realwaste\glass\Glass_72.jpg,glass,cardboard,0.484004,True
data\external_test_realwaste\glass\Glass_73.jpg,glass,cardboard,0.704818,False
data\external_test_realwaste\glass\Glass_74.jpg,glass,trash,0.850489,False
data\external_test_realwaste\glass\Glass_75.jpg,glass,plastic,0.994651,False
data\external_test_realwaste\glass\Glass_76.jpg,glass,plastic,0.998875,False
data\external_test_realwaste\glass\Glass_77.jpg,glass,trash,0.891125,False
data\external_test_realwaste\glass\Glass_78.jpg,glass,metal,0.511885,True
data\external_test_realwaste\glass\Glass_8.jpg,glass,cardboard,0.896205,False
data\external_test_realwaste\glass\Glass_80.jpg,glass,metal,0.896527,False
data\external_test_realwaste\glass\Glass_81.jpg,glass,paper,0.785537,False
data\external_test_realwaste\glass\Glass_82.jpg,glass,plastic,0.986278,False
data\external_test_realwaste\glass\Glass_83.jpg,glass,plastic,0.693002,False
data\external_test_realwaste\glass\Glass_84.jpg,glass,metal,0.331679,True
data\external_test_realwaste\glass\Glass_85.jpg,glass,cardboard,0.949101,False
data\external_test_realwaste\glass\Glass_86.jpg,glass,trash,0.593742,True
data\external_test_realwaste\glass\Glass_87.jpg,glass,cardboard,0.769888,False
data\external_test_realwaste\glass\Glass_88.jpg,glass,cardboard,0.466383,True
data\external_test_realwaste\glass\Glass_89.jpg,glass,plastic,0.548248,True
data\external_test_realwaste\glass\Glass_9.jpg,glass,cardboard,0.620094,False
data\external_test_realwaste\glass\Glass_90.jpg,glass,metal,0.570948,True
data\external_test_realwaste\glass\Glass_91.jpg,glass,trash,0.659861,False
data\external_test_realwaste\glass\Glass_92.jpg,glass,trash,0.856973,False
data\external_test_realwaste\glass\Glass_93.jpg,glass,cardboard,0.594798,True
data\external_test_realwaste\glass\Glass_94.jpg,glass,trash,0.56164,True
data\external_test_realwaste\glass\Glass_95.jpg,glass,cardboard,0.67699,False
data\external_test_realwaste\glass\Glass_96.jpg,glass,paper,0.577897,True
data\external_test_realwaste\glass\Glass_97.jpg,glass,cardboard,0.528965,True
data\external_test_realwaste\glass\Glass_98.jpg,glass,metal,0.319129,True
data\external_test_realwaste\glass\Glass_99.jpg,glass,plastic,0.829845,False
data\external_test_realwaste\metal\Metal_10.jpg,metal,trash,0.638469,False
data\external_test_realwaste\metal\Metal_100.jpg,metal,plastic,0.453408,True
data\external_test_realwaste\metal\Metal_102.jpg,metal,paper,0.680889,False
data\external_test_realwaste\metal\Metal_103.jpg,metal,cardboard,0.40557,True
data\external_test_realwaste\metal\Metal_104.jpg,metal,trash,0.986068,False
data\external_test_realwaste\metal\Metal_105.jpg,metal,glass,0.545951,True
data\external_test_realwaste\metal\Metal_106.jpg,metal,plastic,0.367922,True
data\external_test_realwaste\metal\Metal_11.jpg,metal,cardboard,0.564345,True
data\external_test_realwaste\metal\Metal_110.jpg,metal,plastic,0.684243,False
data\external_test_realwaste\metal\Metal_111.jpg,metal,plastic,0.904358,False
data\external_test_realwaste\metal\Metal_113.jpg,metal,paper,0.527809,True
data\external_test_realwaste\metal\Metal_115.jpg,metal,paper,0.642384,False
data\external_test_realwaste\metal\Metal_116.jpg,metal,trash,0.707955,False
data\external_test_realwaste\metal\Metal_118.jpg,metal,trash,0.739305,False
data\external_test_realwaste\metal\Metal_119.jpg,metal,trash,0.61758,False
data\external_test_realwaste\metal\Metal_12.jpg,metal,plastic,0.616624,False
data\external_test_realwaste\metal\Metal_121.jpg,metal,trash,0.674954,False
data\external_test_realwaste\metal\Metal_122.jpg,metal,trash,0.924349,False
data\external_test_realwaste\metal\Metal_123.jpg,metal,glass,0.503946,True
data\external_test_realwaste\metal\Metal_126.jpg,metal,trash,0.916707,False
data\external_test_realwaste\metal\Metal_127.jpg,metal,trash,0.53373,True
data\external_test_realwaste\metal\Metal_128.jpg,metal,trash,0.585284,True
data\external_test_realwaste\metal\Metal_129.jpg,metal,plastic,0.74636,False
data\external_test_realwaste\metal\Metal_130.jpg,metal,trash,0.941643,False
data\external_test_realwaste\metal\Metal_131.jpg,metal,glass,0.54032,True
data\external_test_realwaste\metal\Metal_132.jpg,metal,plastic,0.610367,False
data\external_test_realwaste\metal\Metal_134.jpg,metal,cardboard,0.734359,False
data\external_test_realwaste\metal\Metal_14.jpg,metal,cardboard,0.917323,False
data\external_test_realwaste\metal\Metal_140.jpg,metal,paper,0.813283,False
data\external_test_realwaste\metal\Metal_141.jpg,metal,trash,0.6788,False
data\external_test_realwaste\metal\Metal_142.jpg,metal,trash,0.905098,False
data\external_test_realwaste\metal\Metal_143.jpg,metal,paper,0.720516,False
data\external_test_realwaste\metal\Metal_144.jpg,metal,paper,0.947407,False
data\external_test_realwaste\metal\Metal_145.jpg,metal,paper,0.826747,False
data\external_test_realwaste\metal\Metal_146.jpg,metal,cardboard,0.556414,True
data\external_test_realwaste\metal\Metal_147.jpg,metal,paper,0.922802,False
data\external_test_realwaste\metal\Metal_148.jpg,metal,cardboard,0.967296,False
data\external_test_realwaste\metal\Metal_151.jpg,metal,paper,0.51089,True
data\external_test_realwaste\metal\Metal_154.jpg,metal,trash,0.909096,False
data\external_test_realwaste\metal\Metal_156.jpg,metal,plastic,0.518066,True
data\external_test_realwaste\metal\Metal_163.jpg,metal,cardboard,0.68603,False
data\external_test_realwaste\metal\Metal_164.jpg,metal,trash,0.865065,False
data\external_test_realwaste\metal\Metal_165.jpg,metal,plastic,0.392075,True
data\external_test_realwaste\metal\Metal_168.jpg,metal,trash,0.87673,False
data\external_test_realwaste\metal\Metal_169.jpg,metal,cardboard,0.63179,False
data\external_test_realwaste\metal\Metal_17.jpg,metal,cardboard,0.888995,False
data\external_test_realwaste\metal\Metal_170.jpg,metal,glass,0.749223,False
data\external_test_realwaste\metal\Metal_171.jpg,metal,trash,0.465318,True
data\external_test_realwaste\metal\Metal_178.jpg,metal,paper,0.375528,True
data\external_test_realwaste\metal\Metal_179.jpg,metal,trash,0.672886,False
data\external_test_realwaste\metal\Metal_180.jpg,metal,trash,0.867469,False
data\external_test_realwaste\metal\Metal_181.jpg,metal,plastic,0.643072,False
data\external_test_realwaste\metal\Metal_182.jpg,metal,trash,0.941813,False
data\external_test_realwaste\metal\Metal_183.jpg,metal,trash,0.958368,False
data\external_test_realwaste\metal\Metal_184.jpg,metal,cardboard,0.427694,True
data\external_test_realwaste\metal\Metal_185.jpg,metal,paper,0.756602,False
data\external_test_realwaste\metal\Metal_186.jpg,metal,paper,0.696575,False
data\external_test_realwaste\metal\Metal_187.jpg,metal,trash,0.823036,False
data\external_test_realwaste\metal\Metal_189.jpg,metal,trash,0.83876,False
data\external_test_realwaste\metal\Metal_190.jpg,metal,trash,0.469414,True
data\external_test_realwaste\metal\Metal_192.jpg,metal,trash,0.997311,False
data\external_test_realwaste\metal\Metal_196.jpg,metal,trash,0.928267,False
data\external_test_realwaste\metal\Metal_200.jpg,metal,paper,0.708746,False
data\external_test_realwaste\metal\Metal_201.jpg,metal,trash,0.452147,True
data\external_test_realwaste\metal\Metal_202.jpg,metal,trash,0.478116,True
data\external_test_realwaste\metal\Metal_203.jpg,metal,paper,0.48341,True
data\external_test_realwaste\metal\Metal_204.jpg,metal,cardboard,0.943389,False
data\external_test_realwaste\metal\Metal_205.jpg,metal,cardboard,0.51297,True
data\external_test_realwaste\metal\Metal_206.jpg,metal,cardboard,0.913625,False
data\external_test_realwaste\metal\Metal_207.jpg,metal,paper,0.500247,True
data\external_test_realwaste\metal\Metal_208.jpg,metal,cardboard,0.851836,False
data\external_test_realwaste\metal\Metal_21.jpg,metal,trash,0.757386,False
data\external_test_realwaste\metal\Metal_210.jpg,metal,cardboard,0.903196,False
data\external_test_realwaste\metal\Metal_211.jpg,metal,cardboard,0.721318,False
data\external_test_realwaste\metal\Metal_213.jpg,metal,cardboard,0.956591,False
data\external_test_realwaste\metal\Metal_214.jpg,metal,trash,0.531301,True
data\external_test_realwaste\metal\Metal_215.jpg,metal,paper,0.415877,True
data\external_test_realwaste\metal\Metal_216.jpg,metal,cardboard,0.948422,False
data\external_test_realwaste\metal\Metal_217.jpg,metal,cardboard,0.947675,False
data\external_test_realwaste\metal\Metal_218.jpg,metal,cardboard,0.828601,False
data\external_test_realwaste\metal\Metal_219.jpg,metal,cardboard,0.97488,False
data\external_test_realwaste\metal\Metal_220.jpg,metal,plastic,0.495381,True
data\external_test_realwaste\metal\Metal_221.jpg,metal,cardboard,0.654813,False
data\external_test_realwaste\metal\Metal_222.jpg,metal,paper,0.409922,True
data\external_test_realwaste\metal\Metal_227.jpg,metal,cardboard,0.510843,True
data\external_test_realwaste\metal\Metal_228.jpg,metal,plastic,0.359108,True
data\external_test_realwaste\metal\Metal_229.jpg,metal,trash,0.462975,True
data\external_test_realwaste\metal\Metal_230.jpg,metal,plastic,0.497748,True
data\external_test_realwaste\metal\Metal_231.jpg,metal,trash,0.547356,True
data\external_test_realwaste\metal\Metal_232.jpg,metal,cardboard,0.73205,False
data\external_test_realwaste\metal\Metal_238.jpg,metal,trash,0.602515,False
data\external_test_realwaste\metal\Metal_239.jpg,metal,cardboard,0.778181,False
data\external_test_realwaste\metal\Metal_24.jpg,metal,trash,0.45265,True
data\external_test_realwaste\metal\Metal_240.jpg,metal,cardboard,0.862705,False
data\external_test_realwaste\metal\Metal_241.jpg,metal,glass,0.990593,False
data\external_test_realwaste\metal\Metal_242.jpg,metal,cardboard,0.866832,False
data\external_test_realwaste\metal\Metal_243.jpg,metal,glass,0.73863,False
data\external_test_realwaste\metal\Metal_244.jpg,metal,glass,0.973581,False
data\external_test_realwaste\metal\Metal_245.jpg,metal,cardboard,0.472379,True
data\external_test_realwaste\metal\Metal_247.jpg,metal,cardboard,0.424229,True
data\external_test_realwaste\metal\Metal_248.jpg,metal,cardboard,0.598779,True
data\external_test_realwaste\metal\Metal_249.jpg,metal,paper,0.820949,False
data\external_test_realwaste\metal\Metal_250.jpg,metal,paper,0.836065,False
data\external_test_realwaste\metal\Metal_251.jpg,metal,paper,0.848927,False
data\external_test_realwaste\metal\Metal_252.jpg,metal,cardboard,0.882996,False
data\external_test_realwaste\metal\Metal_253.jpg,metal,cardboard,0.923706,False
data\external_test_realwaste\metal\Metal_254.jpg,metal,plastic,0.487476,True
data\external_test_realwaste\metal\Metal_255.jpg,metal,cardboard,0.9682,False
data\external_test_realwaste\metal\Metal_256.jpg,metal,cardboard,0.871383,False
data\external_test_realwaste\metal\Metal_258.jpg,metal,cardboard,0.758356,False
data\external_test_realwaste\metal\Metal_259.jpg,metal,cardboard,0.477884,True
data\external_test_realwaste\metal\Metal_26.jpg,metal,cardboard,0.530418,True
data\external_test_realwaste\metal\Metal_260.jpg,metal,cardboard,0.378998,True
data\external_test_realwaste\metal\Metal_261.jpg,metal,trash,0.417736,True
data\external_test_realwaste\metal\Metal_262.jpg,metal,cardboard,0.903233,False
data\external_test_realwaste\metal\Metal_263.jpg,metal,cardboard,0.759488,False
data\external_test_realwaste\metal\Metal_264.jpg,metal,trash,0.614121,False
data\external_test_realwaste\metal\Metal_265.jpg,metal,trash,0.940683,False
data\external_test_realwaste\metal\Metal_266.jpg,metal,trash,0.826033,False
data\external_test_realwaste\metal\Metal_267.jpg,metal,cardboard,0.606769,False
data\external_test_realwaste\metal\Metal_268.jpg,metal,trash,0.918194,False
data\external_test_realwaste\metal\Metal_269.jpg,metal,trash,0.986931,False
data\external_test_realwaste\metal\Metal_27.jpg,metal,cardboard,0.87838,False
data\external_test_realwaste\metal\Metal_270.jpg,metal,trash,0.932635,False
data\external_test_realwaste\metal\Metal_271.jpg,metal,cardboard,0.677611,False
data\external_test_realwaste\metal\Metal_278.jpg,metal,cardboard,0.94249,False
data\external_test_realwaste\metal\Metal_279.jpg,metal,glass,0.535462,True
data\external_test_realwaste\metal\Metal_280.jpg,metal,cardboard,0.823087,False
data\external_test_realwaste\metal\Metal_281.jpg,metal,cardboard,0.876558,False
data\external_test_realwaste\metal\Metal_282.jpg,metal,cardboard,0.65759,False
data\external_test_realwaste\metal\Metal_284.jpg,metal,cardboard,0.737767,False
data\external_test_realwaste\metal\Metal_285.jpg,metal,cardboard,0.83018,False
data\external_test_realwaste\metal\Metal_286.jpg,metal,cardboard,0.908352,False
data\external_test_realwaste\metal\Metal_287.jpg,metal,cardboard,0.882158,False
data\external_test_realwaste\metal\Metal_288.jpg,metal,trash,0.513813,True
data\external_test_realwaste\metal\Metal_289.jpg,metal,plastic,0.472866,True
data\external_test_realwaste\metal\Metal_29.jpg,metal,cardboard,0.974607,False
data\external_test_realwaste\metal\Metal_291.jpg,metal,cardboard,0.617653,False
data\external_test_realwaste\metal\Metal_292.jpg,metal,trash,0.478996,True
data\external_test_realwaste\metal\Metal_293.jpg,metal,trash,0.396089,True
data\external_test_realwaste\metal\Metal_296.jpg,metal,trash,0.777122,False
data\external_test_realwaste\metal\Metal_297.jpg,metal,trash,0.541357,True
data\external_test_realwaste\metal\Metal_298.jpg,metal,trash,0.94514,False
data\external_test_realwaste\metal\Metal_30.jpg,metal,plastic,0.898002,False
data\external_test_realwaste\metal\Metal_300.jpg,metal,trash,0.979981,False
data\external_test_realwaste\metal\Metal_301.jpg,metal,trash,0.508794,True
data\external_test_realwaste\metal\Metal_302.jpg,metal,cardboard,0.832393,False
data\external_test_realwaste\metal\Metal_303.jpg,metal,paper,0.34369,True
data\external_test_realwaste\metal\Metal_304.jpg,metal,paper,0.66748,False
data\external_test_realwaste\metal\Metal_305.jpg,metal,trash,0.502804,True
data\external_test_realwaste\metal\Metal_307.jpg,metal,trash,0.858886,False
data\external_test_realwaste\metal\Metal_308.jpg,metal,plastic,0.678312,False
data\external_test_realwaste\metal\Metal_31.jpg,metal,cardboard,0.959733,False
data\external_test_realwaste\metal\Metal_310.jpg,metal,trash,0.610188,False
data\external_test_realwaste\metal\Metal_311.jpg,metal,plastic,0.519595,True
data\external_test_realwaste\metal\Metal_313.jpg,metal,trash,0.981563,False
data\external_test_realwaste\metal\Metal_314.jpg,metal,cardboard,0.951156,False
data\external_test_realwaste\metal\Metal_315.jpg,metal,cardboard,0.915431,False
data\external_test_realwaste\metal\Metal_316.jpg,metal,trash,0.517604,True
data\external_test_realwaste\metal\Metal_317.jpg,metal,cardboard,0.845273,False
data\external_test_realwaste\metal\Metal_318.jpg,metal,trash,0.915095,False
data\external_test_realwaste\metal\Metal_319.jpg,metal,trash,0.871493,False
data\external_test_realwaste\metal\Metal_32.jpg,metal,trash,0.451627,True
data\external_test_realwaste\metal\Metal_320.jpg,metal,cardboard,0.536929,True
data\external_test_realwaste\metal\Metal_321.jpg,metal,cardboard,0.789445,False
data\external_test_realwaste\metal\Metal_322.jpg,metal,trash,0.987776,False
data\external_test_realwaste\metal\Metal_323.jpg,metal,trash,0.728919,False
data\external_test_realwaste\metal\Metal_324.jpg,metal,cardboard,0.633143,False
data\external_test_realwaste\metal\Metal_325.jpg,metal,cardboard,0.949879,False
data\external_test_realwaste\metal\Metal_326.jpg,metal,cardboard,0.947062,False
data\external_test_realwaste\metal\Metal_327.jpg,metal,cardboard,0.769984,False
data\external_test_realwaste\metal\Metal_328.jpg,metal,cardboard,0.981831,False
data\external_test_realwaste\metal\Metal_33.jpg,metal,cardboard,0.52583,True
data\external_test_realwaste\metal\Metal_331.jpg,metal,cardboard,0.468606,True
data\external_test_realwaste\metal\Metal_332.jpg,metal,trash,0.72685,False
data\external_test_realwaste\metal\Metal_333.jpg,metal,trash,0.90171,False
data\external_test_realwaste\metal\Metal_334.jpg,metal,plastic,0.934557,False
data\external_test_realwaste\metal\Metal_335.jpg,metal,trash,0.751746,False
data\external_test_realwaste\metal\Metal_336.jpg,metal,trash,0.775012,False
data\external_test_realwaste\metal\Metal_337.jpg,metal,trash,0.402885,True
data\external_test_realwaste\metal\Metal_338.jpg,metal,trash,0.570732,True
data\external_test_realwaste\metal\Metal_339.jpg,metal,trash,0.979733,False
data\external_test_realwaste\metal\Metal_34.jpg,metal,cardboard,0.946961,False
data\external_test_realwaste\metal\Metal_340.jpg,metal,glass,0.819202,False
data\external_test_realwaste\metal\Metal_341.jpg,metal,glass,0.795657,False
data\external_test_realwaste\metal\Metal_342.jpg,metal,trash,0.355377,True
data\external_test_realwaste\metal\Metal_343.jpg,metal,cardboard,0.998094,False
data\external_test_realwaste\metal\Metal_344.jpg,metal,cardboard,0.5092,True
data\external_test_realwaste\metal\Metal_345.jpg,metal,cardboard,0.765064,False
data\external_test_realwaste\metal\Metal_347.jpg,metal,trash,0.39914,True
data\external_test_realwaste\metal\Metal_348.jpg,metal,trash,0.602966,False
data\external_test_realwaste\metal\Metal_349.jpg,metal,trash,0.598218,True
data\external_test_realwaste\metal\Metal_35.jpg,metal,trash,0.953486,False
data\external_test_realwaste\metal\Metal_350.jpg,metal,trash,0.882233,False
data\external_test_realwaste\metal\Metal_351.jpg,metal,trash,0.627757,False
data\external_test_realwaste\metal\Metal_359.jpg,metal,trash,0.549344,True
data\external_test_realwaste\metal\Metal_36.jpg,metal,cardboard,0.596136,True
data\external_test_realwaste\metal\Metal_360.jpg,metal,trash,0.918675,False
data\external_test_realwaste\metal\Metal_361.jpg,metal,trash,0.487094,True
data\external_test_realwaste\metal\Metal_362.jpg,metal,trash,0.866284,False
data\external_test_realwaste\metal\Metal_364.jpg,metal,trash,0.996922,False
data\external_test_realwaste\metal\Metal_365.jpg,metal,trash,0.941507,False
data\external_test_realwaste\metal\Metal_367.jpg,metal,trash,0.88821,False
data\external_test_realwaste\metal\Metal_37.jpg,metal,trash,0.488588,True
data\external_test_realwaste\metal\Metal_370.jpg,metal,trash,0.952683,False
data\external_test_realwaste\metal\Metal_371.jpg,metal,trash,0.71618,False
data\external_test_realwaste\metal\Metal_372.jpg,metal,trash,0.905607,False
data\external_test_realwaste\metal\Metal_373.jpg,metal,trash,0.972794,False
data\external_test_realwaste\metal\Metal_375.jpg,metal,trash,0.983289,False
data\external_test_realwaste\metal\Metal_376.jpg,metal,trash,0.996217,False
data\external_test_realwaste\metal\Metal_377.jpg,metal,trash,0.529544,True
data\external_test_realwaste\metal\Metal_378.jpg,metal,trash,0.692888,False
data\external_test_realwaste\metal\Metal_379.jpg,metal,trash,0.575199,True
data\external_test_realwaste\metal\Metal_38.jpg,metal,cardboard,0.875703,False
data\external_test_realwaste\metal\Metal_380.jpg,metal,trash,0.994339,False
data\external_test_realwaste\metal\Metal_381.jpg,metal,trash,0.911108,False
data\external_test_realwaste\metal\Metal_382.jpg,metal,trash,0.755321,False
data\external_test_realwaste\metal\Metal_383.jpg,metal,trash,0.938515,False
data\external_test_realwaste\metal\Metal_384.jpg,metal,trash,0.96417,False
data\external_test_realwaste\metal\Metal_385.jpg,metal,trash,0.945788,False
data\external_test_realwaste\metal\Metal_386.jpg,metal,trash,0.974248,False
data\external_test_realwaste\metal\Metal_387.jpg,metal,trash,0.938867,False
data\external_test_realwaste\metal\Metal_388.jpg,metal,trash,0.9963,False
data\external_test_realwaste\metal\Metal_39.jpg,metal,plastic,0.503041,True
data\external_test_realwaste\metal\Metal_391.jpg,metal,trash,0.73205,False
data\external_test_realwaste\metal\Metal_392.jpg,metal,trash,0.51627,True
data\external_test_realwaste\metal\Metal_393.jpg,metal,trash,0.8412,False
data\external_test_realwaste\metal\Metal_394.jpg,metal,paper,0.795078,False
data\external_test_realwaste\metal\Metal_395.jpg,metal,paper,0.670793,False
data\external_test_realwaste\metal\Metal_396.jpg,metal,paper,0.496273,True
data\external_test_realwaste\metal\Metal_397.jpg,metal,paper,0.789275,False
data\external_test_realwaste\metal\Metal_398.jpg,metal,cardboard,0.838035,False
data\external_test_realwaste\metal\Metal_399.jpg,metal,trash,0.754262,False
data\external_test_realwaste\metal\Metal_40.jpg,metal,cardboard,0.511708,True
data\external_test_realwaste\metal\Metal_400.jpg,metal,trash,0.882514,False
data\external_test_realwaste\metal\Metal_402.jpg,metal,trash,0.525667,True
data\external_test_realwaste\metal\Metal_403.jpg,metal,trash,0.348216,True
data\external_test_realwaste\metal\Metal_404.jpg,metal,trash,0.649899,False
data\external_test_realwaste\metal\Metal_405.jpg,metal,trash,0.778773,False
data\external_test_realwaste\metal\Metal_406.jpg,metal,trash,0.639272,False
data\external_test_realwaste\metal\Metal_408.jpg,metal,cardboard,0.682311,False
data\external_test_realwaste\metal\Metal_409.jpg,metal,trash,0.473697,True
data\external_test_realwaste\metal\Metal_414.jpg,metal,cardboard,0.530429,True
data\external_test_realwaste\metal\Metal_415.jpg,metal,trash,0.593295,True
data\external_test_realwaste\metal\Metal_418.jpg,metal,trash,0.523898,True
data\external_test_realwaste\metal\Metal_419.jpg,metal,trash,0.419945,True
data\external_test_realwaste\metal\Metal_42.jpg,metal,trash,0.920634,False
data\external_test_realwaste\metal\Metal_420.jpg,metal,trash,0.979173,False
data\external_test_realwaste\metal\Metal_421.jpg,metal,trash,0.961797,False
data\external_test_realwaste\metal\Metal_422.jpg,metal,paper,0.828737,False
data\external_test_realwaste\metal\Metal_423.jpg,metal,trash,0.822989,False
data\external_test_realwaste\metal\Metal_424.jpg,metal,trash,0.969055,False
data\external_test_realwaste\metal\Metal_425.jpg,metal,trash,0.946653,False
data\external_test_realwaste\metal\Metal_426.jpg,metal,trash,0.703421,False
data\external_test_realwaste\metal\Metal_428.jpg,metal,trash,0.847516,False
data\external_test_realwaste\metal\Metal_429.jpg,metal,trash,0.563395,True
data\external_test_realwaste\metal\Metal_433.jpg,metal,trash,0.837937,False
data\external_test_realwaste\metal\Metal_434.jpg,metal,paper,0.829193,False
data\external_test_realwaste\metal\Metal_435.jpg,metal,trash,0.865784,False
data\external_test_realwaste\metal\Metal_436.jpg,metal,cardboard,0.774896,False
data\external_test_realwaste\metal\Metal_437.jpg,metal,trash,0.446799,True
data\external_test_realwaste\metal\Metal_438.jpg,metal,cardboard,0.363549,True
data\external_test_realwaste\metal\Metal_443.jpg,metal,paper,0.67304,False
data\external_test_realwaste\metal\Metal_444.jpg,metal,trash,0.531108,True
data\external_test_realwaste\metal\Metal_446.jpg,metal,paper,0.995556,False
data\external_test_realwaste\metal\Metal_45.jpg,metal,trash,0.633194,False
data\external_test_realwaste\metal\Metal_450.jpg,metal,trash,0.755091,False
data\external_test_realwaste\metal\Metal_453.jpg,metal,plastic,0.43789,True
data\external_test_realwaste\metal\Metal_454.jpg,metal,plastic,0.403912,True
data\external_test_realwaste\metal\Metal_455.jpg,metal,plastic,0.377495,True
data\external_test_realwaste\metal\Metal_457.jpg,metal,trash,0.565267,True
data\external_test_realwaste\metal\Metal_459.jpg,metal,trash,0.987253,False
data\external_test_realwaste\metal\Metal_461.jpg,metal,trash,0.632563,False
data\external_test_realwaste\metal\Metal_462.jpg,metal,cardboard,0.708215,False
data\external_test_realwaste\metal\Metal_463.jpg,metal,trash,0.969499,False
data\external_test_realwaste\metal\Metal_464.jpg,metal,plastic,0.570216,True
data\external_test_realwaste\metal\Metal_466.jpg,metal,paper,0.64889,False
data\external_test_realwaste\metal\Metal_467.jpg,metal,plastic,0.798338,False
data\external_test_realwaste\metal\Metal_468.jpg,metal,paper,0.662178,False
data\external_test_realwaste\metal\Metal_469.jpg,metal,plastic,0.583244,True
data\external_test_realwaste\metal\Metal_470.jpg,metal,plastic,0.681096,False
data\external_test_realwaste\metal\Metal_471.jpg,metal,cardboard,0.383735,True
data\external_test_realwaste\metal\Metal_473.jpg,metal,cardboard,0.49098,True
data\external_test_realwaste\metal\Metal_474.jpg,metal,trash,0.679471,False
data\external_test_realwaste\metal\Metal_475.jpg,metal,glass,0.369529,True
data\external_test_realwaste\metal\Metal_476.jpg,metal,plastic,0.965448,False
data\external_test_realwaste\metal\Metal_477.jpg,metal,glass,0.568995,True
data\external_test_realwaste\metal\Metal_478.jpg,metal,trash,0.480595,True
data\external_test_realwaste\metal\Metal_480.jpg,metal,plastic,0.456267,True
data\external_test_realwaste\metal\Metal_482.jpg,metal,trash,0.552669,True
data\external_test_realwaste\metal\Metal_483.jpg,metal,plastic,0.496087,True
data\external_test_realwaste\metal\Metal_484.jpg,metal,trash,0.301102,True
data\external_test_realwaste\metal\Metal_487.jpg,metal,trash,0.719098,False
data\external_test_realwaste\metal\Metal_489.jpg,metal,trash,0.686262,False
data\external_test_realwaste\metal\Metal_491.jpg,metal,trash,0.864444,False
data\external_test_realwaste\metal\Metal_495.jpg,metal,cardboard,0.811211,False
data\external_test_realwaste\metal\Metal_496.jpg,metal,trash,0.783125,False
data\external_test_realwaste\metal\Metal_497.jpg,metal,trash,0.369992,True
data\external_test_realwaste\metal\Metal_505.jpg,metal,trash,0.498828,True
data\external_test_realwaste\metal\Metal_506.jpg,metal,trash,0.888902,False
data\external_test_realwaste\metal\Metal_507.jpg,metal,trash,0.705418,False
data\external_test_realwaste\metal\Metal_508.jpg,metal,trash,0.985629,False
data\external_test_realwaste\metal\Metal_509.jpg,metal,trash,0.985485,False
data\external_test_realwaste\metal\Metal_511.jpg,metal,trash,0.61386,False
data\external_test_realwaste\metal\Metal_514.jpg,metal,paper,0.558935,True
data\external_test_realwaste\metal\Metal_515.jpg,metal,cardboard,0.498183,True
data\external_test_realwaste\metal\Metal_516.jpg,metal,paper,0.826775,False
data\external_test_realwaste\metal\Metal_517.jpg,metal,paper,0.333232,True
data\external_test_realwaste\metal\Metal_518.jpg,metal,cardboard,0.558942,True
data\external_test_realwaste\metal\Metal_519.jpg,metal,cardboard,0.526248,True
data\external_test_realwaste\metal\Metal_520.jpg,metal,cardboard,0.768512,False
data\external_test_realwaste\metal\Metal_521.jpg,metal,cardboard,0.7779,False
data\external_test_realwaste\metal\Metal_522.jpg,metal,trash,0.397142,True
data\external_test_realwaste\metal\Metal_523.jpg,metal,trash,0.623967,False
data\external_test_realwaste\metal\Metal_524.jpg,metal,plastic,0.702323,False
data\external_test_realwaste\metal\Metal_526.jpg,metal,plastic,0.844817,False
data\external_test_realwaste\metal\Metal_527.jpg,metal,paper,0.402438,True
data\external_test_realwaste\metal\Metal_528.jpg,metal,trash,0.476342,True
data\external_test_realwaste\metal\Metal_531.jpg,metal,trash,0.851248,False
data\external_test_realwaste\metal\Metal_533.jpg,metal,trash,0.506197,True
data\external_test_realwaste\metal\Metal_535.jpg,metal,trash,0.942902,False
data\external_test_realwaste\metal\Metal_537.jpg,metal,paper,0.518471,True
data\external_test_realwaste\metal\Metal_538.jpg,metal,trash,0.781654,False
data\external_test_realwaste\metal\Metal_539.jpg,metal,trash,0.883898,False
data\external_test_realwaste\metal\Metal_54.jpg,metal,trash,0.881614,False
data\external_test_realwaste\metal\Metal_541.jpg,metal,plastic,0.460802,True
data\external_test_realwaste\metal\Metal_542.jpg,metal,plastic,0.926917,False
data\external_test_realwaste\metal\Metal_543.jpg,metal,trash,0.532124,True
data\external_test_realwaste\metal\Metal_544.jpg,metal,trash,0.815493,False
data\external_test_realwaste\metal\Metal_546.jpg,metal,cardboard,0.795696,False
data\external_test_realwaste\metal\Metal_547.jpg,metal,cardboard,0.431596,True
data\external_test_realwaste\metal\Metal_548.jpg,metal,trash,0.93213,False
data\external_test_realwaste\metal\Metal_549.jpg,metal,trash,0.680888,False
data\external_test_realwaste\metal\Metal_550.jpg,metal,trash,0.706151,False
data\external_test_realwaste\metal\Metal_552.jpg,metal,trash,0.919658,False
data\external_test_realwaste\metal\Metal_553.jpg,metal,trash,0.713925,False
data\external_test_realwaste\metal\Metal_554.jpg,metal,trash,0.615837,False
data\external_test_realwaste\metal\Metal_555.jpg,metal,trash,0.964566,False
data\external_test_realwaste\metal\Metal_558.jpg,metal,cardboard,0.505082,True
data\external_test_realwaste\metal\Metal_560.jpg,metal,cardboard,0.554304,True
data\external_test_realwaste\metal\Metal_561.jpg,metal,cardboard,0.63986,False
data\external_test_realwaste\metal\Metal_562.jpg,metal,trash,0.574599,True
data\external_test_realwaste\metal\Metal_563.jpg,metal,cardboard,0.727854,False
data\external_test_realwaste\metal\Metal_564.jpg,metal,trash,0.704834,False
data\external_test_realwaste\metal\Metal_565.jpg,metal,trash,0.945684,False
data\external_test_realwaste\metal\Metal_566.jpg,metal,cardboard,0.694582,False
data\external_test_realwaste\metal\Metal_567.jpg,metal,glass,0.990342,False
data\external_test_realwaste\metal\Metal_569.jpg,metal,cardboard,0.729204,False
data\external_test_realwaste\metal\Metal_570.jpg,metal,cardboard,0.475292,True
data\external_test_realwaste\metal\Metal_571.jpg,metal,cardboard,0.847067,False
data\external_test_realwaste\metal\Metal_572.jpg,metal,glass,0.427092,True
data\external_test_realwaste\metal\Metal_573.jpg,metal,trash,0.682477,False
data\external_test_realwaste\metal\Metal_574.jpg,metal,cardboard,0.998362,False
data\external_test_realwaste\metal\Metal_575.jpg,metal,cardboard,0.987941,False
data\external_test_realwaste\metal\Metal_578.jpg,metal,cardboard,0.864219,False
data\external_test_realwaste\metal\Metal_583.jpg,metal,cardboard,0.797982,False
data\external_test_realwaste\metal\Metal_585.jpg,metal,trash,0.391238,True
data\external_test_realwaste\metal\Metal_586.jpg,metal,cardboard,0.521222,True
data\external_test_realwaste\metal\Metal_587.jpg,metal,trash,0.532279,True
data\external_test_realwaste\metal\Metal_588.jpg,metal,trash,0.453031,True
data\external_test_realwaste\metal\Metal_589.jpg,metal,trash,0.796739,False
data\external_test_realwaste\metal\Metal_591.jpg,metal,trash,0.718913,False
data\external_test_realwaste\metal\Metal_592.jpg,metal,trash,0.529108,True
data\external_test_realwaste\metal\Metal_593.jpg,metal,cardboard,0.78363,False
data\external_test_realwaste\metal\Metal_594.jpg,metal,trash,0.887423,False
data\external_test_realwaste\metal\Metal_595.jpg,metal,cardboard,0.434194,True
data\external_test_realwaste\metal\Metal_596.jpg,metal,trash,0.350149,True
data\external_test_realwaste\metal\Metal_597.jpg,metal,cardboard,0.63785,False
data\external_test_realwaste\metal\Metal_598.jpg,metal,cardboard,0.508296,True
data\external_test_realwaste\metal\Metal_599.jpg,metal,plastic,0.628337,False
data\external_test_realwaste\metal\Metal_60.jpg,metal,trash,0.854437,False
data\external_test_realwaste\metal\Metal_600.jpg,metal,trash,0.438545,True
data\external_test_realwaste\metal\Metal_602.jpg,metal,cardboard,0.897679,False
data\external_test_realwaste\metal\Metal_603.jpg,metal,plastic,0.557488,True
data\external_test_realwaste\metal\Metal_604.jpg,metal,plastic,0.583537,True
data\external_test_realwaste\metal\Metal_605.jpg,metal,trash,0.312844,True
data\external_test_realwaste\metal\Metal_608.jpg,metal,paper,0.258139,True
data\external_test_realwaste\metal\Metal_61.jpg,metal,trash,0.650584,False
data\external_test_realwaste\metal\Metal_613.jpg,metal,trash,0.718236,False
data\external_test_realwaste\metal\Metal_614.jpg,metal,cardboard,0.51484,True
data\external_test_realwaste\metal\Metal_615.jpg,metal,trash,0.71663,False
data\external_test_realwaste\metal\Metal_616.jpg,metal,cardboard,0.768821,False
data\external_test_realwaste\metal\Metal_619.jpg,metal,cardboard,0.900601,False
data\external_test_realwaste\metal\Metal_62.jpg,metal,trash,0.786409,False
data\external_test_realwaste\metal\Metal_620.jpg,metal,trash,0.85033,False
data\external_test_realwaste\metal\Metal_621.jpg,metal,trash,0.813456,False
data\external_test_realwaste\metal\Metal_622.jpg,metal,trash,0.998868,False
data\external_test_realwaste\metal\Metal_624.jpg,metal,trash,0.978942,False
data\external_test_realwaste\metal\Metal_625.jpg,metal,trash,0.953576,False
data\external_test_realwaste\metal\Metal_626.jpg,metal,trash,0.981901,False
data\external_test_realwaste\metal\Metal_627.jpg,metal,trash,0.811132,False
data\external_test_realwaste\metal\Metal_628.jpg,metal,cardboard,0.924437,False
data\external_test_realwaste\metal\Metal_629.jpg,metal,trash,0.710268,False
data\external_test_realwaste\metal\Metal_63.jpg,metal,trash,0.696342,False
data\external_test_realwaste\metal\Metal_631.jpg,metal,cardboard,0.462371,True
data\external_test_realwaste\metal\Metal_632.jpg,metal,cardboard,0.513573,True
data\external_test_realwaste\metal\Metal_633.jpg,metal,trash,0.954495,False
data\external_test_realwaste\metal\Metal_635.jpg,metal,trash,0.868721,False
data\external_test_realwaste\metal\Metal_636.jpg,metal,trash,0.993619,False
data\external_test_realwaste\metal\Metal_639.jpg,metal,trash,0.930803,False
data\external_test_realwaste\metal\Metal_64.jpg,metal,trash,0.989858,False
data\external_test_realwaste\metal\Metal_640.jpg,metal,trash,0.805368,False
data\external_test_realwaste\metal\Metal_641.jpg,metal,trash,0.82922,False
data\external_test_realwaste\metal\Metal_642.jpg,metal,trash,0.624955,False
data\external_test_realwaste\metal\Metal_643.jpg,metal,trash,0.802681,False
data\external_test_realwaste\metal\Metal_644.jpg,metal,trash,0.57958,True
data\external_test_realwaste\metal\Metal_649.jpg,metal,cardboard,0.471985,True
data\external_test_realwaste\metal\Metal_65.jpg,metal,plastic,0.424505,True
data\external_test_realwaste\metal\Metal_651.jpg,metal,trash,0.348874,True
data\external_test_realwaste\metal\Metal_653.jpg,metal,trash,0.755413,False
data\external_test_realwaste\metal\Metal_654.jpg,metal,glass,0.411111,True
data\external_test_realwaste\metal\Metal_657.jpg,metal,trash,0.494218,True
data\external_test_realwaste\metal\Metal_659.jpg,metal,trash,0.989053,False
data\external_test_realwaste\metal\Metal_660.jpg,metal,cardboard,0.691772,False
data\external_test_realwaste\metal\Metal_661.jpg,metal,trash,0.688036,False
data\external_test_realwaste\metal\Metal_662.jpg,metal,paper,0.507825,True
data\external_test_realwaste\metal\Metal_663.jpg,metal,paper,0.794425,False
data\external_test_realwaste\metal\Metal_664.jpg,metal,paper,0.555518,True
data\external_test_realwaste\metal\Metal_665.jpg,metal,paper,0.593274,True
data\external_test_realwaste\metal\Metal_666.jpg,metal,paper,0.934541,False
data\external_test_realwaste\metal\Metal_668.jpg,metal,trash,0.844666,False
data\external_test_realwaste\metal\Metal_669.jpg,metal,paper,0.466951,True
data\external_test_realwaste\metal\Metal_67.jpg,metal,glass,0.739209,False
data\external_test_realwaste\metal\Metal_670.jpg,metal,cardboard,0.404801,True
data\external_test_realwaste\metal\Metal_672.jpg,metal,paper,0.524962,True
data\external_test_realwaste\metal\Metal_673.jpg,metal,paper,0.869881,False
data\external_test_realwaste\metal\Metal_675.jpg,metal,trash,0.942425,False
data\external_test_realwaste\metal\Metal_676.jpg,metal,trash,0.898007,False
data\external_test_realwaste\metal\Metal_677.jpg,metal,trash,0.785241,False
data\external_test_realwaste\metal\Metal_678.jpg,metal,trash,0.728777,False
data\external_test_realwaste\metal\Metal_679.jpg,metal,trash,0.977882,False
data\external_test_realwaste\metal\Metal_680.jpg,metal,trash,0.916262,False
data\external_test_realwaste\metal\Metal_681.jpg,metal,trash,0.945642,False
data\external_test_realwaste\metal\Metal_682.jpg,metal,trash,0.970308,False
data\external_test_realwaste\metal\Metal_683.jpg,metal,trash,0.976275,False
data\external_test_realwaste\metal\Metal_684.jpg,metal,trash,0.979526,False
data\external_test_realwaste\metal\Metal_685.jpg,metal,trash,0.911628,False
data\external_test_realwaste\metal\Metal_688.jpg,metal,trash,0.832042,False
data\external_test_realwaste\metal\Metal_689.jpg,metal,trash,0.872551,False
data\external_test_realwaste\metal\Metal_69.jpg,metal,cardboard,0.994366,False
data\external_test_realwaste\metal\Metal_692.jpg,metal,cardboard,0.55839,True
data\external_test_realwaste\metal\Metal_696.jpg,metal,plastic,0.543492,True
data\external_test_realwaste\metal\Metal_700.jpg,metal,plastic,0.737238,False
data\external_test_realwaste\metal\Metal_701.jpg,metal,trash,0.370781,True
data\external_test_realwaste\metal\Metal_702.jpg,metal,trash,0.840247,False
data\external_test_realwaste\metal\Metal_705.jpg,metal,plastic,0.7064,False
data\external_test_realwaste\metal\Metal_706.jpg,metal,cardboard,0.751195,False
data\external_test_realwaste\metal\Metal_708.jpg,metal,trash,0.673268,False
data\external_test_realwaste\metal\Metal_709.jpg,metal,trash,0.947,False
data\external_test_realwaste\metal\Metal_71.jpg,metal,trash,0.865413,False
data\external_test_realwaste\metal\Metal_710.jpg,metal,glass,0.80389,False
data\external_test_realwaste\metal\Metal_711.jpg,metal,trash,0.389447,True
data\external_test_realwaste\metal\Metal_714.jpg,metal,trash,0.803976,False
data\external_test_realwaste\metal\Metal_715.jpg,metal,trash,0.496021,True
data\external_test_realwaste\metal\Metal_717.jpg,metal,trash,0.660575,False
data\external_test_realwaste\metal\Metal_718.jpg,metal,trash,0.941746,False
data\external_test_realwaste\metal\Metal_720.jpg,metal,trash,0.716054,False
data\external_test_realwaste\metal\Metal_721.jpg,metal,trash,0.950022,False
data\external_test_realwaste\metal\Metal_723.jpg,metal,trash,0.802445,False
data\external_test_realwaste\metal\Metal_724.jpg,metal,cardboard,0.423705,True
data\external_test_realwaste\metal\Metal_726.jpg,metal,plastic,0.606577,False
data\external_test_realwaste\metal\Metal_727.jpg,metal,trash,0.814072,False
data\external_test_realwaste\metal\Metal_728.jpg,metal,cardboard,0.411072,True
data\external_test_realwaste\metal\Metal_729.jpg,metal,trash,0.717117,False
data\external_test_realwaste\metal\Metal_73.jpg,metal,trash,0.83917,False
data\external_test_realwaste\metal\Metal_731.jpg,metal,plastic,0.742797,False
data\external_test_realwaste\metal\Metal_732.jpg,metal,trash,0.495144,True
data\external_test_realwaste\metal\Metal_733.jpg,metal,plastic,0.704479,False
data\external_test_realwaste\metal\Metal_734.jpg,metal,trash,0.62209,False
data\external_test_realwaste\metal\Metal_736.jpg,metal,trash,0.425286,True
data\external_test_realwaste\metal\Metal_737.jpg,metal,trash,0.534365,True
data\external_test_realwaste\metal\Metal_74.jpg,metal,trash,0.538604,True
data\external_test_realwaste\metal\Metal_740.jpg,metal,trash,0.684524,False
data\external_test_realwaste\metal\Metal_741.jpg,metal,trash,0.633151,False
data\external_test_realwaste\metal\Metal_745.jpg,metal,trash,0.812165,False
data\external_test_realwaste\metal\Metal_746.jpg,metal,plastic,0.896506,False
data\external_test_realwaste\metal\Metal_747.jpg,metal,plastic,0.817059,False
data\external_test_realwaste\metal\Metal_748.jpg,metal,cardboard,0.477296,True
data\external_test_realwaste\metal\Metal_749.jpg,metal,trash,0.9434,False
data\external_test_realwaste\metal\Metal_751.jpg,metal,trash,0.822584,False
data\external_test_realwaste\metal\Metal_752.jpg,metal,trash,0.984561,False
data\external_test_realwaste\metal\Metal_753.jpg,metal,trash,0.887737,False
data\external_test_realwaste\metal\Metal_754.jpg,metal,trash,0.843923,False
data\external_test_realwaste\metal\Metal_755.jpg,metal,trash,0.839387,False
data\external_test_realwaste\metal\Metal_756.jpg,metal,trash,0.554093,True
data\external_test_realwaste\metal\Metal_757.jpg,metal,trash,0.483362,True
data\external_test_realwaste\metal\Metal_760.jpg,metal,cardboard,0.393507,True
data\external_test_realwaste\metal\Metal_761.jpg,metal,cardboard,0.499323,True
data\external_test_realwaste\metal\Metal_764.jpg,metal,trash,0.571525,True
data\external_test_realwaste\metal\Metal_768.jpg,metal,trash,0.328692,True
data\external_test_realwaste\metal\Metal_77.jpg,metal,trash,0.536636,True
data\external_test_realwaste\metal\Metal_770.jpg,metal,trash,0.399352,True
data\external_test_realwaste\metal\Metal_771.jpg,metal,cardboard,0.405006,True
data\external_test_realwaste\metal\Metal_778.jpg,metal,trash,0.61268,False
data\external_test_realwaste\metal\Metal_780.jpg,metal,trash,0.952752,False
data\external_test_realwaste\metal\Metal_783.jpg,metal,trash,0.626969,False
data\external_test_realwaste\metal\Metal_787.jpg,metal,plastic,0.499753,True
data\external_test_realwaste\metal\Metal_790.jpg,metal,trash,0.742094,False
data\external_test_realwaste\metal\Metal_8.jpg,metal,cardboard,0.476764,True
data\external_test_realwaste\metal\Metal_80.jpg,metal,trash,0.811959,False
data\external_test_realwaste\metal\Metal_82.jpg,metal,paper,0.660522,False
data\external_test_realwaste\metal\Metal_84.jpg,metal,trash,0.523885,True
data\external_test_realwaste\metal\Metal_89.jpg,metal,trash,0.966456,False
data\external_test_realwaste\metal\Metal_90.jpg,metal,trash,0.501194,True
data\external_test_realwaste\metal\Metal_91.jpg,metal,trash,0.832913,False
data\external_test_realwaste\metal\Metal_92.jpg,metal,trash,0.669356,False
data\external_test_realwaste\metal\Metal_95.jpg,metal,plastic,0.680345,False
data\external_test_realwaste\metal\Metal_99.jpg,metal,trash,0.82263,False
data\external_test_realwaste\paper\Paper_1.jpg,paper,cardboard,0.739898,False
data\external_test_realwaste\paper\Paper_102.jpg,paper,trash,0.796427,False
data\external_test_realwaste\paper\Paper_103.jpg,paper,trash,0.499115,True
data\external_test_realwaste\paper\Paper_107.jpg,paper,cardboard,0.445266,True
data\external_test_realwaste\paper\Paper_108.jpg,paper,trash,0.985366,False
data\external_test_realwaste\paper\Paper_109.jpg,paper,plastic,0.62444,False
data\external_test_realwaste\paper\Paper_11.jpg,paper,trash,0.945217,False
data\external_test_realwaste\paper\Paper_111.jpg,paper,trash,0.761751,False
data\external_test_realwaste\paper\Paper_112.jpg,paper,trash,0.842817,False
data\external_test_realwaste\paper\Paper_114.jpg,paper,trash,0.598988,True
data\external_test_realwaste\paper\Paper_120.jpg,paper,trash,0.932419,False
data\external_test_realwaste\paper\Paper_122.jpg,paper,cardboard,0.62939,False
data\external_test_realwaste\paper\Paper_123.jpg,paper,trash,0.894624,False
data\external_test_realwaste\paper\Paper_125.jpg,paper,trash,0.695904,False
data\external_test_realwaste\paper\Paper_126.jpg,paper,trash,0.958468,False
data\external_test_realwaste\paper\Paper_127.jpg,paper,trash,0.881128,False
data\external_test_realwaste\paper\Paper_128.jpg,paper,trash,0.996914,False
data\external_test_realwaste\paper\Paper_129.jpg,paper,trash,0.655673,False
data\external_test_realwaste\paper\Paper_130.jpg,paper,trash,0.769266,False
data\external_test_realwaste\paper\Paper_133.jpg,paper,trash,0.776018,False
data\external_test_realwaste\paper\Paper_136.jpg,paper,metal,0.385044,True
data\external_test_realwaste\paper\Paper_138.jpg,paper,trash,0.956922,False
data\external_test_realwaste\paper\Paper_139.jpg,paper,trash,0.749326,False
data\external_test_realwaste\paper\Paper_14.jpg,paper,trash,0.767076,False
data\external_test_realwaste\paper\Paper_140.jpg,paper,trash,0.548017,True
data\external_test_realwaste\paper\Paper_141.jpg,paper,trash,0.41167,True
data\external_test_realwaste\paper\Paper_143.jpg,paper,metal,0.792612,False
data\external_test_realwaste\paper\Paper_145.jpg,paper,trash,0.566639,True
data\external_test_realwaste\paper\Paper_147.jpg,paper,plastic,0.741188,False
data\external_test_realwaste\paper\Paper_150.jpg,paper,metal,0.556207,True
data\external_test_realwaste\paper\Paper_152.jpg,paper,plastic,0.866745,False
data\external_test_realwaste\paper\Paper_153.jpg,paper,trash,0.962521,False
data\external_test_realwaste\paper\Paper_154.jpg,paper,trash,0.997131,False
data\external_test_realwaste\paper\Paper_155.jpg,paper,trash,0.96344,False
data\external_test_realwaste\paper\Paper_156.jpg,paper,trash,0.394433,True
data\external_test_realwaste\paper\Paper_158.jpg,paper,trash,0.665467,False
data\external_test_realwaste\paper\Paper_159.jpg,paper,metal,0.462756,True
data\external_test_realwaste\paper\Paper_161.jpg,paper,trash,0.783522,False
data\external_test_realwaste\paper\Paper_162.jpg,paper,trash,0.70625,False
data\external_test_realwaste\paper\Paper_163.jpg,paper,metal,0.551863,True
data\external_test_realwaste\paper\Paper_165.jpg,paper,trash,0.954786,False
data\external_test_realwaste\paper\Paper_166.jpg,paper,trash,0.660084,False
data\external_test_realwaste\paper\Paper_167.jpg,paper,trash,0.979582,False
data\external_test_realwaste\paper\Paper_169.jpg,paper,trash,0.955333,False
data\external_test_realwaste\paper\Paper_17.jpg,paper,trash,0.699845,False
data\external_test_realwaste\paper\Paper_170.jpg,paper,trash,0.42425,True
data\external_test_realwaste\paper\Paper_171.jpg,paper,trash,0.677756,False
data\external_test_realwaste\paper\Paper_172.jpg,paper,trash,0.752621,False
data\external_test_realwaste\paper\Paper_174.jpg,paper,trash,0.510202,True
data\external_test_realwaste\paper\Paper_175.jpg,paper,trash,0.984764,False
data\external_test_realwaste\paper\Paper_178.jpg,paper,trash,0.534303,True
data\external_test_realwaste\paper\Paper_180.jpg,paper,trash,0.980274,False
data\external_test_realwaste\paper\Paper_181.jpg,paper,plastic,0.440706,True
data\external_test_realwaste\paper\Paper_183.jpg,paper,trash,0.945946,False
data\external_test_realwaste\paper\Paper_184.jpg,paper,plastic,0.701564,False
data\external_test_realwaste\paper\Paper_185.jpg,paper,trash,0.967793,False
data\external_test_realwaste\paper\Paper_187.jpg,paper,metal,0.687293,False
data\external_test_realwaste\paper\Paper_188.jpg,paper,trash,0.61574,False
data\external_test_realwaste\paper\Paper_189.jpg,paper,trash,0.499999,True
data\external_test_realwaste\paper\Paper_192.jpg,paper,metal,0.652263,False
data\external_test_realwaste\paper\Paper_193.jpg,paper,trash,0.944406,False
data\external_test_realwaste\paper\Paper_194.jpg,paper,trash,0.745137,False
data\external_test_realwaste\paper\Paper_195.jpg,paper,trash,0.774443,False
data\external_test_realwaste\paper\Paper_196.jpg,paper,trash,0.875807,False
data\external_test_realwaste\paper\Paper_197.jpg,paper,metal,0.558828,True
data\external_test_realwaste\paper\Paper_198.jpg,paper,metal,0.931132,False
data\external_test_realwaste\paper\Paper_199.jpg,paper,trash,0.859186,False
data\external_test_realwaste\paper\Paper_202.jpg,paper,trash,0.832372,False
data\external_test_realwaste\paper\Paper_203.jpg,paper,trash,0.940491,False
data\external_test_realwaste\paper\Paper_204.jpg,paper,trash,0.91501,False
data\external_test_realwaste\paper\Paper_205.jpg,paper,metal,0.909493,False
data\external_test_realwaste\paper\Paper_206.jpg,paper,trash,0.724309,False
data\external_test_realwaste\paper\Paper_208.jpg,paper,cardboard,0.673493,False
data\external_test_realwaste\paper\Paper_209.jpg,paper,trash,0.984385,False
data\external_test_realwaste\paper\Paper_210.jpg,paper,trash,0.503215,True
data\external_test_realwaste\paper\Paper_213.jpg,paper,trash,0.985145,False
data\external_test_realwaste\paper\Paper_214.jpg,paper,trash,0.334314,True
data\external_test_realwaste\paper\Paper_215.jpg,paper,trash,0.835433,False
data\external_test_realwaste\paper\Paper_218.jpg,paper,trash,0.958721,False
data\external_test_realwaste\paper\Paper_221.jpg,paper,trash,0.908047,False
data\external_test_realwaste\paper\Paper_222.jpg,paper,trash,0.650392,False
data\external_test_realwaste\paper\Paper_225.jpg,paper,trash,0.475,True
data\external_test_realwaste\paper\Paper_226.jpg,paper,cardboard,0.498025,True
data\external_test_realwaste\paper\Paper_229.jpg,paper,trash,0.501121,True
data\external_test_realwaste\paper\Paper_23.jpg,paper,trash,0.460212,True
data\external_test_realwaste\paper\Paper_230.jpg,paper,trash,0.856308,False
data\external_test_realwaste\paper\Paper_232.jpg,paper,trash,0.65009,False
data\external_test_realwaste\paper\Paper_234.jpg,paper,trash,0.69007,False
data\external_test_realwaste\paper\Paper_236.jpg,paper,trash,0.853837,False
data\external_test_realwaste\paper\Paper_238.jpg,paper,trash,0.771031,False
data\external_test_realwaste\paper\Paper_240.jpg,paper,metal,0.519137,True
data\external_test_realwaste\paper\Paper_242.jpg,paper,cardboard,0.722448,False
data\external_test_realwaste\paper\Paper_243.jpg,paper,trash,0.558434,True
data\external_test_realwaste\paper\Paper_246.jpg,paper,trash,0.58956,True
data\external_test_realwaste\paper\Paper_248.jpg,paper,trash,0.977221,False
data\external_test_realwaste\paper\Paper_249.jpg,paper,trash,0.953625,False
data\external_test_realwaste\paper\Paper_250.jpg,paper,trash,0.948353,False
data\external_test_realwaste\paper\Paper_251.jpg,paper,trash,0.788904,False
data\external_test_realwaste\paper\Paper_252.jpg,paper,trash,0.891448,False
data\external_test_realwaste\paper\Paper_253.jpg,paper,trash,0.964144,False
data\external_test_realwaste\paper\Paper_254.jpg,paper,trash,0.841824,False
data\external_test_realwaste\paper\Paper_255.jpg,paper,trash,0.937945,False
data\external_test_realwaste\paper\Paper_256.jpg,paper,cardboard,0.528056,True
data\external_test_realwaste\paper\Paper_258.jpg,paper,trash,0.957882,False
data\external_test_realwaste\paper\Paper_259.jpg,paper,trash,0.762112,False
data\external_test_realwaste\paper\Paper_26.jpg,paper,trash,0.583416,True
data\external_test_realwaste\paper\Paper_260.jpg,paper,metal,0.65078,False
data\external_test_realwaste\paper\Paper_261.jpg,paper,trash,0.997373,False
data\external_test_realwaste\paper\Paper_262.jpg,paper,trash,0.97102,False
data\external_test_realwaste\paper\Paper_263.jpg,paper,trash,0.996954,False
data\external_test_realwaste\paper\Paper_264.jpg,paper,trash,0.6387,False
data\external_test_realwaste\paper\Paper_265.jpg,paper,trash,0.77456,False
data\external_test_realwaste\paper\Paper_266.jpg,paper,trash,0.903486,False
data\external_test_realwaste\paper\Paper_267.jpg,paper,trash,0.845741,False
data\external_test_realwaste\paper\Paper_269.jpg,paper,trash,0.6254,False
data\external_test_realwaste\paper\Paper_27.jpg,paper,trash,0.482406,True
data\external_test_realwaste\paper\Paper_270.jpg,paper,trash,0.79838,False
data\external_test_realwaste\paper\Paper_271.jpg,paper,trash,0.992388,False
data\external_test_realwaste\paper\Paper_272.jpg,paper,trash,0.999101,False
data\external_test_realwaste\paper\Paper_273.jpg,paper,trash,0.965929,False
data\external_test_realwaste\paper\Paper_275.jpg,paper,trash,0.976352,False
data\external_test_realwaste\paper\Paper_276.jpg,paper,trash,0.969174,False
data\external_test_realwaste\paper\Paper_277.jpg,paper,trash,0.635824,False
data\external_test_realwaste\paper\Paper_278.jpg,paper,trash,0.978026,False
data\external_test_realwaste\paper\Paper_28.jpg,paper,trash,0.828655,False
data\external_test_realwaste\paper\Paper_280.jpg,paper,trash,0.602513,False
data\external_test_realwaste\paper\Paper_281.jpg,paper,trash,0.926779,False
data\external_test_realwaste\paper\Paper_282.jpg,paper,trash,0.925622,False
data\external_test_realwaste\paper\Paper_285.jpg,paper,trash,0.565115,True
data\external_test_realwaste\paper\Paper_286.jpg,paper,trash,0.794457,False
data\external_test_realwaste\paper\Paper_288.jpg,paper,trash,0.535391,True
data\external_test_realwaste\paper\Paper_292.jpg,paper,trash,0.481687,True
data\external_test_realwaste\paper\Paper_295.jpg,paper,cardboard,0.579808,True
data\external_test_realwaste\paper\Paper_3.jpg,paper,trash,0.522198,True
data\external_test_realwaste\paper\Paper_30.jpg,paper,cardboard,0.719922,False
data\external_test_realwaste\paper\Paper_304.jpg,paper,trash,0.96053,False
data\external_test_realwaste\paper\Paper_305.jpg,paper,trash,0.629404,False
data\external_test_realwaste\paper\Paper_306.jpg,paper,cardboard,0.547924,True
data\external_test_realwaste\paper\Paper_309.jpg,paper,trash,0.795208,False
data\external_test_realwaste\paper\Paper_31.jpg,paper,trash,0.491042,True
data\external_test_realwaste\paper\Paper_314.jpg,paper,trash,0.592143,True
data\external_test_realwaste\paper\Paper_316.jpg,paper,trash,0.563113,True
data\external_test_realwaste\paper\Paper_318.jpg,paper,trash,0.634242,False
data\external_test_realwaste\paper\Paper_32.jpg,paper,trash,0.444494,True
data\external_test_realwaste\paper\Paper_320.jpg,paper,trash,0.838837,False
data\external_test_realwaste\paper\Paper_321.jpg,paper,trash,0.527869,True
data\external_test_realwaste\paper\Paper_322.jpg,paper,trash,0.737276,False
data\external_test_realwaste\paper\Paper_324.jpg,paper,cardboard,0.629049,False
data\external_test_realwaste\paper\Paper_325.jpg,paper,trash,0.952035,False
data\external_test_realwaste\paper\Paper_326.jpg,paper,trash,0.854459,False
data\external_test_realwaste\paper\Paper_327.jpg,paper,cardboard,0.924583,False
data\external_test_realwaste\paper\Paper_329.jpg,paper,trash,0.830721,False
data\external_test_realwaste\paper\Paper_331.jpg,paper,trash,0.544386,True
data\external_test_realwaste\paper\Paper_332.jpg,paper,cardboard,0.555999,True
data\external_test_realwaste\paper\Paper_333.jpg,paper,trash,0.690101,False
data\external_test_realwaste\paper\Paper_336.jpg,paper,trash,0.691218,False
data\external_test_realwaste\paper\Paper_337.jpg,paper,trash,0.751831,False
data\external_test_realwaste\paper\Paper_338.jpg,paper,trash,0.86301,False
data\external_test_realwaste\paper\Paper_339.jpg,paper,trash,0.899239,False
data\external_test_realwaste\paper\Paper_340.jpg,paper,trash,0.946455,False
data\external_test_realwaste\paper\Paper_342.jpg,paper,trash,0.870446,False
data\external_test_realwaste\paper\Paper_345.jpg,paper,cardboard,0.57252,True
data\external_test_realwaste\paper\Paper_346.jpg,paper,trash,0.604097,False
data\external_test_realwaste\paper\Paper_36.jpg,paper,trash,0.877925,False
data\external_test_realwaste\paper\Paper_365.jpg,paper,trash,0.739009,False
data\external_test_realwaste\paper\Paper_367.jpg,paper,trash,0.821699,False
data\external_test_realwaste\paper\Paper_368.jpg,paper,trash,0.851177,False
data\external_test_realwaste\paper\Paper_372.jpg,paper,trash,0.768503,False
data\external_test_realwaste\paper\Paper_374.jpg,paper,cardboard,0.508314,True
data\external_test_realwaste\paper\Paper_377.jpg,paper,trash,0.948574,False
data\external_test_realwaste\paper\Paper_381.jpg,paper,trash,0.479509,True
data\external_test_realwaste\paper\Paper_385.jpg,paper,cardboard,0.453105,True
data\external_test_realwaste\paper\Paper_388.jpg,paper,trash,0.912339,False
data\external_test_realwaste\paper\Paper_389.jpg,paper,trash,0.758402,False
data\external_test_realwaste\paper\Paper_394.jpg,paper,cardboard,0.89343,False
data\external_test_realwaste\paper\Paper_397.jpg,paper,trash,0.938902,False
data\external_test_realwaste\paper\Paper_40.jpg,paper,trash,0.932449,False
data\external_test_realwaste\paper\Paper_403.jpg,paper,trash,0.968213,False
data\external_test_realwaste\paper\Paper_405.jpg,paper,trash,0.978911,False
data\external_test_realwaste\paper\Paper_406.jpg,paper,trash,0.979908,False
data\external_test_realwaste\paper\Paper_407.jpg,paper,trash,0.383344,True
data\external_test_realwaste\paper\Paper_408.jpg,paper,cardboard,0.39977,True
data\external_test_realwaste\paper\Paper_410.jpg,paper,cardboard,0.643124,False
data\external_test_realwaste\paper\Paper_413.jpg,paper,trash,0.81955,False
data\external_test_realwaste\paper\Paper_414.jpg,paper,trash,0.433003,True
data\external_test_realwaste\paper\Paper_417.jpg,paper,trash,0.428077,True
data\external_test_realwaste\paper\Paper_419.jpg,paper,trash,0.816168,False
data\external_test_realwaste\paper\Paper_42.jpg,paper,trash,0.639178,False
data\external_test_realwaste\paper\Paper_424.jpg,paper,trash,0.836824,False
data\external_test_realwaste\paper\Paper_425.jpg,paper,cardboard,0.766058,False
data\external_test_realwaste\paper\Paper_426.jpg,paper,metal,0.873695,False
data\external_test_realwaste\paper\Paper_428.jpg,paper,cardboard,0.617496,False
data\external_test_realwaste\paper\Paper_430.jpg,paper,trash,0.612059,False
data\external_test_realwaste\paper\Paper_431.jpg,paper,trash,0.407871,True
data\external_test_realwaste\paper\Paper_432.jpg,paper,trash,0.977724,False
data\external_test_realwaste\paper\Paper_433.jpg,paper,trash,0.57329,True
data\external_test_realwaste\paper\Paper_436.jpg,paper,trash,0.755258,False
data\external_test_realwaste\paper\Paper_437.jpg,paper,trash,0.809006,False
data\external_test_realwaste\paper\Paper_441.jpg,paper,trash,0.579693,True
data\external_test_realwaste\paper\Paper_451.jpg,paper,cardboard,0.660033,False
data\external_test_realwaste\paper\Paper_452.jpg,paper,trash,0.52023,True
data\external_test_realwaste\paper\Paper_455.jpg,paper,trash,0.691804,False
data\external_test_realwaste\paper\Paper_458.jpg,paper,trash,0.9101,False
data\external_test_realwaste\paper\Paper_461.jpg,paper,trash,0.745496,False
data\external_test_realwaste\paper\Paper_462.jpg,paper,trash,0.537762,True
data\external_test_realwaste\paper\Paper_464.jpg,paper,trash,0.716599,False
data\external_test_realwaste\paper\Paper_477.jpg,paper,trash,0.468038,True
data\external_test_realwaste\paper\Paper_478.jpg,paper,trash,0.581448,True
data\external_test_realwaste\paper\Paper_480.jpg,paper,trash,0.491541,True
data\external_test_realwaste\paper\Paper_481.jpg,paper,trash,0.576888,True
data\external_test_realwaste\paper\Paper_482.jpg,paper,trash,0.852397,False
data\external_test_realwaste\paper\Paper_483.jpg,paper,trash,0.844851,False
data\external_test_realwaste\paper\Paper_484.jpg,paper,trash,0.914767,False
data\external_test_realwaste\paper\Paper_487.jpg,paper,trash,0.759229,False
data\external_test_realwaste\paper\Paper_489.jpg,paper,trash,0.99554,False
data\external_test_realwaste\paper\Paper_491.jpg,paper,trash,0.73332,False
data\external_test_realwaste\paper\Paper_492.jpg,paper,trash,0.997673,False
data\external_test_realwaste\paper\Paper_493.jpg,paper,trash,0.87209,False
data\external_test_realwaste\paper\Paper_494.jpg,paper,trash,0.997729,False
data\external_test_realwaste\paper\Paper_495.jpg,paper,trash,0.992082,False
data\external_test_realwaste\paper\Paper_496.jpg,paper,trash,0.998609,False
data\external_test_realwaste\paper\Paper_58.jpg,paper,trash,0.99376,False
data\external_test_realwaste\paper\Paper_59.jpg,paper,trash,0.893983,False
data\external_test_realwaste\paper\Paper_67.jpg,paper,trash,0.823765,False
data\external_test_realwaste\paper\Paper_79.jpg,paper,trash,0.844796,False
data\external_test_realwaste\paper\Paper_8.jpg,paper,trash,0.813955,False
data\external_test_realwaste\paper\Paper_80.jpg,paper,trash,0.909086,False
data\external_test_realwaste\paper\Paper_84.jpg,paper,trash,0.676628,False
data\external_test_realwaste\paper\Paper_86.jpg,paper,trash,0.960834,False
data\external_test_realwaste\paper\Paper_97.jpg,paper,trash,0.872446,False
data\external_test_realwaste\paper\Paper_98.jpg,paper,trash,0.523627,True
data\external_test_realwaste\plastic\Plastic_1.jpg,plastic,paper,0.875774,False
data\external_test_realwaste\plastic\Plastic_10.jpg,plastic,cardboard,0.543501,True
data\external_test_realwaste\plastic\Plastic_102.jpg,plastic,metal,0.803245,False
data\external_test_realwaste\plastic\Plastic_103.jpg,plastic,trash,0.963953,False
data\external_test_realwaste\plastic\Plastic_104.jpg,plastic,metal,0.76296,False
data\external_test_realwaste\plastic\Plastic_108.jpg,plastic,trash,0.911683,False
data\external_test_realwaste\plastic\Plastic_109.jpg,plastic,trash,0.948788,False
data\external_test_realwaste\plastic\Plastic_110.jpg,plastic,trash,0.90518,False
data\external_test_realwaste\plastic\Plastic_111.jpg,plastic,trash,0.803705,False
data\external_test_realwaste\plastic\Plastic_112.jpg,plastic,paper,0.892821,False
data\external_test_realwaste\plastic\Plastic_113.jpg,plastic,metal,0.283649,True
data\external_test_realwaste\plastic\Plastic_114.jpg,plastic,trash,0.880781,False
data\external_test_realwaste\plastic\Plastic_115.jpg,plastic,trash,0.909916,False
data\external_test_realwaste\plastic\Plastic_117.jpg,plastic,trash,0.955918,False
data\external_test_realwaste\plastic\Plastic_118.jpg,plastic,cardboard,0.901134,False
data\external_test_realwaste\plastic\Plastic_119.jpg,plastic,trash,0.919199,False
data\external_test_realwaste\plastic\Plastic_120.jpg,plastic,metal,0.555878,True
data\external_test_realwaste\plastic\Plastic_121.jpg,plastic,metal,0.424362,True
data\external_test_realwaste\plastic\Plastic_122.jpg,plastic,trash,0.941734,False
data\external_test_realwaste\plastic\Plastic_124.jpg,plastic,cardboard,0.591863,True
data\external_test_realwaste\plastic\Plastic_128.jpg,plastic,paper,0.361258,True
data\external_test_realwaste\plastic\Plastic_129.jpg,plastic,trash,0.395403,True
data\external_test_realwaste\plastic\Plastic_130.jpg,plastic,paper,0.52549,True
data\external_test_realwaste\plastic\Plastic_131.jpg,plastic,trash,0.566002,True
data\external_test_realwaste\plastic\Plastic_132.jpg,plastic,trash,0.728356,False
data\external_test_realwaste\plastic\Plastic_133.jpg,plastic,paper,0.691398,False
data\external_test_realwaste\plastic\Plastic_137.jpg,plastic,metal,0.46231,True
data\external_test_realwaste\plastic\Plastic_138.jpg,plastic,paper,0.634246,False
data\external_test_realwaste\plastic\Plastic_139.jpg,plastic,trash,0.573748,True
data\external_test_realwaste\plastic\Plastic_14.jpg,plastic,glass,0.674045,False
data\external_test_realwaste\plastic\Plastic_140.jpg,plastic,trash,0.541802,True
data\external_test_realwaste\plastic\Plastic_141.jpg,plastic,trash,0.546754,True
data\external_test_realwaste\plastic\Plastic_142.jpg,plastic,paper,0.779976,False
data\external_test_realwaste\plastic\Plastic_143.jpg,plastic,metal,0.963696,False
data\external_test_realwaste\plastic\Plastic_144.jpg,plastic,metal,0.794306,False
data\external_test_realwaste\plastic\Plastic_145.jpg,plastic,paper,0.744678,False
data\external_test_realwaste\plastic\Plastic_146.jpg,plastic,trash,0.492444,True
data\external_test_realwaste\plastic\Plastic_147.jpg,plastic,paper,0.694654,False
data\external_test_realwaste\plastic\Plastic_148.jpg,plastic,trash,0.964239,False
data\external_test_realwaste\plastic\Plastic_149.jpg,plastic,trash,0.51533,True
data\external_test_realwaste\plastic\Plastic_15.jpg,plastic,trash,0.331973,True
data\external_test_realwaste\plastic\Plastic_150.jpg,plastic,metal,0.713666,False
data\external_test_realwaste\plastic\Plastic_151.jpg,plastic,trash,0.988956,False
data\external_test_realwaste\plastic\Plastic_152.jpg,plastic,trash,0.56237,True
data\external_test_realwaste\plastic\Plastic_153.jpg,plastic,trash,0.750264,False
data\external_test_realwaste\plastic\Plastic_154.jpg,plastic,trash,0.924983,False
data\external_test_realwaste\plastic\Plastic_155.jpg,plastic,trash,0.974245,False
data\external_test_realwaste\plastic\Plastic_156.jpg,plastic,trash,0.992053,False
data\external_test_realwaste\plastic\Plastic_157.jpg,plastic,metal,0.513723,True
data\external_test_realwaste\plastic\Plastic_158.jpg,plastic,trash,0.979456,False
data\external_test_realwaste\plastic\Plastic_159.jpg,plastic,trash,0.975993,False
data\external_test_realwaste\plastic\Plastic_160.jpg,plastic,trash,0.997254,False
data\external_test_realwaste\plastic\Plastic_161.jpg,plastic,metal,0.974482,False
data\external_test_realwaste\plastic\Plastic_162.jpg,plastic,metal,0.989135,False
data\external_test_realwaste\plastic\Plastic_163.jpg,plastic,metal,0.922093,False
data\external_test_realwaste\plastic\Plastic_164.jpg,plastic,trash,0.57958,True
data\external_test_realwaste\plastic\Plastic_165.jpg,plastic,trash,0.915953,False
data\external_test_realwaste\plastic\Plastic_166.jpg,plastic,paper,0.678049,False
data\external_test_realwaste\plastic\Plastic_168.jpg,plastic,trash,0.362703,True
data\external_test_realwaste\plastic\Plastic_169.jpg,plastic,trash,0.553208,True
data\external_test_realwaste\plastic\Plastic_170.jpg,plastic,trash,0.75492,False
data\external_test_realwaste\plastic\Plastic_171.jpg,plastic,trash,0.657471,False
data\external_test_realwaste\plastic\Plastic_172.jpg,plastic,trash,0.446304,True
data\external_test_realwaste\plastic\Plastic_173.jpg,plastic,paper,0.708407,False
data\external_test_realwaste\plastic\Plastic_175.jpg,plastic,trash,0.96263,False
data\external_test_realwaste\plastic\Plastic_176.jpg,plastic,trash,0.993477,False
data\external_test_realwaste\plastic\Plastic_177.jpg,plastic,trash,0.943234,False
data\external_test_realwaste\plastic\Plastic_18.jpg,plastic,cardboard,0.33583,True
data\external_test_realwaste\plastic\Plastic_182.jpg,plastic,paper,0.333366,True
data\external_test_realwaste\plastic\Plastic_183.jpg,plastic,paper,0.448036,True
data\external_test_realwaste\plastic\Plastic_184.jpg,plastic,trash,0.998055,False
data\external_test_realwaste\plastic\Plastic_185.jpg,plastic,trash,0.450279,True
data\external_test_realwaste\plastic\Plastic_186.jpg,plastic,metal,0.957223,False
data\external_test_realwaste\plastic\Plastic_187.jpg,plastic,trash,0.999665,False
data\external_test_realwaste\plastic\Plastic_188.jpg,plastic,trash,0.968287,False
data\external_test_realwaste\plastic\Plastic_189.jpg,plastic,trash,0.882889,False
data\external_test_realwaste\plastic\Plastic_191.jpg,plastic,trash,0.921916,False
data\external_test_realwaste\plastic\Plastic_192.jpg,plastic,metal,0.507513,True
data\external_test_realwaste\plastic\Plastic_193.jpg,plastic,trash,0.99583,False
data\external_test_realwaste\plastic\Plastic_194.jpg,plastic,trash,0.998758,False
data\external_test_realwaste\plastic\Plastic_195.jpg,plastic,trash,0.982294,False
data\external_test_realwaste\plastic\Plastic_196.jpg,plastic,trash,0.929982,False
data\external_test_realwaste\plastic\Plastic_197.jpg,plastic,metal,0.843577,False
data\external_test_realwaste\plastic\Plastic_198.jpg,plastic,trash,0.813,False
data\external_test_realwaste\plastic\Plastic_199.jpg,plastic,trash,0.902303,False
data\external_test_realwaste\plastic\Plastic_2.jpg,plastic,paper,0.441823,True
data\external_test_realwaste\plastic\Plastic_20.jpg,plastic,trash,0.373224,True
data\external_test_realwaste\plastic\Plastic_200.jpg,plastic,metal,0.693779,False
data\external_test_realwaste\plastic\Plastic_202.jpg,plastic,trash,0.618182,False
data\external_test_realwaste\plastic\Plastic_203.jpg,plastic,trash,0.669185,False
data\external_test_realwaste\plastic\Plastic_204.jpg,plastic,metal,0.829188,False
data\external_test_realwaste\plastic\Plastic_205.jpg,plastic,metal,0.98944,False
data\external_test_realwaste\plastic\Plastic_206.jpg,plastic,cardboard,0.726839,False
data\external_test_realwaste\plastic\Plastic_207.jpg,plastic,cardboard,0.985081,False
data\external_test_realwaste\plastic\Plastic_208.jpg,plastic,cardboard,0.554684,True
data\external_test_realwaste\plastic\Plastic_209.jpg,plastic,trash,0.81854,False
data\external_test_realwaste\plastic\Plastic_21.jpg,plastic,cardboard,0.489749,True
data\external_test_realwaste\plastic\Plastic_210.jpg,plastic,trash,0.878689,False
data\external_test_realwaste\plastic\Plastic_211.jpg,plastic,trash,0.984949,False
data\external_test_realwaste\plastic\Plastic_212.jpg,plastic,metal,0.841117,False
data\external_test_realwaste\plastic\Plastic_213.jpg,plastic,trash,0.930084,False
data\external_test_realwaste\plastic\Plastic_214.jpg,plastic,metal,0.778386,False
data\external_test_realwaste\plastic\Plastic_215.jpg,plastic,paper,0.481641,True
data\external_test_realwaste\plastic\Plastic_216.jpg,plastic,cardboard,0.91155,False
data\external_test_realwaste\plastic\Plastic_217.jpg,plastic,trash,0.645396,False
data\external_test_realwaste\plastic\Plastic_218.jpg,plastic,trash,0.470221,True
data\external_test_realwaste\plastic\Plastic_219.jpg,plastic,trash,0.975922,False
data\external_test_realwaste\plastic\Plastic_22.jpg,plastic,trash,0.525117,True
data\external_test_realwaste\plastic\Plastic_220.jpg,plastic,trash,0.829429,False
data\external_test_realwaste\plastic\Plastic_221.jpg,plastic,trash,0.919529,False
data\external_test_realwaste\plastic\Plastic_222.jpg,plastic,cardboard,0.503611,True
data\external_test_realwaste\plastic\Plastic_223.jpg,plastic,paper,0.728708,False
data\external_test_realwaste\plastic\Plastic_224.jpg,plastic,trash,0.35124,True
data\external_test_realwaste\plastic\Plastic_225.jpg,plastic,cardboard,0.753864,False
data\external_test_realwaste\plastic\Plastic_226.jpg,plastic,trash,0.749629,False
data\external_test_realwaste\plastic\Plastic_227.jpg,plastic,cardboard,0.668319,False
data\external_test_realwaste\plastic\Plastic_228.jpg,plastic,cardboard,0.939537,False
data\external_test_realwaste\plastic\Plastic_229.jpg,plastic,cardboard,0.937697,False
data\external_test_realwaste\plastic\Plastic_23.jpg,plastic,cardboard,0.906883,False
data\external_test_realwaste\plastic\Plastic_230.jpg,plastic,trash,0.946957,False
data\external_test_realwaste\plastic\Plastic_231.jpg,plastic,trash,0.712866,False
data\external_test_realwaste\plastic\Plastic_233.jpg,plastic,trash,0.85785,False
data\external_test_realwaste\plastic\Plastic_234.jpg,plastic,trash,0.387198,True
data\external_test_realwaste\plastic\Plastic_236.jpg,plastic,trash,0.492024,True
data\external_test_realwaste\plastic\Plastic_237.jpg,plastic,trash,0.979613,False
data\external_test_realwaste\plastic\Plastic_24.jpg,plastic,metal,0.985544,False
data\external_test_realwaste\plastic\Plastic_240.jpg,plastic,metal,0.643332,False
data\external_test_realwaste\plastic\Plastic_241.jpg,plastic,cardboard,0.813062,False
data\external_test_realwaste\plastic\Plastic_242.jpg,plastic,cardboard,0.508036,True
data\external_test_realwaste\plastic\Plastic_246.jpg,plastic,metal,0.552742,True
data\external_test_realwaste\plastic\Plastic_247.jpg,plastic,trash,0.908095,False
data\external_test_realwaste\plastic\Plastic_248.jpg,plastic,trash,0.989229,False
data\external_test_realwaste\plastic\Plastic_249.jpg,plastic,trash,0.924808,False
data\external_test_realwaste\plastic\Plastic_25.jpg,plastic,cardboard,0.612449,False
data\external_test_realwaste\plastic\Plastic_250.jpg,plastic,cardboard,0.745926,False
data\external_test_realwaste\plastic\Plastic_251.jpg,plastic,cardboard,0.917631,False
data\external_test_realwaste\plastic\Plastic_252.jpg,plastic,cardboard,0.941283,False
data\external_test_realwaste\plastic\Plastic_253.jpg,plastic,trash,0.884951,False
data\external_test_realwaste\plastic\Plastic_254.jpg,plastic,cardboard,0.988443,False
data\external_test_realwaste\plastic\Plastic_255.jpg,plastic,cardboard,0.85725,False
data\external_test_realwaste\plastic\Plastic_256.jpg,plastic,trash,0.619831,False
data\external_test_realwaste\plastic\Plastic_257.jpg,plastic,trash,0.667685,False
data\external_test_realwaste\plastic\Plastic_258.jpg,plastic,trash,0.892365,False
data\external_test_realwaste\plastic\Plastic_259.jpg,plastic,trash,0.323583,True
data\external_test_realwaste\plastic\Plastic_26.jpg,plastic,trash,0.803579,False
data\external_test_realwaste\plastic\Plastic_260.jpg,plastic,paper,0.793352,False
data\external_test_realwaste\plastic\Plastic_261.jpg,plastic,paper,0.551729,True
data\external_test_realwaste\plastic\Plastic_262.jpg,plastic,metal,0.523591,True
data\external_test_realwaste\plastic\Plastic_263.jpg,plastic,trash,0.909512,False
data\external_test_realwaste\plastic\Plastic_264.jpg,plastic,cardboard,0.877176,False
data\external_test_realwaste\plastic\Plastic_266.jpg,plastic,trash,0.807346,False
data\external_test_realwaste\plastic\Plastic_268.jpg,plastic,cardboard,0.848686,False
data\external_test_realwaste\plastic\Plastic_269.jpg,plastic,cardboard,0.437707,True
data\external_test_realwaste\plastic\Plastic_27.jpg,plastic,cardboard,0.937462,False
data\external_test_realwaste\plastic\Plastic_271.jpg,plastic,cardboard,0.707867,False
data\external_test_realwaste\plastic\Plastic_272.jpg,plastic,trash,0.943993,False
data\external_test_realwaste\plastic\Plastic_273.jpg,plastic,paper,0.779253,False
data\external_test_realwaste\plastic\Plastic_274.jpg,plastic,paper,0.853628,False
data\external_test_realwaste\plastic\Plastic_277.jpg,plastic,paper,0.457272,True
data\external_test_realwaste\plastic\Plastic_278.jpg,plastic,cardboard,0.488117,True
data\external_test_realwaste\plastic\Plastic_279.jpg,plastic,paper,0.844637,False
data\external_test_realwaste\plastic\Plastic_28.jpg,plastic,trash,0.852973,False
data\external_test_realwaste\plastic\Plastic_280.jpg,plastic,trash,0.996735,False
data\external_test_realwaste\plastic\Plastic_281.jpg,plastic,trash,0.331279,True
data\external_test_realwaste\plastic\Plastic_282.jpg,plastic,trash,0.534457,True
data\external_test_realwaste\plastic\Plastic_284.jpg,plastic,trash,0.718113,False
data\external_test_realwaste\plastic\Plastic_285.jpg,plastic,trash,0.408304,True
data\external_test_realwaste\plastic\Plastic_286.jpg,plastic,metal,0.516089,True
data\external_test_realwaste\plastic\Plastic_287.jpg,plastic,trash,0.656889,False
data\external_test_realwaste\plastic\Plastic_288.jpg,plastic,trash,0.53603,True
data\external_test_realwaste\plastic\Plastic_289.jpg,plastic,cardboard,0.98571,False
data\external_test_realwaste\plastic\Plastic_29.jpg,plastic,cardboard,0.494676,True
data\external_test_realwaste\plastic\Plastic_290.jpg,plastic,trash,0.647467,False
data\external_test_realwaste\plastic\Plastic_291.jpg,plastic,trash,0.626563,False
data\external_test_realwaste\plastic\Plastic_292.jpg,plastic,paper,0.497808,True
data\external_test_realwaste\plastic\Plastic_293.jpg,plastic,cardboard,0.742961,False
data\external_test_realwaste\plastic\Plastic_294.jpg,plastic,metal,0.430391,True
data\external_test_realwaste\plastic\Plastic_295.jpg,plastic,trash,0.629731,False
data\external_test_realwaste\plastic\Plastic_296.jpg,plastic,trash,0.959809,False
data\external_test_realwaste\plastic\Plastic_297.jpg,plastic,trash,0.859481,False
data\external_test_realwaste\plastic\Plastic_298.jpg,plastic,trash,0.388378,True
data\external_test_realwaste\plastic\Plastic_299.jpg,plastic,paper,0.543632,True
data\external_test_realwaste\plastic\Plastic_300.jpg,plastic,paper,0.596675,True
data\external_test_realwaste\plastic\Plastic_301.jpg,plastic,metal,0.586193,True
data\external_test_realwaste\plastic\Plastic_302.jpg,plastic,trash,0.482293,True
data\external_test_realwaste\plastic\Plastic_303.jpg,plastic,cardboard,0.897232,False
data\external_test_realwaste\plastic\Plastic_304.jpg,plastic,paper,0.652833,False
data\external_test_realwaste\plastic\Plastic_305.jpg,plastic,cardboard,0.459107,True
data\external_test_realwaste\plastic\Plastic_306.jpg,plastic,trash,0.902154,False
data\external_test_realwaste\plastic\Plastic_308.jpg,plastic,trash,0.518817,True
data\external_test_realwaste\plastic\Plastic_309.jpg,plastic,trash,0.742734,False
data\external_test_realwaste\plastic\Plastic_31.jpg,plastic,paper,0.584754,True
data\external_test_realwaste\plastic\Plastic_311.jpg,plastic,trash,0.621456,False
data\external_test_realwaste\plastic\Plastic_312.jpg,plastic,metal,0.542706,True
data\external_test_realwaste\plastic\Plastic_313.jpg,plastic,cardboard,0.788704,False
data\external_test_realwaste\plastic\Plastic_314.jpg,plastic,metal,0.935587,False
data\external_test_realwaste\plastic\Plastic_315.jpg,plastic,trash,0.49172,True
data\external_test_realwaste\plastic\Plastic_316.jpg,plastic,trash,0.712729,False
data\external_test_realwaste\plastic\Plastic_317.jpg,plastic,trash,0.465332,True
data\external_test_realwaste\plastic\Plastic_319.jpg,plastic,cardboard,0.959223,False
data\external_test_realwaste\plastic\Plastic_32.jpg,plastic,trash,0.642023,False
data\external_test_realwaste\plastic\Plastic_320.jpg,plastic,cardboard,0.735855,False
data\external_test_realwaste\plastic\Plastic_321.jpg,plastic,cardboard,0.63051,False
data\external_test_realwaste\plastic\Plastic_322.jpg,plastic,cardboard,0.853431,False
data\external_test_realwaste\plastic\Plastic_323.jpg,plastic,trash,0.783465,False
data\external_test_realwaste\plastic\Plastic_324.jpg,plastic,metal,0.473467,True
data\external_test_realwaste\plastic\Plastic_325.jpg,plastic,cardboard,0.617954,False
data\external_test_realwaste\plastic\Plastic_326.jpg,plastic,cardboard,0.420924,True
data\external_test_realwaste\plastic\Plastic_327.jpg,plastic,trash,0.910446,False
data\external_test_realwaste\plastic\Plastic_331.jpg,plastic,cardboard,0.930548,False
data\external_test_realwaste\plastic\Plastic_332.jpg,plastic,cardboard,0.522155,True
data\external_test_realwaste\plastic\Plastic_333.jpg,plastic,cardboard,0.975091,False
data\external_test_realwaste\plastic\Plastic_334.jpg,plastic,paper,0.588882,True
data\external_test_realwaste\plastic\Plastic_335.jpg,plastic,paper,0.77822,False
data\external_test_realwaste\plastic\Plastic_337.jpg,plastic,cardboard,0.749809,False
data\external_test_realwaste\plastic\Plastic_338.jpg,plastic,cardboard,0.965787,False
data\external_test_realwaste\plastic\Plastic_339.jpg,plastic,cardboard,0.991296,False
data\external_test_realwaste\plastic\Plastic_34.jpg,plastic,cardboard,0.723259,False
data\external_test_realwaste\plastic\Plastic_340.jpg,plastic,cardboard,0.374351,True
data\external_test_realwaste\plastic\Plastic_341.jpg,plastic,cardboard,0.671518,False
data\external_test_realwaste\plastic\Plastic_342.jpg,plastic,cardboard,0.546394,True
data\external_test_realwaste\plastic\Plastic_343.jpg,plastic,cardboard,0.84705,False
data\external_test_realwaste\plastic\Plastic_344.jpg,plastic,paper,0.618965,False
data\external_test_realwaste\plastic\Plastic_345.jpg,plastic,paper,0.969313,False
data\external_test_realwaste\plastic\Plastic_346.jpg,plastic,cardboard,0.56734,True
data\external_test_realwaste\plastic\Plastic_347.jpg,plastic,cardboard,0.790283,False
data\external_test_realwaste\plastic\Plastic_348.jpg,plastic,trash,0.606179,False
data\external_test_realwaste\plastic\Plastic_349.jpg,plastic,trash,0.484348,True
data\external_test_realwaste\plastic\Plastic_35.jpg,plastic,metal,0.56447,True
data\external_test_realwaste\plastic\Plastic_350.jpg,plastic,paper,0.877799,False
data\external_test_realwaste\plastic\Plastic_351.jpg,plastic,cardboard,0.45461,True
data\external_test_realwaste\plastic\Plastic_352.jpg,plastic,cardboard,0.858434,False
data\external_test_realwaste\plastic\Plastic_353.jpg,plastic,cardboard,0.819322,False
data\external_test_realwaste\plastic\Plastic_354.jpg,plastic,cardboard,0.955283,False
data\external_test_realwaste\plastic\Plastic_355.jpg,plastic,trash,0.479175,True
data\external_test_realwaste\plastic\Plastic_356.jpg,plastic,paper,0.962643,False
data\external_test_realwaste\plastic\Plastic_358.jpg,plastic,trash,0.89744,False
data\external_test_realwaste\plastic\Plastic_359.jpg,plastic,glass,0.526856,True
data\external_test_realwaste\plastic\Plastic_36.jpg,plastic,trash,0.543874,True
data\external_test_realwaste\plastic\Plastic_360.jpg,plastic,cardboard,0.87925,False
data\external_test_realwaste\plastic\Plastic_361.jpg,plastic,paper,0.963731,False
data\external_test_realwaste\plastic\Plastic_362.jpg,plastic,trash,0.698159,False
data\external_test_realwaste\plastic\Plastic_363.jpg,plastic,paper,0.991848,False
data\external_test_realwaste\plastic\Plastic_364.jpg,plastic,paper,0.951478,False
data\external_test_realwaste\plastic\Plastic_365.jpg,plastic,cardboard,0.69725,False
data\external_test_realwaste\plastic\Plastic_366.jpg,plastic,cardboard,0.96618,False
data\external_test_realwaste\plastic\Plastic_367.jpg,plastic,cardboard,0.797101,False
data\external_test_realwaste\plastic\Plastic_369.jpg,plastic,paper,0.473104,True
data\external_test_realwaste\plastic\Plastic_37.jpg,plastic,cardboard,0.908413,False
data\external_test_realwaste\plastic\Plastic_370.jpg,plastic,paper,0.83564,False
data\external_test_realwaste\plastic\Plastic_371.jpg,plastic,paper,0.800883,False
data\external_test_realwaste\plastic\Plastic_372.jpg,plastic,paper,0.929306,False
data\external_test_realwaste\plastic\Plastic_373.jpg,plastic,paper,0.872259,False
data\external_test_realwaste\plastic\Plastic_374.jpg,plastic,paper,0.877818,False
data\external_test_realwaste\plastic\Plastic_375.jpg,plastic,cardboard,0.426036,True
data\external_test_realwaste\plastic\Plastic_376.jpg,plastic,paper,0.920279,False
data\external_test_realwaste\plastic\Plastic_377.jpg,plastic,cardboard,0.441288,True
data\external_test_realwaste\plastic\Plastic_378.jpg,plastic,cardboard,0.586846,True
data\external_test_realwaste\plastic\Plastic_38.jpg,plastic,trash,0.898321,False
data\external_test_realwaste\plastic\Plastic_380.jpg,plastic,cardboard,0.590301,True
data\external_test_realwaste\plastic\Plastic_381.jpg,plastic,trash,0.580325,True
data\external_test_realwaste\plastic\Plastic_382.jpg,plastic,trash,0.46691,True
data\external_test_realwaste\plastic\Plastic_383.jpg,plastic,cardboard,0.566897,True
data\external_test_realwaste\plastic\Plastic_384.jpg,plastic,cardboard,0.903605,False
data\external_test_realwaste\plastic\Plastic_385.jpg,plastic,trash,0.968913,False
data\external_test_realwaste\plastic\Plastic_386.jpg,plastic,trash,0.632115,False
data\external_test_realwaste\plastic\Plastic_387.jpg,plastic,trash,0.988944,False
data\external_test_realwaste\plastic\Plastic_388.jpg,plastic,trash,0.977849,False
data\external_test_realwaste\plastic\Plastic_389.jpg,plastic,trash,0.990181,False
data\external_test_realwaste\plastic\Plastic_39.jpg,plastic,trash,0.612929,False
data\external_test_realwaste\plastic\Plastic_391.jpg,plastic,trash,0.603067,False
data\external_test_realwaste\plastic\Plastic_392.jpg,plastic,trash,0.527505,True
data\external_test_realwaste\plastic\Plastic_393.jpg,plastic,cardboard,0.82427,False
data\external_test_realwaste\plastic\Plastic_394.jpg,plastic,cardboard,0.45109,True
data\external_test_realwaste\plastic\Plastic_395.jpg,plastic,cardboard,0.439145,True
data\external_test_realwaste\plastic\Plastic_396.jpg,plastic,metal,0.966976,False
data\external_test_realwaste\plastic\Plastic_397.jpg,plastic,metal,0.763368,False
data\external_test_realwaste\plastic\Plastic_398.jpg,plastic,cardboard,0.880186,False
data\external_test_realwaste\plastic\Plastic_399.jpg,plastic,trash,0.939936,False
data\external_test_realwaste\plastic\Plastic_4.jpg,plastic,trash,0.704652,False
data\external_test_realwaste\plastic\Plastic_40.jpg,plastic,trash,0.685251,False
data\external_test_realwaste\plastic\Plastic_400.jpg,plastic,metal,0.404042,True
data\external_test_realwaste\plastic\Plastic_401.jpg,plastic,cardboard,0.552023,True
data\external_test_realwaste\plastic\Plastic_403.jpg,plastic,metal,0.524582,True
data\external_test_realwaste\plastic\Plastic_404.jpg,plastic,metal,0.944869,False
data\external_test_realwaste\plastic\Plastic_405.jpg,plastic,metal,0.649477,False
data\external_test_realwaste\plastic\Plastic_406.jpg,plastic,trash,0.792702,False
data\external_test_realwaste\plastic\Plastic_407.jpg,plastic,cardboard,0.412394,True
data\external_test_realwaste\plastic\Plastic_408.jpg,plastic,paper,0.853566,False
data\external_test_realwaste\plastic\Plastic_41.jpg,plastic,metal,0.474121,True
data\external_test_realwaste\plastic\Plastic_411.jpg,plastic,trash,0.842881,False
data\external_test_realwaste\plastic\Plastic_412.jpg,plastic,trash,0.502936,True
data\external_test_realwaste\plastic\Plastic_414.jpg,plastic,cardboard,0.538665,True
data\external_test_realwaste\plastic\Plastic_416.jpg,plastic,cardboard,0.783547,False
data\external_test_realwaste\plastic\Plastic_417.jpg,plastic,metal,0.85123,False
data\external_test_realwaste\plastic\Plastic_418.jpg,plastic,paper,0.536052,True
data\external_test_realwaste\plastic\Plastic_42.jpg,plastic,cardboard,0.570108,True
data\external_test_realwaste\plastic\Plastic_420.jpg,plastic,cardboard,0.808749,False
data\external_test_realwaste\plastic\Plastic_421.jpg,plastic,cardboard,0.888445,False
data\external_test_realwaste\plastic\Plastic_422.jpg,plastic,trash,0.91994,False
data\external_test_realwaste\plastic\Plastic_423.jpg,plastic,trash,0.926872,False
data\external_test_realwaste\plastic\Plastic_424.jpg,plastic,trash,0.720851,False
data\external_test_realwaste\plastic\Plastic_425.jpg,plastic,trash,0.951974,False
data\external_test_realwaste\plastic\Plastic_426.jpg,plastic,trash,0.888675,False
data\external_test_realwaste\plastic\Plastic_428.jpg,plastic,metal,0.628954,False
data\external_test_realwaste\plastic\Plastic_429.jpg,plastic,trash,0.570222,True
data\external_test_realwaste\plastic\Plastic_43.jpg,plastic,trash,0.735042,False
data\external_test_realwaste\plastic\Plastic_430.jpg,plastic,trash,0.570479,True
data\external_test_realwaste\plastic\Plastic_431.jpg,plastic,trash,0.785995,False
data\external_test_realwaste\plastic\Plastic_433.jpg,plastic,glass,0.383552,True
data\external_test_realwaste\plastic\Plastic_434.jpg,plastic,cardboard,0.778045,False
data\external_test_realwaste\plastic\Plastic_437.jpg,plastic,trash,0.870122,False
data\external_test_realwaste\plastic\Plastic_44.jpg,plastic,trash,0.96089,False
data\external_test_realwaste\plastic\Plastic_443.jpg,plastic,trash,0.491065,True
data\external_test_realwaste\plastic\Plastic_444.jpg,plastic,trash,0.601409,False
data\external_test_realwaste\plastic\Plastic_446.jpg,plastic,trash,0.550829,True
data\external_test_realwaste\plastic\Plastic_447.jpg,plastic,trash,0.933042,False
data\external_test_realwaste\plastic\Plastic_448.jpg,plastic,trash,0.655971,False
data\external_test_realwaste\plastic\Plastic_449.jpg,plastic,trash,0.687378,False
data\external_test_realwaste\plastic\Plastic_45.jpg,plastic,trash,0.750938,False
data\external_test_realwaste\plastic\Plastic_450.jpg,plastic,metal,0.490522,True
data\external_test_realwaste\plastic\Plastic_451.jpg,plastic,trash,0.969218,False
data\external_test_realwaste\plastic\Plastic_453.jpg,plastic,trash,0.661519,False
data\external_test_realwaste\plastic\Plastic_454.jpg,plastic,trash,0.985238,False
data\external_test_realwaste\plastic\Plastic_456.jpg,plastic,trash,0.992867,False
data\external_test_realwaste\plastic\Plastic_457.jpg,plastic,cardboard,0.874916,False
data\external_test_realwaste\plastic\Plastic_458.jpg,plastic,trash,0.788627,False
data\external_test_realwaste\plastic\Plastic_46.jpg,plastic,metal,0.856347,False
data\external_test_realwaste\plastic\Plastic_460.jpg,plastic,trash,0.983885,False
data\external_test_realwaste\plastic\Plastic_462.jpg,plastic,metal,0.587155,True
data\external_test_realwaste\plastic\Plastic_463.jpg,plastic,trash,0.991442,False
data\external_test_realwaste\plastic\Plastic_464.jpg,plastic,trash,0.980203,False
data\external_test_realwaste\plastic\Plastic_465.jpg,plastic,trash,0.925177,False
data\external_test_realwaste\plastic\Plastic_466.jpg,plastic,trash,0.994477,False
data\external_test_realwaste\plastic\Plastic_468.jpg,plastic,cardboard,0.933772,False
data\external_test_realwaste\plastic\Plastic_469.jpg,plastic,trash,0.964724,False
data\external_test_realwaste\plastic\Plastic_47.jpg,plastic,trash,0.67518,False
data\external_test_realwaste\plastic\Plastic_470.jpg,plastic,trash,0.943388,False
data\external_test_realwaste\plastic\Plastic_471.jpg,plastic,trash,0.981451,False
data\external_test_realwaste\plastic\Plastic_472.jpg,plastic,trash,0.876231,False
data\external_test_realwaste\plastic\Plastic_473.jpg,plastic,trash,0.657668,False
data\external_test_realwaste\plastic\Plastic_474.jpg,plastic,trash,0.608199,False
data\external_test_realwaste\plastic\Plastic_475.jpg,plastic,trash,0.821397,False
data\external_test_realwaste\plastic\Plastic_477.jpg,plastic,trash,0.823027,False
data\external_test_realwaste\plastic\Plastic_478.jpg,plastic,trash,0.558912,True
data\external_test_realwaste\plastic\Plastic_479.jpg,plastic,cardboard,0.881785,False
data\external_test_realwaste\plastic\Plastic_48.jpg,plastic,trash,0.573071,True
data\external_test_realwaste\plastic\Plastic_480.jpg,plastic,trash,0.947879,False
data\external_test_realwaste\plastic\Plastic_481.jpg,plastic,trash,0.940006,False
data\external_test_realwaste\plastic\Plastic_482.jpg,plastic,trash,0.951194,False
data\external_test_realwaste\plastic\Plastic_483.jpg,plastic,trash,0.88686,False
data\external_test_realwaste\plastic\Plastic_484.jpg,plastic,trash,0.990773,False
data\external_test_realwaste\plastic\Plastic_485.jpg,plastic,trash,0.621075,False
data\external_test_realwaste\plastic\Plastic_487.jpg,plastic,trash,0.955875,False
data\external_test_realwaste\plastic\Plastic_488.jpg,plastic,trash,0.961237,False
data\external_test_realwaste\plastic\Plastic_489.jpg,plastic,trash,0.495141,True
data\external_test_realwaste\plastic\Plastic_49.jpg,plastic,cardboard,0.479499,True
data\external_test_realwaste\plastic\Plastic_490.jpg,plastic,trash,0.469941,True
data\external_test_realwaste\plastic\Plastic_491.jpg,plastic,trash,0.583613,True
data\external_test_realwaste\plastic\Plastic_492.jpg,plastic,trash,0.644508,False
data\external_test_realwaste\plastic\Plastic_493.jpg,plastic,trash,0.820562,False
data\external_test_realwaste\plastic\Plastic_494.jpg,plastic,trash,0.683405,False
data\external_test_realwaste\plastic\Plastic_495.jpg,plastic,cardboard,0.90276,False
data\external_test_realwaste\plastic\Plastic_496.jpg,plastic,trash,0.705554,False
data\external_test_realwaste\plastic\Plastic_499.jpg,plastic,paper,0.35601,True
data\external_test_realwaste\plastic\Plastic_5.jpg,plastic,metal,0.773566,False
data\external_test_realwaste\plastic\Plastic_50.jpg,plastic,trash,0.766759,False
data\external_test_realwaste\plastic\Plastic_500.jpg,plastic,trash,0.742086,False
data\external_test_realwaste\plastic\Plastic_501.jpg,plastic,cardboard,0.528731,True
data\external_test_realwaste\plastic\Plastic_502.jpg,plastic,cardboard,0.492691,True
data\external_test_realwaste\plastic\Plastic_504.jpg,plastic,trash,0.597658,True
data\external_test_realwaste\plastic\Plastic_505.jpg,plastic,trash,0.618862,False
data\external_test_realwaste\plastic\Plastic_506.jpg,plastic,cardboard,0.948864,False
data\external_test_realwaste\plastic\Plastic_509.jpg,plastic,trash,0.922153,False
data\external_test_realwaste\plastic\Plastic_510.jpg,plastic,trash,0.700978,False
data\external_test_realwaste\plastic\Plastic_511.jpg,plastic,trash,0.509954,True
data\external_test_realwaste\plastic\Plastic_512.jpg,plastic,cardboard,0.583752,True
data\external_test_realwaste\plastic\Plastic_515.jpg,plastic,trash,0.946495,False
data\external_test_realwaste\plastic\Plastic_516.jpg,plastic,trash,0.860664,False
data\external_test_realwaste\plastic\Plastic_518.jpg,plastic,cardboard,0.626553,False
data\external_test_realwaste\plastic\Plastic_519.jpg,plastic,cardboard,0.715231,False
data\external_test_realwaste\plastic\Plastic_52.jpg,plastic,metal,0.894998,False
data\external_test_realwaste\plastic\Plastic_521.jpg,plastic,cardboard,0.52391,True
data\external_test_realwaste\plastic\Plastic_523.jpg,plastic,trash,0.844521,False
data\external_test_realwaste\plastic\Plastic_524.jpg,plastic,cardboard,0.653679,False
data\external_test_realwaste\plastic\Plastic_526.jpg,plastic,trash,0.710808,False
data\external_test_realwaste\plastic\Plastic_527.jpg,plastic,trash,0.986705,False
data\external_test_realwaste\plastic\Plastic_529.jpg,plastic,trash,0.823075,False
data\external_test_realwaste\plastic\Plastic_53.jpg,plastic,trash,0.887893,False
data\external_test_realwaste\plastic\Plastic_531.jpg,plastic,cardboard,0.987658,False
data\external_test_realwaste\plastic\Plastic_533.jpg,plastic,cardboard,0.822119,False
data\external_test_realwaste\plastic\Plastic_534.jpg,plastic,trash,0.86913,False
data\external_test_realwaste\plastic\Plastic_535.jpg,plastic,trash,0.438157,True
data\external_test_realwaste\plastic\Plastic_536.jpg,plastic,cardboard,0.831711,False
data\external_test_realwaste\plastic\Plastic_54.jpg,plastic,trash,0.852914,False
data\external_test_realwaste\plastic\Plastic_541.jpg,plastic,cardboard,0.567949,True
data\external_test_realwaste\plastic\Plastic_542.jpg,plastic,trash,0.529907,True
data\external_test_realwaste\plastic\Plastic_543.jpg,plastic,cardboard,0.699047,False
data\external_test_realwaste\plastic\Plastic_544.jpg,plastic,cardboard,0.56388,True
data\external_test_realwaste\plastic\Plastic_545.jpg,plastic,cardboard,0.589283,True
data\external_test_realwaste\plastic\Plastic_546.jpg,plastic,trash,0.405945,True
data\external_test_realwaste\plastic\Plastic_547.jpg,plastic,paper,0.355866,True
data\external_test_realwaste\plastic\Plastic_548.jpg,plastic,trash,0.823293,False
data\external_test_realwaste\plastic\Plastic_549.jpg,plastic,trash,0.340259,True
data\external_test_realwaste\plastic\Plastic_55.jpg,plastic,trash,0.655672,False
data\external_test_realwaste\plastic\Plastic_551.jpg,plastic,trash,0.678046,False
data\external_test_realwaste\plastic\Plastic_552.jpg,plastic,cardboard,0.665419,False
data\external_test_realwaste\plastic\Plastic_554.jpg,plastic,trash,0.969861,False
data\external_test_realwaste\plastic\Plastic_558.jpg,plastic,trash,0.547518,True
data\external_test_realwaste\plastic\Plastic_559.jpg,plastic,cardboard,0.410712,True
data\external_test_realwaste\plastic\Plastic_56.jpg,plastic,trash,0.639919,False
data\external_test_realwaste\plastic\Plastic_560.jpg,plastic,cardboard,0.516138,True
data\external_test_realwaste\plastic\Plastic_562.jpg,plastic,cardboard,0.531448,True
data\external_test_realwaste\plastic\Plastic_563.jpg,plastic,cardboard,0.858451,False
data\external_test_realwaste\plastic\Plastic_564.jpg,plastic,cardboard,0.699031,False
data\external_test_realwaste\plastic\Plastic_566.jpg,plastic,trash,0.754207,False
data\external_test_realwaste\plastic\Plastic_569.jpg,plastic,cardboard,0.585814,True
data\external_test_realwaste\plastic\Plastic_57.jpg,plastic,cardboard,0.503993,True
data\external_test_realwaste\plastic\Plastic_570.jpg,plastic,cardboard,0.831972,False
data\external_test_realwaste\plastic\Plastic_572.jpg,plastic,cardboard,0.848297,False
data\external_test_realwaste\plastic\Plastic_574.jpg,plastic,cardboard,0.900381,False
data\external_test_realwaste\plastic\Plastic_576.jpg,plastic,trash,0.950801,False
data\external_test_realwaste\plastic\Plastic_577.jpg,plastic,trash,0.828763,False
data\external_test_realwaste\plastic\Plastic_578.jpg,plastic,trash,0.74227,False
data\external_test_realwaste\plastic\Plastic_579.jpg,plastic,trash,0.949979,False
data\external_test_realwaste\plastic\Plastic_58.jpg,plastic,trash,0.817477,False
data\external_test_realwaste\plastic\Plastic_580.jpg,plastic,trash,0.595201,True
data\external_test_realwaste\plastic\Plastic_581.jpg,plastic,trash,0.621982,False
data\external_test_realwaste\plastic\Plastic_582.jpg,plastic,trash,0.44429,True
data\external_test_realwaste\plastic\Plastic_583.jpg,plastic,trash,0.797185,False
data\external_test_realwaste\plastic\Plastic_585.jpg,plastic,metal,0.390939,True
data\external_test_realwaste\plastic\Plastic_586.jpg,plastic,cardboard,0.333868,True
data\external_test_realwaste\plastic\Plastic_587.jpg,plastic,trash,0.502126,True
data\external_test_realwaste\plastic\Plastic_588.jpg,plastic,cardboard,0.351148,True
data\external_test_realwaste\plastic\Plastic_589.jpg,plastic,trash,0.533521,True
data\external_test_realwaste\plastic\Plastic_59.jpg,plastic,metal,0.902672,False
data\external_test_realwaste\plastic\Plastic_591.jpg,plastic,trash,0.373278,True
data\external_test_realwaste\plastic\Plastic_592.jpg,plastic,cardboard,0.378346,True
data\external_test_realwaste\plastic\Plastic_594.jpg,plastic,paper,0.579831,True
data\external_test_realwaste\plastic\Plastic_595.jpg,plastic,metal,0.531016,True
data\external_test_realwaste\plastic\Plastic_6.jpg,plastic,trash,0.798989,False
data\external_test_realwaste\plastic\Plastic_60.jpg,plastic,trash,0.765395,False
data\external_test_realwaste\plastic\Plastic_600.jpg,plastic,trash,0.887306,False
data\external_test_realwaste\plastic\Plastic_603.jpg,plastic,trash,0.387082,True
data\external_test_realwaste\plastic\Plastic_605.jpg,plastic,cardboard,0.919163,False
data\external_test_realwaste\plastic\Plastic_606.jpg,plastic,cardboard,0.52587,True
data\external_test_realwaste\plastic\Plastic_609.jpg,plastic,trash,0.536825,True
data\external_test_realwaste\plastic\Plastic_61.jpg,plastic,cardboard,0.466717,True
data\external_test_realwaste\plastic\Plastic_610.jpg,plastic,trash,0.72322,False
data\external_test_realwaste\plastic\Plastic_611.jpg,plastic,trash,0.873999,False
data\external_test_realwaste\plastic\Plastic_612.jpg,plastic,cardboard,0.315687,True
data\external_test_realwaste\plastic\Plastic_615.jpg,plastic,cardboard,0.432577,True
data\external_test_realwaste\plastic\Plastic_617.jpg,plastic,trash,0.658005,False
data\external_test_realwaste\plastic\Plastic_618.jpg,plastic,cardboard,0.332187,True
data\external_test_realwaste\plastic\Plastic_619.jpg,plastic,cardboard,0.585287,True
data\external_test_realwaste\plastic\Plastic_62.jpg,plastic,trash,0.445722,True
data\external_test_realwaste\plastic\Plastic_620.jpg,plastic,trash,0.438826,True
data\external_test_realwaste\plastic\Plastic_621.jpg,plastic,cardboard,0.328644,True
data\external_test_realwaste\plastic\Plastic_622.jpg,plastic,trash,0.46219,True
data\external_test_realwaste\plastic\Plastic_623.jpg,plastic,trash,0.750573,False
data\external_test_realwaste\plastic\Plastic_624.jpg,plastic,cardboard,0.822265,False
data\external_test_realwaste\plastic\Plastic_625.jpg,plastic,cardboard,0.910063,False
data\external_test_realwaste\plastic\Plastic_626.jpg,plastic,cardboard,0.677196,False
data\external_test_realwaste\plastic\Plastic_627.jpg,plastic,cardboard,0.636561,False
data\external_test_realwaste\plastic\Plastic_628.jpg,plastic,trash,0.898396,False
data\external_test_realwaste\plastic\Plastic_629.jpg,plastic,trash,0.423678,True
data\external_test_realwaste\plastic\Plastic_63.jpg,plastic,cardboard,0.737131,False
data\external_test_realwaste\plastic\Plastic_630.jpg,plastic,trash,0.868193,False
data\external_test_realwaste\plastic\Plastic_632.jpg,plastic,trash,0.812751,False
data\external_test_realwaste\plastic\Plastic_633.jpg,plastic,metal,0.805864,False
data\external_test_realwaste\plastic\Plastic_634.jpg,plastic,trash,0.734589,False
data\external_test_realwaste\plastic\Plastic_635.jpg,plastic,trash,0.650263,False
data\external_test_realwaste\plastic\Plastic_636.jpg,plastic,trash,0.653522,False
data\external_test_realwaste\plastic\Plastic_638.jpg,plastic,cardboard,0.581687,True
data\external_test_realwaste\plastic\Plastic_639.jpg,plastic,cardboard,0.920835,False
data\external_test_realwaste\plastic\Plastic_64.jpg,plastic,metal,0.486493,True
data\external_test_realwaste\plastic\Plastic_640.jpg,plastic,cardboard,0.930265,False
data\external_test_realwaste\plastic\Plastic_643.jpg,plastic,cardboard,0.496984,True
data\external_test_realwaste\plastic\Plastic_644.jpg,plastic,cardboard,0.761599,False
data\external_test_realwaste\plastic\Plastic_645.jpg,plastic,metal,0.778416,False
data\external_test_realwaste\plastic\Plastic_646.jpg,plastic,trash,0.502838,True
data\external_test_realwaste\plastic\Plastic_647.jpg,plastic,cardboard,0.479384,True
data\external_test_realwaste\plastic\Plastic_648.jpg,plastic,cardboard,0.455614,True
data\external_test_realwaste\plastic\Plastic_649.jpg,plastic,cardboard,0.649054,False
data\external_test_realwaste\plastic\Plastic_65.jpg,plastic,cardboard,0.608455,False
data\external_test_realwaste\plastic\Plastic_650.jpg,plastic,cardboard,0.595577,True
data\external_test_realwaste\plastic\Plastic_651.jpg,plastic,cardboard,0.829632,False
data\external_test_realwaste\plastic\Plastic_652.jpg,plastic,trash,0.552029,True
data\external_test_realwaste\plastic\Plastic_653.jpg,plastic,metal,0.651247,False
data\external_test_realwaste\plastic\Plastic_655.jpg,plastic,cardboard,0.66456,False
data\external_test_realwaste\plastic\Plastic_656.jpg,plastic,metal,0.890166,False
data\external_test_realwaste\plastic\Plastic_657.jpg,plastic,cardboard,0.54767,True
data\external_test_realwaste\plastic\Plastic_658.jpg,plastic,cardboard,0.654661,False
data\external_test_realwaste\plastic\Plastic_659.jpg,plastic,trash,0.492428,True
data\external_test_realwaste\plastic\Plastic_66.jpg,plastic,trash,0.996417,False
data\external_test_realwaste\plastic\Plastic_660.jpg,plastic,trash,0.710197,False
data\external_test_realwaste\plastic\Plastic_661.jpg,plastic,glass,0.697109,False
data\external_test_realwaste\plastic\Plastic_662.jpg,plastic,cardboard,0.760124,False
data\external_test_realwaste\plastic\Plastic_664.jpg,plastic,trash,0.588053,True
data\external_test_realwaste\plastic\Plastic_665.jpg,plastic,metal,0.531281,True
data\external_test_realwaste\plastic\Plastic_666.jpg,plastic,trash,0.651984,False
data\external_test_realwaste\plastic\Plastic_667.jpg,plastic,trash,0.478055,True
data\external_test_realwaste\plastic\Plastic_669.jpg,plastic,glass,0.39461,True
data\external_test_realwaste\plastic\Plastic_67.jpg,plastic,trash,0.872206,False
data\external_test_realwaste\plastic\Plastic_670.jpg,plastic,trash,0.491803,True
data\external_test_realwaste\plastic\Plastic_671.jpg,plastic,trash,0.53217,True
data\external_test_realwaste\plastic\Plastic_672.jpg,plastic,trash,0.890717,False
data\external_test_realwaste\plastic\Plastic_673.jpg,plastic,cardboard,0.712649,False
data\external_test_realwaste\plastic\Plastic_674.jpg,plastic,trash,0.546455,True
data\external_test_realwaste\plastic\Plastic_675.jpg,plastic,trash,0.442918,True
data\external_test_realwaste\plastic\Plastic_676.jpg,plastic,cardboard,0.626229,False
data\external_test_realwaste\plastic\Plastic_677.jpg,plastic,cardboard,0.83542,False
data\external_test_realwaste\plastic\Plastic_678.jpg,plastic,trash,0.552232,True
data\external_test_realwaste\plastic\Plastic_679.jpg,plastic,cardboard,0.366496,True
data\external_test_realwaste\plastic\Plastic_68.jpg,plastic,paper,0.485493,True
data\external_test_realwaste\plastic\Plastic_680.jpg,plastic,cardboard,0.624804,False
data\external_test_realwaste\plastic\Plastic_681.jpg,plastic,cardboard,0.637644,False
data\external_test_realwaste\plastic\Plastic_682.jpg,plastic,cardboard,0.886797,False
data\external_test_realwaste\plastic\Plastic_683.jpg,plastic,cardboard,0.903561,False
data\external_test_realwaste\plastic\Plastic_684.jpg,plastic,cardboard,0.851683,False
data\external_test_realwaste\plastic\Plastic_685.jpg,plastic,trash,0.663244,False
data\external_test_realwaste\plastic\Plastic_686.jpg,plastic,cardboard,0.874419,False
data\external_test_realwaste\plastic\Plastic_687.jpg,plastic,cardboard,0.51847,True
data\external_test_realwaste\plastic\Plastic_688.jpg,plastic,cardboard,0.54874,True
data\external_test_realwaste\plastic\Plastic_689.jpg,plastic,trash,0.363485,True
data\external_test_realwaste\plastic\Plastic_69.jpg,plastic,trash,0.838503,False
data\external_test_realwaste\plastic\Plastic_690.jpg,plastic,trash,0.720533,False
data\external_test_realwaste\plastic\Plastic_691.jpg,plastic,cardboard,0.834309,False
data\external_test_realwaste\plastic\Plastic_692.jpg,plastic,cardboard,0.728115,False
data\external_test_realwaste\plastic\Plastic_693.jpg,plastic,cardboard,0.628189,False
data\external_test_realwaste\plastic\Plastic_694.jpg,plastic,cardboard,0.848958,False
data\external_test_realwaste\plastic\Plastic_695.jpg,plastic,cardboard,0.889878,False
data\external_test_realwaste\plastic\Plastic_696.jpg,plastic,trash,0.507665,True
data\external_test_realwaste\plastic\Plastic_697.jpg,plastic,cardboard,0.817656,False
data\external_test_realwaste\plastic\Plastic_698.jpg,plastic,cardboard,0.638211,False
data\external_test_realwaste\plastic\Plastic_699.jpg,plastic,trash,0.761181,False
data\external_test_realwaste\plastic\Plastic_7.jpg,plastic,trash,0.496676,True
data\external_test_realwaste\plastic\Plastic_70.jpg,plastic,trash,0.958834,False
data\external_test_realwaste\plastic\Plastic_700.jpg,plastic,trash,0.934585,False
data\external_test_realwaste\plastic\Plastic_701.jpg,plastic,metal,0.351562,True
data\external_test_realwaste\plastic\Plastic_702.jpg,plastic,cardboard,0.845016,False
data\external_test_realwaste\plastic\Plastic_703.jpg,plastic,trash,0.730451,False
data\external_test_realwaste\plastic\Plastic_704.jpg,plastic,cardboard,0.705749,False
data\external_test_realwaste\plastic\Plastic_705.jpg,plastic,trash,0.682035,False
data\external_test_realwaste\plastic\Plastic_706.jpg,plastic,cardboard,0.587903,True
data\external_test_realwaste\plastic\Plastic_707.jpg,plastic,cardboard,0.909616,False
data\external_test_realwaste\plastic\Plastic_709.jpg,plastic,metal,0.284641,True
data\external_test_realwaste\plastic\Plastic_71.jpg,plastic,paper,0.430096,True
data\external_test_realwaste\plastic\Plastic_710.jpg,plastic,cardboard,0.607183,False
data\external_test_realwaste\plastic\Plastic_711.jpg,plastic,metal,0.673291,False
data\external_test_realwaste\plastic\Plastic_712.jpg,plastic,glass,0.459408,True
data\external_test_realwaste\plastic\Plastic_713.jpg,plastic,metal,0.592881,True
data\external_test_realwaste\plastic\Plastic_714.jpg,plastic,metal,0.732741,False
data\external_test_realwaste\plastic\Plastic_715.jpg,plastic,trash,0.432494,True
data\external_test_realwaste\plastic\Plastic_716.jpg,plastic,trash,0.453506,True
data\external_test_realwaste\plastic\Plastic_718.jpg,plastic,metal,0.384023,True
data\external_test_realwaste\plastic\Plastic_719.jpg,plastic,metal,0.41484,True
data\external_test_realwaste\plastic\Plastic_72.jpg,plastic,trash,0.419356,True
data\external_test_realwaste\plastic\Plastic_721.jpg,plastic,cardboard,0.826926,False
data\external_test_realwaste\plastic\Plastic_722.jpg,plastic,cardboard,0.977495,False
data\external_test_realwaste\plastic\Plastic_723.jpg,plastic,trash,0.961486,False
data\external_test_realwaste\plastic\Plastic_724.jpg,plastic,trash,0.724606,False
data\external_test_realwaste\plastic\Plastic_725.jpg,plastic,metal,0.357073,True
data\external_test_realwaste\plastic\Plastic_726.jpg,plastic,trash,0.714808,False
data\external_test_realwaste\plastic\Plastic_727.jpg,plastic,cardboard,0.811669,False
data\external_test_realwaste\plastic\Plastic_728.jpg,plastic,cardboard,0.481498,True
data\external_test_realwaste\plastic\Plastic_729.jpg,plastic,cardboard,0.982295,False
data\external_test_realwaste\plastic\Plastic_73.jpg,plastic,trash,0.923881,False
data\external_test_realwaste\plastic\Plastic_730.jpg,plastic,cardboard,0.979975,False
data\external_test_realwaste\plastic\Plastic_731.jpg,plastic,cardboard,0.959028,False
data\external_test_realwaste\plastic\Plastic_732.jpg,plastic,cardboard,0.534687,True
data\external_test_realwaste\plastic\Plastic_733.jpg,plastic,cardboard,0.713957,False
data\external_test_realwaste\plastic\Plastic_734.jpg,plastic,trash,0.89988,False
data\external_test_realwaste\plastic\Plastic_735.jpg,plastic,cardboard,0.640938,False
data\external_test_realwaste\plastic\Plastic_736.jpg,plastic,cardboard,0.506992,True
data\external_test_realwaste\plastic\Plastic_737.jpg,plastic,cardboard,0.840759,False
data\external_test_realwaste\plastic\Plastic_738.jpg,plastic,cardboard,0.956342,False
data\external_test_realwaste\plastic\Plastic_739.jpg,plastic,cardboard,0.993746,False
data\external_test_realwaste\plastic\Plastic_74.jpg,plastic,trash,0.91071,False
data\external_test_realwaste\plastic\Plastic_740.jpg,plastic,cardboard,0.914568,False
data\external_test_realwaste\plastic\Plastic_741.jpg,plastic,cardboard,0.909635,False
data\external_test_realwaste\plastic\Plastic_742.jpg,plastic,trash,0.718997,False
data\external_test_realwaste\plastic\Plastic_743.jpg,plastic,cardboard,0.932462,False
data\external_test_realwaste\plastic\Plastic_744.jpg,plastic,cardboard,0.75537,False
data\external_test_realwaste\plastic\Plastic_745.jpg,plastic,cardboard,0.50104,True
data\external_test_realwaste\plastic\Plastic_746.jpg,plastic,cardboard,0.523148,True
data\external_test_realwaste\plastic\Plastic_747.jpg,plastic,cardboard,0.992086,False
data\external_test_realwaste\plastic\Plastic_748.jpg,plastic,cardboard,0.996777,False
data\external_test_realwaste\plastic\Plastic_749.jpg,plastic,cardboard,0.991769,False
data\external_test_realwaste\plastic\Plastic_75.jpg,plastic,trash,0.762821,False
data\external_test_realwaste\plastic\Plastic_750.jpg,plastic,cardboard,0.997332,False
data\external_test_realwaste\plastic\Plastic_751.jpg,plastic,cardboard,0.991915,False
data\external_test_realwaste\plastic\Plastic_752.jpg,plastic,cardboard,0.983625,False
data\external_test_realwaste\plastic\Plastic_753.jpg,plastic,cardboard,0.711794,False
data\external_test_realwaste\plastic\Plastic_754.jpg,plastic,trash,0.331739,True
data\external_test_realwaste\plastic\Plastic_755.jpg,plastic,trash,0.660868,False
data\external_test_realwaste\plastic\Plastic_756.jpg,plastic,trash,0.861927,False
data\external_test_realwaste\plastic\Plastic_757.jpg,plastic,trash,0.765986,False
data\external_test_realwaste\plastic\Plastic_758.jpg,plastic,trash,0.604173,False
data\external_test_realwaste\plastic\Plastic_759.jpg,plastic,trash,0.693904,False
data\external_test_realwaste\plastic\Plastic_76.jpg,plastic,trash,0.945816,False
data\external_test_realwaste\plastic\Plastic_760.jpg,plastic,trash,0.98888,False
data\external_test_realwaste\plastic\Plastic_761.jpg,plastic,trash,0.569891,True
data\external_test_realwaste\plastic\Plastic_762.jpg,plastic,metal,0.958961,False
data\external_test_realwaste\plastic\Plastic_763.jpg,plastic,metal,0.502865,True
data\external_test_realwaste\plastic\Plastic_764.jpg,plastic,paper,0.930723,False
data\external_test_realwaste\plastic\Plastic_765.jpg,plastic,trash,0.765762,False
data\external_test_realwaste\plastic\Plastic_766.jpg,plastic,trash,0.691859,False
data\external_test_realwaste\plastic\Plastic_767.jpg,plastic,trash,0.85319,False
data\external_test_realwaste\plastic\Plastic_768.jpg,plastic,metal,0.943898,False
data\external_test_realwaste\plastic\Plastic_769.jpg,plastic,paper,0.997233,False
data\external_test_realwaste\plastic\Plastic_77.jpg,plastic,trash,0.906601,False
data\external_test_realwaste\plastic\Plastic_770.jpg,plastic,paper,0.64583,False
data\external_test_realwaste\plastic\Plastic_771.jpg,plastic,trash,0.61663,False
data\external_test_realwaste\plastic\Plastic_773.jpg,plastic,paper,0.963953,False
data\external_test_realwaste\plastic\Plastic_774.jpg,plastic,trash,0.562184,True
data\external_test_realwaste\plastic\Plastic_775.jpg,plastic,trash,0.60546,False
data\external_test_realwaste\plastic\Plastic_776.jpg,plastic,cardboard,0.725475,False
data\external_test_realwaste\plastic\Plastic_777.jpg,plastic,trash,0.314348,True
data\external_test_realwaste\plastic\Plastic_778.jpg,plastic,cardboard,0.930426,False
data\external_test_realwaste\plastic\Plastic_779.jpg,plastic,trash,0.867154,False
data\external_test_realwaste\plastic\Plastic_78.jpg,plastic,trash,0.863583,False
data\external_test_realwaste\plastic\Plastic_780.jpg,plastic,cardboard,0.971225,False
data\external_test_realwaste\plastic\Plastic_781.jpg,plastic,cardboard,0.930448,False
data\external_test_realwaste\plastic\Plastic_783.jpg,plastic,trash,0.959957,False
data\external_test_realwaste\plastic\Plastic_784.jpg,plastic,cardboard,0.71985,False
data\external_test_realwaste\plastic\Plastic_786.jpg,plastic,cardboard,0.716998,False
data\external_test_realwaste\plastic\Plastic_79.jpg,plastic,cardboard,0.881562,False
data\external_test_realwaste\plastic\Plastic_790.jpg,plastic,glass,0.463202,True
data\external_test_realwaste\plastic\Plastic_791.jpg,plastic,trash,0.860011,False
data\external_test_realwaste\plastic\Plastic_792.jpg,plastic,trash,0.956525,False
data\external_test_realwaste\plastic\Plastic_793.jpg,plastic,trash,0.477541,True
data\external_test_realwaste\plastic\Plastic_794.jpg,plastic,trash,0.512241,True
data\external_test_realwaste\plastic\Plastic_795.jpg,plastic,trash,0.902468,False
data\external_test_realwaste\plastic\Plastic_798.jpg,plastic,cardboard,0.475238,True
data\external_test_realwaste\plastic\Plastic_8.jpg,plastic,trash,0.450471,True
data\external_test_realwaste\plastic\Plastic_801.jpg,plastic,glass,0.540983,True
data\external_test_realwaste\plastic\Plastic_804.jpg,plastic,trash,0.919067,False
data\external_test_realwaste\plastic\Plastic_805.jpg,plastic,trash,0.591931,True
data\external_test_realwaste\plastic\Plastic_806.jpg,plastic,trash,0.889661,False
data\external_test_realwaste\plastic\Plastic_808.jpg,plastic,cardboard,0.72255,False
data\external_test_realwaste\plastic\Plastic_809.jpg,plastic,trash,0.689428,False
data\external_test_realwaste\plastic\Plastic_81.jpg,plastic,trash,0.797571,False
data\external_test_realwaste\plastic\Plastic_810.jpg,plastic,trash,0.495159,True
data\external_test_realwaste\plastic\Plastic_812.jpg,plastic,trash,0.646041,False
data\external_test_realwaste\plastic\Plastic_815.jpg,plastic,trash,0.448378,True
data\external_test_realwaste\plastic\Plastic_816.jpg,plastic,trash,0.328855,True
data\external_test_realwaste\plastic\Plastic_82.jpg,plastic,cardboard,0.837493,False
data\external_test_realwaste\plastic\Plastic_822.jpg,plastic,trash,0.87816,False
data\external_test_realwaste\plastic\Plastic_823.jpg,plastic,trash,0.92372,False
data\external_test_realwaste\plastic\Plastic_825.jpg,plastic,trash,0.98268,False
data\external_test_realwaste\plastic\Plastic_827.jpg,plastic,metal,0.437667,True
data\external_test_realwaste\plastic\Plastic_828.jpg,plastic,trash,0.930986,False
data\external_test_realwaste\plastic\Plastic_829.jpg,plastic,cardboard,0.56337,True
data\external_test_realwaste\plastic\Plastic_83.jpg,plastic,paper,0.465346,True
data\external_test_realwaste\plastic\Plastic_830.jpg,plastic,trash,0.962455,False
data\external_test_realwaste\plastic\Plastic_834.jpg,plastic,trash,0.442855,True
data\external_test_realwaste\plastic\Plastic_836.jpg,plastic,metal,0.57313,True
data\external_test_realwaste\plastic\Plastic_837.jpg,plastic,trash,0.746582,False
data\external_test_realwaste\plastic\Plastic_838.jpg,plastic,trash,0.563742,True
data\external_test_realwaste\plastic\Plastic_839.jpg,plastic,trash,0.921106,False
data\external_test_realwaste\plastic\Plastic_84.jpg,plastic,metal,0.973425,False
data\external_test_realwaste\plastic\Plastic_840.jpg,plastic,trash,0.847955,False
data\external_test_realwaste\plastic\Plastic_842.jpg,plastic,trash,0.987374,False
data\external_test_realwaste\plastic\Plastic_843.jpg,plastic,trash,0.9546,False
data\external_test_realwaste\plastic\Plastic_844.jpg,plastic,trash,0.989049,False
data\external_test_realwaste\plastic\Plastic_845.jpg,plastic,trash,0.492474,True
data\external_test_realwaste\plastic\Plastic_846.jpg,plastic,trash,0.943814,False
data\external_test_realwaste\plastic\Plastic_848.jpg,plastic,metal,0.479482,True
data\external_test_realwaste\plastic\Plastic_849.jpg,plastic,trash,0.544565,True
data\external_test_realwaste\plastic\Plastic_85.jpg,plastic,cardboard,0.968394,False
data\external_test_realwaste\plastic\Plastic_851.jpg,plastic,trash,0.89041,False
data\external_test_realwaste\plastic\Plastic_853.jpg,plastic,trash,0.300865,True
data\external_test_realwaste\plastic\Plastic_854.jpg,plastic,trash,0.512994,True
data\external_test_realwaste\plastic\Plastic_856.jpg,plastic,trash,0.568771,True
data\external_test_realwaste\plastic\Plastic_857.jpg,plastic,trash,0.902045,False
data\external_test_realwaste\plastic\Plastic_859.jpg,plastic,trash,0.713535,False
data\external_test_realwaste\plastic\Plastic_86.jpg,plastic,trash,0.708406,False
data\external_test_realwaste\plastic\Plastic_860.jpg,plastic,trash,0.708318,False
data\external_test_realwaste\plastic\Plastic_861.jpg,plastic,glass,0.48287,True
data\external_test_realwaste\plastic\Plastic_865.jpg,plastic,trash,0.421216,True
data\external_test_realwaste\plastic\Plastic_866.jpg,plastic,paper,0.553922,True
data\external_test_realwaste\plastic\Plastic_867.jpg,plastic,trash,0.599477,True
data\external_test_realwaste\plastic\Plastic_868.jpg,plastic,trash,0.955306,False
data\external_test_realwaste\plastic\Plastic_869.jpg,plastic,trash,0.902446,False
data\external_test_realwaste\plastic\Plastic_87.jpg,plastic,paper,0.959789,False
data\external_test_realwaste\plastic\Plastic_874.jpg,plastic,trash,0.761605,False
data\external_test_realwaste\plastic\Plastic_876.jpg,plastic,trash,0.857237,False
data\external_test_realwaste\plastic\Plastic_877.jpg,plastic,metal,0.381729,True
data\external_test_realwaste\plastic\Plastic_878.jpg,plastic,trash,0.968162,False
data\external_test_realwaste\plastic\Plastic_879.jpg,plastic,metal,0.475545,True
data\external_test_realwaste\plastic\Plastic_88.jpg,plastic,trash,0.908691,False
data\external_test_realwaste\plastic\Plastic_880.jpg,plastic,trash,0.679504,False
data\external_test_realwaste\plastic\Plastic_881.jpg,plastic,trash,0.741,False
data\external_test_realwaste\plastic\Plastic_883.jpg,plastic,trash,0.689367,False
data\external_test_realwaste\plastic\Plastic_884.jpg,plastic,trash,0.818185,False
data\external_test_realwaste\plastic\Plastic_885.jpg,plastic,trash,0.887804,False
data\external_test_realwaste\plastic\Plastic_887.jpg,plastic,trash,0.955756,False
data\external_test_realwaste\plastic\Plastic_888.jpg,plastic,trash,0.939058,False
data\external_test_realwaste\plastic\Plastic_889.jpg,plastic,trash,0.514008,True
data\external_test_realwaste\plastic\Plastic_89.jpg,plastic,cardboard,0.953963,False
data\external_test_realwaste\plastic\Plastic_890.jpg,plastic,trash,0.706786,False
data\external_test_realwaste\plastic\Plastic_892.jpg,plastic,trash,0.617302,False
data\external_test_realwaste\plastic\Plastic_893.jpg,plastic,trash,0.81122,False
data\external_test_realwaste\plastic\Plastic_894.jpg,plastic,trash,0.596712,True
data\external_test_realwaste\plastic\Plastic_895.jpg,plastic,trash,0.664634,False
data\external_test_realwaste\plastic\Plastic_896.jpg,plastic,trash,0.92719,False
data\external_test_realwaste\plastic\Plastic_898.jpg,plastic,trash,0.57311,True
data\external_test_realwaste\plastic\Plastic_899.jpg,plastic,trash,0.748317,False
data\external_test_realwaste\plastic\Plastic_9.jpg,plastic,trash,0.436413,True
data\external_test_realwaste\plastic\Plastic_90.jpg,plastic,trash,0.511988,True
data\external_test_realwaste\plastic\Plastic_901.jpg,plastic,trash,0.86519,False
data\external_test_realwaste\plastic\Plastic_904.jpg,plastic,trash,0.725188,False
data\external_test_realwaste\plastic\Plastic_91.jpg,plastic,metal,0.638883,False
data\external_test_realwaste\plastic\Plastic_910.jpg,plastic,trash,0.884455,False
data\external_test_realwaste\plastic\Plastic_912.jpg,plastic,trash,0.757018,False
data\external_test_realwaste\plastic\Plastic_914.jpg,plastic,trash,0.900046,False
data\external_test_realwaste\plastic\Plastic_915.jpg,plastic,trash,0.908874,False
data\external_test_realwaste\plastic\Plastic_916.jpg,plastic,trash,0.960067,False
data\external_test_realwaste\plastic\Plastic_917.jpg,plastic,cardboard,0.993806,False
data\external_test_realwaste\plastic\Plastic_918.jpg,plastic,cardboard,0.571149,True
data\external_test_realwaste\plastic\Plastic_919.jpg,plastic,cardboard,0.990609,False
data\external_test_realwaste\plastic\Plastic_92.jpg,plastic,trash,0.747952,False
data\external_test_realwaste\plastic\Plastic_920.jpg,plastic,trash,0.796633,False
data\external_test_realwaste\plastic\Plastic_921.jpg,plastic,cardboard,0.977952,False
data\external_test_realwaste\plastic\Plastic_93.jpg,plastic,cardboard,0.957136,False
data\external_test_realwaste\plastic\Plastic_94.jpg,plastic,trash,0.989086,False
data\external_test_realwaste\plastic\Plastic_95.jpg,plastic,trash,0.985737,False
data\external_test_realwaste\plastic\Plastic_96.jpg,plastic,metal,0.516372,True
data\external_test_realwaste\plastic\Plastic_97.jpg,plastic,trash,0.458399,True
data\external_test_realwaste\plastic\Plastic_98.jpg,plastic,metal,0.436575,True
data\external_test_realwaste\plastic\Plastic_99.jpg,plastic,trash,0.94036,False
data\external_test_realwaste\trash\Miscellaneous Trash_1.jpg,trash,paper,0.860453,False
data\external_test_realwaste\trash\Miscellaneous Trash_10.jpg,trash,cardboard,0.647231,False
data\external_test_realwaste\trash\Miscellaneous Trash_100.jpg,trash,paper,0.958361,False
data\external_test_realwaste\trash\Miscellaneous Trash_101.jpg,trash,paper,0.99681,False
data\external_test_realwaste\trash\Miscellaneous Trash_102.jpg,trash,cardboard,0.950159,False
data\external_test_realwaste\trash\Miscellaneous Trash_103.jpg,trash,cardboard,0.614482,False
data\external_test_realwaste\trash\Miscellaneous Trash_104.jpg,trash,cardboard,0.954142,False
data\external_test_realwaste\trash\Miscellaneous Trash_106.jpg,trash,cardboard,0.952692,False
data\external_test_realwaste\trash\Miscellaneous Trash_109.jpg,trash,cardboard,0.72576,False
data\external_test_realwaste\trash\Miscellaneous Trash_111.jpg,trash,cardboard,0.931945,False
data\external_test_realwaste\trash\Miscellaneous Trash_113.jpg,trash,metal,0.992128,False
data\external_test_realwaste\trash\Miscellaneous Trash_114.jpg,trash,cardboard,0.811223,False
data\external_test_realwaste\trash\Miscellaneous Trash_115.jpg,trash,cardboard,0.938294,False
data\external_test_realwaste\trash\Miscellaneous Trash_116.jpg,trash,cardboard,0.81905,False
data\external_test_realwaste\trash\Miscellaneous Trash_117.jpg,trash,cardboard,0.640772,False
data\external_test_realwaste\trash\Miscellaneous Trash_12.jpg,trash,cardboard,0.640751,False
data\external_test_realwaste\trash\Miscellaneous Trash_121.jpg,trash,cardboard,0.792452,False
data\external_test_realwaste\trash\Miscellaneous Trash_124.jpg,trash,metal,0.942337,False
data\external_test_realwaste\trash\Miscellaneous Trash_127.jpg,trash,cardboard,0.554103,True
data\external_test_realwaste\trash\Miscellaneous Trash_128.jpg,trash,paper,0.473333,True
data\external_test_realwaste\trash\Miscellaneous Trash_129.jpg,trash,plastic,0.50203,True
data\external_test_realwaste\trash\Miscellaneous Trash_13.jpg,trash,metal,0.567745,True
data\external_test_realwaste\trash\Miscellaneous Trash_130.jpg,trash,cardboard,0.906559,False
data\external_test_realwaste\trash\Miscellaneous Trash_131.jpg,trash,cardboard,0.882607,False
data\external_test_realwaste\trash\Miscellaneous Trash_135.jpg,trash,paper,0.420698,True
data\external_test_realwaste\trash\Miscellaneous Trash_139.jpg,trash,paper,0.506,True
data\external_test_realwaste\trash\Miscellaneous Trash_145.jpg,trash,cardboard,0.879419,False
data\external_test_realwaste\trash\Miscellaneous Trash_147.jpg,trash,cardboard,0.948883,False
data\external_test_realwaste\trash\Miscellaneous Trash_149.jpg,trash,paper,0.859816,False
data\external_test_realwaste\trash\Miscellaneous Trash_154.jpg,trash,plastic,0.371684,True
data\external_test_realwaste\trash\Miscellaneous Trash_156.jpg,trash,metal,0.905702,False
data\external_test_realwaste\trash\Miscellaneous Trash_159.jpg,trash,metal,0.369875,True
data\external_test_realwaste\trash\Miscellaneous Trash_160.jpg,trash,metal,0.454736,True
data\external_test_realwaste\trash\Miscellaneous Trash_163.jpg,trash,cardboard,0.381248,True
data\external_test_realwaste\trash\Miscellaneous Trash_167.jpg,trash,plastic,0.319381,True
data\external_test_realwaste\trash\Miscellaneous Trash_170.jpg,trash,cardboard,0.931899,False
data\external_test_realwaste\trash\Miscellaneous Trash_171.jpg,trash,cardboard,0.643696,False
data\external_test_realwaste\trash\Miscellaneous Trash_180.jpg,trash,paper,0.504014,True
data\external_test_realwaste\trash\Miscellaneous Trash_181.jpg,trash,paper,0.836745,False
data\external_test_realwaste\trash\Miscellaneous Trash_185.jpg,trash,paper,0.978251,False
data\external_test_realwaste\trash\Miscellaneous Trash_192.jpg,trash,paper,0.462975,True
data\external_test_realwaste\trash\Miscellaneous Trash_194.jpg,trash,paper,0.684238,False
data\external_test_realwaste\trash\Miscellaneous Trash_195.jpg,trash,plastic,0.331588,True
data\external_test_realwaste\trash\Miscellaneous Trash_196.jpg,trash,paper,0.446322,True
data\external_test_realwaste\trash\Miscellaneous Trash_197.jpg,trash,plastic,0.725539,False
data\external_test_realwaste\trash\Miscellaneous Trash_198.jpg,trash,plastic,0.737199,False
data\external_test_realwaste\trash\Miscellaneous Trash_202.jpg,trash,paper,0.693808,False
data\external_test_realwaste\trash\Miscellaneous Trash_205.jpg,trash,metal,0.672338,False
data\external_test_realwaste\trash\Miscellaneous Trash_209.jpg,trash,metal,0.440729,True
data\external_test_realwaste\trash\Miscellaneous Trash_211.jpg,trash,paper,0.936636,False
data\external_test_realwaste\trash\Miscellaneous Trash_213.jpg,trash,paper,0.929634,False
data\external_test_realwaste\trash\Miscellaneous Trash_214.jpg,trash,paper,0.99934,False
data\external_test_realwaste\trash\Miscellaneous Trash_222.jpg,trash,cardboard,0.845364,False
data\external_test_realwaste\trash\Miscellaneous Trash_223.jpg,trash,paper,0.982594,False
data\external_test_realwaste\trash\Miscellaneous Trash_225.jpg,trash,cardboard,0.660715,False
data\external_test_realwaste\trash\Miscellaneous Trash_23.jpg,trash,cardboard,0.87456,False
data\external_test_realwaste\trash\Miscellaneous Trash_235.jpg,trash,paper,0.8662,False
data\external_test_realwaste\trash\Miscellaneous Trash_24.jpg,trash,cardboard,0.89105,False
data\external_test_realwaste\trash\Miscellaneous Trash_246.jpg,trash,paper,0.99747,False
data\external_test_realwaste\trash\Miscellaneous Trash_249.jpg,trash,paper,0.854169,False
data\external_test_realwaste\trash\Miscellaneous Trash_252.jpg,trash,cardboard,0.821514,False
data\external_test_realwaste\trash\Miscellaneous Trash_256.jpg,trash,paper,0.557041,True
data\external_test_realwaste\trash\Miscellaneous Trash_257.jpg,trash,metal,0.661546,False
data\external_test_realwaste\trash\Miscellaneous Trash_259.jpg,trash,cardboard,0.920717,False
data\external_test_realwaste\trash\Miscellaneous Trash_260.jpg,trash,paper,0.735784,False
data\external_test_realwaste\trash\Miscellaneous Trash_261.jpg,trash,cardboard,0.588238,True
data\external_test_realwaste\trash\Miscellaneous Trash_263.jpg,trash,cardboard,0.512587,True
data\external_test_realwaste\trash\Miscellaneous Trash_264.jpg,trash,cardboard,0.744081,False
data\external_test_realwaste\trash\Miscellaneous Trash_265.jpg,trash,paper,0.494787,True
data\external_test_realwaste\trash\Miscellaneous Trash_266.jpg,trash,cardboard,0.781981,False
data\external_test_realwaste\trash\Miscellaneous Trash_267.jpg,trash,cardboard,0.888434,False
data\external_test_realwaste\trash\Miscellaneous Trash_268.jpg,trash,paper,0.729521,False
data\external_test_realwaste\trash\Miscellaneous Trash_269.jpg,trash,cardboard,0.566818,True
data\external_test_realwaste\trash\Miscellaneous Trash_270.jpg,trash,cardboard,0.580878,True
data\external_test_realwaste\trash\Miscellaneous Trash_272.jpg,trash,cardboard,0.508814,True
data\external_test_realwaste\trash\Miscellaneous Trash_273.jpg,trash,cardboard,0.988815,False
data\external_test_realwaste\trash\Miscellaneous Trash_274.jpg,trash,cardboard,0.540162,True
data\external_test_realwaste\trash\Miscellaneous Trash_275.jpg,trash,metal,0.991528,False
data\external_test_realwaste\trash\Miscellaneous Trash_277.jpg,trash,paper,0.581791,True
data\external_test_realwaste\trash\Miscellaneous Trash_278.jpg,trash,cardboard,0.933643,False
data\external_test_realwaste\trash\Miscellaneous Trash_280.jpg,trash,cardboard,0.857984,False
data\external_test_realwaste\trash\Miscellaneous Trash_281.jpg,trash,cardboard,0.922141,False
data\external_test_realwaste\trash\Miscellaneous Trash_283.jpg,trash,paper,0.868777,False
data\external_test_realwaste\trash\Miscellaneous Trash_285.jpg,trash,paper,0.968094,False
data\external_test_realwaste\trash\Miscellaneous Trash_286.jpg,trash,cardboard,0.454429,True
data\external_test_realwaste\trash\Miscellaneous Trash_288.jpg,trash,cardboard,0.986026,False
data\external_test_realwaste\trash\Miscellaneous Trash_289.jpg,trash,paper,0.841303,False
data\external_test_realwaste\trash\Miscellaneous Trash_290.jpg,trash,cardboard,0.796509,False
data\external_test_realwaste\trash\Miscellaneous Trash_292.jpg,trash,cardboard,0.743208,False
data\external_test_realwaste\trash\Miscellaneous Trash_293.jpg,trash,cardboard,0.996208,False
data\external_test_realwaste\trash\Miscellaneous Trash_294.jpg,trash,paper,0.782806,False
data\external_test_realwaste\trash\Miscellaneous Trash_295.jpg,trash,paper,0.475198,True
data\external_test_realwaste\trash\Miscellaneous Trash_297.jpg,trash,cardboard,0.762818,False
data\external_test_realwaste\trash\Miscellaneous Trash_298.jpg,trash,paper,0.702591,False
data\external_test_realwaste\trash\Miscellaneous Trash_30.jpg,trash,metal,0.548804,True
data\external_test_realwaste\trash\Miscellaneous Trash_300.jpg,trash,paper,0.461942,True
data\external_test_realwaste\trash\Miscellaneous Trash_301.jpg,trash,cardboard,0.779757,False
data\external_test_realwaste\trash\Miscellaneous Trash_303.jpg,trash,cardboard,0.815991,False
data\external_test_realwaste\trash\Miscellaneous Trash_309.jpg,trash,paper,0.586034,True
data\external_test_realwaste\trash\Miscellaneous Trash_311.jpg,trash,metal,0.409115,True
data\external_test_realwaste\trash\Miscellaneous Trash_314.jpg,trash,cardboard,0.95899,False
data\external_test_realwaste\trash\Miscellaneous Trash_315.jpg,trash,metal,0.670727,False
data\external_test_realwaste\trash\Miscellaneous Trash_316.jpg,trash,paper,0.40348,True
data\external_test_realwaste\trash\Miscellaneous Trash_317.jpg,trash,paper,0.955067,False
data\external_test_realwaste\trash\Miscellaneous Trash_318.jpg,trash,cardboard,0.685941,False
data\external_test_realwaste\trash\Miscellaneous Trash_319.jpg,trash,cardboard,0.461889,True
data\external_test_realwaste\trash\Miscellaneous Trash_320.jpg,trash,cardboard,0.832736,False
data\external_test_realwaste\trash\Miscellaneous Trash_33.jpg,trash,metal,0.412631,True
data\external_test_realwaste\trash\Miscellaneous Trash_332.jpg,trash,cardboard,0.849598,False
data\external_test_realwaste\trash\Miscellaneous Trash_333.jpg,trash,cardboard,0.944865,False
data\external_test_realwaste\trash\Miscellaneous Trash_339.jpg,trash,paper,0.965901,False
data\external_test_realwaste\trash\Miscellaneous Trash_34.jpg,trash,metal,0.606823,False
data\external_test_realwaste\trash\Miscellaneous Trash_342.jpg,trash,paper,0.880585,False
data\external_test_realwaste\trash\Miscellaneous Trash_343.jpg,trash,paper,0.945984,False
data\external_test_realwaste\trash\Miscellaneous Trash_344.jpg,trash,paper,0.867301,False
data\external_test_realwaste\trash\Miscellaneous Trash_345.jpg,trash,paper,0.616853,False
data\external_test_realwaste\trash\Miscellaneous Trash_348.jpg,trash,paper,0.769169,False
data\external_test_realwaste\trash\Miscellaneous Trash_349.jpg,trash,cardboard,0.38664,True
data\external_test_realwaste\trash\Miscellaneous Trash_350.jpg,trash,cardboard,0.935282,False
data\external_test_realwaste\trash\Miscellaneous Trash_352.jpg,trash,cardboard,0.989107,False
data\external_test_realwaste\trash\Miscellaneous Trash_354.jpg,trash,paper,0.999378,False
data\external_test_realwaste\trash\Miscellaneous Trash_356.jpg,trash,paper,0.987977,False
data\external_test_realwaste\trash\Miscellaneous Trash_358.jpg,trash,plastic,0.510598,True
data\external_test_realwaste\trash\Miscellaneous Trash_362.jpg,trash,paper,0.351946,True
data\external_test_realwaste\trash\Miscellaneous Trash_364.jpg,trash,plastic,0.776002,False
data\external_test_realwaste\trash\Miscellaneous Trash_370.jpg,trash,paper,0.98732,False
data\external_test_realwaste\trash\Miscellaneous Trash_375.jpg,trash,cardboard,0.729714,False
data\external_test_realwaste\trash\Miscellaneous Trash_376.jpg,trash,cardboard,0.356657,True
data\external_test_realwaste\trash\Miscellaneous Trash_377.jpg,trash,cardboard,0.470115,True
data\external_test_realwaste\trash\Miscellaneous Trash_378.jpg,trash,cardboard,0.879892,False
data\external_test_realwaste\trash\Miscellaneous Trash_38.jpg,trash,cardboard,0.812672,False
data\external_test_realwaste\trash\Miscellaneous Trash_383.jpg,trash,paper,0.916385,False
data\external_test_realwaste\trash\Miscellaneous Trash_386.jpg,trash,cardboard,0.587334,True
data\external_test_realwaste\trash\Miscellaneous Trash_387.jpg,trash,cardboard,0.672663,False
data\external_test_realwaste\trash\Miscellaneous Trash_388.jpg,trash,cardboard,0.76561,False
data\external_test_realwaste\trash\Miscellaneous Trash_389.jpg,trash,paper,0.542785,True
data\external_test_realwaste\trash\Miscellaneous Trash_39.jpg,trash,cardboard,0.623734,False
data\external_test_realwaste\trash\Miscellaneous Trash_390.jpg,trash,cardboard,0.776451,False
data\external_test_realwaste\trash\Miscellaneous Trash_397.jpg,trash,cardboard,0.914764,False
data\external_test_realwaste\trash\Miscellaneous Trash_4.jpg,trash,metal,0.833333,False
data\external_test_realwaste\trash\Miscellaneous Trash_40.jpg,trash,cardboard,0.68222,False
data\external_test_realwaste\trash\Miscellaneous Trash_401.jpg,trash,cardboard,0.665512,False
data\external_test_realwaste\trash\Miscellaneous Trash_402.jpg,trash,cardboard,0.972444,False
data\external_test_realwaste\trash\Miscellaneous Trash_403.jpg,trash,cardboard,0.847935,False
data\external_test_realwaste\trash\Miscellaneous Trash_404.jpg,trash,cardboard,0.932747,False
data\external_test_realwaste\trash\Miscellaneous Trash_408.jpg,trash,cardboard,0.755976,False
data\external_test_realwaste\trash\Miscellaneous Trash_409.jpg,trash,paper,0.293494,True
data\external_test_realwaste\trash\Miscellaneous Trash_41.jpg,trash,cardboard,0.351441,True
data\external_test_realwaste\trash\Miscellaneous Trash_410.jpg,trash,cardboard,0.950886,False
data\external_test_realwaste\trash\Miscellaneous Trash_411.jpg,trash,paper,0.715763,False
data\external_test_realwaste\trash\Miscellaneous Trash_412.jpg,trash,plastic,0.810942,False
data\external_test_realwaste\trash\Miscellaneous Trash_413.jpg,trash,paper,0.936268,False
data\external_test_realwaste\trash\Miscellaneous Trash_414.jpg,trash,cardboard,0.4733,True
data\external_test_realwaste\trash\Miscellaneous Trash_420.jpg,trash,cardboard,0.329778,True
data\external_test_realwaste\trash\Miscellaneous Trash_421.jpg,trash,paper,0.747187,False
data\external_test_realwaste\trash\Miscellaneous Trash_422.jpg,trash,cardboard,0.926977,False
data\external_test_realwaste\trash\Miscellaneous Trash_424.jpg,trash,cardboard,0.95505,False
data\external_test_realwaste\trash\Miscellaneous Trash_426.jpg,trash,cardboard,0.836545,False
data\external_test_realwaste\trash\Miscellaneous Trash_427.jpg,trash,paper,0.530299,True
data\external_test_realwaste\trash\Miscellaneous Trash_428.jpg,trash,metal,0.850429,False
data\external_test_realwaste\trash\Miscellaneous Trash_429.jpg,trash,metal,0.781275,False
data\external_test_realwaste\trash\Miscellaneous Trash_43.jpg,trash,plastic,0.31911,True
data\external_test_realwaste\trash\Miscellaneous Trash_433.jpg,trash,paper,0.496452,True
data\external_test_realwaste\trash\Miscellaneous Trash_434.jpg,trash,cardboard,0.622971,False
data\external_test_realwaste\trash\Miscellaneous Trash_435.jpg,trash,cardboard,0.726348,False
data\external_test_realwaste\trash\Miscellaneous Trash_439.jpg,trash,cardboard,0.364298,True
data\external_test_realwaste\trash\Miscellaneous Trash_44.jpg,trash,paper,0.947133,False
data\external_test_realwaste\trash\Miscellaneous Trash_440.jpg,trash,cardboard,0.865711,False
data\external_test_realwaste\trash\Miscellaneous Trash_45.jpg,trash,metal,0.444911,True
data\external_test_realwaste\trash\Miscellaneous Trash_452.jpg,trash,cardboard,0.353392,True
data\external_test_realwaste\trash\Miscellaneous Trash_460.jpg,trash,cardboard,0.744025,False
data\external_test_realwaste\trash\Miscellaneous Trash_462.jpg,trash,cardboard,0.77108,False
data\external_test_realwaste\trash\Miscellaneous Trash_475.jpg,trash,cardboard,0.934411,False
data\external_test_realwaste\trash\Miscellaneous Trash_479.jpg,trash,cardboard,0.342435,True
data\external_test_realwaste\trash\Miscellaneous Trash_48.jpg,trash,cardboard,0.805635,False
data\external_test_realwaste\trash\Miscellaneous Trash_481.jpg,trash,paper,0.681461,False
data\external_test_realwaste\trash\Miscellaneous Trash_483.jpg,trash,paper,0.688466,False
data\external_test_realwaste\trash\Miscellaneous Trash_484.jpg,trash,paper,0.819059,False
data\external_test_realwaste\trash\Miscellaneous Trash_486.jpg,trash,cardboard,0.387187,True
data\external_test_realwaste\trash\Miscellaneous Trash_487.jpg,trash,cardboard,0.875932,False
data\external_test_realwaste\trash\Miscellaneous Trash_49.jpg,trash,cardboard,0.784933,False
data\external_test_realwaste\trash\Miscellaneous Trash_492.jpg,trash,cardboard,0.854958,False
data\external_test_realwaste\trash\Miscellaneous Trash_493.jpg,trash,cardboard,0.616394,False
data\external_test_realwaste\trash\Miscellaneous Trash_50.jpg,trash,metal,0.718692,False
data\external_test_realwaste\trash\Miscellaneous Trash_57.jpg,trash,cardboard,0.790173,False
data\external_test_realwaste\trash\Miscellaneous Trash_59.jpg,trash,cardboard,0.53218,True
data\external_test_realwaste\trash\Miscellaneous Trash_61.jpg,trash,cardboard,0.826219,False
data\external_test_realwaste\trash\Miscellaneous Trash_62.jpg,trash,paper,0.97729,False
data\external_test_realwaste\trash\Miscellaneous Trash_63.jpg,trash,cardboard,0.862169,False
data\external_test_realwaste\trash\Miscellaneous Trash_64.jpg,trash,paper,0.843952,False
data\external_test_realwaste\trash\Miscellaneous Trash_65.jpg,trash,paper,0.922915,False
data\external_test_realwaste\trash\Miscellaneous Trash_66.jpg,trash,cardboard,0.991691,False
data\external_test_realwaste\trash\Miscellaneous Trash_67.jpg,trash,cardboard,0.887126,False
data\external_test_realwaste\trash\Miscellaneous Trash_74.jpg,trash,metal,0.381937,True
data\external_test_realwaste\trash\Miscellaneous Trash_79.jpg,trash,paper,0.717101,False
data\external_test_realwaste\trash\Miscellaneous Trash_88.jpg,trash,paper,0.951357,False
data\external_test_realwaste\trash\Miscellaneous Trash_9.jpg,trash,cardboard,0.676585,False
data\external_test_realwaste\trash\Miscellaneous Trash_90.jpg,trash,paper,0.996006,False
data\external_test_realwaste\trash\Miscellaneous Trash_91.jpg,trash,paper,0.998429,False
data\external_test_realwaste\trash\Miscellaneous Trash_92.jpg,trash,plastic,0.895986,False
data\external_test_realwaste\trash\Miscellaneous Trash_93.jpg,trash,paper,0.999965,False
data\external_test_realwaste\trash\Miscellaneous Trash_95.jpg,trash,paper,0.627405,False
data\external_test_realwaste\trash\Miscellaneous Trash_97.jpg,trash,cardboard,0.857793,False
data\external_test_realwaste\trash\Miscellaneous Trash_98.jpg,trash,cardboard,0.582881,True
