path,expected_class,predicted_class,confidence,is_correct,is_uncertain
data\external_test_realwaste\cardboard\Cardboard_1.jpg,cardboard,glass,0.51921,False,True
data\external_test_realwaste\cardboard\Cardboard_10.jpg,cardboard,cardboard,0.610886,True,False
data\external_test_realwaste\cardboard\Cardboard_100.jpg,cardboard,trash,0.446323,False,True
data\external_test_realwaste\cardboard\Cardboard_101.jpg,cardboard,trash,0.99459,False,False
data\external_test_realwaste\cardboard\Cardboard_102.jpg,cardboard,trash,0.6408,False,False
data\external_test_realwaste\cardboard\Cardboard_103.jpg,cardboard,cardboard,0.933993,True,False
data\external_test_realwaste\cardboard\Cardboard_104.jpg,cardboard,trash,0.773169,False,False
data\external_test_realwaste\cardboard\Cardboard_105.jpg,cardboard,paper,0.472735,False,True
data\external_test_realwaste\cardboard\Cardboard_106.jpg,cardboard,cardboard,0.859945,True,False
data\external_test_realwaste\cardboard\Cardboard_107.jpg,cardboard,paper,0.947461,False,False
data\external_test_realwaste\cardboard\Cardboard_108.jpg,cardboard,cardboard,0.962464,True,False
data\external_test_realwaste\cardboard\Cardboard_109.jpg,cardboard,paper,0.988685,False,False
data\external_test_realwaste\cardboard\Cardboard_11.jpg,cardboard,cardboard,0.853582,True,False
data\external_test_realwaste\cardboard\Cardboard_110.jpg,cardboard,trash,0.810631,False,False
data\external_test_realwaste\cardboard\Cardboard_111.jpg,cardboard,trash,0.889758,False,False
data\external_test_realwaste\cardboard\Cardboard_112.jpg,cardboard,paper,0.7893,False,False
data\external_test_realwaste\cardboard\Cardboard_113.jpg,cardboard,cardboard,0.865012,True,False
data\external_test_realwaste\cardboard\Cardboard_114.jpg,cardboard,cardboard,0.832639,True,False
data\external_test_realwaste\cardboard\Cardboard_115.jpg,cardboard,cardboard,0.657417,True,False
data\external_test_realwaste\cardboard\Cardboard_116.jpg,cardboard,cardboard,0.684747,True,False
data\external_test_realwaste\cardboard\Cardboard_117.jpg,cardboard,trash,0.838479,False,False
data\external_test_realwaste\cardboard\Cardboard_118.jpg,cardboard,trash,0.617362,False,False
data\external_test_realwaste\cardboard\Cardboard_119.jpg,cardboard,trash,0.983572,False,False
data\external_test_realwaste\cardboard\Cardboard_12.jpg,cardboard,paper,0.98772,False,False
data\external_test_realwaste\cardboard\Cardboard_120.jpg,cardboard,trash,0.911757,False,False
data\external_test_realwaste\cardboard\Cardboard_121.jpg,cardboard,trash,0.955214,False,False
data\external_test_realwaste\cardboard\Cardboard_122.jpg,cardboard,cardboard,0.932147,True,False
data\external_test_realwaste\cardboard\Cardboard_123.jpg,cardboard,cardboard,0.765768,True,False
data\external_test_realwaste\cardboard\Cardboard_124.jpg,cardboard,cardboard,0.959525,True,False
data\external_test_realwaste\cardboard\Cardboard_125.jpg,cardboard,paper,0.870636,False,False
data\external_test_realwaste\cardboard\Cardboard_126.jpg,cardboard,trash,0.463612,False,True
data\external_test_realwaste\cardboard\Cardboard_127.jpg,cardboard,trash,0.92452,False,False
data\external_test_realwaste\cardboard\Cardboard_128.jpg,cardboard,trash,0.930709,False,False
data\external_test_realwaste\cardboard\Cardboard_129.jpg,cardboard,trash,0.956178,False,False
data\external_test_realwaste\cardboard\Cardboard_13.jpg,cardboard,trash,0.651991,False,False
data\external_test_realwaste\cardboard\Cardboard_130.jpg,cardboard,cardboard,0.627877,True,False
data\external_test_realwaste\cardboard\Cardboard_131.jpg,cardboard,trash,0.837263,False,False
data\external_test_realwaste\cardboard\Cardboard_132.jpg,cardboard,trash,0.477889,False,True
data\external_test_realwaste\cardboard\Cardboard_133.jpg,cardboard,trash,0.360282,False,True
data\external_test_realwaste\cardboard\Cardboard_134.jpg,cardboard,cardboard,0.59564,True,True
data\external_test_realwaste\cardboard\Cardboard_135.jpg,cardboard,trash,0.987964,False,False
data\external_test_realwaste\cardboard\Cardboard_136.jpg,cardboard,plastic,0.641388,False,False
data\external_test_realwaste\cardboard\Cardboard_137.jpg,cardboard,metal,0.643039,False,False
data\external_test_realwaste\cardboard\Cardboard_138.jpg,cardboard,cardboard,0.488974,True,True
data\external_test_realwaste\cardboard\Cardboard_139.jpg,cardboard,trash,0.691634,False,False
data\external_test_realwaste\cardboard\Cardboard_14.jpg,cardboard,paper,0.892373,False,False
data\external_test_realwaste\cardboard\Cardboard_140.jpg,cardboard,paper,0.662196,False,False
data\external_test_realwaste\cardboard\Cardboard_141.jpg,cardboard,cardboard,0.964283,True,False
data\external_test_realwaste\cardboard\Cardboard_142.jpg,cardboard,paper,0.798452,False,False
data\external_test_realwaste\cardboard\Cardboard_143.jpg,cardboard,cardboard,0.590671,True,True
data\external_test_realwaste\cardboard\Cardboard_144.jpg,cardboard,cardboard,0.57522,True,True
data\external_test_realwaste\cardboard\Cardboard_145.jpg,cardboard,glass,0.586987,False,True
data\external_test_realwaste\cardboard\Cardboard_146.jpg,cardboard,trash,0.63752,False,False
data\external_test_realwaste\cardboard\Cardboard_147.jpg,cardboard,cardboard,0.601545,True,False
data\external_test_realwaste\cardboard\Cardboard_148.jpg,cardboard,trash,0.638776,False,False
data\external_test_realwaste\cardboard\Cardboard_149.jpg,cardboard,trash,0.608143,False,False
data\external_test_realwaste\cardboard\Cardboard_15.jpg,cardboard,trash,0.68697,False,False
data\external_test_realwaste\cardboard\Cardboard_150.jpg,cardboard,metal,0.986429,False,False
data\external_test_realwaste\cardboard\Cardboard_151.jpg,cardboard,metal,0.982913,False,False
data\external_test_realwaste\cardboard\Cardboard_152.jpg,cardboard,metal,0.719538,False,False
data\external_test_realwaste\cardboard\Cardboard_153.jpg,cardboard,metal,0.994356,False,False
data\external_test_realwaste\cardboard\Cardboard_154.jpg,cardboard,trash,0.514065,False,True
data\external_test_realwaste\cardboard\Cardboard_155.jpg,cardboard,cardboard,0.61908,True,False
data\external_test_realwaste\cardboard\Cardboard_156.jpg,cardboard,trash,0.939659,False,False
data\external_test_realwaste\cardboard\Cardboard_157.jpg,cardboard,trash,0.698182,False,False
data\external_test_realwaste\cardboard\Cardboard_158.jpg,cardboard,cardboard,0.566957,True,True
data\external_test_realwaste\cardboard\Cardboard_159.jpg,cardboard,trash,0.977964,False,False
data\external_test_realwaste\cardboard\Cardboard_16.jpg,cardboard,trash,0.965569,False,False
data\external_test_realwaste\cardboard\Cardboard_160.jpg,cardboard,trash,0.710219,False,False
data\external_test_realwaste\cardboard\Cardboard_161.jpg,cardboard,paper,0.557988,False,True
data\external_test_realwaste\cardboard\Cardboard_162.jpg,cardboard,cardboard,0.956836,True,False
data\external_test_realwaste\cardboard\Cardboard_163.jpg,cardboard,paper,0.522946,False,True
data\external_test_realwaste\cardboard\Cardboard_164.jpg,cardboard,paper,0.784258,False,False
data\external_test_realwaste\cardboard\Cardboard_165.jpg,cardboard,trash,0.859259,False,False
data\external_test_realwaste\cardboard\Cardboard_166.jpg,cardboard,paper,0.641214,False,False
data\external_test_realwaste\cardboard\Cardboard_167.jpg,cardboard,trash,0.428266,False,True
data\external_test_realwaste\cardboard\Cardboard_168.jpg,cardboard,plastic,0.63686,False,False
data\external_test_realwaste\cardboard\Cardboard_169.jpg,cardboard,trash,0.908354,False,False
data\external_test_realwaste\cardboard\Cardboard_17.jpg,cardboard,paper,0.663137,False,False
data\external_test_realwaste\cardboard\Cardboard_170.jpg,cardboard,trash,0.913068,False,False
data\external_test_realwaste\cardboard\Cardboard_171.jpg,cardboard,trash,0.93935,False,False
data\external_test_realwaste\cardboard\Cardboard_172.jpg,cardboard,trash,0.6986,False,False
data\external_test_realwaste\cardboard\Cardboard_173.jpg,cardboard,trash,0.970106,False,False
data\external_test_realwaste\cardboard\Cardboard_174.jpg,cardboard,cardboard,0.382265,True,True
data\external_test_realwaste\cardboard\Cardboard_175.jpg,cardboard,cardboard,0.651498,True,False
data\external_test_realwaste\cardboard\Cardboard_176.jpg,cardboard,cardboard,0.99028,True,False
data\external_test_realwaste\cardboard\Cardboard_177.jpg,cardboard,trash,0.547374,False,True
data\external_test_realwaste\cardboard\Cardboard_178.jpg,cardboard,cardboard,0.810218,True,False
data\external_test_realwaste\cardboard\Cardboard_179.jpg,cardboard,paper,0.809637,False,False
data\external_test_realwaste\cardboard\Cardboard_18.jpg,cardboard,paper,0.99796,False,False
data\external_test_realwaste\cardboard\Cardboard_180.jpg,cardboard,trash,0.670104,False,False
data\external_test_realwaste\cardboard\Cardboard_181.jpg,cardboard,trash,0.733151,False,False
data\external_test_realwaste\cardboard\Cardboard_182.jpg,cardboard,cardboard,0.438291,True,True
data\external_test_realwaste\cardboard\Cardboard_183.jpg,cardboard,trash,0.370547,False,True
data\external_test_realwaste\cardboard\Cardboard_184.jpg,cardboard,trash,0.822997,False,False
data\external_test_realwaste\cardboard\Cardboard_185.jpg,cardboard,trash,0.928676,False,False
data\external_test_realwaste\cardboard\Cardboard_186.jpg,cardboard,trash,0.756034,False,False
data\external_test_realwaste\cardboard\Cardboard_187.jpg,cardboard,trash,0.531805,False,True
data\external_test_realwaste\cardboard\Cardboard_188.jpg,cardboard,trash,0.751495,False,False
data\external_test_realwaste\cardboard\Cardboard_189.jpg,cardboard,trash,0.738562,False,False
data\external_test_realwaste\cardboard\Cardboard_19.jpg,cardboard,trash,0.794731,False,False
data\external_test_realwaste\cardboard\Cardboard_190.jpg,cardboard,trash,0.967679,False,False
data\external_test_realwaste\cardboard\Cardboard_191.jpg,cardboard,paper,0.822951,False,False
data\external_test_realwaste\cardboard\Cardboard_192.jpg,cardboard,paper,0.506697,False,True
data\external_test_realwaste\cardboard\Cardboard_193.jpg,cardboard,trash,0.538256,False,True
data\external_test_realwaste\cardboard\Cardboard_194.jpg,cardboard,cardboard,0.993928,True,False
data\external_test_realwaste\cardboard\Cardboard_195.jpg,cardboard,cardboard,0.964084,True,False
data\external_test_realwaste\cardboard\Cardboard_196.jpg,cardboard,paper,0.483037,False,True
data\external_test_realwaste\cardboard\Cardboard_197.jpg,cardboard,trash,0.769407,False,False
data\external_test_realwaste\cardboard\Cardboard_198.jpg,cardboard,trash,0.850843,False,False
data\external_test_realwaste\cardboard\Cardboard_199.jpg,cardboard,plastic,0.62943,False,False
data\external_test_realwaste\cardboard\Cardboard_2.jpg,cardboard,trash,0.627079,False,False
data\external_test_realwaste\cardboard\Cardboard_20.jpg,cardboard,paper,0.65985,False,False
data\external_test_realwaste\cardboard\Cardboard_200.jpg,cardboard,trash,0.729672,False,False
data\external_test_realwaste\cardboard\Cardboard_201.jpg,cardboard,trash,0.870996,False,False
data\external_test_realwaste\cardboard\Cardboard_202.jpg,cardboard,paper,0.479841,False,True
data\external_test_realwaste\cardboard\Cardboard_203.jpg,cardboard,trash,0.934839,False,False
data\external_test_realwaste\cardboard\Cardboard_204.jpg,cardboard,trash,0.926826,False,False
data\external_test_realwaste\cardboard\Cardboard_205.jpg,cardboard,plastic,0.655908,False,False
data\external_test_realwaste\cardboard\Cardboard_206.jpg,cardboard,trash,0.710204,False,False
data\external_test_realwaste\cardboard\Cardboard_207.jpg,cardboard,trash,0.835602,False,False
data\external_test_realwaste\cardboard\Cardboard_208.jpg,cardboard,trash,0.965465,False,False
data\external_test_realwaste\cardboard\Cardboard_209.jpg,cardboard,trash,0.967746,False,False
data\external_test_realwaste\cardboard\Cardboard_21.jpg,cardboard,metal,0.520696,False,True
data\external_test_realwaste\cardboard\Cardboard_210.jpg,cardboard,trash,0.828684,False,False
data\external_test_realwaste\cardboard\Cardboard_211.jpg,cardboard,trash,0.77091,False,False
data\external_test_realwaste\cardboard\Cardboard_212.jpg,cardboard,paper,0.858181,False,False
data\external_test_realwaste\cardboard\Cardboard_213.jpg,cardboard,paper,0.399657,False,True
data\external_test_realwaste\cardboard\Cardboard_214.jpg,cardboard,trash,0.785888,False,False
data\external_test_realwaste\cardboard\Cardboard_215.jpg,cardboard,trash,0.904295,False,False
data\external_test_realwaste\cardboard\Cardboard_216.jpg,cardboard,paper,0.949134,False,False
data\external_test_realwaste\cardboard\Cardboard_217.jpg,cardboard,trash,0.557039,False,True
data\external_test_realwaste\cardboard\Cardboard_218.jpg,cardboard,cardboard,0.928039,True,False
data\external_test_realwaste\cardboard\Cardboard_219.jpg,cardboard,cardboard,0.66688,True,False
data\external_test_realwaste\cardboard\Cardboard_22.jpg,cardboard,cardboard,0.991342,True,False
data\external_test_realwaste\cardboard\Cardboard_220.jpg,cardboard,cardboard,0.660513,True,False
data\external_test_realwaste\cardboard\Cardboard_221.jpg,cardboard,trash,0.944905,False,False
data\external_test_realwaste\cardboard\Cardboard_222.jpg,cardboard,paper,0.781095,False,False
data\external_test_realwaste\cardboard\Cardboard_223.jpg,cardboard,paper,0.79482,False,False
data\external_test_realwaste\cardboard\Cardboard_224.jpg,cardboard,paper,0.99401,False,False
data\external_test_realwaste\cardboard\Cardboard_225.jpg,cardboard,paper,0.983352,False,False
data\external_test_realwaste\cardboard\Cardboard_226.jpg,cardboard,trash,0.704121,False,False
data\external_test_realwaste\cardboard\Cardboard_227.jpg,cardboard,trash,0.917395,False,False
data\external_test_realwaste\cardboard\Cardboard_228.jpg,cardboard,trash,0.812115,False,False
data\external_test_realwaste\cardboard\Cardboard_229.jpg,cardboard,trash,0.973159,False,False
data\external_test_realwaste\cardboard\Cardboard_23.jpg,cardboard,paper,0.990321,False,False
data\external_test_realwaste\cardboard\Cardboard_230.jpg,cardboard,trash,0.856965,False,False
data\external_test_realwaste\cardboard\Cardboard_231.jpg,cardboard,trash,0.903955,False,False
data\external_test_realwaste\cardboard\Cardboard_232.jpg,cardboard,trash,0.674569,False,False
data\external_test_realwaste\cardboard\Cardboard_233.jpg,cardboard,cardboard,0.937807,True,False
data\external_test_realwaste\cardboard\Cardboard_234.jpg,cardboard,trash,0.934625,False,False
data\external_test_realwaste\cardboard\Cardboard_235.jpg,cardboard,paper,0.554625,False,True
data\external_test_realwaste\cardboard\Cardboard_236.jpg,cardboard,trash,0.970497,False,False
data\external_test_realwaste\cardboard\Cardboard_237.jpg,cardboard,paper,0.97872,False,False
data\external_test_realwaste\cardboard\Cardboard_238.jpg,cardboard,trash,0.673344,False,False
data\external_test_realwaste\cardboard\Cardboard_239.jpg,cardboard,trash,0.604271,False,False
data\external_test_realwaste\cardboard\Cardboard_24.jpg,cardboard,trash,0.93555,False,False
data\external_test_realwaste\cardboard\Cardboard_240.jpg,cardboard,trash,0.501837,False,True
data\external_test_realwaste\cardboard\Cardboard_241.jpg,cardboard,trash,0.758193,False,False
data\external_test_realwaste\cardboard\Cardboard_242.jpg,cardboard,paper,0.994874,False,False
data\external_test_realwaste\cardboard\Cardboard_243.jpg,cardboard,paper,0.772373,False,False
data\external_test_realwaste\cardboard\Cardboard_244.jpg,cardboard,trash,0.824441,False,False
data\external_test_realwaste\cardboard\Cardboard_245.jpg,cardboard,paper,0.474509,False,True
data\external_test_realwaste\cardboard\Cardboard_246.jpg,cardboard,cardboard,0.878381,True,False
data\external_test_realwaste\cardboard\Cardboard_247.jpg,cardboard,paper,0.850285,False,False
data\external_test_realwaste\cardboard\Cardboard_248.jpg,cardboard,paper,0.817167,False,False
data\external_test_realwaste\cardboard\Cardboard_249.jpg,cardboard,trash,0.970854,False,False
data\external_test_realwaste\cardboard\Cardboard_25.jpg,cardboard,cardboard,0.373205,True,True
data\external_test_realwaste\cardboard\Cardboard_250.jpg,cardboard,trash,0.950611,False,False
data\external_test_realwaste\cardboard\Cardboard_251.jpg,cardboard,trash,0.99531,False,False
data\external_test_realwaste\cardboard\Cardboard_252.jpg,cardboard,trash,0.97344,False,False
data\external_test_realwaste\cardboard\Cardboard_253.jpg,cardboard,trash,0.643776,False,False
data\external_test_realwaste\cardboard\Cardboard_254.jpg,cardboard,trash,0.678956,False,False
data\external_test_realwaste\cardboard\Cardboard_255.jpg,cardboard,trash,0.747838,False,False
data\external_test_realwaste\cardboard\Cardboard_256.jpg,cardboard,paper,0.828228,False,False
data\external_test_realwaste\cardboard\Cardboard_257.jpg,cardboard,paper,0.997317,False,False
data\external_test_realwaste\cardboard\Cardboard_258.jpg,cardboard,trash,0.863193,False,False
data\external_test_realwaste\cardboard\Cardboard_259.jpg,cardboard,trash,0.91782,False,False
data\external_test_realwaste\cardboard\Cardboard_26.jpg,cardboard,trash,0.933598,False,False
data\external_test_realwaste\cardboard\Cardboard_260.jpg,cardboard,paper,0.983425,False,False
data\external_test_realwaste\cardboard\Cardboard_261.jpg,cardboard,paper,0.976532,False,False
data\external_test_realwaste\cardboard\Cardboard_262.jpg,cardboard,trash,0.839142,False,False
data\external_test_realwaste\cardboard\Cardboard_263.jpg,cardboard,paper,0.616902,False,False
data\external_test_realwaste\cardboard\Cardboard_264.jpg,cardboard,trash,0.899442,False,False
data\external_test_realwaste\cardboard\Cardboard_265.jpg,cardboard,paper,0.813478,False,False
data\external_test_realwaste\cardboard\Cardboard_266.jpg,cardboard,plastic,0.692013,False,False
data\external_test_realwaste\cardboard\Cardboard_267.jpg,cardboard,trash,0.564159,False,True
data\external_test_realwaste\cardboard\Cardboard_268.jpg,cardboard,paper,0.931518,False,False
data\external_test_realwaste\cardboard\Cardboard_269.jpg,cardboard,trash,0.99715,False,False
data\external_test_realwaste\cardboard\Cardboard_27.jpg,cardboard,trash,0.561215,False,True
data\external_test_realwaste\cardboard\Cardboard_270.jpg,cardboard,paper,0.730797,False,False
data\external_test_realwaste\cardboard\Cardboard_271.jpg,cardboard,plastic,0.479482,False,True
data\external_test_realwaste\cardboard\Cardboard_272.jpg,cardboard,metal,0.885175,False,False
data\external_test_realwaste\cardboard\Cardboard_273.jpg,cardboard,metal,0.912442,False,False
data\external_test_realwaste\cardboard\Cardboard_274.jpg,cardboard,trash,0.653266,False,False
data\external_test_realwaste\cardboard\Cardboard_275.jpg,cardboard,paper,0.888759,False,False
data\external_test_realwaste\cardboard\Cardboard_276.jpg,cardboard,plastic,0.708282,False,False
data\external_test_realwaste\cardboard\Cardboard_277.jpg,cardboard,metal,0.977177,False,False
data\external_test_realwaste\cardboard\Cardboard_278.jpg,cardboard,paper,0.983718,False,False
data\external_test_realwaste\cardboard\Cardboard_279.jpg,cardboard,cardboard,0.862482,True,False
data\external_test_realwaste\cardboard\Cardboard_28.jpg,cardboard,trash,0.989795,False,False
data\external_test_realwaste\cardboard\Cardboard_280.jpg,cardboard,paper,0.777415,False,False
data\external_test_realwaste\cardboard\Cardboard_281.jpg,cardboard,paper,0.737933,False,False
data\external_test_realwaste\cardboard\Cardboard_282.jpg,cardboard,trash,0.917075,False,False
data\external_test_realwaste\cardboard\Cardboard_283.jpg,cardboard,paper,0.610498,False,False
data\external_test_realwaste\cardboard\Cardboard_284.jpg,cardboard,trash,0.970884,False,False
data\external_test_realwaste\cardboard\Cardboard_285.jpg,cardboard,trash,0.853253,False,False
data\external_test_realwaste\cardboard\Cardboard_286.jpg,cardboard,trash,0.980453,False,False
data\external_test_realwaste\cardboard\Cardboard_287.jpg,cardboard,trash,0.983675,False,False
data\external_test_realwaste\cardboard\Cardboard_288.jpg,cardboard,plastic,0.542163,False,True
data\external_test_realwaste\cardboard\Cardboard_289.jpg,cardboard,paper,0.962146,False,False
data\external_test_realwaste\cardboard\Cardboard_29.jpg,cardboard,cardboard,0.519737,True,True
data\external_test_realwaste\cardboard\Cardboard_290.jpg,cardboard,paper,0.777494,False,False
data\external_test_realwaste\cardboard\Cardboard_291.jpg,cardboard,paper,0.347536,False,True
data\external_test_realwaste\cardboard\Cardboard_292.jpg,cardboard,plastic,0.611432,False,False
data\external_test_realwaste\cardboard\Cardboard_293.jpg,cardboard,metal,0.85053,False,False
data\external_test_realwaste\cardboard\Cardboard_294.jpg,cardboard,metal,0.979509,False,False
data\external_test_realwaste\cardboard\Cardboard_295.jpg,cardboard,trash,0.820407,False,False
data\external_test_realwaste\cardboard\Cardboard_296.jpg,cardboard,trash,0.828052,False,False
data\external_test_realwaste\cardboard\Cardboard_297.jpg,cardboard,paper,0.820045,False,False
data\external_test_realwaste\cardboard\Cardboard_298.jpg,cardboard,paper,0.64982,False,False
data\external_test_realwaste\cardboard\Cardboard_299.jpg,cardboard,trash,0.838802,False,False
data\external_test_realwaste\cardboard\Cardboard_3.jpg,cardboard,paper,0.990736,False,False
data\external_test_realwaste\cardboard\Cardboard_30.jpg,cardboard,cardboard,0.814191,True,False
data\external_test_realwaste\cardboard\Cardboard_300.jpg,cardboard,paper,0.949246,False,False
data\external_test_realwaste\cardboard\Cardboard_301.jpg,cardboard,cardboard,0.453814,True,True
data\external_test_realwaste\cardboard\Cardboard_302.jpg,cardboard,paper,0.99893,False,False
data\external_test_realwaste\cardboard\Cardboard_303.jpg,cardboard,paper,0.990246,False,False
data\external_test_realwaste\cardboard\Cardboard_304.jpg,cardboard,paper,0.999958,False,False
data\external_test_realwaste\cardboard\Cardboard_305.jpg,cardboard,paper,0.947545,False,False
data\external_test_realwaste\cardboard\Cardboard_306.jpg,cardboard,paper,0.534482,False,True
data\external_test_realwaste\cardboard\Cardboard_307.jpg,cardboard,paper,0.66949,False,False
data\external_test_realwaste\cardboard\Cardboard_308.jpg,cardboard,trash,0.636354,False,False
data\external_test_realwaste\cardboard\Cardboard_309.jpg,cardboard,trash,0.535118,False,True
data\external_test_realwaste\cardboard\Cardboard_31.jpg,cardboard,trash,0.763403,False,False
data\external_test_realwaste\cardboard\Cardboard_310.jpg,cardboard,trash,0.903046,False,False
data\external_test_realwaste\cardboard\Cardboard_311.jpg,cardboard,trash,0.941821,False,False
data\external_test_realwaste\cardboard\Cardboard_312.jpg,cardboard,cardboard,0.967524,True,False
data\external_test_realwaste\cardboard\Cardboard_313.jpg,cardboard,trash,0.960931,False,False
data\external_test_realwaste\cardboard\Cardboard_314.jpg,cardboard,trash,0.974872,False,False
data\external_test_realwaste\cardboard\Cardboard_315.jpg,cardboard,trash,0.968911,False,False
data\external_test_realwaste\cardboard\Cardboard_316.jpg,cardboard,trash,0.988212,False,False
data\external_test_realwaste\cardboard\Cardboard_317.jpg,cardboard,trash,0.877239,False,False
data\external_test_realwaste\cardboard\Cardboard_318.jpg,cardboard,trash,0.993153,False,False
data\external_test_realwaste\cardboard\Cardboard_319.jpg,cardboard,trash,0.997727,False,False
data\external_test_realwaste\cardboard\Cardboard_32.jpg,cardboard,paper,0.522378,False,True
data\external_test_realwaste\cardboard\Cardboard_320.jpg,cardboard,trash,0.601314,False,False
data\external_test_realwaste\cardboard\Cardboard_321.jpg,cardboard,trash,0.928626,False,False
data\external_test_realwaste\cardboard\Cardboard_322.jpg,cardboard,paper,0.887038,False,False
data\external_test_realwaste\cardboard\Cardboard_323.jpg,cardboard,paper,0.994572,False,False
data\external_test_realwaste\cardboard\Cardboard_324.jpg,cardboard,trash,0.546248,False,True
data\external_test_realwaste\cardboard\Cardboard_325.jpg,cardboard,trash,0.704689,False,False
data\external_test_realwaste\cardboard\Cardboard_326.jpg,cardboard,trash,0.500831,False,True
data\external_test_realwaste\cardboard\Cardboard_327.jpg,cardboard,trash,0.600463,False,False
data\external_test_realwaste\cardboard\Cardboard_328.jpg,cardboard,trash,0.691346,False,False
data\external_test_realwaste\cardboard\Cardboard_329.jpg,cardboard,paper,0.759521,False,False
data\external_test_realwaste\cardboard\Cardboard_33.jpg,cardboard,trash,0.824084,False,False
data\external_test_realwaste\cardboard\Cardboard_330.jpg,cardboard,trash,0.8963,False,False
data\external_test_realwaste\cardboard\Cardboard_331.jpg,cardboard,trash,0.930914,False,False
data\external_test_realwaste\cardboard\Cardboard_332.jpg,cardboard,trash,0.884848,False,False
data\external_test_realwaste\cardboard\Cardboard_333.jpg,cardboard,trash,0.894116,False,False
data\external_test_realwaste\cardboard\Cardboard_334.jpg,cardboard,cardboard,0.913711,True,False
data\external_test_realwaste\cardboard\Cardboard_335.jpg,cardboard,cardboard,0.493945,True,True
data\external_test_realwaste\cardboard\Cardboard_336.jpg,cardboard,trash,0.582498,False,True
data\external_test_realwaste\cardboard\Cardboard_337.jpg,cardboard,trash,0.889818,False,False
data\external_test_realwaste\cardboard\Cardboard_338.jpg,cardboard,trash,0.981328,False,False
data\external_test_realwaste\cardboard\Cardboard_339.jpg,cardboard,trash,0.845437,False,False
data\external_test_realwaste\cardboard\Cardboard_34.jpg,cardboard,cardboard,0.780623,True,False
data\external_test_realwaste\cardboard\Cardboard_340.jpg,cardboard,trash,0.960481,False,False
data\external_test_realwaste\cardboard\Cardboard_341.jpg,cardboard,paper,0.516362,False,True
data\external_test_realwaste\cardboard\Cardboard_342.jpg,cardboard,plastic,0.952854,False,False
data\external_test_realwaste\cardboard\Cardboard_343.jpg,cardboard,paper,0.984664,False,False
data\external_test_realwaste\cardboard\Cardboard_344.jpg,cardboard,plastic,0.804536,False,False
data\external_test_realwaste\cardboard\Cardboard_345.jpg,cardboard,trash,0.387613,False,True
data\external_test_realwaste\cardboard\Cardboard_346.jpg,cardboard,trash,0.432295,False,True
data\external_test_realwaste\cardboard\Cardboard_347.jpg,cardboard,trash,0.590039,False,True
data\external_test_realwaste\cardboard\Cardboard_348.jpg,cardboard,trash,0.615102,False,False
data\external_test_realwaste\cardboard\Cardboard_349.jpg,cardboard,trash,0.701598,False,False
data\external_test_realwaste\cardboard\Cardboard_35.jpg,cardboard,metal,0.873845,False,False
data\external_test_realwaste\cardboard\Cardboard_350.jpg,cardboard,trash,0.99413,False,False
data\external_test_realwaste\cardboard\Cardboard_351.jpg,cardboard,trash,0.832903,False,False
data\external_test_realwaste\cardboard\Cardboard_352.jpg,cardboard,paper,0.819794,False,False
data\external_test_realwaste\cardboard\Cardboard_353.jpg,cardboard,paper,0.736529,False,False
data\external_test_realwaste\cardboard\Cardboard_354.jpg,cardboard,trash,0.358172,False,True
data\external_test_realwaste\cardboard\Cardboard_355.jpg,cardboard,metal,0.391289,False,True
data\external_test_realwaste\cardboard\Cardboard_356.jpg,cardboard,trash,0.845788,False,False
data\external_test_realwaste\cardboard\Cardboard_357.jpg,cardboard,cardboard,0.467683,True,True
data\external_test_realwaste\cardboard\Cardboard_358.jpg,cardboard,paper,0.484347,False,True
data\external_test_realwaste\cardboard\Cardboard_359.jpg,cardboard,trash,0.86041,False,False
data\external_test_realwaste\cardboard\Cardboard_36.jpg,cardboard,cardboard,0.358251,True,True
data\external_test_realwaste\cardboard\Cardboard_360.jpg,cardboard,paper,0.98613,False,False
data\external_test_realwaste\cardboard\Cardboard_361.jpg,cardboard,paper,0.681637,False,False
data\external_test_realwaste\cardboard\Cardboard_362.jpg,cardboard,trash,0.999389,False,False
data\external_test_realwaste\cardboard\Cardboard_363.jpg,cardboard,paper,0.999342,False,False
data\external_test_realwaste\cardboard\Cardboard_364.jpg,cardboard,trash,0.899518,False,False
data\external_test_realwaste\cardboard\Cardboard_365.jpg,cardboard,trash,0.550411,False,True
data\external_test_realwaste\cardboard\Cardboard_366.jpg,cardboard,trash,0.650792,False,False
data\external_test_realwaste\cardboard\Cardboard_367.jpg,cardboard,paper,0.956748,False,False
data\external_test_realwaste\cardboard\Cardboard_368.jpg,cardboard,cardboard,0.875038,True,False
data\external_test_realwaste\cardboard\Cardboard_369.jpg,cardboard,paper,0.678883,False,False
data\external_test_realwaste\cardboard\Cardboard_37.jpg,cardboard,metal,0.983291,False,False
data\external_test_realwaste\cardboard\Cardboard_370.jpg,cardboard,paper,0.549,False,True
data\external_test_realwaste\cardboard\Cardboard_371.jpg,cardboard,paper,0.52458,False,True
data\external_test_realwaste\cardboard\Cardboard_372.jpg,cardboard,paper,0.883632,False,False
data\external_test_realwaste\cardboard\Cardboard_373.jpg,cardboard,trash,0.660835,False,False
data\external_test_realwaste\cardboard\Cardboard_374.jpg,cardboard,trash,0.79737,False,False
data\external_test_realwaste\cardboard\Cardboard_375.jpg,cardboard,paper,0.884232,False,False
data\external_test_realwaste\cardboard\Cardboard_376.jpg,cardboard,trash,0.998908,False,False
data\external_test_realwaste\cardboard\Cardboard_377.jpg,cardboard,trash,0.663568,False,False
data\external_test_realwaste\cardboard\Cardboard_378.jpg,cardboard,trash,0.678477,False,False
data\external_test_realwaste\cardboard\Cardboard_379.jpg,cardboard,trash,0.47401,False,True
data\external_test_realwaste\cardboard\Cardboard_38.jpg,cardboard,paper,0.5652,False,True
data\external_test_realwaste\cardboard\Cardboard_380.jpg,cardboard,trash,0.995511,False,False
data\external_test_realwaste\cardboard\Cardboard_381.jpg,cardboard,metal,0.660022,False,False
data\external_test_realwaste\cardboard\Cardboard_382.jpg,cardboard,trash,0.9764,False,False
data\external_test_realwaste\cardboard\Cardboard_383.jpg,cardboard,trash,0.867486,False,False
data\external_test_realwaste\cardboard\Cardboard_384.jpg,cardboard,trash,0.680168,False,False
data\external_test_realwaste\cardboard\Cardboard_385.jpg,cardboard,trash,0.96526,False,False
data\external_test_realwaste\cardboard\Cardboard_386.jpg,cardboard,plastic,0.583719,False,True
data\external_test_realwaste\cardboard\Cardboard_387.jpg,cardboard,paper,0.636715,False,False
data\external_test_realwaste\cardboard\Cardboard_388.jpg,cardboard,paper,0.844938,False,False
data\external_test_realwaste\cardboard\Cardboard_389.jpg,cardboard,trash,0.996323,False,False
data\external_test_realwaste\cardboard\Cardboard_39.jpg,cardboard,trash,0.905908,False,False
data\external_test_realwaste\cardboard\Cardboard_390.jpg,cardboard,paper,0.996122,False,False
data\external_test_realwaste\cardboard\Cardboard_391.jpg,cardboard,trash,0.716464,False,False
data\external_test_realwaste\cardboard\Cardboard_392.jpg,cardboard,trash,0.638203,False,False
data\external_test_realwaste\cardboard\Cardboard_393.jpg,cardboard,paper,0.950015,False,False
data\external_test_realwaste\cardboard\Cardboard_394.jpg,cardboard,paper,0.72885,False,False
data\external_test_realwaste\cardboard\Cardboard_395.jpg,cardboard,paper,0.963822,False,False
data\external_test_realwaste\cardboard\Cardboard_396.jpg,cardboard,paper,0.506886,False,True
data\external_test_realwaste\cardboard\Cardboard_397.jpg,cardboard,cardboard,0.879564,True,False
data\external_test_realwaste\cardboard\Cardboard_398.jpg,cardboard,trash,0.738728,False,False
data\external_test_realwaste\cardboard\Cardboard_399.jpg,cardboard,trash,0.944428,False,False
data\external_test_realwaste\cardboard\Cardboard_4.jpg,cardboard,trash,0.750743,False,False
data\external_test_realwaste\cardboard\Cardboard_40.jpg,cardboard,paper,0.879102,False,False
data\external_test_realwaste\cardboard\Cardboard_400.jpg,cardboard,trash,0.641455,False,False
data\external_test_realwaste\cardboard\Cardboard_401.jpg,cardboard,paper,0.997616,False,False
data\external_test_realwaste\cardboard\Cardboard_402.jpg,cardboard,trash,0.620624,False,False
data\external_test_realwaste\cardboard\Cardboard_403.jpg,cardboard,trash,0.731013,False,False
data\external_test_realwaste\cardboard\Cardboard_404.jpg,cardboard,paper,0.707193,False,False
data\external_test_realwaste\cardboard\Cardboard_405.jpg,cardboard,cardboard,0.784463,True,False
data\external_test_realwaste\cardboard\Cardboard_406.jpg,cardboard,cardboard,0.626781,True,False
data\external_test_realwaste\cardboard\Cardboard_407.jpg,cardboard,paper,0.989174,False,False
data\external_test_realwaste\cardboard\Cardboard_408.jpg,cardboard,trash,0.913283,False,False
data\external_test_realwaste\cardboard\Cardboard_409.jpg,cardboard,trash,0.984471,False,False
data\external_test_realwaste\cardboard\Cardboard_41.jpg,cardboard,cardboard,0.561861,True,True
data\external_test_realwaste\cardboard\Cardboard_410.jpg,cardboard,cardboard,0.642965,True,False
data\external_test_realwaste\cardboard\Cardboard_411.jpg,cardboard,trash,0.647091,False,False
data\external_test_realwaste\cardboard\Cardboard_412.jpg,cardboard,trash,0.570715,False,True
data\external_test_realwaste\cardboard\Cardboard_413.jpg,cardboard,paper,0.933922,False,False
data\external_test_realwaste\cardboard\Cardboard_414.jpg,cardboard,trash,0.66087,False,False
data\external_test_realwaste\cardboard\Cardboard_415.jpg,cardboard,trash,0.741249,False,False
data\external_test_realwaste\cardboard\Cardboard_416.jpg,cardboard,paper,0.906909,False,False
data\external_test_realwaste\cardboard\Cardboard_417.jpg,cardboard,trash,0.804871,False,False
data\external_test_realwaste\cardboard\Cardboard_418.jpg,cardboard,paper,0.924476,False,False
data\external_test_realwaste\cardboard\Cardboard_419.jpg,cardboard,paper,0.540642,False,True
data\external_test_realwaste\cardboard\Cardboard_42.jpg,cardboard,cardboard,0.962006,True,False
data\external_test_realwaste\cardboard\Cardboard_420.jpg,cardboard,paper,0.944399,False,False
data\external_test_realwaste\cardboard\Cardboard_421.jpg,cardboard,paper,0.924055,False,False
data\external_test_realwaste\cardboard\Cardboard_422.jpg,cardboard,paper,0.97761,False,False
data\external_test_realwaste\cardboard\Cardboard_423.jpg,cardboard,paper,0.662568,False,False
data\external_test_realwaste\cardboard\Cardboard_424.jpg,cardboard,metal,0.631211,False,False
data\external_test_realwaste\cardboard\Cardboard_425.jpg,cardboard,paper,0.480287,False,True
data\external_test_realwaste\cardboard\Cardboard_426.jpg,cardboard,trash,0.931711,False,False
data\external_test_realwaste\cardboard\Cardboard_427.jpg,cardboard,trash,0.91411,False,False
data\external_test_realwaste\cardboard\Cardboard_428.jpg,cardboard,trash,0.80091,False,False
data\external_test_realwaste\cardboard\Cardboard_429.jpg,cardboard,paper,0.995217,False,False
data\external_test_realwaste\cardboard\Cardboard_43.jpg,cardboard,cardboard,0.771678,True,False
data\external_test_realwaste\cardboard\Cardboard_430.jpg,cardboard,trash,0.95894,False,False
data\external_test_realwaste\cardboard\Cardboard_431.jpg,cardboard,trash,0.895683,False,False
data\external_test_realwaste\cardboard\Cardboard_432.jpg,cardboard,trash,0.967881,False,False
data\external_test_realwaste\cardboard\Cardboard_433.jpg,cardboard,trash,0.454518,False,True
data\external_test_realwaste\cardboard\Cardboard_434.jpg,cardboard,plastic,0.363231,False,True
data\external_test_realwaste\cardboard\Cardboard_435.jpg,cardboard,plastic,0.71232,False,False
data\external_test_realwaste\cardboard\Cardboard_436.jpg,cardboard,paper,0.598537,False,True
data\external_test_realwaste\cardboard\Cardboard_437.jpg,cardboard,cardboard,0.555336,True,True
data\external_test_realwaste\cardboard\Cardboard_438.jpg,cardboard,paper,0.599395,False,True
data\external_test_realwaste\cardboard\Cardboard_439.jpg,cardboard,paper,0.946226,False,False
data\external_test_realwaste\cardboard\Cardboard_44.jpg,cardboard,trash,0.91639,False,False
data\external_test_realwaste\cardboard\Cardboard_440.jpg,cardboard,metal,0.786681,False,False
data\external_test_realwaste\cardboard\Cardboard_441.jpg,cardboard,cardboard,0.845047,True,False
data\external_test_realwaste\cardboard\Cardboard_442.jpg,cardboard,paper,0.997697,False,False
data\external_test_realwaste\cardboard\Cardboard_443.jpg,cardboard,cardboard,0.652974,True,False
data\external_test_realwaste\cardboard\Cardboard_444.jpg,cardboard,cardboard,0.710339,True,False
data\external_test_realwaste\cardboard\Cardboard_445.jpg,cardboard,cardboard,0.991741,True,False
data\external_test_realwaste\cardboard\Cardboard_446.jpg,cardboard,cardboard,0.944737,True,False
data\external_test_realwaste\cardboard\Cardboard_447.jpg,cardboard,cardboard,0.500987,True,True
data\external_test_realwaste\cardboard\Cardboard_448.jpg,cardboard,cardboard,0.830971,True,False
data\external_test_realwaste\cardboard\Cardboard_449.jpg,cardboard,cardboard,0.771558,True,False
data\external_test_realwaste\cardboard\Cardboard_45.jpg,cardboard,trash,0.696539,False,False
data\external_test_realwaste\cardboard\Cardboard_450.jpg,cardboard,paper,0.822858,False,False
data\external_test_realwaste\cardboard\Cardboard_451.jpg,cardboard,paper,0.538015,False,True
data\external_test_realwaste\cardboard\Cardboard_452.jpg,cardboard,paper,0.904421,False,False
data\external_test_realwaste\cardboard\Cardboard_453.jpg,cardboard,paper,0.956174,False,False
data\external_test_realwaste\cardboard\Cardboard_454.jpg,cardboard,cardboard,0.994056,True,False
data\external_test_realwaste\cardboard\Cardboard_455.jpg,cardboard,cardboard,0.842493,True,False
data\external_test_realwaste\cardboard\Cardboard_456.jpg,cardboard,cardboard,0.905744,True,False
data\external_test_realwaste\cardboard\Cardboard_457.jpg,cardboard,cardboard,0.957612,True,False
data\external_test_realwaste\cardboard\Cardboard_458.jpg,cardboard,cardboard,0.823794,True,False
data\external_test_realwaste\cardboard\Cardboard_459.jpg,cardboard,cardboard,0.928192,True,False
data\external_test_realwaste\cardboard\Cardboard_46.jpg,cardboard,trash,0.858511,False,False
data\external_test_realwaste\cardboard\Cardboard_460.jpg,cardboard,cardboard,0.629482,True,False
data\external_test_realwaste\cardboard\Cardboard_461.jpg,cardboard,trash,0.608294,False,False
data\external_test_realwaste\cardboard\Cardboard_47.jpg,cardboard,paper,0.953938,False,False
data\external_test_realwaste\cardboard\Cardboard_48.jpg,cardboard,paper,0.566658,False,True
data\external_test_realwaste\cardboard\Cardboard_49.jpg,cardboard,cardboard,0.999985,True,False
data\external_test_realwaste\cardboard\Cardboard_5.jpg,cardboard,trash,0.380086,False,True
data\external_test_realwaste\cardboard\Cardboard_50.jpg,cardboard,paper,0.818566,False,False
data\external_test_realwaste\cardboard\Cardboard_51.jpg,cardboard,cardboard,0.999638,True,False
data\external_test_realwaste\cardboard\Cardboard_52.jpg,cardboard,trash,0.628305,False,False
data\external_test_realwaste\cardboard\Cardboard_53.jpg,cardboard,trash,0.532858,False,True
data\external_test_realwaste\cardboard\Cardboard_54.jpg,cardboard,paper,0.918564,False,False
data\external_test_realwaste\cardboard\Cardboard_55.jpg,cardboard,cardboard,0.999899,True,False
data\external_test_realwaste\cardboard\Cardboard_56.jpg,cardboard,paper,0.97255,False,False
data\external_test_realwaste\cardboard\Cardboard_57.jpg,cardboard,paper,0.383103,False,True
data\external_test_realwaste\cardboard\Cardboard_58.jpg,cardboard,paper,0.98174,False,False
data\external_test_realwaste\cardboard\Cardboard_59.jpg,cardboard,paper,0.992974,False,False
data\external_test_realwaste\cardboard\Cardboard_6.jpg,cardboard,paper,0.982356,False,False
data\external_test_realwaste\cardboard\Cardboard_60.jpg,cardboard,paper,0.845503,False,False
data\external_test_realwaste\cardboard\Cardboard_61.jpg,cardboard,paper,0.957324,False,False
data\external_test_realwaste\cardboard\Cardboard_62.jpg,cardboard,paper,0.996456,False,False
data\external_test_realwaste\cardboard\Cardboard_63.jpg,cardboard,paper,0.984249,False,False
data\external_test_realwaste\cardboard\Cardboard_64.jpg,cardboard,trash,0.628696,False,False
data\external_test_realwaste\cardboard\Cardboard_65.jpg,cardboard,trash,0.743462,False,False
data\external_test_realwaste\cardboard\Cardboard_66.jpg,cardboard,trash,0.614074,False,False
data\external_test_realwaste\cardboard\Cardboard_67.jpg,cardboard,paper,0.957294,False,False
data\external_test_realwaste\cardboard\Cardboard_68.jpg,cardboard,paper,0.71504,False,False
data\external_test_realwaste\cardboard\Cardboard_69.jpg,cardboard,trash,0.787552,False,False
data\external_test_realwaste\cardboard\Cardboard_7.jpg,cardboard,cardboard,0.982266,True,False
data\external_test_realwaste\cardboard\Cardboard_70.jpg,cardboard,trash,0.922001,False,False
data\external_test_realwaste\cardboard\Cardboard_71.jpg,cardboard,trash,0.49473,False,True
data\external_test_realwaste\cardboard\Cardboard_72.jpg,cardboard,trash,0.558244,False,True
data\external_test_realwaste\cardboard\Cardboard_73.jpg,cardboard,trash,0.927383,False,False
data\external_test_realwaste\cardboard\Cardboard_74.jpg,cardboard,trash,0.624556,False,False
data\external_test_realwaste\cardboard\Cardboard_75.jpg,cardboard,trash,0.987456,False,False
data\external_test_realwaste\cardboard\Cardboard_76.jpg,cardboard,trash,0.686,False,False
data\external_test_realwaste\cardboard\Cardboard_77.jpg,cardboard,trash,0.478414,False,True
data\external_test_realwaste\cardboard\Cardboard_78.jpg,cardboard,cardboard,0.686434,True,False
data\external_test_realwaste\cardboard\Cardboard_79.jpg,cardboard,cardboard,0.50704,True,True
data\external_test_realwaste\cardboard\Cardboard_8.jpg,cardboard,paper,0.999421,False,False
data\external_test_realwaste\cardboard\Cardboard_80.jpg,cardboard,cardboard,0.922477,True,False
data\external_test_realwaste\cardboard\Cardboard_81.jpg,cardboard,cardboard,0.649677,True,False
data\external_test_realwaste\cardboard\Cardboard_82.jpg,cardboard,trash,0.8404,False,False
data\external_test_realwaste\cardboard\Cardboard_83.jpg,cardboard,trash,0.970765,False,False
data\external_test_realwaste\cardboard\Cardboard_84.jpg,cardboard,trash,0.950708,False,False
data\external_test_realwaste\cardboard\Cardboard_85.jpg,cardboard,trash,0.922226,False,False
data\external_test_realwaste\cardboard\Cardboard_86.jpg,cardboard,trash,0.696457,False,False
data\external_test_realwaste\cardboard\Cardboard_87.jpg,cardboard,paper,0.664592,False,False
data\external_test_realwaste\cardboard\Cardboard_88.jpg,cardboard,trash,0.92651,False,False
data\external_test_realwaste\cardboard\Cardboard_89.jpg,cardboard,trash,0.959978,False,False
data\external_test_realwaste\cardboard\Cardboard_9.jpg,cardboard,paper,0.994853,False,False
data\external_test_realwaste\cardboard\Cardboard_90.jpg,cardboard,trash,0.902751,False,False
data\external_test_realwaste\cardboard\Cardboard_91.jpg,cardboard,trash,0.708521,False,False
data\external_test_realwaste\cardboard\Cardboard_92.jpg,cardboard,trash,0.904302,False,False
data\external_test_realwaste\cardboard\Cardboard_93.jpg,cardboard,cardboard,0.529571,True,True
data\external_test_realwaste\cardboard\Cardboard_94.jpg,cardboard,trash,0.797619,False,False
data\external_test_realwaste\cardboard\Cardboard_95.jpg,cardboard,trash,0.716897,False,False
data\external_test_realwaste\cardboard\Cardboard_96.jpg,cardboard,trash,0.881085,False,False
data\external_test_realwaste\cardboard\Cardboard_97.jpg,cardboard,trash,0.858005,False,False
data\external_test_realwaste\cardboard\Cardboard_98.jpg,cardboard,trash,0.932813,False,False
data\external_test_realwaste\cardboard\Cardboard_99.jpg,cardboard,cardboard,0.572774,True,True
data\external_test_realwaste\glass\Glass_1.jpg,glass,cardboard,0.774325,False,False
data\external_test_realwaste\glass\Glass_10.jpg,glass,cardboard,0.840755,False,False
data\external_test_realwaste\glass\Glass_100.jpg,glass,trash,0.527161,False,True
data\external_test_realwaste\glass\Glass_101.jpg,glass,glass,0.603858,True,False
data\external_test_realwaste\glass\Glass_102.jpg,glass,metal,0.795259,False,False
data\external_test_realwaste\glass\Glass_103.jpg,glass,metal,0.444777,False,True
data\external_test_realwaste\glass\Glass_104.jpg,glass,plastic,0.447793,False,True
data\external_test_realwaste\glass\Glass_105.jpg,glass,trash,0.767359,False,False
data\external_test_realwaste\glass\Glass_106.jpg,glass,trash,0.755846,False,False
data\external_test_realwaste\glass\Glass_107.jpg,glass,trash,0.412816,False,True
data\external_test_realwaste\glass\Glass_108.jpg,glass,plastic,0.970993,False,False
data\external_test_realwaste\glass\Glass_109.jpg,glass,metal,0.903621,False,False
data\external_test_realwaste\glass\Glass_11.jpg,glass,trash,0.699148,False,False
data\external_test_realwaste\glass\Glass_110.jpg,glass,glass,0.503235,True,True
data\external_test_realwaste\glass\Glass_111.jpg,glass,trash,0.819421,False,False
data\external_test_realwaste\glass\Glass_112.jpg,glass,glass,0.803302,True,False
data\external_test_realwaste\glass\Glass_113.jpg,glass,cardboard,0.6217,False,False
data\external_test_realwaste\glass\Glass_114.jpg,glass,cardboard,0.560794,False,True
data\external_test_realwaste\glass\Glass_115.jpg,glass,trash,0.614307,False,False
data\external_test_realwaste\glass\Glass_116.jpg,glass,metal,0.880662,False,False
data\external_test_realwaste\glass\Glass_117.jpg,glass,plastic,0.670907,False,False
data\external_test_realwaste\glass\Glass_118.jpg,glass,glass,0.699944,True,False
data\external_test_realwaste\glass\Glass_119.jpg,glass,trash,0.973455,False,False
data\external_test_realwaste\glass\Glass_12.jpg,glass,cardboard,0.624143,False,False
data\external_test_realwaste\glass\Glass_120.jpg,glass,trash,0.619452,False,False
data\external_test_realwaste\glass\Glass_121.jpg,glass,trash,0.779699,False,False
data\external_test_realwaste\glass\Glass_122.jpg,glass,plastic,0.646624,False,False
data\external_test_realwaste\glass\Glass_123.jpg,glass,glass,0.922112,True,False
data\external_test_realwaste\glass\Glass_124.jpg,glass,trash,0.535241,False,True
data\external_test_realwaste\glass\Glass_125.jpg,glass,plastic,0.884612,False,False
data\external_test_realwaste\glass\Glass_126.jpg,glass,plastic,0.998208,False,False
data\external_test_realwaste\glass\Glass_127.jpg,glass,trash,0.870088,False,False
data\external_test_realwaste\glass\Glass_128.jpg,glass,trash,0.743908,False,False
data\external_test_realwaste\glass\Glass_129.jpg,glass,cardboard,0.754376,False,False
data\external_test_realwaste\glass\Glass_13.jpg,glass,trash,0.884804,False,False
data\external_test_realwaste\glass\Glass_130.jpg,glass,cardboard,0.467236,False,True
data\external_test_realwaste\glass\Glass_131.jpg,glass,glass,0.649401,True,False
data\external_test_realwaste\glass\Glass_132.jpg,glass,trash,0.889359,False,False
data\external_test_realwaste\glass\Glass_133.jpg,glass,cardboard,0.841626,False,False
data\external_test_realwaste\glass\Glass_134.jpg,glass,trash,0.625111,False,False
data\external_test_realwaste\glass\Glass_135.jpg,glass,cardboard,0.465445,False,True
data\external_test_realwaste\glass\Glass_136.jpg,glass,trash,0.392714,False,True
data\external_test_realwaste\glass\Glass_137.jpg,glass,plastic,0.665482,False,False
data\external_test_realwaste\glass\Glass_138.jpg,glass,trash,0.671362,False,False
data\external_test_realwaste\glass\Glass_139.jpg,glass,plastic,0.562354,False,True
data\external_test_realwaste\glass\Glass_14.jpg,glass,cardboard,0.504679,False,True
data\external_test_realwaste\glass\Glass_140.jpg,glass,paper,0.599534,False,True
data\external_test_realwaste\glass\Glass_141.jpg,glass,trash,0.487272,False,True
data\external_test_realwaste\glass\Glass_142.jpg,glass,cardboard,0.893689,False,False
data\external_test_realwaste\glass\Glass_143.jpg,glass,cardboard,0.69183,False,False
data\external_test_realwaste\glass\Glass_144.jpg,glass,trash,0.429879,False,True
data\external_test_realwaste\glass\Glass_145.jpg,glass,trash,0.703189,False,False
data\external_test_realwaste\glass\Glass_146.jpg,glass,trash,0.941721,False,False
data\external_test_realwaste\glass\Glass_147.jpg,glass,paper,0.529665,False,True
data\external_test_realwaste\glass\Glass_148.jpg,glass,paper,0.868029,False,False
data\external_test_realwaste\glass\Glass_149.jpg,glass,glass,0.80619,True,False
data\external_test_realwaste\glass\Glass_15.jpg,glass,glass,0.551961,True,True
data\external_test_realwaste\glass\Glass_150.jpg,glass,plastic,0.585848,False,True
data\external_test_realwaste\glass\Glass_151.jpg,glass,trash,0.537824,False,True
data\external_test_realwaste\glass\Glass_152.jpg,glass,glass,0.604455,True,False
data\external_test_realwaste\glass\Glass_153.jpg,glass,glass,0.611321,True,False
data\external_test_realwaste\glass\Glass_154.jpg,glass,plastic,0.834224,False,False
data\external_test_realwaste\glass\Glass_155.jpg,glass,plastic,0.995775,False,False
data\external_test_realwaste\glass\Glass_156.jpg,glass,paper,0.944824,False,False
data\external_test_realwaste\glass\Glass_157.jpg,glass,trash,0.865507,False,False
data\external_test_realwaste\glass\Glass_158.jpg,glass,plastic,0.695023,False,False
data\external_test_realwaste\glass\Glass_159.jpg,glass,paper,0.794087,False,False
data\external_test_realwaste\glass\Glass_16.jpg,glass,paper,0.628322,False,False
data\external_test_realwaste\glass\Glass_160.jpg,glass,trash,0.864477,False,False
data\external_test_realwaste\glass\Glass_161.jpg,glass,plastic,0.875934,False,False
data\external_test_realwaste\glass\Glass_162.jpg,glass,cardboard,0.608125,False,False
data\external_test_realwaste\glass\Glass_163.jpg,glass,plastic,0.910298,False,False
data\external_test_realwaste\glass\Glass_164.jpg,glass,plastic,0.961447,False,False
data\external_test_realwaste\glass\Glass_165.jpg,glass,paper,0.512722,False,True
data\external_test_realwaste\glass\Glass_166.jpg,glass,trash,0.664371,False,False
data\external_test_realwaste\glass\Glass_167.jpg,glass,trash,0.464674,False,True
data\external_test_realwaste\glass\Glass_168.jpg,glass,trash,0.961449,False,False
data\external_test_realwaste\glass\Glass_169.jpg,glass,plastic,0.473688,False,True
data\external_test_realwaste\glass\Glass_17.jpg,glass,cardboard,0.748835,False,False
data\external_test_realwaste\glass\Glass_170.jpg,glass,metal,0.433631,False,True
data\external_test_realwaste\glass\Glass_171.jpg,glass,plastic,0.771781,False,False
data\external_test_realwaste\glass\Glass_172.jpg,glass,plastic,0.933403,False,False
data\external_test_realwaste\glass\Glass_173.jpg,glass,plastic,0.475849,False,True
data\external_test_realwaste\glass\Glass_174.jpg,glass,plastic,0.837189,False,False
data\external_test_realwaste\glass\Glass_175.jpg,glass,metal,0.945641,False,False
data\external_test_realwaste\glass\Glass_176.jpg,glass,plastic,0.346758,False,True
data\external_test_realwaste\glass\Glass_177.jpg,glass,trash,0.939596,False,False
data\external_test_realwaste\glass\Glass_178.jpg,glass,trash,0.92453,False,False
data\external_test_realwaste\glass\Glass_179.jpg,glass,trash,0.896806,False,False
data\external_test_realwaste\glass\Glass_18.jpg,glass,paper,0.603561,False,False
data\external_test_realwaste\glass\Glass_180.jpg,glass,plastic,0.944819,False,False
data\external_test_realwaste\glass\Glass_181.jpg,glass,plastic,0.921648,False,False
data\external_test_realwaste\glass\Glass_182.jpg,glass,metal,0.977946,False,False
data\external_test_realwaste\glass\Glass_183.jpg,glass,metal,0.85024,False,False
data\external_test_realwaste\glass\Glass_184.jpg,glass,plastic,0.430448,False,True
data\external_test_realwaste\glass\Glass_185.jpg,glass,plastic,0.717353,False,False
data\external_test_realwaste\glass\Glass_186.jpg,glass,metal,0.467301,False,True
data\external_test_realwaste\glass\Glass_187.jpg,glass,plastic,0.961996,False,False
data\external_test_realwaste\glass\Glass_188.jpg,glass,glass,0.714273,True,False
data\external_test_realwaste\glass\Glass_189.jpg,glass,metal,0.521242,False,True
data\external_test_realwaste\glass\Glass_19.jpg,glass,paper,0.811027,False,False
data\external_test_realwaste\glass\Glass_190.jpg,glass,glass,0.677167,True,False
data\external_test_realwaste\glass\Glass_191.jpg,glass,glass,0.573708,True,True
data\external_test_realwaste\glass\Glass_192.jpg,glass,plastic,0.974366,False,False
data\external_test_realwaste\glass\Glass_193.jpg,glass,plastic,0.944886,False,False
data\external_test_realwaste\glass\Glass_194.jpg,glass,trash,0.930196,False,False
data\external_test_realwaste\glass\Glass_195.jpg,glass,trash,0.941935,False,False
data\external_test_realwaste\glass\Glass_196.jpg,glass,plastic,0.446733,False,True
data\external_test_realwaste\glass\Glass_197.jpg,glass,trash,0.467934,False,True
data\external_test_realwaste\glass\Glass_198.jpg,glass,trash,0.934173,False,False
data\external_test_realwaste\glass\Glass_199.jpg,glass,trash,0.509608,False,True
data\external_test_realwaste\glass\Glass_2.jpg,glass,glass,0.33148,True,True
data\external_test_realwaste\glass\Glass_20.jpg,glass,cardboard,0.714261,False,False
data\external_test_realwaste\glass\Glass_200.jpg,glass,paper,0.950069,False,False
data\external_test_realwaste\glass\Glass_201.jpg,glass,glass,0.830692,True,False
data\external_test_realwaste\glass\Glass_202.jpg,glass,trash,0.799284,False,False
data\external_test_realwaste\glass\Glass_203.jpg,glass,trash,0.799964,False,False
data\external_test_realwaste\glass\Glass_204.jpg,glass,trash,0.725372,False,False
data\external_test_realwaste\glass\Glass_205.jpg,glass,trash,0.729042,False,False
data\external_test_realwaste\glass\Glass_206.jpg,glass,trash,0.964499,False,False
data\external_test_realwaste\glass\Glass_207.jpg,glass,paper,0.775363,False,False
data\external_test_realwaste\glass\Glass_208.jpg,glass,trash,0.431354,False,True
data\external_test_realwaste\glass\Glass_209.jpg,glass,trash,0.622279,False,False
data\external_test_realwaste\glass\Glass_21.jpg,glass,cardboard,0.682228,False,False
data\external_test_realwaste\glass\Glass_210.jpg,glass,paper,0.662292,False,False
data\external_test_realwaste\glass\Glass_211.jpg,glass,plastic,0.764714,False,False
data\external_test_realwaste\glass\Glass_212.jpg,glass,plastic,0.984047,False,False
data\external_test_realwaste\glass\Glass_213.jpg,glass,trash,0.592472,False,True
data\external_test_realwaste\glass\Glass_214.jpg,glass,trash,0.969683,False,False
data\external_test_realwaste\glass\Glass_215.jpg,glass,trash,0.910801,False,False
data\external_test_realwaste\glass\Glass_216.jpg,glass,trash,0.588019,False,True
data\external_test_realwaste\glass\Glass_217.jpg,glass,trash,0.906638,False,False
data\external_test_realwaste\glass\Glass_218.jpg,glass,paper,0.579958,False,True
data\external_test_realwaste\glass\Glass_219.jpg,glass,trash,0.566491,False,True
data\external_test_realwaste\glass\Glass_22.jpg,glass,trash,0.530885,False,True
data\external_test_realwaste\glass\Glass_220.jpg,glass,trash,0.544656,False,True
data\external_test_realwaste\glass\Glass_221.jpg,glass,trash,0.950931,False,False
data\external_test_realwaste\glass\Glass_222.jpg,glass,paper,0.743646,False,False
data\external_test_realwaste\glass\Glass_223.jpg,glass,cardboard,0.902804,False,False
data\external_test_realwaste\glass\Glass_224.jpg,glass,cardboard,0.360093,False,True
data\external_test_realwaste\glass\Glass_225.jpg,glass,paper,0.638181,False,False
data\external_test_realwaste\glass\Glass_226.jpg,glass,trash,0.865509,False,False
data\external_test_realwaste\glass\Glass_227.jpg,glass,trash,0.791512,False,False
data\external_test_realwaste\glass\Glass_228.jpg,glass,paper,0.993094,False,False
data\external_test_realwaste\glass\Glass_229.jpg,glass,paper,0.560649,False,True
data\external_test_realwaste\glass\Glass_23.jpg,glass,paper,0.566283,False,True
data\external_test_realwaste\glass\Glass_230.jpg,glass,trash,0.750638,False,False
data\external_test_realwaste\glass\Glass_231.jpg,glass,trash,0.536711,False,True
data\external_test_realwaste\glass\Glass_232.jpg,glass,trash,0.513822,False,True
data\external_test_realwaste\glass\Glass_233.jpg,glass,paper,0.532433,False,True
data\external_test_realwaste\glass\Glass_234.jpg,glass,trash,0.550979,False,True
data\external_test_realwaste\glass\Glass_235.jpg,glass,cardboard,0.414745,False,True
data\external_test_realwaste\glass\Glass_236.jpg,glass,trash,0.602682,False,False
data\external_test_realwaste\glass\Glass_237.jpg,glass,metal,0.636341,False,False
data\external_test_realwaste\glass\Glass_238.jpg,glass,metal,0.888556,False,False
data\external_test_realwaste\glass\Glass_239.jpg,glass,plastic,0.554636,False,True
data\external_test_realwaste\glass\Glass_24.jpg,glass,glass,0.611727,True,False
data\external_test_realwaste\glass\Glass_240.jpg,glass,trash,0.940408,False,False
data\external_test_realwaste\glass\Glass_241.jpg,glass,metal,0.606981,False,False
data\external_test_realwaste\glass\Glass_242.jpg,glass,trash,0.684203,False,False
data\external_test_realwaste\glass\Glass_243.jpg,glass,metal,0.912822,False,False
data\external_test_realwaste\glass\Glass_244.jpg,glass,trash,0.970573,False,False
data\external_test_realwaste\glass\Glass_245.jpg,glass,trash,0.746974,False,False
data\external_test_realwaste\glass\Glass_246.jpg,glass,plastic,0.456598,False,True
data\external_test_realwaste\glass\Glass_247.jpg,glass,trash,0.607346,False,False
data\external_test_realwaste\glass\Glass_248.jpg,glass,paper,0.398901,False,True
data\external_test_realwaste\glass\Glass_249.jpg,glass,metal,0.417937,False,True
data\external_test_realwaste\glass\Glass_25.jpg,glass,cardboard,0.588978,False,True
data\external_test_realwaste\glass\Glass_250.jpg,glass,glass,0.540484,True,True
data\external_test_realwaste\glass\Glass_251.jpg,glass,plastic,0.999061,False,False
data\external_test_realwaste\glass\Glass_252.jpg,glass,trash,0.618456,False,False
data\external_test_realwaste\glass\Glass_253.jpg,glass,plastic,0.992194,False,False
data\external_test_realwaste\glass\Glass_254.jpg,glass,plastic,0.859462,False,False
data\external_test_realwaste\glass\Glass_255.jpg,glass,plastic,0.756564,False,False
data\external_test_realwaste\glass\Glass_256.jpg,glass,plastic,0.983451,False,False
data\external_test_realwaste\glass\Glass_257.jpg,glass,trash,0.352141,False,True
data\external_test_realwaste\glass\Glass_258.jpg,glass,trash,0.688257,False,False
data\external_test_realwaste\glass\Glass_259.jpg,glass,trash,0.748159,False,False
data\external_test_realwaste\glass\Glass_26.jpg,glass,paper,0.639095,False,False
data\external_test_realwaste\glass\Glass_260.jpg,glass,paper,0.640034,False,False
data\external_test_realwaste\glass\Glass_261.jpg,glass,paper,0.787421,False,False
data\external_test_realwaste\glass\Glass_262.jpg,glass,paper,0.97242,False,False
data\external_test_realwaste\glass\Glass_263.jpg,glass,paper,0.453338,False,True
data\external_test_realwaste\glass\Glass_264.jpg,glass,plastic,0.97276,False,False
data\external_test_realwaste\glass\Glass_265.jpg,glass,plastic,0.843391,False,False
data\external_test_realwaste\glass\Glass_266.jpg,glass,plastic,0.968503,False,False
data\external_test_realwaste\glass\Glass_267.jpg,glass,plastic,0.97153,False,False
data\external_test_realwaste\glass\Glass_268.jpg,glass,glass,0.743632,True,False
data\external_test_realwaste\glass\Glass_269.jpg,glass,trash,0.525869,False,True
data\external_test_realwaste\glass\Glass_27.jpg,glass,cardboard,0.511242,False,True
data\external_test_realwaste\glass\Glass_270.jpg,glass,trash,0.659757,False,False
data\external_test_realwaste\glass\Glass_271.jpg,glass,plastic,0.542953,False,True
data\external_test_realwaste\glass\Glass_272.jpg,glass,trash,0.86534,False,False
data\external_test_realwaste\glass\Glass_273.jpg,glass,plastic,0.52508,False,True
data\external_test_realwaste\glass\Glass_274.jpg,glass,plastic,0.396669,False,True
data\external_test_realwaste\glass\Glass_275.jpg,glass,paper,0.778671,False,False
data\external_test_realwaste\glass\Glass_276.jpg,glass,trash,0.534894,False,True
data\external_test_realwaste\glass\Glass_277.jpg,glass,trash,0.457294,False,True
data\external_test_realwaste\glass\Glass_278.jpg,glass,plastic,0.89419,False,False
data\external_test_realwaste\glass\Glass_279.jpg,glass,cardboard,0.918953,False,False
data\external_test_realwaste\glass\Glass_28.jpg,glass,trash,0.54538,False,True
data\external_test_realwaste\glass\Glass_280.jpg,glass,trash,0.907134,False,False
data\external_test_realwaste\glass\Glass_281.jpg,glass,trash,0.951318,False,False
data\external_test_realwaste\glass\Glass_282.jpg,glass,trash,0.728339,False,False
data\external_test_realwaste\glass\Glass_283.jpg,glass,trash,0.976043,False,False
data\external_test_realwaste\glass\Glass_284.jpg,glass,trash,0.927486,False,False
data\external_test_realwaste\glass\Glass_285.jpg,glass,trash,0.888645,False,False
data\external_test_realwaste\glass\Glass_286.jpg,glass,trash,0.871262,False,False
data\external_test_realwaste\glass\Glass_287.jpg,glass,trash,0.961049,False,False
data\external_test_realwaste\glass\Glass_288.jpg,glass,plastic,0.473942,False,True
data\external_test_realwaste\glass\Glass_289.jpg,glass,trash,0.654782,False,False
data\external_test_realwaste\glass\Glass_29.jpg,glass,paper,0.557855,False,True
data\external_test_realwaste\glass\Glass_290.jpg,glass,cardboard,0.331159,False,True
data\external_test_realwaste\glass\Glass_291.jpg,glass,plastic,0.727619,False,False
data\external_test_realwaste\glass\Glass_292.jpg,glass,metal,0.984711,False,False
data\external_test_realwaste\glass\Glass_293.jpg,glass,cardboard,0.335192,False,True
data\external_test_realwaste\glass\Glass_294.jpg,glass,cardboard,0.674496,False,False
data\external_test_realwaste\glass\Glass_295.jpg,glass,trash,0.598313,False,True
data\external_test_realwaste\glass\Glass_296.jpg,glass,trash,0.532852,False,True
data\external_test_realwaste\glass\Glass_297.jpg,glass,cardboard,0.816252,False,False
data\external_test_realwaste\glass\Glass_298.jpg,glass,plastic,0.4147,False,True
data\external_test_realwaste\glass\Glass_299.jpg,glass,trash,0.543881,False,True
data\external_test_realwaste\glass\Glass_3.jpg,glass,glass,0.809945,True,False
data\external_test_realwaste\glass\Glass_30.jpg,glass,glass,0.858607,True,False
data\external_test_realwaste\glass\Glass_300.jpg,glass,paper,0.929815,False,False
data\external_test_realwaste\glass\Glass_301.jpg,glass,glass,0.445914,True,True
data\external_test_realwaste\glass\Glass_302.jpg,glass,cardboard,0.542558,False,True
data\external_test_realwaste\glass\Glass_303.jpg,glass,paper,0.590637,False,True
data\external_test_realwaste\glass\Glass_304.jpg,glass,glass,0.501411,True,True
data\external_test_realwaste\glass\Glass_305.jpg,glass,cardboard,0.744592,False,False
data\external_test_realwaste\glass\Glass_306.jpg,glass,cardboard,0.474373,False,True
data\external_test_realwaste\glass\Glass_307.jpg,glass,trash,0.750811,False,False
data\external_test_realwaste\glass\Glass_308.jpg,glass,paper,0.941336,False,False
data\external_test_realwaste\glass\Glass_309.jpg,glass,cardboard,0.65048,False,False
data\external_test_realwaste\glass\Glass_31.jpg,glass,plastic,0.479277,False,True
data\external_test_realwaste\glass\Glass_310.jpg,glass,trash,0.615052,False,False
data\external_test_realwaste\glass\Glass_311.jpg,glass,cardboard,0.592452,False,True
data\external_test_realwaste\glass\Glass_312.jpg,glass,glass,0.963684,True,False
data\external_test_realwaste\glass\Glass_313.jpg,glass,cardboard,0.663489,False,False
data\external_test_realwaste\glass\Glass_314.jpg,glass,trash,0.855566,False,False
data\external_test_realwaste\glass\Glass_315.jpg,glass,trash,0.829698,False,False
data\external_test_realwaste\glass\Glass_316.jpg,glass,paper,0.380362,False,True
data\external_test_realwaste\glass\Glass_317.jpg,glass,cardboard,0.847708,False,False
data\external_test_realwaste\glass\Glass_318.jpg,glass,trash,0.763807,False,False
data\external_test_realwaste\glass\Glass_319.jpg,glass,paper,0.478122,False,True
data\external_test_realwaste\glass\Glass_32.jpg,glass,glass,0.503356,True,True
data\external_test_realwaste\glass\Glass_320.jpg,glass,paper,0.867419,False,False
data\external_test_realwaste\glass\Glass_321.jpg,glass,trash,0.490771,False,True
data\external_test_realwaste\glass\Glass_322.jpg,glass,trash,0.605313,False,False
data\external_test_realwaste\glass\Glass_323.jpg,glass,plastic,0.696083,False,False
data\external_test_realwaste\glass\Glass_324.jpg,glass,cardboard,0.529915,False,True
data\external_test_realwaste\glass\Glass_325.jpg,glass,trash,0.640564,False,False
data\external_test_realwaste\glass\Glass_326.jpg,glass,plastic,0.541828,False,True
data\external_test_realwaste\glass\Glass_327.jpg,glass,trash,0.881216,False,False
data\external_test_realwaste\glass\Glass_328.jpg,glass,plastic,0.961314,False,False
data\external_test_realwaste\glass\Glass_329.jpg,glass,paper,0.48971,False,True
data\external_test_realwaste\glass\Glass_33.jpg,glass,glass,0.747426,True,False
data\external_test_realwaste\glass\Glass_330.jpg,glass,plastic,0.922426,False,False
data\external_test_realwaste\glass\Glass_331.jpg,glass,paper,0.785085,False,False
data\external_test_realwaste\glass\Glass_332.jpg,glass,trash,0.866511,False,False
data\external_test_realwaste\glass\Glass_333.jpg,glass,plastic,0.866765,False,False
data\external_test_realwaste\glass\Glass_334.jpg,glass,glass,0.978748,True,False
data\external_test_realwaste\glass\Glass_335.jpg,glass,cardboard,0.956038,False,False
data\external_test_realwaste\glass\Glass_336.jpg,glass,plastic,0.982717,False,False
data\external_test_realwaste\glass\Glass_337.jpg,glass,trash,0.682561,False,False
data\external_test_realwaste\glass\Glass_338.jpg,glass,trash,0.535264,False,True
data\external_test_realwaste\glass\Glass_339.jpg,glass,plastic,0.50682,False,True
data\external_test_realwaste\glass\Glass_34.jpg,glass,cardboard,0.881538,False,False
data\external_test_realwaste\glass\Glass_340.jpg,glass,metal,0.925765,False,False
data\external_test_realwaste\glass\Glass_341.jpg,glass,metal,0.421461,False,True
data\external_test_realwaste\glass\Glass_342.jpg,glass,trash,0.580256,False,True
data\external_test_realwaste\glass\Glass_343.jpg,glass,plastic,0.829066,False,False
data\external_test_realwaste\glass\Glass_344.jpg,glass,glass,0.887353,True,False
data\external_test_realwaste\glass\Glass_345.jpg,glass,plastic,0.56554,False,True
data\external_test_realwaste\glass\Glass_346.jpg,glass,trash,0.750649,False,False
data\external_test_realwaste\glass\Glass_347.jpg,glass,plastic,0.931348,False,False
data\external_test_realwaste\glass\Glass_348.jpg,glass,plastic,0.99799,False,False
data\external_test_realwaste\glass\Glass_349.jpg,glass,glass,0.98666,True,False
data\external_test_realwaste\glass\Glass_35.jpg,glass,trash,0.510834,False,True
data\external_test_realwaste\glass\Glass_350.jpg,glass,glass,0.538972,True,True
data\external_test_realwaste\glass\Glass_351.jpg,glass,glass,0.669139,True,False
data\external_test_realwaste\glass\Glass_352.jpg,glass,glass,0.829713,True,False
data\external_test_realwaste\glass\Glass_353.jpg,glass,trash,0.742156,False,False
data\external_test_realwaste\glass\Glass_354.jpg,glass,glass,0.883893,True,False
data\external_test_realwaste\glass\Glass_355.jpg,glass,glass,0.976295,True,False
data\external_test_realwaste\glass\Glass_356.jpg,glass,cardboard,0.42522,False,True
data\external_test_realwaste\glass\Glass_357.jpg,glass,trash,0.991991,False,False
data\external_test_realwaste\glass\Glass_358.jpg,glass,paper,0.916545,False,False
data\external_test_realwaste\glass\Glass_359.jpg,glass,trash,0.977596,False,False
data\external_test_realwaste\glass\Glass_36.jpg,glass,cardboard,0.877416,False,False
data\external_test_realwaste\glass\Glass_360.jpg,glass,plastic,0.969855,False,False
data\external_test_realwaste\glass\Glass_361.jpg,glass,metal,0.692793,False,False
data\external_test_realwaste\glass\Glass_362.jpg,glass,trash,0.884086,False,False
data\external_test_realwaste\glass\Glass_363.jpg,glass,trash,0.365215,False,True
data\external_test_realwaste\glass\Glass_364.jpg,glass,plastic,0.903057,False,False
data\external_test_realwaste\glass\Glass_365.jpg,glass,glass,0.597012,True,True
data\external_test_realwaste\glass\Glass_366.jpg,glass,cardboard,0.811489,False,False
data\external_test_realwaste\glass\Glass_367.jpg,glass,glass,0.434531,True,True
data\external_test_realwaste\glass\Glass_368.jpg,glass,plastic,0.511535,False,True
data\external_test_realwaste\glass\Glass_369.jpg,glass,trash,0.903042,False,False
data\external_test_realwaste\glass\Glass_37.jpg,glass,cardboard,0.919385,False,False
data\external_test_realwaste\glass\Glass_370.jpg,glass,trash,0.621304,False,False
data\external_test_realwaste\glass\Glass_371.jpg,glass,trash,0.96689,False,False
data\external_test_realwaste\glass\Glass_372.jpg,glass,trash,0.693489,False,False
data\external_test_realwaste\glass\Glass_373.jpg,glass,glass,0.969597,True,False
data\external_test_realwaste\glass\Glass_374.jpg,glass,cardboard,0.992622,False,False
data\external_test_realwaste\glass\Glass_375.jpg,glass,trash,0.573193,False,True
data\external_test_realwaste\glass\Glass_376.jpg,glass,plastic,0.728374,False,False
data\external_test_realwaste\glass\Glass_377.jpg,glass,cardboard,0.824839,False,False
data\external_test_realwaste\glass\Glass_378.jpg,glass,glass,0.988185,True,False
data\external_test_realwaste\glass\Glass_379.jpg,glass,trash,0.662134,False,False
data\external_test_realwaste\glass\Glass_38.jpg,glass,cardboard,0.968152,False,False
data\external_test_realwaste\glass\Glass_380.jpg,glass,glass,0.870871,True,False
data\external_test_realwaste\glass\Glass_381.jpg,glass,trash,0.678953,False,False
data\external_test_realwaste\glass\Glass_382.jpg,glass,cardboard,0.994428,False,False
data\external_test_realwaste\glass\Glass_383.jpg,glass,trash,0.515883,False,True
data\external_test_realwaste\glass\Glass_384.jpg,glass,trash,0.563265,False,True
data\external_test_realwaste\glass\Glass_385.jpg,glass,trash,0.748628,False,False
data\external_test_realwaste\glass\Glass_386.jpg,glass,trash,0.616212,False,False
data\external_test_realwaste\glass\Glass_387.jpg,glass,trash,0.933544,False,False
data\external_test_realwaste\glass\Glass_388.jpg,glass,cardboard,0.907512,False,False
data\external_test_realwaste\glass\Glass_389.jpg,glass,cardboard,0.63305,False,False
data\external_test_realwaste\glass\Glass_39.jpg,glass,cardboard,0.985771,False,False
data\external_test_realwaste\glass\Glass_390.jpg,glass,glass,0.53132,True,True
data\external_test_realwaste\glass\Glass_391.jpg,glass,cardboard,0.626775,False,False
data\external_test_realwaste\glass\Glass_392.jpg,glass,cardboard,0.756608,False,False
data\external_test_realwaste\glass\Glass_393.jpg,glass,cardboard,0.983096,False,False
data\external_test_realwaste\glass\Glass_394.jpg,glass,cardboard,0.839268,False,False
data\external_test_realwaste\glass\Glass_395.jpg,glass,plastic,0.430044,False,True
data\external_test_realwaste\glass\Glass_396.jpg,glass,cardboard,0.527137,False,True
data\external_test_realwaste\glass\Glass_397.jpg,glass,cardboard,0.964433,False,False
data\external_test_realwaste\glass\Glass_398.jpg,glass,cardboard,0.898673,False,False
data\external_test_realwaste\glass\Glass_399.jpg,glass,cardboard,0.605332,False,False
data\external_test_realwaste\glass\Glass_4.jpg,glass,glass,0.668177,True,False
data\external_test_realwaste\glass\Glass_40.jpg,glass,cardboard,0.670843,False,False
data\external_test_realwaste\glass\Glass_400.jpg,glass,cardboard,0.996224,False,False
data\external_test_realwaste\glass\Glass_401.jpg,glass,trash,0.828286,False,False
data\external_test_realwaste\glass\Glass_402.jpg,glass,cardboard,0.886158,False,False
data\external_test_realwaste\glass\Glass_403.jpg,glass,trash,0.552292,False,True
data\external_test_realwaste\glass\Glass_404.jpg,glass,plastic,0.682888,False,False
data\external_test_realwaste\glass\Glass_405.jpg,glass,cardboard,0.541528,False,True
data\external_test_realwaste\glass\Glass_406.jpg,glass,cardboard,0.948662,False,False
data\external_test_realwaste\glass\Glass_407.jpg,glass,trash,0.60882,False,False
data\external_test_realwaste\glass\Glass_408.jpg,glass,plastic,0.833897,False,False
data\external_test_realwaste\glass\Glass_409.jpg,glass,glass,0.582538,True,True
data\external_test_realwaste\glass\Glass_41.jpg,glass,trash,0.661958,False,False
data\external_test_realwaste\glass\Glass_410.jpg,glass,plastic,0.628716,False,False
data\external_test_realwaste\glass\Glass_411.jpg,glass,plastic,0.823817,False,False
data\external_test_realwaste\glass\Glass_412.jpg,glass,cardboard,0.860882,False,False
data\external_test_realwaste\glass\Glass_413.jpg,glass,cardboard,0.994968,False,False
data\external_test_realwaste\glass\Glass_414.jpg,glass,trash,0.973078,False,False
data\external_test_realwaste\glass\Glass_415.jpg,glass,cardboard,0.814904,False,False
data\external_test_realwaste\glass\Glass_416.jpg,glass,plastic,0.859688,False,False
data\external_test_realwaste\glass\Glass_417.jpg,glass,cardboard,0.937811,False,False
data\external_test_realwaste\glass\Glass_418.jpg,glass,metal,0.799151,False,False
data\external_test_realwaste\glass\Glass_419.jpg,glass,metal,0.530315,False,True
data\external_test_realwaste\glass\Glass_42.jpg,glass,cardboard,0.941549,False,False
data\external_test_realwaste\glass\Glass_420.jpg,glass,glass,0.732363,True,False
data\external_test_realwaste\glass\Glass_43.jpg,glass,cardboard,0.541509,False,True
data\external_test_realwaste\glass\Glass_44.jpg,glass,trash,0.597461,False,True
data\external_test_realwaste\glass\Glass_45.jpg,glass,cardboard,0.908636,False,False
data\external_test_realwaste\glass\Glass_46.jpg,glass,cardboard,0.973429,False,False
data\external_test_realwaste\glass\Glass_47.jpg,glass,paper,0.710807,False,False
data\external_test_realwaste\glass\Glass_48.jpg,glass,cardboard,0.999922,False,False
data\external_test_realwaste\glass\Glass_49.jpg,glass,cardboard,0.880708,False,False
data\external_test_realwaste\glass\Glass_5.jpg,glass,plastic,0.552424,False,True
data\external_test_realwaste\glass\Glass_50.jpg,glass,cardboard,0.893919,False,False
data\external_test_realwaste\glass\Glass_51.jpg,glass,paper,0.786612,False,False
data\external_test_realwaste\glass\Glass_52.jpg,glass,paper,0.973691,False,False
data\external_test_realwaste\glass\Glass_53.jpg,glass,cardboard,0.501073,False,True
data\external_test_realwaste\glass\Glass_54.jpg,glass,trash,0.621855,False,False
data\external_test_realwaste\glass\Glass_55.jpg,glass,cardboard,0.430897,False,True
data\external_test_realwaste\glass\Glass_56.jpg,glass,paper,0.928959,False,False
data\external_test_realwaste\glass\Glass_57.jpg,glass,plastic,0.455023,False,True
data\external_test_realwaste\glass\Glass_58.jpg,glass,paper,0.877317,False,False
data\external_test_realwaste\glass\Glass_59.jpg,glass,paper,0.830853,False,False
data\external_test_realwaste\glass\Glass_6.jpg,glass,trash,0.33023,False,True
data\external_test_realwaste\glass\Glass_60.jpg,glass,paper,0.861081,False,False
data\external_test_realwaste\glass\Glass_61.jpg,glass,cardboard,0.959177,False,False
data\external_test_realwaste\glass\Glass_62.jpg,glass,cardboard,0.953193,False,False
data\external_test_realwaste\glass\Glass_63.jpg,glass,cardboard,0.918418,False,False
data\external_test_realwaste\glass\Glass_64.jpg,glass,paper,0.877272,False,False
data\external_test_realwaste\glass\Glass_65.jpg,glass,glass,0.480524,True,True
data\external_test_realwaste\glass\Glass_66.jpg,glass,metal,0.89707,False,False
data\external_test_realwaste\glass\Glass_67.jpg,glass,plastic,0.998983,False,False
data\external_test_realwaste\glass\Glass_68.jpg,glass,cardboard,0.770979,False,False
data\external_test_realwaste\glass\Glass_69.jpg,glass,trash,0.480795,False,True
data\external_test_realwaste\glass\Glass_7.jpg,glass,trash,0.33754,False,True
data\external_test_realwaste\glass\Glass_70.jpg,glass,plastic,0.914378,False,False
data\external_test_realwaste\glass\Glass_71.jpg,glass,cardboard,0.423677,False,True
data\external_test_realwaste\glass\Glass_72.jpg,glass,cardboard,0.484004,False,True
data\external_test_realwaste\glass\Glass_73.jpg,glass,cardboard,0.704818,False,False
data\external_test_realwaste\glass\Glass_74.jpg,glass,trash,0.850489,False,False
data\external_test_realwaste\glass\Glass_75.jpg,glass,plastic,0.994651,False,False
data\external_test_realwaste\glass\Glass_76.jpg,glass,plastic,0.998875,False,False
data\external_test_realwaste\glass\Glass_77.jpg,glass,trash,0.891125,False,False
data\external_test_realwaste\glass\Glass_78.jpg,glass,metal,0.511885,False,True
data\external_test_realwaste\glass\Glass_79.jpg,glass,glass,0.794966,True,False
data\external_test_realwaste\glass\Glass_8.jpg,glass,cardboard,0.896205,False,False
data\external_test_realwaste\glass\Glass_80.jpg,glass,metal,0.896527,False,False
data\external_test_realwaste\glass\Glass_81.jpg,glass,paper,0.785537,False,False
data\external_test_realwaste\glass\Glass_82.jpg,glass,plastic,0.986278,False,False
data\external_test_realwaste\glass\Glass_83.jpg,glass,plastic,0.693002,False,False
data\external_test_realwaste\glass\Glass_84.jpg,glass,metal,0.331679,False,True
data\external_test_realwaste\glass\Glass_85.jpg,glass,cardboard,0.949101,False,False
data\external_test_realwaste\glass\Glass_86.jpg,glass,trash,0.593742,False,True
data\external_test_realwaste\glass\Glass_87.jpg,glass,cardboard,0.769888,False,False
data\external_test_realwaste\glass\Glass_88.jpg,glass,cardboard,0.466383,False,True
data\external_test_realwaste\glass\Glass_89.jpg,glass,plastic,0.548248,False,True
data\external_test_realwaste\glass\Glass_9.jpg,glass,cardboard,0.620094,False,False
data\external_test_realwaste\glass\Glass_90.jpg,glass,metal,0.570948,False,True
data\external_test_realwaste\glass\Glass_91.jpg,glass,trash,0.659861,False,False
data\external_test_realwaste\glass\Glass_92.jpg,glass,trash,0.856973,False,False
data\external_test_realwaste\glass\Glass_93.jpg,glass,cardboard,0.594798,False,True
data\external_test_realwaste\glass\Glass_94.jpg,glass,trash,0.56164,False,True
data\external_test_realwaste\glass\Glass_95.jpg,glass,cardboard,0.67699,False,False
data\external_test_realwaste\glass\Glass_96.jpg,glass,paper,0.577897,False,True
data\external_test_realwaste\glass\Glass_97.jpg,glass,cardboard,0.528965,False,True
data\external_test_realwaste\glass\Glass_98.jpg,glass,metal,0.319129,False,True
data\external_test_realwaste\glass\Glass_99.jpg,glass,plastic,0.829845,False,False
data\external_test_realwaste\metal\Metal_1.jpg,metal,metal,0.860726,True,False
data\external_test_realwaste\metal\Metal_10.jpg,metal,trash,0.638469,False,False
data\external_test_realwaste\metal\Metal_100.jpg,metal,plastic,0.453408,False,True
data\external_test_realwaste\metal\Metal_101.jpg,metal,metal,0.804429,True,False
data\external_test_realwaste\metal\Metal_102.jpg,metal,paper,0.680889,False,False
data\external_test_realwaste\metal\Metal_103.jpg,metal,cardboard,0.40557,False,True
data\external_test_realwaste\metal\Metal_104.jpg,metal,trash,0.986068,False,False
data\external_test_realwaste\metal\Metal_105.jpg,metal,glass,0.545951,False,True
data\external_test_realwaste\metal\Metal_106.jpg,metal,plastic,0.367922,False,True
data\external_test_realwaste\metal\Metal_107.jpg,metal,metal,0.624924,True,False
data\external_test_realwaste\metal\Metal_108.jpg,metal,metal,0.958809,True,False
data\external_test_realwaste\metal\Metal_109.jpg,metal,metal,0.972843,True,False
data\external_test_realwaste\metal\Metal_11.jpg,metal,cardboard,0.564345,False,True
data\external_test_realwaste\metal\Metal_110.jpg,metal,plastic,0.684243,False,False
data\external_test_realwaste\metal\Metal_111.jpg,metal,plastic,0.904358,False,False
data\external_test_realwaste\metal\Metal_112.jpg,metal,metal,0.952781,True,False
data\external_test_realwaste\metal\Metal_113.jpg,metal,paper,0.527809,False,True
data\external_test_realwaste\metal\Metal_114.jpg,metal,metal,0.971469,True,False
data\external_test_realwaste\metal\Metal_115.jpg,metal,paper,0.642384,False,False
data\external_test_realwaste\metal\Metal_116.jpg,metal,trash,0.707955,False,False
data\external_test_realwaste\metal\Metal_117.jpg,metal,metal,0.992127,True,False
data\external_test_realwaste\metal\Metal_118.jpg,metal,trash,0.739305,False,False
data\external_test_realwaste\metal\Metal_119.jpg,metal,trash,0.61758,False,False
data\external_test_realwaste\metal\Metal_12.jpg,metal,plastic,0.616624,False,False
data\external_test_realwaste\metal\Metal_120.jpg,metal,metal,0.788874,True,False
data\external_test_realwaste\metal\Metal_121.jpg,metal,trash,0.674954,False,False
data\external_test_realwaste\metal\Metal_122.jpg,metal,trash,0.924349,False,False
data\external_test_realwaste\metal\Metal_123.jpg,metal,glass,0.503946,False,True
data\external_test_realwaste\metal\Metal_124.jpg,metal,metal,0.947733,True,False
data\external_test_realwaste\metal\Metal_125.jpg,metal,metal,0.954543,True,False
data\external_test_realwaste\metal\Metal_126.jpg,metal,trash,0.916707,False,False
data\external_test_realwaste\metal\Metal_127.jpg,metal,trash,0.53373,False,True
data\external_test_realwaste\metal\Metal_128.jpg,metal,trash,0.585284,False,True
data\external_test_realwaste\metal\Metal_129.jpg,metal,plastic,0.74636,False,False
data\external_test_realwaste\metal\Metal_13.jpg,metal,metal,0.584643,True,True
data\external_test_realwaste\metal\Metal_130.jpg,metal,trash,0.941643,False,False
data\external_test_realwaste\metal\Metal_131.jpg,metal,glass,0.54032,False,True
data\external_test_realwaste\metal\Metal_132.jpg,metal,plastic,0.610367,False,False
data\external_test_realwaste\metal\Metal_133.jpg,metal,metal,0.869718,True,False
data\external_test_realwaste\metal\Metal_134.jpg,metal,cardboard,0.734359,False,False
data\external_test_realwaste\metal\Metal_135.jpg,metal,metal,0.9979,True,False
data\external_test_realwaste\metal\Metal_136.jpg,metal,metal,0.729627,True,False
data\external_test_realwaste\metal\Metal_137.jpg,metal,metal,0.447411,True,True
data\external_test_realwaste\metal\Metal_138.jpg,metal,metal,0.899315,True,False
data\external_test_realwaste\metal\Metal_139.jpg,metal,metal,0.838208,True,False
data\external_test_realwaste\metal\Metal_14.jpg,metal,cardboard,0.917323,False,False
data\external_test_realwaste\metal\Metal_140.jpg,metal,paper,0.813283,False,False
data\external_test_realwaste\metal\Metal_141.jpg,metal,trash,0.6788,False,False
data\external_test_realwaste\metal\Metal_142.jpg,metal,trash,0.905098,False,False
data\external_test_realwaste\metal\Metal_143.jpg,metal,paper,0.720516,False,False
data\external_test_realwaste\metal\Metal_144.jpg,metal,paper,0.947407,False,False
data\external_test_realwaste\metal\Metal_145.jpg,metal,paper,0.826747,False,False
data\external_test_realwaste\metal\Metal_146.jpg,metal,cardboard,0.556414,False,True
data\external_test_realwaste\metal\Metal_147.jpg,metal,paper,0.922802,False,False
data\external_test_realwaste\metal\Metal_148.jpg,metal,cardboard,0.967296,False,False
data\external_test_realwaste\metal\Metal_149.jpg,metal,metal,0.989391,True,False
data\external_test_realwaste\metal\Metal_15.jpg,metal,metal,0.839436,True,False
data\external_test_realwaste\metal\Metal_150.jpg,metal,metal,0.366196,True,True
data\external_test_realwaste\metal\Metal_151.jpg,metal,paper,0.51089,False,True
data\external_test_realwaste\metal\Metal_152.jpg,metal,metal,0.735043,True,False
data\external_test_realwaste\metal\Metal_153.jpg,metal,metal,0.888791,True,False
data\external_test_realwaste\metal\Metal_154.jpg,metal,trash,0.909096,False,False
data\external_test_realwaste\metal\Metal_155.jpg,metal,metal,0.99429,True,False
data\external_test_realwaste\metal\Metal_156.jpg,metal,plastic,0.518066,False,True
data\external_test_realwaste\metal\Metal_157.jpg,metal,metal,0.654041,True,False
data\external_test_realwaste\metal\Metal_158.jpg,metal,metal,0.943135,True,False
data\external_test_realwaste\metal\Metal_159.jpg,metal,metal,0.992621,True,False
data\external_test_realwaste\metal\Metal_16.jpg,metal,metal,0.991369,True,False
data\external_test_realwaste\metal\Metal_160.jpg,metal,metal,0.999848,True,False
data\external_test_realwaste\metal\Metal_161.jpg,metal,metal,0.969741,True,False
data\external_test_realwaste\metal\Metal_162.jpg,metal,metal,0.635486,True,False
data\external_test_realwaste\metal\Metal_163.jpg,metal,cardboard,0.68603,False,False
data\external_test_realwaste\metal\Metal_164.jpg,metal,trash,0.865065,False,False
data\external_test_realwaste\metal\Metal_165.jpg,metal,plastic,0.392075,False,True
data\external_test_realwaste\metal\Metal_166.jpg,metal,metal,0.878993,True,False
data\external_test_realwaste\metal\Metal_167.jpg,metal,metal,0.62174,True,False
data\external_test_realwaste\metal\Metal_168.jpg,metal,trash,0.87673,False,False
data\external_test_realwaste\metal\Metal_169.jpg,metal,cardboard,0.63179,False,False
data\external_test_realwaste\metal\Metal_17.jpg,metal,cardboard,0.888995,False,False
data\external_test_realwaste\metal\Metal_170.jpg,metal,glass,0.749223,False,False
data\external_test_realwaste\metal\Metal_171.jpg,metal,trash,0.465318,False,True
data\external_test_realwaste\metal\Metal_172.jpg,metal,metal,0.975164,True,False
data\external_test_realwaste\metal\Metal_173.jpg,metal,metal,0.995774,True,False
data\external_test_realwaste\metal\Metal_174.jpg,metal,metal,0.605682,True,False
data\external_test_realwaste\metal\Metal_175.jpg,metal,metal,0.951776,True,False
data\external_test_realwaste\metal\Metal_176.jpg,metal,metal,0.99241,True,False
data\external_test_realwaste\metal\Metal_177.jpg,metal,metal,0.627239,True,False
data\external_test_realwaste\metal\Metal_178.jpg,metal,paper,0.375528,False,True
data\external_test_realwaste\metal\Metal_179.jpg,metal,trash,0.672886,False,False
data\external_test_realwaste\metal\Metal_18.jpg,metal,metal,0.947752,True,False
data\external_test_realwaste\metal\Metal_180.jpg,metal,trash,0.867469,False,False
data\external_test_realwaste\metal\Metal_181.jpg,metal,plastic,0.643072,False,False
data\external_test_realwaste\metal\Metal_182.jpg,metal,trash,0.941813,False,False
data\external_test_realwaste\metal\Metal_183.jpg,metal,trash,0.958368,False,False
data\external_test_realwaste\metal\Metal_184.jpg,metal,cardboard,0.427694,False,True
data\external_test_realwaste\metal\Metal_185.jpg,metal,paper,0.756602,False,False
data\external_test_realwaste\metal\Metal_186.jpg,metal,paper,0.696575,False,False
data\external_test_realwaste\metal\Metal_187.jpg,metal,trash,0.823036,False,False
data\external_test_realwaste\metal\Metal_188.jpg,metal,metal,0.934744,True,False
data\external_test_realwaste\metal\Metal_189.jpg,metal,trash,0.83876,False,False
data\external_test_realwaste\metal\Metal_19.jpg,metal,metal,0.994373,True,False
data\external_test_realwaste\metal\Metal_190.jpg,metal,trash,0.469414,False,True
data\external_test_realwaste\metal\Metal_191.jpg,metal,metal,0.928284,True,False
data\external_test_realwaste\metal\Metal_192.jpg,metal,trash,0.997311,False,False
data\external_test_realwaste\metal\Metal_193.jpg,metal,metal,0.948497,True,False
data\external_test_realwaste\metal\Metal_194.jpg,metal,metal,0.97673,True,False
data\external_test_realwaste\metal\Metal_195.jpg,metal,metal,0.981499,True,False
data\external_test_realwaste\metal\Metal_196.jpg,metal,trash,0.928267,False,False
data\external_test_realwaste\metal\Metal_197.jpg,metal,metal,0.909042,True,False
data\external_test_realwaste\metal\Metal_198.jpg,metal,metal,0.814179,True,False
data\external_test_realwaste\metal\Metal_199.jpg,metal,metal,0.884786,True,False
data\external_test_realwaste\metal\Metal_2.jpg,metal,metal,0.631646,True,False
data\external_test_realwaste\metal\Metal_20.jpg,metal,metal,0.969041,True,False
data\external_test_realwaste\metal\Metal_200.jpg,metal,paper,0.708746,False,False
data\external_test_realwaste\metal\Metal_201.jpg,metal,trash,0.452147,False,True
data\external_test_realwaste\metal\Metal_202.jpg,metal,trash,0.478116,False,True
data\external_test_realwaste\metal\Metal_203.jpg,metal,paper,0.48341,False,True
data\external_test_realwaste\metal\Metal_204.jpg,metal,cardboard,0.943389,False,False
data\external_test_realwaste\metal\Metal_205.jpg,metal,cardboard,0.51297,False,True
data\external_test_realwaste\metal\Metal_206.jpg,metal,cardboard,0.913625,False,False
data\external_test_realwaste\metal\Metal_207.jpg,metal,paper,0.500247,False,True
data\external_test_realwaste\metal\Metal_208.jpg,metal,cardboard,0.851836,False,False
data\external_test_realwaste\metal\Metal_209.jpg,metal,metal,0.568165,True,True
data\external_test_realwaste\metal\Metal_21.jpg,metal,trash,0.757386,False,False
data\external_test_realwaste\metal\Metal_210.jpg,metal,cardboard,0.903196,False,False
data\external_test_realwaste\metal\Metal_211.jpg,metal,cardboard,0.721318,False,False
data\external_test_realwaste\metal\Metal_212.jpg,metal,metal,0.999759,True,False
data\external_test_realwaste\metal\Metal_213.jpg,metal,cardboard,0.956591,False,False
data\external_test_realwaste\metal\Metal_214.jpg,metal,trash,0.531301,False,True
data\external_test_realwaste\metal\Metal_215.jpg,metal,paper,0.415877,False,True
data\external_test_realwaste\metal\Metal_216.jpg,metal,cardboard,0.948422,False,False
data\external_test_realwaste\metal\Metal_217.jpg,metal,cardboard,0.947675,False,False
data\external_test_realwaste\metal\Metal_218.jpg,metal,cardboard,0.828601,False,False
data\external_test_realwaste\metal\Metal_219.jpg,metal,cardboard,0.97488,False,False
data\external_test_realwaste\metal\Metal_22.jpg,metal,metal,0.691546,True,False
data\external_test_realwaste\metal\Metal_220.jpg,metal,plastic,0.495381,False,True
data\external_test_realwaste\metal\Metal_221.jpg,metal,cardboard,0.654813,False,False
data\external_test_realwaste\metal\Metal_222.jpg,metal,paper,0.409922,False,True
data\external_test_realwaste\metal\Metal_223.jpg,metal,metal,0.522209,True,True
data\external_test_realwaste\metal\Metal_224.jpg,metal,metal,0.981794,True,False
data\external_test_realwaste\metal\Metal_225.jpg,metal,metal,0.668605,True,False
data\external_test_realwaste\metal\Metal_226.jpg,metal,metal,0.879602,True,False
data\external_test_realwaste\metal\Metal_227.jpg,metal,cardboard,0.510843,False,True
data\external_test_realwaste\metal\Metal_228.jpg,metal,plastic,0.359108,False,True
data\external_test_realwaste\metal\Metal_229.jpg,metal,trash,0.462975,False,True
data\external_test_realwaste\metal\Metal_23.jpg,metal,metal,0.639652,True,False
data\external_test_realwaste\metal\Metal_230.jpg,metal,plastic,0.497748,False,True
data\external_test_realwaste\metal\Metal_231.jpg,metal,trash,0.547356,False,True
data\external_test_realwaste\metal\Metal_232.jpg,metal,cardboard,0.73205,False,False
data\external_test_realwaste\metal\Metal_233.jpg,metal,metal,0.819786,True,False
data\external_test_realwaste\metal\Metal_234.jpg,metal,metal,0.962249,True,False
data\external_test_realwaste\metal\Metal_235.jpg,metal,metal,0.969353,True,False
data\external_test_realwaste\metal\Metal_236.jpg,metal,metal,0.949658,True,False
data\external_test_realwaste\metal\Metal_237.jpg,metal,metal,0.990734,True,False
data\external_test_realwaste\metal\Metal_238.jpg,metal,trash,0.602515,False,False
data\external_test_realwaste\metal\Metal_239.jpg,metal,cardboard,0.778181,False,False
data\external_test_realwaste\metal\Metal_24.jpg,metal,trash,0.45265,False,True
data\external_test_realwaste\metal\Metal_240.jpg,metal,cardboard,0.862705,False,False
data\external_test_realwaste\metal\Metal_241.jpg,metal,glass,0.990593,False,False
data\external_test_realwaste\metal\Metal_242.jpg,metal,cardboard,0.866832,False,False
data\external_test_realwaste\metal\Metal_243.jpg,metal,glass,0.73863,False,False
data\external_test_realwaste\metal\Metal_244.jpg,metal,glass,0.973581,False,False
data\external_test_realwaste\metal\Metal_245.jpg,metal,cardboard,0.472379,False,True
data\external_test_realwaste\metal\Metal_246.jpg,metal,metal,0.955086,True,False
data\external_test_realwaste\metal\Metal_247.jpg,metal,cardboard,0.424229,False,True
data\external_test_realwaste\metal\Metal_248.jpg,metal,cardboard,0.598779,False,True
data\external_test_realwaste\metal\Metal_249.jpg,metal,paper,0.820949,False,False
data\external_test_realwaste\metal\Metal_25.jpg,metal,metal,0.998129,True,False
data\external_test_realwaste\metal\Metal_250.jpg,metal,paper,0.836065,False,False
data\external_test_realwaste\metal\Metal_251.jpg,metal,paper,0.848927,False,False
data\external_test_realwaste\metal\Metal_252.jpg,metal,cardboard,0.882996,False,False
data\external_test_realwaste\metal\Metal_253.jpg,metal,cardboard,0.923706,False,False
data\external_test_realwaste\metal\Metal_254.jpg,metal,plastic,0.487476,False,True
data\external_test_realwaste\metal\Metal_255.jpg,metal,cardboard,0.9682,False,False
data\external_test_realwaste\metal\Metal_256.jpg,metal,cardboard,0.871383,False,False
data\external_test_realwaste\metal\Metal_257.jpg,metal,metal,0.996399,True,False
data\external_test_realwaste\metal\Metal_258.jpg,metal,cardboard,0.758356,False,False
data\external_test_realwaste\metal\Metal_259.jpg,metal,cardboard,0.477884,False,True
data\external_test_realwaste\metal\Metal_26.jpg,metal,cardboard,0.530418,False,True
data\external_test_realwaste\metal\Metal_260.jpg,metal,cardboard,0.378998,False,True
data\external_test_realwaste\metal\Metal_261.jpg,metal,trash,0.417736,False,True
data\external_test_realwaste\metal\Metal_262.jpg,metal,cardboard,0.903233,False,False
data\external_test_realwaste\metal\Metal_263.jpg,metal,cardboard,0.759488,False,False
data\external_test_realwaste\metal\Metal_264.jpg,metal,trash,0.614121,False,False
data\external_test_realwaste\metal\Metal_265.jpg,metal,trash,0.940683,False,False
data\external_test_realwaste\metal\Metal_266.jpg,metal,trash,0.826033,False,False
data\external_test_realwaste\metal\Metal_267.jpg,metal,cardboard,0.606769,False,False
data\external_test_realwaste\metal\Metal_268.jpg,metal,trash,0.918194,False,False
data\external_test_realwaste\metal\Metal_269.jpg,metal,trash,0.986931,False,False
data\external_test_realwaste\metal\Metal_27.jpg,metal,cardboard,0.87838,False,False
data\external_test_realwaste\metal\Metal_270.jpg,metal,trash,0.932635,False,False
data\external_test_realwaste\metal\Metal_271.jpg,metal,cardboard,0.677611,False,False
data\external_test_realwaste\metal\Metal_272.jpg,metal,metal,0.960296,True,False
data\external_test_realwaste\metal\Metal_273.jpg,metal,metal,0.9749,True,False
data\external_test_realwaste\metal\Metal_274.jpg,metal,metal,0.7046,True,False
data\external_test_realwaste\metal\Metal_275.jpg,metal,metal,0.987919,True,False
data\external_test_realwaste\metal\Metal_276.jpg,metal,metal,0.615639,True,False
data\external_test_realwaste\metal\Metal_277.jpg,metal,metal,0.993005,True,False
data\external_test_realwaste\metal\Metal_278.jpg,metal,cardboard,0.94249,False,False
data\external_test_realwaste\metal\Metal_279.jpg,metal,glass,0.535462,False,True
data\external_test_realwaste\metal\Metal_28.jpg,metal,metal,0.863196,True,False
data\external_test_realwaste\metal\Metal_280.jpg,metal,cardboard,0.823087,False,False
data\external_test_realwaste\metal\Metal_281.jpg,metal,cardboard,0.876558,False,False
data\external_test_realwaste\metal\Metal_282.jpg,metal,cardboard,0.65759,False,False
data\external_test_realwaste\metal\Metal_283.jpg,metal,metal,0.754832,True,False
data\external_test_realwaste\metal\Metal_284.jpg,metal,cardboard,0.737767,False,False
data\external_test_realwaste\metal\Metal_285.jpg,metal,cardboard,0.83018,False,False
data\external_test_realwaste\metal\Metal_286.jpg,metal,cardboard,0.908352,False,False
data\external_test_realwaste\metal\Metal_287.jpg,metal,cardboard,0.882158,False,False
data\external_test_realwaste\metal\Metal_288.jpg,metal,trash,0.513813,False,True
data\external_test_realwaste\metal\Metal_289.jpg,metal,plastic,0.472866,False,True
data\external_test_realwaste\metal\Metal_29.jpg,metal,cardboard,0.974607,False,False
data\external_test_realwaste\metal\Metal_290.jpg,metal,metal,0.813135,True,False
data\external_test_realwaste\metal\Metal_291.jpg,metal,cardboard,0.617653,False,False
data\external_test_realwaste\metal\Metal_292.jpg,metal,trash,0.478996,False,True
data\external_test_realwaste\metal\Metal_293.jpg,metal,trash,0.396089,False,True
data\external_test_realwaste\metal\Metal_294.jpg,metal,metal,0.800279,True,False
data\external_test_realwaste\metal\Metal_295.jpg,metal,metal,0.616843,True,False
data\external_test_realwaste\metal\Metal_296.jpg,metal,trash,0.777122,False,False
data\external_test_realwaste\metal\Metal_297.jpg,metal,trash,0.541357,False,True
data\external_test_realwaste\metal\Metal_298.jpg,metal,trash,0.94514,False,False
data\external_test_realwaste\metal\Metal_299.jpg,metal,metal,0.476596,True,True
data\external_test_realwaste\metal\Metal_3.jpg,metal,metal,0.99228,True,False
data\external_test_realwaste\metal\Metal_30.jpg,metal,plastic,0.898002,False,False
data\external_test_realwaste\metal\Metal_300.jpg,metal,trash,0.979981,False,False
data\external_test_realwaste\metal\Metal_301.jpg,metal,trash,0.508794,False,True
data\external_test_realwaste\metal\Metal_302.jpg,metal,cardboard,0.832393,False,False
data\external_test_realwaste\metal\Metal_303.jpg,metal,paper,0.34369,False,True
data\external_test_realwaste\metal\Metal_304.jpg,metal,paper,0.66748,False,False
data\external_test_realwaste\metal\Metal_305.jpg,metal,trash,0.502804,False,True
data\external_test_realwaste\metal\Metal_306.jpg,metal,metal,0.809889,True,False
data\external_test_realwaste\metal\Metal_307.jpg,metal,trash,0.858886,False,False
data\external_test_realwaste\metal\Metal_308.jpg,metal,plastic,0.678312,False,False
data\external_test_realwaste\metal\Metal_309.jpg,metal,metal,0.506566,True,True
data\external_test_realwaste\metal\Metal_31.jpg,metal,cardboard,0.959733,False,False
data\external_test_realwaste\metal\Metal_310.jpg,metal,trash,0.610188,False,False
data\external_test_realwaste\metal\Metal_311.jpg,metal,plastic,0.519595,False,True
data\external_test_realwaste\metal\Metal_312.jpg,metal,metal,0.808251,True,False
data\external_test_realwaste\metal\Metal_313.jpg,metal,trash,0.981563,False,False
data\external_test_realwaste\metal\Metal_314.jpg,metal,cardboard,0.951156,False,False
data\external_test_realwaste\metal\Metal_315.jpg,metal,cardboard,0.915431,False,False
data\external_test_realwaste\metal\Metal_316.jpg,metal,trash,0.517604,False,True
data\external_test_realwaste\metal\Metal_317.jpg,metal,cardboard,0.845273,False,False
data\external_test_realwaste\metal\Metal_318.jpg,metal,trash,0.915095,False,False
data\external_test_realwaste\metal\Metal_319.jpg,metal,trash,0.871493,False,False
data\external_test_realwaste\metal\Metal_32.jpg,metal,trash,0.451627,False,True
data\external_test_realwaste\metal\Metal_320.jpg,metal,cardboard,0.536929,False,True
data\external_test_realwaste\metal\Metal_321.jpg,metal,cardboard,0.789445,False,False
data\external_test_realwaste\metal\Metal_322.jpg,metal,trash,0.987776,False,False
data\external_test_realwaste\metal\Metal_323.jpg,metal,trash,0.728919,False,False
data\external_test_realwaste\metal\Metal_324.jpg,metal,cardboard,0.633143,False,False
data\external_test_realwaste\metal\Metal_325.jpg,metal,cardboard,0.949879,False,False
data\external_test_realwaste\metal\Metal_326.jpg,metal,cardboard,0.947062,False,False
data\external_test_realwaste\metal\Metal_327.jpg,metal,cardboard,0.769984,False,False
data\external_test_realwaste\metal\Metal_328.jpg,metal,cardboard,0.981831,False,False
data\external_test_realwaste\metal\Metal_329.jpg,metal,metal,0.601579,True,False
data\external_test_realwaste\metal\Metal_33.jpg,metal,cardboard,0.52583,False,True
data\external_test_realwaste\metal\Metal_330.jpg,metal,metal,0.890265,True,False
data\external_test_realwaste\metal\Metal_331.jpg,metal,cardboard,0.468606,False,True
data\external_test_realwaste\metal\Metal_332.jpg,metal,trash,0.72685,False,False
data\external_test_realwaste\metal\Metal_333.jpg,metal,trash,0.90171,False,False
data\external_test_realwaste\metal\Metal_334.jpg,metal,plastic,0.934557,False,False
data\external_test_realwaste\metal\Metal_335.jpg,metal,trash,0.751746,False,False
data\external_test_realwaste\metal\Metal_336.jpg,metal,trash,0.775012,False,False
data\external_test_realwaste\metal\Metal_337.jpg,metal,trash,0.402885,False,True
data\external_test_realwaste\metal\Metal_338.jpg,metal,trash,0.570732,False,True
data\external_test_realwaste\metal\Metal_339.jpg,metal,trash,0.979733,False,False
data\external_test_realwaste\metal\Metal_34.jpg,metal,cardboard,0.946961,False,False
data\external_test_realwaste\metal\Metal_340.jpg,metal,glass,0.819202,False,False
data\external_test_realwaste\metal\Metal_341.jpg,metal,glass,0.795657,False,False
data\external_test_realwaste\metal\Metal_342.jpg,metal,trash,0.355377,False,True
data\external_test_realwaste\metal\Metal_343.jpg,metal,cardboard,0.998094,False,False
data\external_test_realwaste\metal\Metal_344.jpg,metal,cardboard,0.5092,False,True
data\external_test_realwaste\metal\Metal_345.jpg,metal,cardboard,0.765064,False,False
data\external_test_realwaste\metal\Metal_346.jpg,metal,metal,0.999794,True,False
data\external_test_realwaste\metal\Metal_347.jpg,metal,trash,0.39914,False,True
data\external_test_realwaste\metal\Metal_348.jpg,metal,trash,0.602966,False,False
data\external_test_realwaste\metal\Metal_349.jpg,metal,trash,0.598218,False,True
data\external_test_realwaste\metal\Metal_35.jpg,metal,trash,0.953486,False,False
data\external_test_realwaste\metal\Metal_350.jpg,metal,trash,0.882233,False,False
data\external_test_realwaste\metal\Metal_351.jpg,metal,trash,0.627757,False,False
data\external_test_realwaste\metal\Metal_352.jpg,metal,metal,0.871318,True,False
data\external_test_realwaste\metal\Metal_353.jpg,metal,metal,0.82455,True,False
data\external_test_realwaste\metal\Metal_354.jpg,metal,metal,0.989998,True,False
data\external_test_realwaste\metal\Metal_355.jpg,metal,metal,0.969393,True,False
data\external_test_realwaste\metal\Metal_356.jpg,metal,metal,0.555572,True,True
data\external_test_realwaste\metal\Metal_357.jpg,metal,metal,0.90856,True,False
data\external_test_realwaste\metal\Metal_358.jpg,metal,metal,0.535957,True,True
data\external_test_realwaste\metal\Metal_359.jpg,metal,trash,0.549344,False,True
data\external_test_realwaste\metal\Metal_36.jpg,metal,cardboard,0.596136,False,True
data\external_test_realwaste\metal\Metal_360.jpg,metal,trash,0.918675,False,False
data\external_test_realwaste\metal\Metal_361.jpg,metal,trash,0.487094,False,True
data\external_test_realwaste\metal\Metal_362.jpg,metal,trash,0.866284,False,False
data\external_test_realwaste\metal\Metal_363.jpg,metal,metal,0.582424,True,True
data\external_test_realwaste\metal\Metal_364.jpg,metal,trash,0.996922,False,False
data\external_test_realwaste\metal\Metal_365.jpg,metal,trash,0.941507,False,False
data\external_test_realwaste\metal\Metal_366.jpg,metal,metal,0.997541,True,False
data\external_test_realwaste\metal\Metal_367.jpg,metal,trash,0.88821,False,False
data\external_test_realwaste\metal\Metal_368.jpg,metal,metal,0.681143,True,False
data\external_test_realwaste\metal\Metal_369.jpg,metal,metal,0.982647,True,False
data\external_test_realwaste\metal\Metal_37.jpg,metal,trash,0.488588,False,True
data\external_test_realwaste\metal\Metal_370.jpg,metal,trash,0.952683,False,False
data\external_test_realwaste\metal\Metal_371.jpg,metal,trash,0.71618,False,False
data\external_test_realwaste\metal\Metal_372.jpg,metal,trash,0.905607,False,False
data\external_test_realwaste\metal\Metal_373.jpg,metal,trash,0.972794,False,False
data\external_test_realwaste\metal\Metal_374.jpg,metal,metal,0.503138,True,True
data\external_test_realwaste\metal\Metal_375.jpg,metal,trash,0.983289,False,False
data\external_test_realwaste\metal\Metal_376.jpg,metal,trash,0.996217,False,False
data\external_test_realwaste\metal\Metal_377.jpg,metal,trash,0.529544,False,True
data\external_test_realwaste\metal\Metal_378.jpg,metal,trash,0.692888,False,False
data\external_test_realwaste\metal\Metal_379.jpg,metal,trash,0.575199,False,True
data\external_test_realwaste\metal\Metal_38.jpg,metal,cardboard,0.875703,False,False
data\external_test_realwaste\metal\Metal_380.jpg,metal,trash,0.994339,False,False
data\external_test_realwaste\metal\Metal_381.jpg,metal,trash,0.911108,False,False
data\external_test_realwaste\metal\Metal_382.jpg,metal,trash,0.755321,False,False
data\external_test_realwaste\metal\Metal_383.jpg,metal,trash,0.938515,False,False
data\external_test_realwaste\metal\Metal_384.jpg,metal,trash,0.96417,False,False
data\external_test_realwaste\metal\Metal_385.jpg,metal,trash,0.945788,False,False
data\external_test_realwaste\metal\Metal_386.jpg,metal,trash,0.974248,False,False
data\external_test_realwaste\metal\Metal_387.jpg,metal,trash,0.938867,False,False
data\external_test_realwaste\metal\Metal_388.jpg,metal,trash,0.9963,False,False
data\external_test_realwaste\metal\Metal_389.jpg,metal,metal,0.734962,True,False
data\external_test_realwaste\metal\Metal_39.jpg,metal,plastic,0.503041,False,True
data\external_test_realwaste\metal\Metal_390.jpg,metal,metal,0.47084,True,True
data\external_test_realwaste\metal\Metal_391.jpg,metal,trash,0.73205,False,False
data\external_test_realwaste\metal\Metal_392.jpg,metal,trash,0.51627,False,True
data\external_test_realwaste\metal\Metal_393.jpg,metal,trash,0.8412,False,False
data\external_test_realwaste\metal\Metal_394.jpg,metal,paper,0.795078,False,False
data\external_test_realwaste\metal\Metal_395.jpg,metal,paper,0.670793,False,False
data\external_test_realwaste\metal\Metal_396.jpg,metal,paper,0.496273,False,True
data\external_test_realwaste\metal\Metal_397.jpg,metal,paper,0.789275,False,False
data\external_test_realwaste\metal\Metal_398.jpg,metal,cardboard,0.838035,False,False
data\external_test_realwaste\metal\Metal_399.jpg,metal,trash,0.754262,False,False
data\external_test_realwaste\metal\Metal_4.jpg,metal,metal,0.375367,True,True
data\external_test_realwaste\metal\Metal_40.jpg,metal,cardboard,0.511708,False,True
data\external_test_realwaste\metal\Metal_400.jpg,metal,trash,0.882514,False,False
data\external_test_realwaste\metal\Metal_401.jpg,metal,metal,0.508703,True,True
data\external_test_realwaste\metal\Metal_402.jpg,metal,trash,0.525667,False,True
data\external_test_realwaste\metal\Metal_403.jpg,metal,trash,0.348216,False,True
data\external_test_realwaste\metal\Metal_404.jpg,metal,trash,0.649899,False,False
data\external_test_realwaste\metal\Metal_405.jpg,metal,trash,0.778773,False,False
data\external_test_realwaste\metal\Metal_406.jpg,metal,trash,0.639272,False,False
data\external_test_realwaste\metal\Metal_407.jpg,metal,metal,0.510891,True,True
data\external_test_realwaste\metal\Metal_408.jpg,metal,cardboard,0.682311,False,False
data\external_test_realwaste\metal\Metal_409.jpg,metal,trash,0.473697,False,True
data\external_test_realwaste\metal\Metal_41.jpg,metal,metal,0.974691,True,False
data\external_test_realwaste\metal\Metal_410.jpg,metal,metal,0.384128,True,True
data\external_test_realwaste\metal\Metal_411.jpg,metal,metal,0.317326,True,True
data\external_test_realwaste\metal\Metal_412.jpg,metal,metal,0.935553,True,False
data\external_test_realwaste\metal\Metal_413.jpg,metal,metal,0.952502,True,False
data\external_test_realwaste\metal\Metal_414.jpg,metal,cardboard,0.530429,False,True
data\external_test_realwaste\metal\Metal_415.jpg,metal,trash,0.593295,False,True
data\external_test_realwaste\metal\Metal_416.jpg,metal,metal,0.7466,True,False
data\external_test_realwaste\metal\Metal_417.jpg,metal,metal,0.79511,True,False
data\external_test_realwaste\metal\Metal_418.jpg,metal,trash,0.523898,False,True
data\external_test_realwaste\metal\Metal_419.jpg,metal,trash,0.419945,False,True
data\external_test_realwaste\metal\Metal_42.jpg,metal,trash,0.920634,False,False
data\external_test_realwaste\metal\Metal_420.jpg,metal,trash,0.979173,False,False
data\external_test_realwaste\metal\Metal_421.jpg,metal,trash,0.961797,False,False
data\external_test_realwaste\metal\Metal_422.jpg,metal,paper,0.828737,False,False
data\external_test_realwaste\metal\Metal_423.jpg,metal,trash,0.822989,False,False
data\external_test_realwaste\metal\Metal_424.jpg,metal,trash,0.969055,False,False
data\external_test_realwaste\metal\Metal_425.jpg,metal,trash,0.946653,False,False
data\external_test_realwaste\metal\Metal_426.jpg,metal,trash,0.703421,False,False
data\external_test_realwaste\metal\Metal_427.jpg,metal,metal,0.698582,True,False
data\external_test_realwaste\metal\Metal_428.jpg,metal,trash,0.847516,False,False
data\external_test_realwaste\metal\Metal_429.jpg,metal,trash,0.563395,False,True
data\external_test_realwaste\metal\Metal_43.jpg,metal,metal,0.866076,True,False
data\external_test_realwaste\metal\Metal_430.jpg,metal,metal,0.875911,True,False
data\external_test_realwaste\metal\Metal_431.jpg,metal,metal,0.908601,True,False
data\external_test_realwaste\metal\Metal_432.jpg,metal,metal,0.778794,True,False
data\external_test_realwaste\metal\Metal_433.jpg,metal,trash,0.837937,False,False
data\external_test_realwaste\metal\Metal_434.jpg,metal,paper,0.829193,False,False
data\external_test_realwaste\metal\Metal_435.jpg,metal,trash,0.865784,False,False
data\external_test_realwaste\metal\Metal_436.jpg,metal,cardboard,0.774896,False,False
data\external_test_realwaste\metal\Metal_437.jpg,metal,trash,0.446799,False,True
data\external_test_realwaste\metal\Metal_438.jpg,metal,cardboard,0.363549,False,True
data\external_test_realwaste\metal\Metal_439.jpg,metal,metal,0.996084,True,False
data\external_test_realwaste\metal\Metal_44.jpg,metal,metal,0.836227,True,False
data\external_test_realwaste\metal\Metal_440.jpg,metal,metal,0.656209,True,False
data\external_test_realwaste\metal\Metal_441.jpg,metal,metal,0.997664,True,False
data\external_test_realwaste\metal\Metal_442.jpg,metal,metal,0.995117,True,False
data\external_test_realwaste\metal\Metal_443.jpg,metal,paper,0.67304,False,False
data\external_test_realwaste\metal\Metal_444.jpg,metal,trash,0.531108,False,True
data\external_test_realwaste\metal\Metal_445.jpg,metal,metal,0.99396,True,False
data\external_test_realwaste\metal\Metal_446.jpg,metal,paper,0.995556,False,False
data\external_test_realwaste\metal\Metal_447.jpg,metal,metal,0.913758,True,False
data\external_test_realwaste\metal\Metal_448.jpg,metal,metal,0.978659,True,False
data\external_test_realwaste\metal\Metal_449.jpg,metal,metal,0.97113,True,False
data\external_test_realwaste\metal\Metal_45.jpg,metal,trash,0.633194,False,False
data\external_test_realwaste\metal\Metal_450.jpg,metal,trash,0.755091,False,False
data\external_test_realwaste\metal\Metal_451.jpg,metal,metal,0.851418,True,False
data\external_test_realwaste\metal\Metal_452.jpg,metal,metal,0.755611,True,False
data\external_test_realwaste\metal\Metal_453.jpg,metal,plastic,0.43789,False,True
data\external_test_realwaste\metal\Metal_454.jpg,metal,plastic,0.403912,False,True
data\external_test_realwaste\metal\Metal_455.jpg,metal,plastic,0.377495,False,True
data\external_test_realwaste\metal\Metal_456.jpg,metal,metal,0.917525,True,False
data\external_test_realwaste\metal\Metal_457.jpg,metal,trash,0.565267,False,True
data\external_test_realwaste\metal\Metal_458.jpg,metal,metal,0.782987,True,False
data\external_test_realwaste\metal\Metal_459.jpg,metal,trash,0.987253,False,False
data\external_test_realwaste\metal\Metal_46.jpg,metal,metal,0.658791,True,False
data\external_test_realwaste\metal\Metal_460.jpg,metal,metal,0.798549,True,False
data\external_test_realwaste\metal\Metal_461.jpg,metal,trash,0.632563,False,False
data\external_test_realwaste\metal\Metal_462.jpg,metal,cardboard,0.708215,False,False
data\external_test_realwaste\metal\Metal_463.jpg,metal,trash,0.969499,False,False
data\external_test_realwaste\metal\Metal_464.jpg,metal,plastic,0.570216,False,True
data\external_test_realwaste\metal\Metal_465.jpg,metal,metal,0.655344,True,False
data\external_test_realwaste\metal\Metal_466.jpg,metal,paper,0.64889,False,False
data\external_test_realwaste\metal\Metal_467.jpg,metal,plastic,0.798338,False,False
data\external_test_realwaste\metal\Metal_468.jpg,metal,paper,0.662178,False,False
data\external_test_realwaste\metal\Metal_469.jpg,metal,plastic,0.583244,False,True
data\external_test_realwaste\metal\Metal_47.jpg,metal,metal,0.844501,True,False
data\external_test_realwaste\metal\Metal_470.jpg,metal,plastic,0.681096,False,False
data\external_test_realwaste\metal\Metal_471.jpg,metal,cardboard,0.383735,False,True
data\external_test_realwaste\metal\Metal_472.jpg,metal,metal,0.607822,True,False
data\external_test_realwaste\metal\Metal_473.jpg,metal,cardboard,0.49098,False,True
data\external_test_realwaste\metal\Metal_474.jpg,metal,trash,0.679471,False,False
data\external_test_realwaste\metal\Metal_475.jpg,metal,glass,0.369529,False,True
data\external_test_realwaste\metal\Metal_476.jpg,metal,plastic,0.965448,False,False
data\external_test_realwaste\metal\Metal_477.jpg,metal,glass,0.568995,False,True
data\external_test_realwaste\metal\Metal_478.jpg,metal,trash,0.480595,False,True
data\external_test_realwaste\metal\Metal_479.jpg,metal,metal,0.603121,True,False
data\external_test_realwaste\metal\Metal_48.jpg,metal,metal,0.496116,True,True
data\external_test_realwaste\metal\Metal_480.jpg,metal,plastic,0.456267,False,True
data\external_test_realwaste\metal\Metal_481.jpg,metal,metal,0.884084,True,False
data\external_test_realwaste\metal\Metal_482.jpg,metal,trash,0.552669,False,True
data\external_test_realwaste\metal\Metal_483.jpg,metal,plastic,0.496087,False,True
data\external_test_realwaste\metal\Metal_484.jpg,metal,trash,0.301102,False,True
data\external_test_realwaste\metal\Metal_485.jpg,metal,metal,0.596013,True,True
data\external_test_realwaste\metal\Metal_486.jpg,metal,metal,0.95728,True,False
data\external_test_realwaste\metal\Metal_487.jpg,metal,trash,0.719098,False,False
data\external_test_realwaste\metal\Metal_488.jpg,metal,metal,0.706155,True,False
data\external_test_realwaste\metal\Metal_489.jpg,metal,trash,0.686262,False,False
data\external_test_realwaste\metal\Metal_49.jpg,metal,metal,0.990381,True,False
data\external_test_realwaste\metal\Metal_490.jpg,metal,metal,0.786411,True,False
data\external_test_realwaste\metal\Metal_491.jpg,metal,trash,0.864444,False,False
data\external_test_realwaste\metal\Metal_492.jpg,metal,metal,0.657518,True,False
data\external_test_realwaste\metal\Metal_493.jpg,metal,metal,0.992218,True,False
data\external_test_realwaste\metal\Metal_494.jpg,metal,metal,0.721031,True,False
data\external_test_realwaste\metal\Metal_495.jpg,metal,cardboard,0.811211,False,False
data\external_test_realwaste\metal\Metal_496.jpg,metal,trash,0.783125,False,False
data\external_test_realwaste\metal\Metal_497.jpg,metal,trash,0.369992,False,True
data\external_test_realwaste\metal\Metal_498.jpg,metal,metal,0.84968,True,False
data\external_test_realwaste\metal\Metal_499.jpg,metal,metal,0.915678,True,False
data\external_test_realwaste\metal\Metal_5.jpg,metal,metal,0.996184,True,False
data\external_test_realwaste\metal\Metal_50.jpg,metal,metal,0.931804,True,False
data\external_test_realwaste\metal\Metal_500.jpg,metal,metal,0.80394,True,False
data\external_test_realwaste\metal\Metal_501.jpg,metal,metal,0.959658,True,False
data\external_test_realwaste\metal\Metal_502.jpg,metal,metal,0.80817,True,False
data\external_test_realwaste\metal\Metal_503.jpg,metal,metal,0.699035,True,False
data\external_test_realwaste\metal\Metal_504.jpg,metal,metal,0.818547,True,False
data\external_test_realwaste\metal\Metal_505.jpg,metal,trash,0.498828,False,True
data\external_test_realwaste\metal\Metal_506.jpg,metal,trash,0.888902,False,False
data\external_test_realwaste\metal\Metal_507.jpg,metal,trash,0.705418,False,False
data\external_test_realwaste\metal\Metal_508.jpg,metal,trash,0.985629,False,False
data\external_test_realwaste\metal\Metal_509.jpg,metal,trash,0.985485,False,False
data\external_test_realwaste\metal\Metal_51.jpg,metal,metal,0.94548,True,False
data\external_test_realwaste\metal\Metal_510.jpg,metal,metal,0.46723,True,True
data\external_test_realwaste\metal\Metal_511.jpg,metal,trash,0.61386,False,False
data\external_test_realwaste\metal\Metal_512.jpg,metal,metal,0.952307,True,False
data\external_test_realwaste\metal\Metal_513.jpg,metal,metal,0.962606,True,False
data\external_test_realwaste\metal\Metal_514.jpg,metal,paper,0.558935,False,True
data\external_test_realwaste\metal\Metal_515.jpg,metal,cardboard,0.498183,False,True
data\external_test_realwaste\metal\Metal_516.jpg,metal,paper,0.826775,False,False
data\external_test_realwaste\metal\Metal_517.jpg,metal,paper,0.333232,False,True
data\external_test_realwaste\metal\Metal_518.jpg,metal,cardboard,0.558942,False,True
data\external_test_realwaste\metal\Metal_519.jpg,metal,cardboard,0.526248,False,True
data\external_test_realwaste\metal\Metal_52.jpg,metal,metal,0.822474,True,False
data\external_test_realwaste\metal\Metal_520.jpg,metal,cardboard,0.768512,False,False
data\external_test_realwaste\metal\Metal_521.jpg,metal,cardboard,0.7779,False,False
data\external_test_realwaste\metal\Metal_522.jpg,metal,trash,0.397142,False,True
data\external_test_realwaste\metal\Metal_523.jpg,metal,trash,0.623967,False,False
data\external_test_realwaste\metal\Metal_524.jpg,metal,plastic,0.702323,False,False
data\external_test_realwaste\metal\Metal_525.jpg,metal,metal,0.505317,True,True
data\external_test_realwaste\metal\Metal_526.jpg,metal,plastic,0.844817,False,False
data\external_test_realwaste\metal\Metal_527.jpg,metal,paper,0.402438,False,True
data\external_test_realwaste\metal\Metal_528.jpg,metal,trash,0.476342,False,True
data\external_test_realwaste\metal\Metal_529.jpg,metal,metal,0.653904,True,False
data\external_test_realwaste\metal\Metal_53.jpg,metal,metal,0.447145,True,True
data\external_test_realwaste\metal\Metal_530.jpg,metal,metal,0.801352,True,False
data\external_test_realwaste\metal\Metal_531.jpg,metal,trash,0.851248,False,False
data\external_test_realwaste\metal\Metal_532.jpg,metal,metal,0.666571,True,False
data\external_test_realwaste\metal\Metal_533.jpg,metal,trash,0.506197,False,True
data\external_test_realwaste\metal\Metal_534.jpg,metal,metal,0.999107,True,False
data\external_test_realwaste\metal\Metal_535.jpg,metal,trash,0.942902,False,False
data\external_test_realwaste\metal\Metal_536.jpg,metal,metal,0.560007,True,True
data\external_test_realwaste\metal\Metal_537.jpg,metal,paper,0.518471,False,True
data\external_test_realwaste\metal\Metal_538.jpg,metal,trash,0.781654,False,False
data\external_test_realwaste\metal\Metal_539.jpg,metal,trash,0.883898,False,False
data\external_test_realwaste\metal\Metal_54.jpg,metal,trash,0.881614,False,False
data\external_test_realwaste\metal\Metal_540.jpg,metal,metal,0.988326,True,False
data\external_test_realwaste\metal\Metal_541.jpg,metal,plastic,0.460802,False,True
data\external_test_realwaste\metal\Metal_542.jpg,metal,plastic,0.926917,False,False
data\external_test_realwaste\metal\Metal_543.jpg,metal,trash,0.532124,False,True
data\external_test_realwaste\metal\Metal_544.jpg,metal,trash,0.815493,False,False
data\external_test_realwaste\metal\Metal_545.jpg,metal,metal,0.992878,True,False
data\external_test_realwaste\metal\Metal_546.jpg,metal,cardboard,0.795696,False,False
data\external_test_realwaste\metal\Metal_547.jpg,metal,cardboard,0.431596,False,True
data\external_test_realwaste\metal\Metal_548.jpg,metal,trash,0.93213,False,False
data\external_test_realwaste\metal\Metal_549.jpg,metal,trash,0.680888,False,False
data\external_test_realwaste\metal\Metal_55.jpg,metal,metal,0.949882,True,False
data\external_test_realwaste\metal\Metal_550.jpg,metal,trash,0.706151,False,False
data\external_test_realwaste\metal\Metal_551.jpg,metal,metal,0.654881,True,False
data\external_test_realwaste\metal\Metal_552.jpg,metal,trash,0.919658,False,False
data\external_test_realwaste\metal\Metal_553.jpg,metal,trash,0.713925,False,False
data\external_test_realwaste\metal\Metal_554.jpg,metal,trash,0.615837,False,False
data\external_test_realwaste\metal\Metal_555.jpg,metal,trash,0.964566,False,False
data\external_test_realwaste\metal\Metal_556.jpg,metal,metal,0.991341,True,False
data\external_test_realwaste\metal\Metal_557.jpg,metal,metal,0.993635,True,False
data\external_test_realwaste\metal\Metal_558.jpg,metal,cardboard,0.505082,False,True
data\external_test_realwaste\metal\Metal_559.jpg,metal,metal,0.489921,True,True
data\external_test_realwaste\metal\Metal_56.jpg,metal,metal,0.972949,True,False
data\external_test_realwaste\metal\Metal_560.jpg,metal,cardboard,0.554304,False,True
data\external_test_realwaste\metal\Metal_561.jpg,metal,cardboard,0.63986,False,False
data\external_test_realwaste\metal\Metal_562.jpg,metal,trash,0.574599,False,True
data\external_test_realwaste\metal\Metal_563.jpg,metal,cardboard,0.727854,False,False
data\external_test_realwaste\metal\Metal_564.jpg,metal,trash,0.704834,False,False
data\external_test_realwaste\metal\Metal_565.jpg,metal,trash,0.945684,False,False
data\external_test_realwaste\metal\Metal_566.jpg,metal,cardboard,0.694582,False,False
data\external_test_realwaste\metal\Metal_567.jpg,metal,glass,0.990342,False,False
data\external_test_realwaste\metal\Metal_568.jpg,metal,metal,0.945092,True,False
data\external_test_realwaste\metal\Metal_569.jpg,metal,cardboard,0.729204,False,False
data\external_test_realwaste\metal\Metal_57.jpg,metal,metal,0.849182,True,False
data\external_test_realwaste\metal\Metal_570.jpg,metal,cardboard,0.475292,False,True
data\external_test_realwaste\metal\Metal_571.jpg,metal,cardboard,0.847067,False,False
data\external_test_realwaste\metal\Metal_572.jpg,metal,glass,0.427092,False,True
data\external_test_realwaste\metal\Metal_573.jpg,metal,trash,0.682477,False,False
data\external_test_realwaste\metal\Metal_574.jpg,metal,cardboard,0.998362,False,False
data\external_test_realwaste\metal\Metal_575.jpg,metal,cardboard,0.987941,False,False
data\external_test_realwaste\metal\Metal_576.jpg,metal,metal,0.55733,True,True
data\external_test_realwaste\metal\Metal_577.jpg,metal,metal,0.824715,True,False
data\external_test_realwaste\metal\Metal_578.jpg,metal,cardboard,0.864219,False,False
data\external_test_realwaste\metal\Metal_579.jpg,metal,metal,0.979275,True,False
data\external_test_realwaste\metal\Metal_58.jpg,metal,metal,0.973732,True,False
data\external_test_realwaste\metal\Metal_580.jpg,metal,metal,0.463284,True,True
data\external_test_realwaste\metal\Metal_581.jpg,metal,metal,0.747264,True,False
data\external_test_realwaste\metal\Metal_582.jpg,metal,metal,0.922755,True,False
data\external_test_realwaste\metal\Metal_583.jpg,metal,cardboard,0.797982,False,False
data\external_test_realwaste\metal\Metal_584.jpg,metal,metal,0.548497,True,True
data\external_test_realwaste\metal\Metal_585.jpg,metal,trash,0.391238,False,True
data\external_test_realwaste\metal\Metal_586.jpg,metal,cardboard,0.521222,False,True
data\external_test_realwaste\metal\Metal_587.jpg,metal,trash,0.532279,False,True
data\external_test_realwaste\metal\Metal_588.jpg,metal,trash,0.453031,False,True
data\external_test_realwaste\metal\Metal_589.jpg,metal,trash,0.796739,False,False
data\external_test_realwaste\metal\Metal_59.jpg,metal,metal,0.933237,True,False
data\external_test_realwaste\metal\Metal_590.jpg,metal,metal,0.980862,True,False
data\external_test_realwaste\metal\Metal_591.jpg,metal,trash,0.718913,False,False
data\external_test_realwaste\metal\Metal_592.jpg,metal,trash,0.529108,False,True
data\external_test_realwaste\metal\Metal_593.jpg,metal,cardboard,0.78363,False,False
data\external_test_realwaste\metal\Metal_594.jpg,metal,trash,0.887423,False,False
data\external_test_realwaste\metal\Metal_595.jpg,metal,cardboard,0.434194,False,True
data\external_test_realwaste\metal\Metal_596.jpg,metal,trash,0.350149,False,True
data\external_test_realwaste\metal\Metal_597.jpg,metal,cardboard,0.63785,False,False
data\external_test_realwaste\metal\Metal_598.jpg,metal,cardboard,0.508296,False,True
data\external_test_realwaste\metal\Metal_599.jpg,metal,plastic,0.628337,False,False
data\external_test_realwaste\metal\Metal_6.jpg,metal,metal,0.980239,True,False
data\external_test_realwaste\metal\Metal_60.jpg,metal,trash,0.854437,False,False
data\external_test_realwaste\metal\Metal_600.jpg,metal,trash,0.438545,False,True
data\external_test_realwaste\metal\Metal_601.jpg,metal,metal,0.927873,True,False
data\external_test_realwaste\metal\Metal_602.jpg,metal,cardboard,0.897679,False,False
data\external_test_realwaste\metal\Metal_603.jpg,metal,plastic,0.557488,False,True
data\external_test_realwaste\metal\Metal_604.jpg,metal,plastic,0.583537,False,True
data\external_test_realwaste\metal\Metal_605.jpg,metal,trash,0.312844,False,True
data\external_test_realwaste\metal\Metal_606.jpg,metal,metal,0.971599,True,False
data\external_test_realwaste\metal\Metal_607.jpg,metal,metal,0.986418,True,False
data\external_test_realwaste\metal\Metal_608.jpg,metal,paper,0.258139,False,True
data\external_test_realwaste\metal\Metal_609.jpg,metal,metal,0.354084,True,True
data\external_test_realwaste\metal\Metal_61.jpg,metal,trash,0.650584,False,False
data\external_test_realwaste\metal\Metal_610.jpg,metal,metal,0.95993,True,False
data\external_test_realwaste\metal\Metal_611.jpg,metal,metal,0.992515,True,False
data\external_test_realwaste\metal\Metal_612.jpg,metal,metal,0.974557,True,False
data\external_test_realwaste\metal\Metal_613.jpg,metal,trash,0.718236,False,False
data\external_test_realwaste\metal\Metal_614.jpg,metal,cardboard,0.51484,False,True
data\external_test_realwaste\metal\Metal_615.jpg,metal,trash,0.71663,False,False
data\external_test_realwaste\metal\Metal_616.jpg,metal,cardboard,0.768821,False,False
data\external_test_realwaste\metal\Metal_617.jpg,metal,metal,0.333602,True,True
data\external_test_realwaste\metal\Metal_618.jpg,metal,metal,0.969356,True,False
data\external_test_realwaste\metal\Metal_619.jpg,metal,cardboard,0.900601,False,False
data\external_test_realwaste\metal\Metal_62.jpg,metal,trash,0.786409,False,False
data\external_test_realwaste\metal\Metal_620.jpg,metal,trash,0.85033,False,False
data\external_test_realwaste\metal\Metal_621.jpg,metal,trash,0.813456,False,False
data\external_test_realwaste\metal\Metal_622.jpg,metal,trash,0.998868,False,False
data\external_test_realwaste\metal\Metal_623.jpg,metal,metal,0.99897,True,False
data\external_test_realwaste\metal\Metal_624.jpg,metal,trash,0.978942,False,False
data\external_test_realwaste\metal\Metal_625.jpg,metal,trash,0.953576,False,False
data\external_test_realwaste\metal\Metal_626.jpg,metal,trash,0.981901,False,False
data\external_test_realwaste\metal\Metal_627.jpg,metal,trash,0.811132,False,False
data\external_test_realwaste\metal\Metal_628.jpg,metal,cardboard,0.924437,False,False
data\external_test_realwaste\metal\Metal_629.jpg,metal,trash,0.710268,False,False
data\external_test_realwaste\metal\Metal_63.jpg,metal,trash,0.696342,False,False
data\external_test_realwaste\metal\Metal_630.jpg,metal,metal,0.67724,True,False
data\external_test_realwaste\metal\Metal_631.jpg,metal,cardboard,0.462371,False,True
data\external_test_realwaste\metal\Metal_632.jpg,metal,cardboard,0.513573,False,True
data\external_test_realwaste\metal\Metal_633.jpg,metal,trash,0.954495,False,False
data\external_test_realwaste\metal\Metal_634.jpg,metal,metal,0.99009,True,False
data\external_test_realwaste\metal\Metal_635.jpg,metal,trash,0.868721,False,False
data\external_test_realwaste\metal\Metal_636.jpg,metal,trash,0.993619,False,False
data\external_test_realwaste\metal\Metal_637.jpg,metal,metal,0.746557,True,False
data\external_test_realwaste\metal\Metal_638.jpg,metal,metal,0.596861,True,True
data\external_test_realwaste\metal\Metal_639.jpg,metal,trash,0.930803,False,False
data\external_test_realwaste\metal\Metal_64.jpg,metal,trash,0.989858,False,False
data\external_test_realwaste\metal\Metal_640.jpg,metal,trash,0.805368,False,False
data\external_test_realwaste\metal\Metal_641.jpg,metal,trash,0.82922,False,False
data\external_test_realwaste\metal\Metal_642.jpg,metal,trash,0.624955,False,False
data\external_test_realwaste\metal\Metal_643.jpg,metal,trash,0.802681,False,False
data\external_test_realwaste\metal\Metal_644.jpg,metal,trash,0.57958,False,True
data\external_test_realwaste\metal\Metal_645.jpg,metal,metal,0.449387,True,True
data\external_test_realwaste\metal\Metal_646.jpg,metal,metal,0.947038,True,False
data\external_test_realwaste\metal\Metal_647.jpg,metal,metal,0.945199,True,False
data\external_test_realwaste\metal\Metal_648.jpg,metal,metal,0.42203,True,True
data\external_test_realwaste\metal\Metal_649.jpg,metal,cardboard,0.471985,False,True
data\external_test_realwaste\metal\Metal_65.jpg,metal,plastic,0.424505,False,True
data\external_test_realwaste\metal\Metal_650.jpg,metal,metal,0.977596,True,False
data\external_test_realwaste\metal\Metal_651.jpg,metal,trash,0.348874,False,True
data\external_test_realwaste\metal\Metal_652.jpg,metal,metal,0.918542,True,False
data\external_test_realwaste\metal\Metal_653.jpg,metal,trash,0.755413,False,False
data\external_test_realwaste\metal\Metal_654.jpg,metal,glass,0.411111,False,True
data\external_test_realwaste\metal\Metal_655.jpg,metal,metal,0.97762,True,False
data\external_test_realwaste\metal\Metal_656.jpg,metal,metal,0.989264,True,False
data\external_test_realwaste\metal\Metal_657.jpg,metal,trash,0.494218,False,True
data\external_test_realwaste\metal\Metal_658.jpg,metal,metal,0.983925,True,False
data\external_test_realwaste\metal\Metal_659.jpg,metal,trash,0.989053,False,False
data\external_test_realwaste\metal\Metal_66.jpg,metal,metal,0.893595,True,False
data\external_test_realwaste\metal\Metal_660.jpg,metal,cardboard,0.691772,False,False
data\external_test_realwaste\metal\Metal_661.jpg,metal,trash,0.688036,False,False
data\external_test_realwaste\metal\Metal_662.jpg,metal,paper,0.507825,False,True
data\external_test_realwaste\metal\Metal_663.jpg,metal,paper,0.794425,False,False
data\external_test_realwaste\metal\Metal_664.jpg,metal,paper,0.555518,False,True
data\external_test_realwaste\metal\Metal_665.jpg,metal,paper,0.593274,False,True
data\external_test_realwaste\metal\Metal_666.jpg,metal,paper,0.934541,False,False
data\external_test_realwaste\metal\Metal_667.jpg,metal,metal,0.948275,True,False
data\external_test_realwaste\metal\Metal_668.jpg,metal,trash,0.844666,False,False
data\external_test_realwaste\metal\Metal_669.jpg,metal,paper,0.466951,False,True
data\external_test_realwaste\metal\Metal_67.jpg,metal,glass,0.739209,False,False
data\external_test_realwaste\metal\Metal_670.jpg,metal,cardboard,0.404801,False,True
data\external_test_realwaste\metal\Metal_671.jpg,metal,metal,0.75501,True,False
data\external_test_realwaste\metal\Metal_672.jpg,metal,paper,0.524962,False,True
data\external_test_realwaste\metal\Metal_673.jpg,metal,paper,0.869881,False,False
data\external_test_realwaste\metal\Metal_674.jpg,metal,metal,0.750554,True,False
data\external_test_realwaste\metal\Metal_675.jpg,metal,trash,0.942425,False,False
data\external_test_realwaste\metal\Metal_676.jpg,metal,trash,0.898007,False,False
data\external_test_realwaste\metal\Metal_677.jpg,metal,trash,0.785241,False,False
data\external_test_realwaste\metal\Metal_678.jpg,metal,trash,0.728777,False,False
data\external_test_realwaste\metal\Metal_679.jpg,metal,trash,0.977882,False,False
data\external_test_realwaste\metal\Metal_68.jpg,metal,metal,0.997845,True,False
data\external_test_realwaste\metal\Metal_680.jpg,metal,trash,0.916262,False,False
data\external_test_realwaste\metal\Metal_681.jpg,metal,trash,0.945642,False,False
data\external_test_realwaste\metal\Metal_682.jpg,metal,trash,0.970308,False,False
data\external_test_realwaste\metal\Metal_683.jpg,metal,trash,0.976275,False,False
data\external_test_realwaste\metal\Metal_684.jpg,metal,trash,0.979526,False,False
data\external_test_realwaste\metal\Metal_685.jpg,metal,trash,0.911628,False,False
data\external_test_realwaste\metal\Metal_686.jpg,metal,metal,0.959648,True,False
data\external_test_realwaste\metal\Metal_687.jpg,metal,metal,0.959196,True,False
data\external_test_realwaste\metal\Metal_688.jpg,metal,trash,0.832042,False,False
data\external_test_realwaste\metal\Metal_689.jpg,metal,trash,0.872551,False,False
data\external_test_realwaste\metal\Metal_69.jpg,metal,cardboard,0.994366,False,False
data\external_test_realwaste\metal\Metal_690.jpg,metal,metal,0.941511,True,False
data\external_test_realwaste\metal\Metal_691.jpg,metal,metal,0.520836,True,True
data\external_test_realwaste\metal\Metal_692.jpg,metal,cardboard,0.55839,False,True
data\external_test_realwaste\metal\Metal_693.jpg,metal,metal,0.996469,True,False
data\external_test_realwaste\metal\Metal_694.jpg,metal,metal,0.96852,True,False
data\external_test_realwaste\metal\Metal_695.jpg,metal,metal,0.954613,True,False
data\external_test_realwaste\metal\Metal_696.jpg,metal,plastic,0.543492,False,True
data\external_test_realwaste\metal\Metal_697.jpg,metal,metal,0.978709,True,False
data\external_test_realwaste\metal\Metal_698.jpg,metal,metal,0.967413,True,False
data\external_test_realwaste\metal\Metal_699.jpg,metal,metal,0.930341,True,False
data\external_test_realwaste\metal\Metal_7.jpg,metal,metal,0.804946,True,False
data\external_test_realwaste\metal\Metal_70.jpg,metal,metal,0.961402,True,False
data\external_test_realwaste\metal\Metal_700.jpg,metal,plastic,0.737238,False,False
data\external_test_realwaste\metal\Metal_701.jpg,metal,trash,0.370781,False,True
data\external_test_realwaste\metal\Metal_702.jpg,metal,trash,0.840247,False,False
data\external_test_realwaste\metal\Metal_703.jpg,metal,metal,0.888237,True,False
data\external_test_realwaste\metal\Metal_704.jpg,metal,metal,0.94621,True,False
data\external_test_realwaste\metal\Metal_705.jpg,metal,plastic,0.7064,False,False
data\external_test_realwaste\metal\Metal_706.jpg,metal,cardboard,0.751195,False,False
data\external_test_realwaste\metal\Metal_707.jpg,metal,metal,0.63302,True,False
data\external_test_realwaste\metal\Metal_708.jpg,metal,trash,0.673268,False,False
data\external_test_realwaste\metal\Metal_709.jpg,metal,trash,0.947,False,False
data\external_test_realwaste\metal\Metal_71.jpg,metal,trash,0.865413,False,False
data\external_test_realwaste\metal\Metal_710.jpg,metal,glass,0.80389,False,False
data\external_test_realwaste\metal\Metal_711.jpg,metal,trash,0.389447,False,True
data\external_test_realwaste\metal\Metal_712.jpg,metal,metal,0.946839,True,False
data\external_test_realwaste\metal\Metal_713.jpg,metal,metal,0.78829,True,False
data\external_test_realwaste\metal\Metal_714.jpg,metal,trash,0.803976,False,False
data\external_test_realwaste\metal\Metal_715.jpg,metal,trash,0.496021,False,True
data\external_test_realwaste\metal\Metal_716.jpg,metal,metal,0.497894,True,True
data\external_test_realwaste\metal\Metal_717.jpg,metal,trash,0.660575,False,False
data\external_test_realwaste\metal\Metal_718.jpg,metal,trash,0.941746,False,False
data\external_test_realwaste\metal\Metal_719.jpg,metal,metal,0.886706,True,False
data\external_test_realwaste\metal\Metal_72.jpg,metal,metal,0.896988,True,False
data\external_test_realwaste\metal\Metal_720.jpg,metal,trash,0.716054,False,False
data\external_test_realwaste\metal\Metal_721.jpg,metal,trash,0.950022,False,False
data\external_test_realwaste\metal\Metal_722.jpg,metal,metal,0.897562,True,False
data\external_test_realwaste\metal\Metal_723.jpg,metal,trash,0.802445,False,False
data\external_test_realwaste\metal\Metal_724.jpg,metal,cardboard,0.423705,False,True
data\external_test_realwaste\metal\Metal_725.jpg,metal,metal,0.871313,True,False
data\external_test_realwaste\metal\Metal_726.jpg,metal,plastic,0.606577,False,False
data\external_test_realwaste\metal\Metal_727.jpg,metal,trash,0.814072,False,False
data\external_test_realwaste\metal\Metal_728.jpg,metal,cardboard,0.411072,False,True
data\external_test_realwaste\metal\Metal_729.jpg,metal,trash,0.717117,False,False
data\external_test_realwaste\metal\Metal_73.jpg,metal,trash,0.83917,False,False
data\external_test_realwaste\metal\Metal_730.jpg,metal,metal,0.970297,True,False
data\external_test_realwaste\metal\Metal_731.jpg,metal,plastic,0.742797,False,False
data\external_test_realwaste\metal\Metal_732.jpg,metal,trash,0.495144,False,True
data\external_test_realwaste\metal\Metal_733.jpg,metal,plastic,0.704479,False,False
data\external_test_realwaste\metal\Metal_734.jpg,metal,trash,0.62209,False,False
data\external_test_realwaste\metal\Metal_735.jpg,metal,metal,0.800763,True,False
data\external_test_realwaste\metal\Metal_736.jpg,metal,trash,0.425286,False,True
data\external_test_realwaste\metal\Metal_737.jpg,metal,trash,0.534365,False,True
data\external_test_realwaste\metal\Metal_738.jpg,metal,metal,0.92485,True,False
data\external_test_realwaste\metal\Metal_739.jpg,metal,metal,0.717349,True,False
data\external_test_realwaste\metal\Metal_74.jpg,metal,trash,0.538604,False,True
data\external_test_realwaste\metal\Metal_740.jpg,metal,trash,0.684524,False,False
data\external_test_realwaste\metal\Metal_741.jpg,metal,trash,0.633151,False,False
data\external_test_realwaste\metal\Metal_742.jpg,metal,metal,0.83692,True,False
data\external_test_realwaste\metal\Metal_743.jpg,metal,metal,0.737284,True,False
data\external_test_realwaste\metal\Metal_744.jpg,metal,metal,0.972425,True,False
data\external_test_realwaste\metal\Metal_745.jpg,metal,trash,0.812165,False,False
data\external_test_realwaste\metal\Metal_746.jpg,metal,plastic,0.896506,False,False
data\external_test_realwaste\metal\Metal_747.jpg,metal,plastic,0.817059,False,False
data\external_test_realwaste\metal\Metal_748.jpg,metal,cardboard,0.477296,False,True
data\external_test_realwaste\metal\Metal_749.jpg,metal,trash,0.9434,False,False
data\external_test_realwaste\metal\Metal_75.jpg,metal,metal,0.93919,True,False
data\external_test_realwaste\metal\Metal_750.jpg,metal,metal,0.870915,True,False
data\external_test_realwaste\metal\Metal_751.jpg,metal,trash,0.822584,False,False
data\external_test_realwaste\metal\Metal_752.jpg,metal,trash,0.984561,False,False
data\external_test_realwaste\metal\Metal_753.jpg,metal,trash,0.887737,False,False
data\external_test_realwaste\metal\Metal_754.jpg,metal,trash,0.843923,False,False
data\external_test_realwaste\metal\Metal_755.jpg,metal,trash,0.839387,False,False
data\external_test_realwaste\metal\Metal_756.jpg,metal,trash,0.554093,False,True
data\external_test_realwaste\metal\Metal_757.jpg,metal,trash,0.483362,False,True
data\external_test_realwaste\metal\Metal_758.jpg,metal,metal,0.974153,True,False
data\external_test_realwaste\metal\Metal_759.jpg,metal,metal,0.980704,True,False
data\external_test_realwaste\metal\Metal_76.jpg,metal,metal,0.999596,True,False
data\external_test_realwaste\metal\Metal_760.jpg,metal,cardboard,0.393507,False,True
data\external_test_realwaste\metal\Metal_761.jpg,metal,cardboard,0.499323,False,True
data\external_test_realwaste\metal\Metal_762.jpg,metal,metal,0.590518,True,True
data\external_test_realwaste\metal\Metal_763.jpg,metal,metal,0.945314,True,False
data\external_test_realwaste\metal\Metal_764.jpg,metal,trash,0.571525,False,True
data\external_test_realwaste\metal\Metal_765.jpg,metal,metal,0.959284,True,False
data\external_test_realwaste\metal\Metal_766.jpg,metal,metal,0.947571,True,False
data\external_test_realwaste\metal\Metal_767.jpg,metal,metal,0.86676,True,False
data\external_test_realwaste\metal\Metal_768.jpg,metal,trash,0.328692,False,True
data\external_test_realwaste\metal\Metal_769.jpg,metal,metal,0.800528,True,False
data\external_test_realwaste\metal\Metal_77.jpg,metal,trash,0.536636,False,True
data\external_test_realwaste\metal\Metal_770.jpg,metal,trash,0.399352,False,True
data\external_test_realwaste\metal\Metal_771.jpg,metal,cardboard,0.405006,False,True
data\external_test_realwaste\metal\Metal_772.jpg,metal,metal,0.724297,True,False
data\external_test_realwaste\metal\Metal_773.jpg,metal,metal,0.949822,True,False
data\external_test_realwaste\metal\Metal_774.jpg,metal,metal,0.981806,True,False
data\external_test_realwaste\metal\Metal_775.jpg,metal,metal,0.988177,True,False
data\external_test_realwaste\metal\Metal_776.jpg,metal,metal,0.887861,True,False
data\external_test_realwaste\metal\Metal_777.jpg,metal,metal,0.874179,True,False
data\external_test_realwaste\metal\Metal_778.jpg,metal,trash,0.61268,False,False
data\external_test_realwaste\metal\Metal_779.jpg,metal,metal,0.507409,True,True
data\external_test_realwaste\metal\Metal_78.jpg,metal,metal,0.661196,True,False
data\external_test_realwaste\metal\Metal_780.jpg,metal,trash,0.952752,False,False
data\external_test_realwaste\metal\Metal_781.jpg,metal,metal,0.626686,True,False
data\external_test_realwaste\metal\Metal_782.jpg,metal,metal,0.955494,True,False
data\external_test_realwaste\metal\Metal_783.jpg,metal,trash,0.626969,False,False
data\external_test_realwaste\metal\Metal_784.jpg,metal,metal,0.635146,True,False
data\external_test_realwaste\metal\Metal_785.jpg,metal,metal,0.936615,True,False
data\external_test_realwaste\metal\Metal_786.jpg,metal,metal,0.997452,True,False
data\external_test_realwaste\metal\Metal_787.jpg,metal,plastic,0.499753,False,True
data\external_test_realwaste\metal\Metal_788.jpg,metal,metal,0.877673,True,False
data\external_test_realwaste\metal\Metal_789.jpg,metal,metal,0.67599,True,False
data\external_test_realwaste\metal\Metal_79.jpg,metal,metal,0.911496,True,False
data\external_test_realwaste\metal\Metal_790.jpg,metal,trash,0.742094,False,False
data\external_test_realwaste\metal\Metal_8.jpg,metal,cardboard,0.476764,False,True
data\external_test_realwaste\metal\Metal_80.jpg,metal,trash,0.811959,False,False
data\external_test_realwaste\metal\Metal_81.jpg,metal,metal,0.844535,True,False
data\external_test_realwaste\metal\Metal_82.jpg,metal,paper,0.660522,False,False
data\external_test_realwaste\metal\Metal_83.jpg,metal,metal,0.290923,True,True
data\external_test_realwaste\metal\Metal_84.jpg,metal,trash,0.523885,False,True
data\external_test_realwaste\metal\Metal_85.jpg,metal,metal,0.806958,True,False
data\external_test_realwaste\metal\Metal_86.jpg,metal,metal,0.950612,True,False
data\external_test_realwaste\metal\Metal_87.jpg,metal,metal,0.603177,True,False
data\external_test_realwaste\metal\Metal_88.jpg,metal,metal,0.985362,True,False
data\external_test_realwaste\metal\Metal_89.jpg,metal,trash,0.966456,False,False
data\external_test_realwaste\metal\Metal_9.jpg,metal,metal,0.999803,True,False
data\external_test_realwaste\metal\Metal_90.jpg,metal,trash,0.501194,False,True
data\external_test_realwaste\metal\Metal_91.jpg,metal,trash,0.832913,False,False
data\external_test_realwaste\metal\Metal_92.jpg,metal,trash,0.669356,False,False
data\external_test_realwaste\metal\Metal_93.jpg,metal,metal,0.895255,True,False
data\external_test_realwaste\metal\Metal_94.jpg,metal,metal,0.783843,True,False
data\external_test_realwaste\metal\Metal_95.jpg,metal,plastic,0.680345,False,False
data\external_test_realwaste\metal\Metal_96.jpg,metal,metal,0.968926,True,False
data\external_test_realwaste\metal\Metal_97.jpg,metal,metal,0.965381,True,False
data\external_test_realwaste\metal\Metal_98.jpg,metal,metal,0.836322,True,False
data\external_test_realwaste\metal\Metal_99.jpg,metal,trash,0.82263,False,False
data\external_test_realwaste\paper\Paper_1.jpg,paper,cardboard,0.739898,False,False
data\external_test_realwaste\paper\Paper_10.jpg,paper,paper,0.846237,True,False
data\external_test_realwaste\paper\Paper_100.jpg,paper,paper,0.691958,True,False
data\external_test_realwaste\paper\Paper_101.jpg,paper,paper,0.872342,True,False
data\external_test_realwaste\paper\Paper_102.jpg,paper,trash,0.796427,False,False
data\external_test_realwaste\paper\Paper_103.jpg,paper,trash,0.499115,False,True
data\external_test_realwaste\paper\Paper_104.jpg,paper,paper,0.658145,True,False
data\external_test_realwaste\paper\Paper_105.jpg,paper,paper,0.370196,True,True
data\external_test_realwaste\paper\Paper_106.jpg,paper,paper,0.509674,True,True
data\external_test_realwaste\paper\Paper_107.jpg,paper,cardboard,0.445266,False,True
data\external_test_realwaste\paper\Paper_108.jpg,paper,trash,0.985366,False,False
data\external_test_realwaste\paper\Paper_109.jpg,paper,plastic,0.62444,False,False
data\external_test_realwaste\paper\Paper_11.jpg,paper,trash,0.945217,False,False
data\external_test_realwaste\paper\Paper_110.jpg,paper,paper,0.824343,True,False
data\external_test_realwaste\paper\Paper_111.jpg,paper,trash,0.761751,False,False
data\external_test_realwaste\paper\Paper_112.jpg,paper,trash,0.842817,False,False
data\external_test_realwaste\paper\Paper_113.jpg,paper,paper,0.904271,True,False
data\external_test_realwaste\paper\Paper_114.jpg,paper,trash,0.598988,False,True
data\external_test_realwaste\paper\Paper_115.jpg,paper,paper,0.931937,True,False
data\external_test_realwaste\paper\Paper_116.jpg,paper,paper,0.895378,True,False
data\external_test_realwaste\paper\Paper_117.jpg,paper,paper,0.839626,True,False
data\external_test_realwaste\paper\Paper_118.jpg,paper,paper,0.96977,True,False
data\external_test_realwaste\paper\Paper_119.jpg,paper,paper,0.69247,True,False
data\external_test_realwaste\paper\Paper_12.jpg,paper,paper,0.936844,True,False
data\external_test_realwaste\paper\Paper_120.jpg,paper,trash,0.932419,False,False
data\external_test_realwaste\paper\Paper_121.jpg,paper,paper,0.691204,True,False
data\external_test_realwaste\paper\Paper_122.jpg,paper,cardboard,0.62939,False,False
data\external_test_realwaste\paper\Paper_123.jpg,paper,trash,0.894624,False,False
data\external_test_realwaste\paper\Paper_124.jpg,paper,paper,0.971564,True,False
data\external_test_realwaste\paper\Paper_125.jpg,paper,trash,0.695904,False,False
data\external_test_realwaste\paper\Paper_126.jpg,paper,trash,0.958468,False,False
data\external_test_realwaste\paper\Paper_127.jpg,paper,trash,0.881128,False,False
data\external_test_realwaste\paper\Paper_128.jpg,paper,trash,0.996914,False,False
data\external_test_realwaste\paper\Paper_129.jpg,paper,trash,0.655673,False,False
data\external_test_realwaste\paper\Paper_13.jpg,paper,paper,0.991656,True,False
data\external_test_realwaste\paper\Paper_130.jpg,paper,trash,0.769266,False,False
data\external_test_realwaste\paper\Paper_131.jpg,paper,paper,0.997936,True,False
data\external_test_realwaste\paper\Paper_132.jpg,paper,paper,0.943903,True,False
data\external_test_realwaste\paper\Paper_133.jpg,paper,trash,0.776018,False,False
data\external_test_realwaste\paper\Paper_134.jpg,paper,paper,0.999135,True,False
data\external_test_realwaste\paper\Paper_135.jpg,paper,paper,0.99617,True,False
data\external_test_realwaste\paper\Paper_136.jpg,paper,metal,0.385044,False,True
data\external_test_realwaste\paper\Paper_137.jpg,paper,paper,0.818659,True,False
data\external_test_realwaste\paper\Paper_138.jpg,paper,trash,0.956922,False,False
data\external_test_realwaste\paper\Paper_139.jpg,paper,trash,0.749326,False,False
data\external_test_realwaste\paper\Paper_14.jpg,paper,trash,0.767076,False,False
data\external_test_realwaste\paper\Paper_140.jpg,paper,trash,0.548017,False,True
data\external_test_realwaste\paper\Paper_141.jpg,paper,trash,0.41167,False,True
data\external_test_realwaste\paper\Paper_142.jpg,paper,paper,0.612854,True,False
data\external_test_realwaste\paper\Paper_143.jpg,paper,metal,0.792612,False,False
data\external_test_realwaste\paper\Paper_144.jpg,paper,paper,0.843861,True,False
data\external_test_realwaste\paper\Paper_145.jpg,paper,trash,0.566639,False,True
data\external_test_realwaste\paper\Paper_146.jpg,paper,paper,0.867621,True,False
data\external_test_realwaste\paper\Paper_147.jpg,paper,plastic,0.741188,False,False
data\external_test_realwaste\paper\Paper_148.jpg,paper,paper,0.676342,True,False
data\external_test_realwaste\paper\Paper_149.jpg,paper,paper,0.632734,True,False
data\external_test_realwaste\paper\Paper_15.jpg,paper,paper,0.990232,True,False
data\external_test_realwaste\paper\Paper_150.jpg,paper,metal,0.556207,False,True
data\external_test_realwaste\paper\Paper_151.jpg,paper,paper,0.94056,True,False
data\external_test_realwaste\paper\Paper_152.jpg,paper,plastic,0.866745,False,False
data\external_test_realwaste\paper\Paper_153.jpg,paper,trash,0.962521,False,False
data\external_test_realwaste\paper\Paper_154.jpg,paper,trash,0.997131,False,False
data\external_test_realwaste\paper\Paper_155.jpg,paper,trash,0.96344,False,False
data\external_test_realwaste\paper\Paper_156.jpg,paper,trash,0.394433,False,True
data\external_test_realwaste\paper\Paper_157.jpg,paper,paper,0.942439,True,False
data\external_test_realwaste\paper\Paper_158.jpg,paper,trash,0.665467,False,False
data\external_test_realwaste\paper\Paper_159.jpg,paper,metal,0.462756,False,True
data\external_test_realwaste\paper\Paper_16.jpg,paper,paper,0.863098,True,False
data\external_test_realwaste\paper\Paper_160.jpg,paper,paper,0.644731,True,False
data\external_test_realwaste\paper\Paper_161.jpg,paper,trash,0.783522,False,False
data\external_test_realwaste\paper\Paper_162.jpg,paper,trash,0.70625,False,False
data\external_test_realwaste\paper\Paper_163.jpg,paper,metal,0.551863,False,True
data\external_test_realwaste\paper\Paper_164.jpg,paper,paper,0.999667,True,False
data\external_test_realwaste\paper\Paper_165.jpg,paper,trash,0.954786,False,False
data\external_test_realwaste\paper\Paper_166.jpg,paper,trash,0.660084,False,False
data\external_test_realwaste\paper\Paper_167.jpg,paper,trash,0.979582,False,False
data\external_test_realwaste\paper\Paper_168.jpg,paper,paper,0.959272,True,False
data\external_test_realwaste\paper\Paper_169.jpg,paper,trash,0.955333,False,False
data\external_test_realwaste\paper\Paper_17.jpg,paper,trash,0.699845,False,False
data\external_test_realwaste\paper\Paper_170.jpg,paper,trash,0.42425,False,True
data\external_test_realwaste\paper\Paper_171.jpg,paper,trash,0.677756,False,False
data\external_test_realwaste\paper\Paper_172.jpg,paper,trash,0.752621,False,False
data\external_test_realwaste\paper\Paper_173.jpg,paper,paper,0.723438,True,False
data\external_test_realwaste\paper\Paper_174.jpg,paper,trash,0.510202,False,True
data\external_test_realwaste\paper\Paper_175.jpg,paper,trash,0.984764,False,False
data\external_test_realwaste\paper\Paper_176.jpg,paper,paper,0.79235,True,False
data\external_test_realwaste\paper\Paper_177.jpg,paper,paper,0.99903,True,False
data\external_test_realwaste\paper\Paper_178.jpg,paper,trash,0.534303,False,True
data\external_test_realwaste\paper\Paper_179.jpg,paper,paper,0.971634,True,False
data\external_test_realwaste\paper\Paper_18.jpg,paper,paper,0.999663,True,False
data\external_test_realwaste\paper\Paper_180.jpg,paper,trash,0.980274,False,False
data\external_test_realwaste\paper\Paper_181.jpg,paper,plastic,0.440706,False,True
data\external_test_realwaste\paper\Paper_182.jpg,paper,paper,0.988258,True,False
data\external_test_realwaste\paper\Paper_183.jpg,paper,trash,0.945946,False,False
data\external_test_realwaste\paper\Paper_184.jpg,paper,plastic,0.701564,False,False
data\external_test_realwaste\paper\Paper_185.jpg,paper,trash,0.967793,False,False
data\external_test_realwaste\paper\Paper_186.jpg,paper,paper,0.690119,True,False
data\external_test_realwaste\paper\Paper_187.jpg,paper,metal,0.687293,False,False
data\external_test_realwaste\paper\Paper_188.jpg,paper,trash,0.61574,False,False
data\external_test_realwaste\paper\Paper_189.jpg,paper,trash,0.499999,False,True
data\external_test_realwaste\paper\Paper_19.jpg,paper,paper,0.997108,True,False
data\external_test_realwaste\paper\Paper_190.jpg,paper,paper,0.980317,True,False
data\external_test_realwaste\paper\Paper_191.jpg,paper,paper,0.988859,True,False
data\external_test_realwaste\paper\Paper_192.jpg,paper,metal,0.652263,False,False
data\external_test_realwaste\paper\Paper_193.jpg,paper,trash,0.944406,False,False
data\external_test_realwaste\paper\Paper_194.jpg,paper,trash,0.745137,False,False
data\external_test_realwaste\paper\Paper_195.jpg,paper,trash,0.774443,False,False
data\external_test_realwaste\paper\Paper_196.jpg,paper,trash,0.875807,False,False
data\external_test_realwaste\paper\Paper_197.jpg,paper,metal,0.558828,False,True
data\external_test_realwaste\paper\Paper_198.jpg,paper,metal,0.931132,False,False
data\external_test_realwaste\paper\Paper_199.jpg,paper,trash,0.859186,False,False
data\external_test_realwaste\paper\Paper_2.jpg,paper,paper,0.976081,True,False
data\external_test_realwaste\paper\Paper_20.jpg,paper,paper,0.892421,True,False
data\external_test_realwaste\paper\Paper_200.jpg,paper,paper,0.912216,True,False
data\external_test_realwaste\paper\Paper_201.jpg,paper,paper,0.722042,True,False
data\external_test_realwaste\paper\Paper_202.jpg,paper,trash,0.832372,False,False
data\external_test_realwaste\paper\Paper_203.jpg,paper,trash,0.940491,False,False
data\external_test_realwaste\paper\Paper_204.jpg,paper,trash,0.91501,False,False
data\external_test_realwaste\paper\Paper_205.jpg,paper,metal,0.909493,False,False
data\external_test_realwaste\paper\Paper_206.jpg,paper,trash,0.724309,False,False
data\external_test_realwaste\paper\Paper_207.jpg,paper,paper,0.571633,True,True
data\external_test_realwaste\paper\Paper_208.jpg,paper,cardboard,0.673493,False,False
data\external_test_realwaste\paper\Paper_209.jpg,paper,trash,0.984385,False,False
data\external_test_realwaste\paper\Paper_21.jpg,paper,paper,0.777333,True,False
data\external_test_realwaste\paper\Paper_210.jpg,paper,trash,0.503215,False,True
data\external_test_realwaste\paper\Paper_211.jpg,paper,paper,0.526189,True,True
data\external_test_realwaste\paper\Paper_212.jpg,paper,paper,0.948886,True,False
data\external_test_realwaste\paper\Paper_213.jpg,paper,trash,0.985145,False,False
data\external_test_realwaste\paper\Paper_214.jpg,paper,trash,0.334314,False,True
data\external_test_realwaste\paper\Paper_215.jpg,paper,trash,0.835433,False,False
data\external_test_realwaste\paper\Paper_216.jpg,paper,paper,0.448761,True,True
data\external_test_realwaste\paper\Paper_217.jpg,paper,paper,0.948212,True,False
data\external_test_realwaste\paper\Paper_218.jpg,paper,trash,0.958721,False,False
data\external_test_realwaste\paper\Paper_219.jpg,paper,paper,0.501894,True,True
data\external_test_realwaste\paper\Paper_22.jpg,paper,paper,0.935737,True,False
data\external_test_realwaste\paper\Paper_220.jpg,paper,paper,0.663805,True,False
data\external_test_realwaste\paper\Paper_221.jpg,paper,trash,0.908047,False,False
data\external_test_realwaste\paper\Paper_222.jpg,paper,trash,0.650392,False,False
data\external_test_realwaste\paper\Paper_223.jpg,paper,paper,0.982167,True,False
data\external_test_realwaste\paper\Paper_224.jpg,paper,paper,0.921993,True,False
data\external_test_realwaste\paper\Paper_225.jpg,paper,trash,0.475,False,True
data\external_test_realwaste\paper\Paper_226.jpg,paper,cardboard,0.498025,False,True
data\external_test_realwaste\paper\Paper_227.jpg,paper,paper,0.93076,True,False
data\external_test_realwaste\paper\Paper_228.jpg,paper,paper,0.992678,True,False
data\external_test_realwaste\paper\Paper_229.jpg,paper,trash,0.501121,False,True
data\external_test_realwaste\paper\Paper_23.jpg,paper,trash,0.460212,False,True
data\external_test_realwaste\paper\Paper_230.jpg,paper,trash,0.856308,False,False
data\external_test_realwaste\paper\Paper_231.jpg,paper,paper,0.974969,True,False
data\external_test_realwaste\paper\Paper_232.jpg,paper,trash,0.65009,False,False
data\external_test_realwaste\paper\Paper_233.jpg,paper,paper,0.948532,True,False
data\external_test_realwaste\paper\Paper_234.jpg,paper,trash,0.69007,False,False
data\external_test_realwaste\paper\Paper_235.jpg,paper,paper,0.760757,True,False
data\external_test_realwaste\paper\Paper_236.jpg,paper,trash,0.853837,False,False
data\external_test_realwaste\paper\Paper_237.jpg,paper,paper,0.980556,True,False
data\external_test_realwaste\paper\Paper_238.jpg,paper,trash,0.771031,False,False
data\external_test_realwaste\paper\Paper_239.jpg,paper,paper,0.519248,True,True
data\external_test_realwaste\paper\Paper_24.jpg,paper,paper,0.752017,True,False
data\external_test_realwaste\paper\Paper_240.jpg,paper,metal,0.519137,False,True
data\external_test_realwaste\paper\Paper_241.jpg,paper,paper,0.982194,True,False
data\external_test_realwaste\paper\Paper_242.jpg,paper,cardboard,0.722448,False,False
data\external_test_realwaste\paper\Paper_243.jpg,paper,trash,0.558434,False,True
data\external_test_realwaste\paper\Paper_244.jpg,paper,paper,0.652124,True,False
data\external_test_realwaste\paper\Paper_245.jpg,paper,paper,0.926038,True,False
data\external_test_realwaste\paper\Paper_246.jpg,paper,trash,0.58956,False,True
data\external_test_realwaste\paper\Paper_247.jpg,paper,paper,0.898925,True,False
data\external_test_realwaste\paper\Paper_248.jpg,paper,trash,0.977221,False,False
data\external_test_realwaste\paper\Paper_249.jpg,paper,trash,0.953625,False,False
data\external_test_realwaste\paper\Paper_25.jpg,paper,paper,0.990946,True,False
data\external_test_realwaste\paper\Paper_250.jpg,paper,trash,0.948353,False,False
data\external_test_realwaste\paper\Paper_251.jpg,paper,trash,0.788904,False,False
data\external_test_realwaste\paper\Paper_252.jpg,paper,trash,0.891448,False,False
data\external_test_realwaste\paper\Paper_253.jpg,paper,trash,0.964144,False,False
data\external_test_realwaste\paper\Paper_254.jpg,paper,trash,0.841824,False,False
data\external_test_realwaste\paper\Paper_255.jpg,paper,trash,0.937945,False,False
data\external_test_realwaste\paper\Paper_256.jpg,paper,cardboard,0.528056,False,True
data\external_test_realwaste\paper\Paper_257.jpg,paper,paper,0.941345,True,False
data\external_test_realwaste\paper\Paper_258.jpg,paper,trash,0.957882,False,False
data\external_test_realwaste\paper\Paper_259.jpg,paper,trash,0.762112,False,False
data\external_test_realwaste\paper\Paper_26.jpg,paper,trash,0.583416,False,True
data\external_test_realwaste\paper\Paper_260.jpg,paper,metal,0.65078,False,False
data\external_test_realwaste\paper\Paper_261.jpg,paper,trash,0.997373,False,False
data\external_test_realwaste\paper\Paper_262.jpg,paper,trash,0.97102,False,False
data\external_test_realwaste\paper\Paper_263.jpg,paper,trash,0.996954,False,False
data\external_test_realwaste\paper\Paper_264.jpg,paper,trash,0.6387,False,False
data\external_test_realwaste\paper\Paper_265.jpg,paper,trash,0.77456,False,False
data\external_test_realwaste\paper\Paper_266.jpg,paper,trash,0.903486,False,False
data\external_test_realwaste\paper\Paper_267.jpg,paper,trash,0.845741,False,False
data\external_test_realwaste\paper\Paper_268.jpg,paper,paper,0.929073,True,False
data\external_test_realwaste\paper\Paper_269.jpg,paper,trash,0.6254,False,False
data\external_test_realwaste\paper\Paper_27.jpg,paper,trash,0.482406,False,True
data\external_test_realwaste\paper\Paper_270.jpg,paper,trash,0.79838,False,False
data\external_test_realwaste\paper\Paper_271.jpg,paper,trash,0.992388,False,False
data\external_test_realwaste\paper\Paper_272.jpg,paper,trash,0.999101,False,False
data\external_test_realwaste\paper\Paper_273.jpg,paper,trash,0.965929,False,False
data\external_test_realwaste\paper\Paper_274.jpg,paper,paper,0.885487,True,False
data\external_test_realwaste\paper\Paper_275.jpg,paper,trash,0.976352,False,False
data\external_test_realwaste\paper\Paper_276.jpg,paper,trash,0.969174,False,False
data\external_test_realwaste\paper\Paper_277.jpg,paper,trash,0.635824,False,False
data\external_test_realwaste\paper\Paper_278.jpg,paper,trash,0.978026,False,False
data\external_test_realwaste\paper\Paper_279.jpg,paper,paper,0.67575,True,False
data\external_test_realwaste\paper\Paper_28.jpg,paper,trash,0.828655,False,False
data\external_test_realwaste\paper\Paper_280.jpg,paper,trash,0.602513,False,False
data\external_test_realwaste\paper\Paper_281.jpg,paper,trash,0.926779,False,False
data\external_test_realwaste\paper\Paper_282.jpg,paper,trash,0.925622,False,False
data\external_test_realwaste\paper\Paper_283.jpg,paper,paper,0.862399,True,False
data\external_test_realwaste\paper\Paper_284.jpg,paper,paper,0.916253,True,False
data\external_test_realwaste\paper\Paper_285.jpg,paper,trash,0.565115,False,True
data\external_test_realwaste\paper\Paper_286.jpg,paper,trash,0.794457,False,False
data\external_test_realwaste\paper\Paper_287.jpg,paper,paper,0.982903,True,False
data\external_test_realwaste\paper\Paper_288.jpg,paper,trash,0.535391,False,True
data\external_test_realwaste\paper\Paper_289.jpg,paper,paper,0.873881,True,False
data\external_test_realwaste\paper\Paper_29.jpg,paper,paper,0.993447,True,False
data\external_test_realwaste\paper\Paper_290.jpg,paper,paper,0.98863,True,False
data\external_test_realwaste\paper\Paper_291.jpg,paper,paper,0.728801,True,False
data\external_test_realwaste\paper\Paper_292.jpg,paper,trash,0.481687,False,True
data\external_test_realwaste\paper\Paper_293.jpg,paper,paper,0.905168,True,False
data\external_test_realwaste\paper\Paper_294.jpg,paper,paper,0.733394,True,False
data\external_test_realwaste\paper\Paper_295.jpg,paper,cardboard,0.579808,False,True
data\external_test_realwaste\paper\Paper_296.jpg,paper,paper,0.997362,True,False
data\external_test_realwaste\paper\Paper_297.jpg,paper,paper,0.905417,True,False
data\external_test_realwaste\paper\Paper_298.jpg,paper,paper,0.841623,True,False
data\external_test_realwaste\paper\Paper_299.jpg,paper,paper,0.864943,True,False
data\external_test_realwaste\paper\Paper_3.jpg,paper,trash,0.522198,False,True
data\external_test_realwaste\paper\Paper_30.jpg,paper,cardboard,0.719922,False,False
data\external_test_realwaste\paper\Paper_300.jpg,paper,paper,0.867095,True,False
data\external_test_realwaste\paper\Paper_301.jpg,paper,paper,0.792733,True,False
data\external_test_realwaste\paper\Paper_302.jpg,paper,paper,0.903526,True,False
data\external_test_realwaste\paper\Paper_303.jpg,paper,paper,0.997371,True,False
data\external_test_realwaste\paper\Paper_304.jpg,paper,trash,0.96053,False,False
data\external_test_realwaste\paper\Paper_305.jpg,paper,trash,0.629404,False,False
data\external_test_realwaste\paper\Paper_306.jpg,paper,cardboard,0.547924,False,True
data\external_test_realwaste\paper\Paper_307.jpg,paper,paper,0.99742,True,False
data\external_test_realwaste\paper\Paper_308.jpg,paper,paper,0.978462,True,False
data\external_test_realwaste\paper\Paper_309.jpg,paper,trash,0.795208,False,False
data\external_test_realwaste\paper\Paper_31.jpg,paper,trash,0.491042,False,True
data\external_test_realwaste\paper\Paper_310.jpg,paper,paper,0.812954,True,False
data\external_test_realwaste\paper\Paper_311.jpg,paper,paper,0.973603,True,False
data\external_test_realwaste\paper\Paper_312.jpg,paper,paper,0.553998,True,True
data\external_test_realwaste\paper\Paper_313.jpg,paper,paper,0.991809,True,False
data\external_test_realwaste\paper\Paper_314.jpg,paper,trash,0.592143,False,True
data\external_test_realwaste\paper\Paper_315.jpg,paper,paper,0.883663,True,False
data\external_test_realwaste\paper\Paper_316.jpg,paper,trash,0.563113,False,True
data\external_test_realwaste\paper\Paper_317.jpg,paper,paper,0.647437,True,False
data\external_test_realwaste\paper\Paper_318.jpg,paper,trash,0.634242,False,False
data\external_test_realwaste\paper\Paper_319.jpg,paper,paper,0.986408,True,False
data\external_test_realwaste\paper\Paper_32.jpg,paper,trash,0.444494,False,True
data\external_test_realwaste\paper\Paper_320.jpg,paper,trash,0.838837,False,False
data\external_test_realwaste\paper\Paper_321.jpg,paper,trash,0.527869,False,True
data\external_test_realwaste\paper\Paper_322.jpg,paper,trash,0.737276,False,False
data\external_test_realwaste\paper\Paper_323.jpg,paper,paper,0.40248,True,True
data\external_test_realwaste\paper\Paper_324.jpg,paper,cardboard,0.629049,False,False
data\external_test_realwaste\paper\Paper_325.jpg,paper,trash,0.952035,False,False
data\external_test_realwaste\paper\Paper_326.jpg,paper,trash,0.854459,False,False
data\external_test_realwaste\paper\Paper_327.jpg,paper,cardboard,0.924583,False,False
data\external_test_realwaste\paper\Paper_328.jpg,paper,paper,0.654322,True,False
data\external_test_realwaste\paper\Paper_329.jpg,paper,trash,0.830721,False,False
data\external_test_realwaste\paper\Paper_33.jpg,paper,paper,0.531838,True,True
data\external_test_realwaste\paper\Paper_330.jpg,paper,paper,0.62219,True,False
data\external_test_realwaste\paper\Paper_331.jpg,paper,trash,0.544386,False,True
data\external_test_realwaste\paper\Paper_332.jpg,paper,cardboard,0.555999,False,True
data\external_test_realwaste\paper\Paper_333.jpg,paper,trash,0.690101,False,False
data\external_test_realwaste\paper\Paper_334.jpg,paper,paper,0.526143,True,True
data\external_test_realwaste\paper\Paper_335.jpg,paper,paper,0.993905,True,False
data\external_test_realwaste\paper\Paper_336.jpg,paper,trash,0.691218,False,False
data\external_test_realwaste\paper\Paper_337.jpg,paper,trash,0.751831,False,False
data\external_test_realwaste\paper\Paper_338.jpg,paper,trash,0.86301,False,False
data\external_test_realwaste\paper\Paper_339.jpg,paper,trash,0.899239,False,False
data\external_test_realwaste\paper\Paper_34.jpg,paper,paper,0.560434,True,True
data\external_test_realwaste\paper\Paper_340.jpg,paper,trash,0.946455,False,False
data\external_test_realwaste\paper\Paper_341.jpg,paper,paper,0.524637,True,True
data\external_test_realwaste\paper\Paper_342.jpg,paper,trash,0.870446,False,False
data\external_test_realwaste\paper\Paper_343.jpg,paper,paper,0.542717,True,True
data\external_test_realwaste\paper\Paper_344.jpg,paper,paper,0.82218,True,False
data\external_test_realwaste\paper\Paper_345.jpg,paper,cardboard,0.57252,False,True
data\external_test_realwaste\paper\Paper_346.jpg,paper,trash,0.604097,False,False
data\external_test_realwaste\paper\Paper_347.jpg,paper,paper,0.973123,True,False
data\external_test_realwaste\paper\Paper_348.jpg,paper,paper,0.61971,True,False
data\external_test_realwaste\paper\Paper_349.jpg,paper,paper,0.593482,True,True
data\external_test_realwaste\paper\Paper_35.jpg,paper,paper,0.758967,True,False
data\external_test_realwaste\paper\Paper_350.jpg,paper,paper,0.57483,True,True
data\external_test_realwaste\paper\Paper_351.jpg,paper,paper,0.968744,True,False
data\external_test_realwaste\paper\Paper_352.jpg,paper,paper,0.974352,True,False
data\external_test_realwaste\paper\Paper_353.jpg,paper,paper,0.983465,True,False
data\external_test_realwaste\paper\Paper_354.jpg,paper,paper,0.887277,True,False
data\external_test_realwaste\paper\Paper_355.jpg,paper,paper,0.949153,True,False
data\external_test_realwaste\paper\Paper_356.jpg,paper,paper,0.994767,True,False
data\external_test_realwaste\paper\Paper_357.jpg,paper,paper,0.992999,True,False
data\external_test_realwaste\paper\Paper_358.jpg,paper,paper,0.994884,True,False
data\external_test_realwaste\paper\Paper_359.jpg,paper,paper,0.996986,True,False
data\external_test_realwaste\paper\Paper_36.jpg,paper,trash,0.877925,False,False
data\external_test_realwaste\paper\Paper_360.jpg,paper,paper,0.925701,True,False
data\external_test_realwaste\paper\Paper_361.jpg,paper,paper,0.998758,True,False
data\external_test_realwaste\paper\Paper_362.jpg,paper,paper,0.997211,True,False
data\external_test_realwaste\paper\Paper_363.jpg,paper,paper,0.944944,True,False
data\external_test_realwaste\paper\Paper_364.jpg,paper,paper,0.940296,True,False
data\external_test_realwaste\paper\Paper_365.jpg,paper,trash,0.739009,False,False
data\external_test_realwaste\paper\Paper_366.jpg,paper,paper,0.940646,True,False
data\external_test_realwaste\paper\Paper_367.jpg,paper,trash,0.821699,False,False
data\external_test_realwaste\paper\Paper_368.jpg,paper,trash,0.851177,False,False
data\external_test_realwaste\paper\Paper_369.jpg,paper,paper,0.999925,True,False
data\external_test_realwaste\paper\Paper_37.jpg,paper,paper,0.849045,True,False
data\external_test_realwaste\paper\Paper_370.jpg,paper,paper,0.889942,True,False
data\external_test_realwaste\paper\Paper_371.jpg,paper,paper,0.996172,True,False
data\external_test_realwaste\paper\Paper_372.jpg,paper,trash,0.768503,False,False
data\external_test_realwaste\paper\Paper_373.jpg,paper,paper,0.998036,True,False
data\external_test_realwaste\paper\Paper_374.jpg,paper,cardboard,0.508314,False,True
data\external_test_realwaste\paper\Paper_375.jpg,paper,paper,0.993613,True,False
data\external_test_realwaste\paper\Paper_376.jpg,paper,paper,0.999419,True,False
data\external_test_realwaste\paper\Paper_377.jpg,paper,trash,0.948574,False,False
data\external_test_realwaste\paper\Paper_378.jpg,paper,paper,0.960998,True,False
data\external_test_realwaste\paper\Paper_379.jpg,paper,paper,0.865467,True,False
data\external_test_realwaste\paper\Paper_38.jpg,paper,paper,0.902946,True,False
data\external_test_realwaste\paper\Paper_380.jpg,paper,paper,0.940895,True,False
data\external_test_realwaste\paper\Paper_381.jpg,paper,trash,0.479509,False,True
data\external_test_realwaste\paper\Paper_382.jpg,paper,paper,0.882281,True,False
data\external_test_realwaste\paper\Paper_383.jpg,paper,paper,0.996548,True,False
data\external_test_realwaste\paper\Paper_384.jpg,paper,paper,0.996803,True,False
data\external_test_realwaste\paper\Paper_385.jpg,paper,cardboard,0.453105,False,True
data\external_test_realwaste\paper\Paper_386.jpg,paper,paper,0.861992,True,False
data\external_test_realwaste\paper\Paper_387.jpg,paper,paper,0.523823,True,True
data\external_test_realwaste\paper\Paper_388.jpg,paper,trash,0.912339,False,False
data\external_test_realwaste\paper\Paper_389.jpg,paper,trash,0.758402,False,False
data\external_test_realwaste\paper\Paper_39.jpg,paper,paper,0.745991,True,False
data\external_test_realwaste\paper\Paper_390.jpg,paper,paper,0.987828,True,False
data\external_test_realwaste\paper\Paper_391.jpg,paper,paper,0.748779,True,False
data\external_test_realwaste\paper\Paper_392.jpg,paper,paper,0.674266,True,False
data\external_test_realwaste\paper\Paper_393.jpg,paper,paper,0.724136,True,False
data\external_test_realwaste\paper\Paper_394.jpg,paper,cardboard,0.89343,False,False
data\external_test_realwaste\paper\Paper_395.jpg,paper,paper,0.806295,True,False
data\external_test_realwaste\paper\Paper_396.jpg,paper,paper,0.999793,True,False
data\external_test_realwaste\paper\Paper_397.jpg,paper,trash,0.938902,False,False
data\external_test_realwaste\paper\Paper_398.jpg,paper,paper,0.951582,True,False
data\external_test_realwaste\paper\Paper_399.jpg,paper,paper,0.960172,True,False
data\external_test_realwaste\paper\Paper_4.jpg,paper,paper,0.901072,True,False
data\external_test_realwaste\paper\Paper_40.jpg,paper,trash,0.932449,False,False
data\external_test_realwaste\paper\Paper_400.jpg,paper,paper,0.597191,True,True
data\external_test_realwaste\paper\Paper_401.jpg,paper,paper,0.970514,True,False
data\external_test_realwaste\paper\Paper_402.jpg,paper,paper,0.555712,True,True
data\external_test_realwaste\paper\Paper_403.jpg,paper,trash,0.968213,False,False
data\external_test_realwaste\paper\Paper_404.jpg,paper,paper,0.737171,True,False
data\external_test_realwaste\paper\Paper_405.jpg,paper,trash,0.978911,False,False
data\external_test_realwaste\paper\Paper_406.jpg,paper,trash,0.979908,False,False
data\external_test_realwaste\paper\Paper_407.jpg,paper,trash,0.383344,False,True
data\external_test_realwaste\paper\Paper_408.jpg,paper,cardboard,0.39977,False,True
data\external_test_realwaste\paper\Paper_409.jpg,paper,paper,0.528656,True,True
data\external_test_realwaste\paper\Paper_41.jpg,paper,paper,0.996844,True,False
data\external_test_realwaste\paper\Paper_410.jpg,paper,cardboard,0.643124,False,False
data\external_test_realwaste\paper\Paper_411.jpg,paper,paper,0.463887,True,True
data\external_test_realwaste\paper\Paper_412.jpg,paper,paper,0.746833,True,False
data\external_test_realwaste\paper\Paper_413.jpg,paper,trash,0.81955,False,False
data\external_test_realwaste\paper\Paper_414.jpg,paper,trash,0.433003,False,True
data\external_test_realwaste\paper\Paper_415.jpg,paper,paper,0.90921,True,False
data\external_test_realwaste\paper\Paper_416.jpg,paper,paper,0.597221,True,True
data\external_test_realwaste\paper\Paper_417.jpg,paper,trash,0.428077,False,True
data\external_test_realwaste\paper\Paper_418.jpg,paper,paper,0.606176,True,False
data\external_test_realwaste\paper\Paper_419.jpg,paper,trash,0.816168,False,False
data\external_test_realwaste\paper\Paper_42.jpg,paper,trash,0.639178,False,False
data\external_test_realwaste\paper\Paper_420.jpg,paper,paper,0.876198,True,False
data\external_test_realwaste\paper\Paper_421.jpg,paper,paper,0.771361,True,False
data\external_test_realwaste\paper\Paper_422.jpg,paper,paper,0.953362,True,False
data\external_test_realwaste\paper\Paper_423.jpg,paper,paper,0.863647,True,False
data\external_test_realwaste\paper\Paper_424.jpg,paper,trash,0.836824,False,False
data\external_test_realwaste\paper\Paper_425.jpg,paper,cardboard,0.766058,False,False
data\external_test_realwaste\paper\Paper_426.jpg,paper,metal,0.873695,False,False
data\external_test_realwaste\paper\Paper_427.jpg,paper,paper,0.985553,True,False
data\external_test_realwaste\paper\Paper_428.jpg,paper,cardboard,0.617496,False,False
data\external_test_realwaste\paper\Paper_429.jpg,paper,paper,0.52674,True,True
data\external_test_realwaste\paper\Paper_43.jpg,paper,paper,0.896226,True,False
data\external_test_realwaste\paper\Paper_430.jpg,paper,trash,0.612059,False,False
data\external_test_realwaste\paper\Paper_431.jpg,paper,trash,0.407871,False,True
data\external_test_realwaste\paper\Paper_432.jpg,paper,trash,0.977724,False,False
data\external_test_realwaste\paper\Paper_433.jpg,paper,trash,0.57329,False,True
data\external_test_realwaste\paper\Paper_434.jpg,paper,paper,0.936006,True,False
data\external_test_realwaste\paper\Paper_435.jpg,paper,paper,0.718355,True,False
data\external_test_realwaste\paper\Paper_436.jpg,paper,trash,0.755258,False,False
data\external_test_realwaste\paper\Paper_437.jpg,paper,trash,0.809006,False,False
data\external_test_realwaste\paper\Paper_438.jpg,paper,paper,0.495902,True,True
data\external_test_realwaste\paper\Paper_439.jpg,paper,paper,0.913428,True,False
data\external_test_realwaste\paper\Paper_44.jpg,paper,paper,0.493521,True,True
data\external_test_realwaste\paper\Paper_440.jpg,paper,paper,0.770049,True,False
data\external_test_realwaste\paper\Paper_441.jpg,paper,trash,0.579693,False,True
data\external_test_realwaste\paper\Paper_442.jpg,paper,paper,0.555653,True,True
data\external_test_realwaste\paper\Paper_443.jpg,paper,paper,0.528541,True,True
data\external_test_realwaste\paper\Paper_444.jpg,paper,paper,0.996071,True,False
data\external_test_realwaste\paper\Paper_445.jpg,paper,paper,0.98478,True,False
data\external_test_realwaste\paper\Paper_446.jpg,paper,paper,0.951782,True,False
data\external_test_realwaste\paper\Paper_447.jpg,paper,paper,0.490623,True,True
data\external_test_realwaste\paper\Paper_448.jpg,paper,paper,0.993237,True,False
data\external_test_realwaste\paper\Paper_449.jpg,paper,paper,0.954127,True,False
data\external_test_realwaste\paper\Paper_45.jpg,paper,paper,0.979526,True,False
data\external_test_realwaste\paper\Paper_450.jpg,paper,paper,0.955239,True,False
data\external_test_realwaste\paper\Paper_451.jpg,paper,cardboard,0.660033,False,False
data\external_test_realwaste\paper\Paper_452.jpg,paper,trash,0.52023,False,True
data\external_test_realwaste\paper\Paper_453.jpg,paper,paper,0.626929,True,False
data\external_test_realwaste\paper\Paper_454.jpg,paper,paper,0.578006,True,True
data\external_test_realwaste\paper\Paper_455.jpg,paper,trash,0.691804,False,False
data\external_test_realwaste\paper\Paper_456.jpg,paper,paper,0.807685,True,False
data\external_test_realwaste\paper\Paper_457.jpg,paper,paper,0.896389,True,False
data\external_test_realwaste\paper\Paper_458.jpg,paper,trash,0.9101,False,False
data\external_test_realwaste\paper\Paper_459.jpg,paper,paper,0.694735,True,False
data\external_test_realwaste\paper\Paper_46.jpg,paper,paper,0.996984,True,False
data\external_test_realwaste\paper\Paper_460.jpg,paper,paper,0.9105,True,False
data\external_test_realwaste\paper\Paper_461.jpg,paper,trash,0.745496,False,False
data\external_test_realwaste\paper\Paper_462.jpg,paper,trash,0.537762,False,True
data\external_test_realwaste\paper\Paper_463.jpg,paper,paper,0.999303,True,False
data\external_test_realwaste\paper\Paper_464.jpg,paper,trash,0.716599,False,False
data\external_test_realwaste\paper\Paper_465.jpg,paper,paper,0.637448,True,False
data\external_test_realwaste\paper\Paper_466.jpg,paper,paper,0.54608,True,True
data\external_test_realwaste\paper\Paper_467.jpg,paper,paper,0.992373,True,False
data\external_test_realwaste\paper\Paper_468.jpg,paper,paper,0.864529,True,False
data\external_test_realwaste\paper\Paper_469.jpg,paper,paper,0.996749,True,False
data\external_test_realwaste\paper\Paper_47.jpg,paper,paper,0.890541,True,False
data\external_test_realwaste\paper\Paper_470.jpg,paper,paper,0.835357,True,False
data\external_test_realwaste\paper\Paper_471.jpg,paper,paper,0.999354,True,False
data\external_test_realwaste\paper\Paper_472.jpg,paper,paper,0.737547,True,False
data\external_test_realwaste\paper\Paper_473.jpg,paper,paper,0.676499,True,False
data\external_test_realwaste\paper\Paper_474.jpg,paper,paper,0.99938,True,False
data\external_test_realwaste\paper\Paper_475.jpg,paper,paper,0.985745,True,False
data\external_test_realwaste\paper\Paper_476.jpg,paper,paper,0.785717,True,False
data\external_test_realwaste\paper\Paper_477.jpg,paper,trash,0.468038,False,True
data\external_test_realwaste\paper\Paper_478.jpg,paper,trash,0.581448,False,True
data\external_test_realwaste\paper\Paper_479.jpg,paper,paper,0.77305,True,False
data\external_test_realwaste\paper\Paper_48.jpg,paper,paper,0.993269,True,False
data\external_test_realwaste\paper\Paper_480.jpg,paper,trash,0.491541,False,True
data\external_test_realwaste\paper\Paper_481.jpg,paper,trash,0.576888,False,True
data\external_test_realwaste\paper\Paper_482.jpg,paper,trash,0.852397,False,False
data\external_test_realwaste\paper\Paper_483.jpg,paper,trash,0.844851,False,False
data\external_test_realwaste\paper\Paper_484.jpg,paper,trash,0.914767,False,False
data\external_test_realwaste\paper\Paper_485.jpg,paper,paper,0.990659,True,False
data\external_test_realwaste\paper\Paper_486.jpg,paper,paper,0.767905,True,False
data\external_test_realwaste\paper\Paper_487.jpg,paper,trash,0.759229,False,False
data\external_test_realwaste\paper\Paper_488.jpg,paper,paper,0.93018,True,False
data\external_test_realwaste\paper\Paper_489.jpg,paper,trash,0.99554,False,False
data\external_test_realwaste\paper\Paper_49.jpg,paper,paper,0.887617,True,False
data\external_test_realwaste\paper\Paper_490.jpg,paper,paper,0.99185,True,False
data\external_test_realwaste\paper\Paper_491.jpg,paper,trash,0.73332,False,False
data\external_test_realwaste\paper\Paper_492.jpg,paper,trash,0.997673,False,False
data\external_test_realwaste\paper\Paper_493.jpg,paper,trash,0.87209,False,False
data\external_test_realwaste\paper\Paper_494.jpg,paper,trash,0.997729,False,False
data\external_test_realwaste\paper\Paper_495.jpg,paper,trash,0.992082,False,False
data\external_test_realwaste\paper\Paper_496.jpg,paper,trash,0.998609,False,False
data\external_test_realwaste\paper\Paper_497.jpg,paper,paper,0.983767,True,False
data\external_test_realwaste\paper\Paper_498.jpg,paper,paper,0.991789,True,False
data\external_test_realwaste\paper\Paper_499.jpg,paper,paper,0.825451,True,False
data\external_test_realwaste\paper\Paper_5.jpg,paper,paper,0.938989,True,False
data\external_test_realwaste\paper\Paper_50.jpg,paper,paper,0.693278,True,False
data\external_test_realwaste\paper\Paper_500.jpg,paper,paper,0.632972,True,False
data\external_test_realwaste\paper\Paper_51.jpg,paper,paper,0.660244,True,False
data\external_test_realwaste\paper\Paper_52.jpg,paper,paper,0.599665,True,True
data\external_test_realwaste\paper\Paper_53.jpg,paper,paper,0.997657,True,False
data\external_test_realwaste\paper\Paper_54.jpg,paper,paper,0.982413,True,False
data\external_test_realwaste\paper\Paper_55.jpg,paper,paper,0.999288,True,False
data\external_test_realwaste\paper\Paper_56.jpg,paper,paper,0.983946,True,False
data\external_test_realwaste\paper\Paper_57.jpg,paper,paper,0.945603,True,False
data\external_test_realwaste\paper\Paper_58.jpg,paper,trash,0.99376,False,False
data\external_test_realwaste\paper\Paper_59.jpg,paper,trash,0.893983,False,False
data\external_test_realwaste\paper\Paper_6.jpg,paper,paper,0.917642,True,False
data\external_test_realwaste\paper\Paper_60.jpg,paper,paper,0.929064,True,False
data\external_test_realwaste\paper\Paper_61.jpg,paper,paper,0.997985,True,False
data\external_test_realwaste\paper\Paper_62.jpg,paper,paper,0.873438,True,False
data\external_test_realwaste\paper\Paper_63.jpg,paper,paper,0.937905,True,False
data\external_test_realwaste\paper\Paper_64.jpg,paper,paper,0.830061,True,False
data\external_test_realwaste\paper\Paper_65.jpg,paper,paper,0.947464,True,False
data\external_test_realwaste\paper\Paper_66.jpg,paper,paper,0.986845,True,False
data\external_test_realwaste\paper\Paper_67.jpg,paper,trash,0.823765,False,False
data\external_test_realwaste\paper\Paper_68.jpg,paper,paper,0.872186,True,False
data\external_test_realwaste\paper\Paper_69.jpg,paper,paper,0.989276,True,False
data\external_test_realwaste\paper\Paper_7.jpg,paper,paper,0.828526,True,False
data\external_test_realwaste\paper\Paper_70.jpg,paper,paper,0.999207,True,False
data\external_test_realwaste\paper\Paper_71.jpg,paper,paper,0.987893,True,False
data\external_test_realwaste\paper\Paper_72.jpg,paper,paper,0.999945,True,False
data\external_test_realwaste\paper\Paper_73.jpg,paper,paper,0.505223,True,True
data\external_test_realwaste\paper\Paper_74.jpg,paper,paper,0.993836,True,False
data\external_test_realwaste\paper\Paper_75.jpg,paper,paper,0.999242,True,False
data\external_test_realwaste\paper\Paper_76.jpg,paper,paper,0.99149,True,False
data\external_test_realwaste\paper\Paper_77.jpg,paper,paper,0.999065,True,False
data\external_test_realwaste\paper\Paper_78.jpg,paper,paper,0.941644,True,False
data\external_test_realwaste\paper\Paper_79.jpg,paper,trash,0.844796,False,False
data\external_test_realwaste\paper\Paper_8.jpg,paper,trash,0.813955,False,False
data\external_test_realwaste\paper\Paper_80.jpg,paper,trash,0.909086,False,False
data\external_test_realwaste\paper\Paper_81.jpg,paper,paper,0.992203,True,False
data\external_test_realwaste\paper\Paper_82.jpg,paper,paper,0.984264,True,False
data\external_test_realwaste\paper\Paper_83.jpg,paper,paper,0.978515,True,False
data\external_test_realwaste\paper\Paper_84.jpg,paper,trash,0.676628,False,False
data\external_test_realwaste\paper\Paper_85.jpg,paper,paper,0.945833,True,False
data\external_test_realwaste\paper\Paper_86.jpg,paper,trash,0.960834,False,False
data\external_test_realwaste\paper\Paper_87.jpg,paper,paper,0.985989,True,False
data\external_test_realwaste\paper\Paper_88.jpg,paper,paper,0.999485,True,False
data\external_test_realwaste\paper\Paper_89.jpg,paper,paper,0.721899,True,False
data\external_test_realwaste\paper\Paper_9.jpg,paper,paper,0.702752,True,False
data\external_test_realwaste\paper\Paper_90.jpg,paper,paper,0.983379,True,False
data\external_test_realwaste\paper\Paper_91.jpg,paper,paper,0.86417,True,False
data\external_test_realwaste\paper\Paper_92.jpg,paper,paper,0.665875,True,False
data\external_test_realwaste\paper\Paper_93.jpg,paper,paper,0.539421,True,True
data\external_test_realwaste\paper\Paper_94.jpg,paper,paper,0.971202,True,False
data\external_test_realwaste\paper\Paper_95.jpg,paper,paper,0.943174,True,False
data\external_test_realwaste\paper\Paper_96.jpg,paper,paper,0.618334,True,False
data\external_test_realwaste\paper\Paper_97.jpg,paper,trash,0.872446,False,False
data\external_test_realwaste\paper\Paper_98.jpg,paper,trash,0.523627,False,True
data\external_test_realwaste\paper\Paper_99.jpg,paper,paper,0.481011,True,True
data\external_test_realwaste\plastic\Plastic_1.jpg,plastic,paper,0.875774,False,False
data\external_test_realwaste\plastic\Plastic_10.jpg,plastic,cardboard,0.543501,False,True
data\external_test_realwaste\plastic\Plastic_100.jpg,plastic,plastic,0.849919,True,False
data\external_test_realwaste\plastic\Plastic_101.jpg,plastic,plastic,0.750676,True,False
data\external_test_realwaste\plastic\Plastic_102.jpg,plastic,metal,0.803245,False,False
data\external_test_realwaste\plastic\Plastic_103.jpg,plastic,trash,0.963953,False,False
data\external_test_realwaste\plastic\Plastic_104.jpg,plastic,metal,0.76296,False,False
data\external_test_realwaste\plastic\Plastic_105.jpg,plastic,plastic,0.65712,True,False
data\external_test_realwaste\plastic\Plastic_106.jpg,plastic,plastic,0.939079,True,False
data\external_test_realwaste\plastic\Plastic_107.jpg,plastic,plastic,0.730392,True,False
data\external_test_realwaste\plastic\Plastic_108.jpg,plastic,trash,0.911683,False,False
data\external_test_realwaste\plastic\Plastic_109.jpg,plastic,trash,0.948788,False,False
data\external_test_realwaste\plastic\Plastic_11.jpg,plastic,plastic,0.791101,True,False
data\external_test_realwaste\plastic\Plastic_110.jpg,plastic,trash,0.90518,False,False
data\external_test_realwaste\plastic\Plastic_111.jpg,plastic,trash,0.803705,False,False
data\external_test_realwaste\plastic\Plastic_112.jpg,plastic,paper,0.892821,False,False
data\external_test_realwaste\plastic\Plastic_113.jpg,plastic,metal,0.283649,False,True
data\external_test_realwaste\plastic\Plastic_114.jpg,plastic,trash,0.880781,False,False
data\external_test_realwaste\plastic\Plastic_115.jpg,plastic,trash,0.909916,False,False
data\external_test_realwaste\plastic\Plastic_116.jpg,plastic,plastic,0.387047,True,True
data\external_test_realwaste\plastic\Plastic_117.jpg,plastic,trash,0.955918,False,False
data\external_test_realwaste\plastic\Plastic_118.jpg,plastic,cardboard,0.901134,False,False
data\external_test_realwaste\plastic\Plastic_119.jpg,plastic,trash,0.919199,False,False
data\external_test_realwaste\plastic\Plastic_12.jpg,plastic,plastic,0.537202,True,True
data\external_test_realwaste\plastic\Plastic_120.jpg,plastic,metal,0.555878,False,True
data\external_test_realwaste\plastic\Plastic_121.jpg,plastic,metal,0.424362,False,True
data\external_test_realwaste\plastic\Plastic_122.jpg,plastic,trash,0.941734,False,False
data\external_test_realwaste\plastic\Plastic_123.jpg,plastic,plastic,0.441225,True,True
data\external_test_realwaste\plastic\Plastic_124.jpg,plastic,cardboard,0.591863,False,True
data\external_test_realwaste\plastic\Plastic_125.jpg,plastic,plastic,0.7969,True,False
data\external_test_realwaste\plastic\Plastic_126.jpg,plastic,plastic,0.913568,True,False
data\external_test_realwaste\plastic\Plastic_127.jpg,plastic,plastic,0.963133,True,False
data\external_test_realwaste\plastic\Plastic_128.jpg,plastic,paper,0.361258,False,True
data\external_test_realwaste\plastic\Plastic_129.jpg,plastic,trash,0.395403,False,True
data\external_test_realwaste\plastic\Plastic_13.jpg,plastic,plastic,0.417776,True,True
data\external_test_realwaste\plastic\Plastic_130.jpg,plastic,paper,0.52549,False,True
data\external_test_realwaste\plastic\Plastic_131.jpg,plastic,trash,0.566002,False,True
data\external_test_realwaste\plastic\Plastic_132.jpg,plastic,trash,0.728356,False,False
data\external_test_realwaste\plastic\Plastic_133.jpg,plastic,paper,0.691398,False,False
data\external_test_realwaste\plastic\Plastic_134.jpg,plastic,plastic,0.479865,True,True
data\external_test_realwaste\plastic\Plastic_135.jpg,plastic,plastic,0.805982,True,False
data\external_test_realwaste\plastic\Plastic_136.jpg,plastic,plastic,0.653779,True,False
data\external_test_realwaste\plastic\Plastic_137.jpg,plastic,metal,0.46231,False,True
data\external_test_realwaste\plastic\Plastic_138.jpg,plastic,paper,0.634246,False,False
data\external_test_realwaste\plastic\Plastic_139.jpg,plastic,trash,0.573748,False,True
data\external_test_realwaste\plastic\Plastic_14.jpg,plastic,glass,0.674045,False,False
data\external_test_realwaste\plastic\Plastic_140.jpg,plastic,trash,0.541802,False,True
data\external_test_realwaste\plastic\Plastic_141.jpg,plastic,trash,0.546754,False,True
data\external_test_realwaste\plastic\Plastic_142.jpg,plastic,paper,0.779976,False,False
data\external_test_realwaste\plastic\Plastic_143.jpg,plastic,metal,0.963696,False,False
data\external_test_realwaste\plastic\Plastic_144.jpg,plastic,metal,0.794306,False,False
data\external_test_realwaste\plastic\Plastic_145.jpg,plastic,paper,0.744678,False,False
data\external_test_realwaste\plastic\Plastic_146.jpg,plastic,trash,0.492444,False,True
data\external_test_realwaste\plastic\Plastic_147.jpg,plastic,paper,0.694654,False,False
data\external_test_realwaste\plastic\Plastic_148.jpg,plastic,trash,0.964239,False,False
data\external_test_realwaste\plastic\Plastic_149.jpg,plastic,trash,0.51533,False,True
data\external_test_realwaste\plastic\Plastic_15.jpg,plastic,trash,0.331973,False,True
data\external_test_realwaste\plastic\Plastic_150.jpg,plastic,metal,0.713666,False,False
data\external_test_realwaste\plastic\Plastic_151.jpg,plastic,trash,0.988956,False,False
data\external_test_realwaste\plastic\Plastic_152.jpg,plastic,trash,0.56237,False,True
data\external_test_realwaste\plastic\Plastic_153.jpg,plastic,trash,0.750264,False,False
data\external_test_realwaste\plastic\Plastic_154.jpg,plastic,trash,0.924983,False,False
data\external_test_realwaste\plastic\Plastic_155.jpg,plastic,trash,0.974245,False,False
data\external_test_realwaste\plastic\Plastic_156.jpg,plastic,trash,0.992053,False,False
data\external_test_realwaste\plastic\Plastic_157.jpg,plastic,metal,0.513723,False,True
data\external_test_realwaste\plastic\Plastic_158.jpg,plastic,trash,0.979456,False,False
data\external_test_realwaste\plastic\Plastic_159.jpg,plastic,trash,0.975993,False,False
data\external_test_realwaste\plastic\Plastic_16.jpg,plastic,plastic,0.565601,True,True
data\external_test_realwaste\plastic\Plastic_160.jpg,plastic,trash,0.997254,False,False
data\external_test_realwaste\plastic\Plastic_161.jpg,plastic,metal,0.974482,False,False
data\external_test_realwaste\plastic\Plastic_162.jpg,plastic,metal,0.989135,False,False
data\external_test_realwaste\plastic\Plastic_163.jpg,plastic,metal,0.922093,False,False
data\external_test_realwaste\plastic\Plastic_164.jpg,plastic,trash,0.57958,False,True
data\external_test_realwaste\plastic\Plastic_165.jpg,plastic,trash,0.915953,False,False
data\external_test_realwaste\plastic\Plastic_166.jpg,plastic,paper,0.678049,False,False
data\external_test_realwaste\plastic\Plastic_167.jpg,plastic,plastic,0.597822,True,True
data\external_test_realwaste\plastic\Plastic_168.jpg,plastic,trash,0.362703,False,True
data\external_test_realwaste\plastic\Plastic_169.jpg,plastic,trash,0.553208,False,True
data\external_test_realwaste\plastic\Plastic_17.jpg,plastic,plastic,0.492127,True,True
data\external_test_realwaste\plastic\Plastic_170.jpg,plastic,trash,0.75492,False,False
data\external_test_realwaste\plastic\Plastic_171.jpg,plastic,trash,0.657471,False,False
data\external_test_realwaste\plastic\Plastic_172.jpg,plastic,trash,0.446304,False,True
data\external_test_realwaste\plastic\Plastic_173.jpg,plastic,paper,0.708407,False,False
data\external_test_realwaste\plastic\Plastic_174.jpg,plastic,plastic,0.534371,True,True
data\external_test_realwaste\plastic\Plastic_175.jpg,plastic,trash,0.96263,False,False
data\external_test_realwaste\plastic\Plastic_176.jpg,plastic,trash,0.993477,False,False
data\external_test_realwaste\plastic\Plastic_177.jpg,plastic,trash,0.943234,False,False
data\external_test_realwaste\plastic\Plastic_178.jpg,plastic,plastic,0.789481,True,False
data\external_test_realwaste\plastic\Plastic_179.jpg,plastic,plastic,0.501342,True,True
data\external_test_realwaste\plastic\Plastic_18.jpg,plastic,cardboard,0.33583,False,True
data\external_test_realwaste\plastic\Plastic_180.jpg,plastic,plastic,0.539672,True,True
data\external_test_realwaste\plastic\Plastic_181.jpg,plastic,plastic,0.612734,True,False
data\external_test_realwaste\plastic\Plastic_182.jpg,plastic,paper,0.333366,False,True
data\external_test_realwaste\plastic\Plastic_183.jpg,plastic,paper,0.448036,False,True
data\external_test_realwaste\plastic\Plastic_184.jpg,plastic,trash,0.998055,False,False
data\external_test_realwaste\plastic\Plastic_185.jpg,plastic,trash,0.450279,False,True
data\external_test_realwaste\plastic\Plastic_186.jpg,plastic,metal,0.957223,False,False
data\external_test_realwaste\plastic\Plastic_187.jpg,plastic,trash,0.999665,False,False
data\external_test_realwaste\plastic\Plastic_188.jpg,plastic,trash,0.968287,False,False
data\external_test_realwaste\plastic\Plastic_189.jpg,plastic,trash,0.882889,False,False
data\external_test_realwaste\plastic\Plastic_19.jpg,plastic,plastic,0.318041,True,True
data\external_test_realwaste\plastic\Plastic_190.jpg,plastic,plastic,0.557973,True,True
data\external_test_realwaste\plastic\Plastic_191.jpg,plastic,trash,0.921916,False,False
data\external_test_realwaste\plastic\Plastic_192.jpg,plastic,metal,0.507513,False,True
data\external_test_realwaste\plastic\Plastic_193.jpg,plastic,trash,0.99583,False,False
data\external_test_realwaste\plastic\Plastic_194.jpg,plastic,trash,0.998758,False,False
data\external_test_realwaste\plastic\Plastic_195.jpg,plastic,trash,0.982294,False,False
data\external_test_realwaste\plastic\Plastic_196.jpg,plastic,trash,0.929982,False,False
data\external_test_realwaste\plastic\Plastic_197.jpg,plastic,metal,0.843577,False,False
data\external_test_realwaste\plastic\Plastic_198.jpg,plastic,trash,0.813,False,False
data\external_test_realwaste\plastic\Plastic_199.jpg,plastic,trash,0.902303,False,False
data\external_test_realwaste\plastic\Plastic_2.jpg,plastic,paper,0.441823,False,True
data\external_test_realwaste\plastic\Plastic_20.jpg,plastic,trash,0.373224,False,True
data\external_test_realwaste\plastic\Plastic_200.jpg,plastic,metal,0.693779,False,False
data\external_test_realwaste\plastic\Plastic_201.jpg,plastic,plastic,0.85007,True,False
data\external_test_realwaste\plastic\Plastic_202.jpg,plastic,trash,0.618182,False,False
data\external_test_realwaste\plastic\Plastic_203.jpg,plastic,trash,0.669185,False,False
data\external_test_realwaste\plastic\Plastic_204.jpg,plastic,metal,0.829188,False,False
data\external_test_realwaste\plastic\Plastic_205.jpg,plastic,metal,0.98944,False,False
data\external_test_realwaste\plastic\Plastic_206.jpg,plastic,cardboard,0.726839,False,False
data\external_test_realwaste\plastic\Plastic_207.jpg,plastic,cardboard,0.985081,False,False
data\external_test_realwaste\plastic\Plastic_208.jpg,plastic,cardboard,0.554684,False,True
data\external_test_realwaste\plastic\Plastic_209.jpg,plastic,trash,0.81854,False,False
data\external_test_realwaste\plastic\Plastic_21.jpg,plastic,cardboard,0.489749,False,True
data\external_test_realwaste\plastic\Plastic_210.jpg,plastic,trash,0.878689,False,False
data\external_test_realwaste\plastic\Plastic_211.jpg,plastic,trash,0.984949,False,False
data\external_test_realwaste\plastic\Plastic_212.jpg,plastic,metal,0.841117,False,False
data\external_test_realwaste\plastic\Plastic_213.jpg,plastic,trash,0.930084,False,False
data\external_test_realwaste\plastic\Plastic_214.jpg,plastic,metal,0.778386,False,False
data\external_test_realwaste\plastic\Plastic_215.jpg,plastic,paper,0.481641,False,True
data\external_test_realwaste\plastic\Plastic_216.jpg,plastic,cardboard,0.91155,False,False
data\external_test_realwaste\plastic\Plastic_217.jpg,plastic,trash,0.645396,False,False
data\external_test_realwaste\plastic\Plastic_218.jpg,plastic,trash,0.470221,False,True
data\external_test_realwaste\plastic\Plastic_219.jpg,plastic,trash,0.975922,False,False
data\external_test_realwaste\plastic\Plastic_22.jpg,plastic,trash,0.525117,False,True
data\external_test_realwaste\plastic\Plastic_220.jpg,plastic,trash,0.829429,False,False
data\external_test_realwaste\plastic\Plastic_221.jpg,plastic,trash,0.919529,False,False
data\external_test_realwaste\plastic\Plastic_222.jpg,plastic,cardboard,0.503611,False,True
data\external_test_realwaste\plastic\Plastic_223.jpg,plastic,paper,0.728708,False,False
data\external_test_realwaste\plastic\Plastic_224.jpg,plastic,trash,0.35124,False,True
data\external_test_realwaste\plastic\Plastic_225.jpg,plastic,cardboard,0.753864,False,False
data\external_test_realwaste\plastic\Plastic_226.jpg,plastic,trash,0.749629,False,False
data\external_test_realwaste\plastic\Plastic_227.jpg,plastic,cardboard,0.668319,False,False
data\external_test_realwaste\plastic\Plastic_228.jpg,plastic,cardboard,0.939537,False,False
data\external_test_realwaste\plastic\Plastic_229.jpg,plastic,cardboard,0.937697,False,False
data\external_test_realwaste\plastic\Plastic_23.jpg,plastic,cardboard,0.906883,False,False
data\external_test_realwaste\plastic\Plastic_230.jpg,plastic,trash,0.946957,False,False
data\external_test_realwaste\plastic\Plastic_231.jpg,plastic,trash,0.712866,False,False
data\external_test_realwaste\plastic\Plastic_232.jpg,plastic,plastic,0.584475,True,True
data\external_test_realwaste\plastic\Plastic_233.jpg,plastic,trash,0.85785,False,False
data\external_test_realwaste\plastic\Plastic_234.jpg,plastic,trash,0.387198,False,True
data\external_test_realwaste\plastic\Plastic_235.jpg,plastic,plastic,0.547721,True,True
data\external_test_realwaste\plastic\Plastic_236.jpg,plastic,trash,0.492024,False,True
data\external_test_realwaste\plastic\Plastic_237.jpg,plastic,trash,0.979613,False,False
data\external_test_realwaste\plastic\Plastic_238.jpg,plastic,plastic,0.503127,True,True
data\external_test_realwaste\plastic\Plastic_239.jpg,plastic,plastic,0.405816,True,True
data\external_test_realwaste\plastic\Plastic_24.jpg,plastic,metal,0.985544,False,False
data\external_test_realwaste\plastic\Plastic_240.jpg,plastic,metal,0.643332,False,False
data\external_test_realwaste\plastic\Plastic_241.jpg,plastic,cardboard,0.813062,False,False
data\external_test_realwaste\plastic\Plastic_242.jpg,plastic,cardboard,0.508036,False,True
data\external_test_realwaste\plastic\Plastic_243.jpg,plastic,plastic,0.664412,True,False
data\external_test_realwaste\plastic\Plastic_244.jpg,plastic,plastic,0.989127,True,False
data\external_test_realwaste\plastic\Plastic_245.jpg,plastic,plastic,0.920746,True,False
data\external_test_realwaste\plastic\Plastic_246.jpg,plastic,metal,0.552742,False,True
data\external_test_realwaste\plastic\Plastic_247.jpg,plastic,trash,0.908095,False,False
data\external_test_realwaste\plastic\Plastic_248.jpg,plastic,trash,0.989229,False,False
data\external_test_realwaste\plastic\Plastic_249.jpg,plastic,trash,0.924808,False,False
data\external_test_realwaste\plastic\Plastic_25.jpg,plastic,cardboard,0.612449,False,False
data\external_test_realwaste\plastic\Plastic_250.jpg,plastic,cardboard,0.745926,False,False
data\external_test_realwaste\plastic\Plastic_251.jpg,plastic,cardboard,0.917631,False,False
data\external_test_realwaste\plastic\Plastic_252.jpg,plastic,cardboard,0.941283,False,False
data\external_test_realwaste\plastic\Plastic_253.jpg,plastic,trash,0.884951,False,False
data\external_test_realwaste\plastic\Plastic_254.jpg,plastic,cardboard,0.988443,False,False
data\external_test_realwaste\plastic\Plastic_255.jpg,plastic,cardboard,0.85725,False,False
data\external_test_realwaste\plastic\Plastic_256.jpg,plastic,trash,0.619831,False,False
data\external_test_realwaste\plastic\Plastic_257.jpg,plastic,trash,0.667685,False,False
data\external_test_realwaste\plastic\Plastic_258.jpg,plastic,trash,0.892365,False,False
data\external_test_realwaste\plastic\Plastic_259.jpg,plastic,trash,0.323583,False,True
data\external_test_realwaste\plastic\Plastic_26.jpg,plastic,trash,0.803579,False,False
data\external_test_realwaste\plastic\Plastic_260.jpg,plastic,paper,0.793352,False,False
data\external_test_realwaste\plastic\Plastic_261.jpg,plastic,paper,0.551729,False,True
data\external_test_realwaste\plastic\Plastic_262.jpg,plastic,metal,0.523591,False,True
data\external_test_realwaste\plastic\Plastic_263.jpg,plastic,trash,0.909512,False,False
data\external_test_realwaste\plastic\Plastic_264.jpg,plastic,cardboard,0.877176,False,False
data\external_test_realwaste\plastic\Plastic_265.jpg,plastic,plastic,0.924669,True,False
data\external_test_realwaste\plastic\Plastic_266.jpg,plastic,trash,0.807346,False,False
data\external_test_realwaste\plastic\Plastic_267.jpg,plastic,plastic,0.666109,True,False
data\external_test_realwaste\plastic\Plastic_268.jpg,plastic,cardboard,0.848686,False,False
data\external_test_realwaste\plastic\Plastic_269.jpg,plastic,cardboard,0.437707,False,True
data\external_test_realwaste\plastic\Plastic_27.jpg,plastic,cardboard,0.937462,False,False
data\external_test_realwaste\plastic\Plastic_270.jpg,plastic,plastic,0.478534,True,True
data\external_test_realwaste\plastic\Plastic_271.jpg,plastic,cardboard,0.707867,False,False
data\external_test_realwaste\plastic\Plastic_272.jpg,plastic,trash,0.943993,False,False
data\external_test_realwaste\plastic\Plastic_273.jpg,plastic,paper,0.779253,False,False
data\external_test_realwaste\plastic\Plastic_274.jpg,plastic,paper,0.853628,False,False
data\external_test_realwaste\plastic\Plastic_275.jpg,plastic,plastic,0.594598,True,True
data\external_test_realwaste\plastic\Plastic_276.jpg,plastic,plastic,0.82515,True,False
data\external_test_realwaste\plastic\Plastic_277.jpg,plastic,paper,0.457272,False,True
data\external_test_realwaste\plastic\Plastic_278.jpg,plastic,cardboard,0.488117,False,True
data\external_test_realwaste\plastic\Plastic_279.jpg,plastic,paper,0.844637,False,False
data\external_test_realwaste\plastic\Plastic_28.jpg,plastic,trash,0.852973,False,False
data\external_test_realwaste\plastic\Plastic_280.jpg,plastic,trash,0.996735,False,False
data\external_test_realwaste\plastic\Plastic_281.jpg,plastic,trash,0.331279,False,True
data\external_test_realwaste\plastic\Plastic_282.jpg,plastic,trash,0.534457,False,True
data\external_test_realwaste\plastic\Plastic_283.jpg,plastic,plastic,0.682701,True,False
data\external_test_realwaste\plastic\Plastic_284.jpg,plastic,trash,0.718113,False,False
data\external_test_realwaste\plastic\Plastic_285.jpg,plastic,trash,0.408304,False,True
data\external_test_realwaste\plastic\Plastic_286.jpg,plastic,metal,0.516089,False,True
data\external_test_realwaste\plastic\Plastic_287.jpg,plastic,trash,0.656889,False,False
data\external_test_realwaste\plastic\Plastic_288.jpg,plastic,trash,0.53603,False,True
data\external_test_realwaste\plastic\Plastic_289.jpg,plastic,cardboard,0.98571,False,False
data\external_test_realwaste\plastic\Plastic_29.jpg,plastic,cardboard,0.494676,False,True
data\external_test_realwaste\plastic\Plastic_290.jpg,plastic,trash,0.647467,False,False
data\external_test_realwaste\plastic\Plastic_291.jpg,plastic,trash,0.626563,False,False
data\external_test_realwaste\plastic\Plastic_292.jpg,plastic,paper,0.497808,False,True
data\external_test_realwaste\plastic\Plastic_293.jpg,plastic,cardboard,0.742961,False,False
data\external_test_realwaste\plastic\Plastic_294.jpg,plastic,metal,0.430391,False,True
data\external_test_realwaste\plastic\Plastic_295.jpg,plastic,trash,0.629731,False,False
data\external_test_realwaste\plastic\Plastic_296.jpg,plastic,trash,0.959809,False,False
data\external_test_realwaste\plastic\Plastic_297.jpg,plastic,trash,0.859481,False,False
data\external_test_realwaste\plastic\Plastic_298.jpg,plastic,trash,0.388378,False,True
data\external_test_realwaste\plastic\Plastic_299.jpg,plastic,paper,0.543632,False,True
data\external_test_realwaste\plastic\Plastic_3.jpg,plastic,plastic,0.917476,True,False
data\external_test_realwaste\plastic\Plastic_30.jpg,plastic,plastic,0.703437,True,False
data\external_test_realwaste\plastic\Plastic_300.jpg,plastic,paper,0.596675,False,True
data\external_test_realwaste\plastic\Plastic_301.jpg,plastic,metal,0.586193,False,True
data\external_test_realwaste\plastic\Plastic_302.jpg,plastic,trash,0.482293,False,True
data\external_test_realwaste\plastic\Plastic_303.jpg,plastic,cardboard,0.897232,False,False
data\external_test_realwaste\plastic\Plastic_304.jpg,plastic,paper,0.652833,False,False
data\external_test_realwaste\plastic\Plastic_305.jpg,plastic,cardboard,0.459107,False,True
data\external_test_realwaste\plastic\Plastic_306.jpg,plastic,trash,0.902154,False,False
data\external_test_realwaste\plastic\Plastic_307.jpg,plastic,plastic,0.929013,True,False
data\external_test_realwaste\plastic\Plastic_308.jpg,plastic,trash,0.518817,False,True
data\external_test_realwaste\plastic\Plastic_309.jpg,plastic,trash,0.742734,False,False
data\external_test_realwaste\plastic\Plastic_31.jpg,plastic,paper,0.584754,False,True
data\external_test_realwaste\plastic\Plastic_310.jpg,plastic,plastic,0.591212,True,True
data\external_test_realwaste\plastic\Plastic_311.jpg,plastic,trash,0.621456,False,False
data\external_test_realwaste\plastic\Plastic_312.jpg,plastic,metal,0.542706,False,True
data\external_test_realwaste\plastic\Plastic_313.jpg,plastic,cardboard,0.788704,False,False
data\external_test_realwaste\plastic\Plastic_314.jpg,plastic,metal,0.935587,False,False
data\external_test_realwaste\plastic\Plastic_315.jpg,plastic,trash,0.49172,False,True
data\external_test_realwaste\plastic\Plastic_316.jpg,plastic,trash,0.712729,False,False
data\external_test_realwaste\plastic\Plastic_317.jpg,plastic,trash,0.465332,False,True
data\external_test_realwaste\plastic\Plastic_318.jpg,plastic,plastic,0.6764,True,False
data\external_test_realwaste\plastic\Plastic_319.jpg,plastic,cardboard,0.959223,False,False
data\external_test_realwaste\plastic\Plastic_32.jpg,plastic,trash,0.642023,False,False
data\external_test_realwaste\plastic\Plastic_320.jpg,plastic,cardboard,0.735855,False,False
data\external_test_realwaste\plastic\Plastic_321.jpg,plastic,cardboard,0.63051,False,False
data\external_test_realwaste\plastic\Plastic_322.jpg,plastic,cardboard,0.853431,False,False
data\external_test_realwaste\plastic\Plastic_323.jpg,plastic,trash,0.783465,False,False
data\external_test_realwaste\plastic\Plastic_324.jpg,plastic,metal,0.473467,False,True
data\external_test_realwaste\plastic\Plastic_325.jpg,plastic,cardboard,0.617954,False,False
data\external_test_realwaste\plastic\Plastic_326.jpg,plastic,cardboard,0.420924,False,True
data\external_test_realwaste\plastic\Plastic_327.jpg,plastic,trash,0.910446,False,False
data\external_test_realwaste\plastic\Plastic_328.jpg,plastic,plastic,0.69165,True,False
data\external_test_realwaste\plastic\Plastic_329.jpg,plastic,plastic,0.540279,True,True
data\external_test_realwaste\plastic\Plastic_33.jpg,plastic,plastic,0.664018,True,False
data\external_test_realwaste\plastic\Plastic_330.jpg,plastic,plastic,0.641038,True,False
data\external_test_realwaste\plastic\Plastic_331.jpg,plastic,cardboard,0.930548,False,False
data\external_test_realwaste\plastic\Plastic_332.jpg,plastic,cardboard,0.522155,False,True
data\external_test_realwaste\plastic\Plastic_333.jpg,plastic,cardboard,0.975091,False,False
data\external_test_realwaste\plastic\Plastic_334.jpg,plastic,paper,0.588882,False,True
data\external_test_realwaste\plastic\Plastic_335.jpg,plastic,paper,0.77822,False,False
data\external_test_realwaste\plastic\Plastic_336.jpg,plastic,plastic,0.403489,True,True
data\external_test_realwaste\plastic\Plastic_337.jpg,plastic,cardboard,0.749809,False,False
data\external_test_realwaste\plastic\Plastic_338.jpg,plastic,cardboard,0.965787,False,False
data\external_test_realwaste\plastic\Plastic_339.jpg,plastic,cardboard,0.991296,False,False
data\external_test_realwaste\plastic\Plastic_34.jpg,plastic,cardboard,0.723259,False,False
data\external_test_realwaste\plastic\Plastic_340.jpg,plastic,cardboard,0.374351,False,True
data\external_test_realwaste\plastic\Plastic_341.jpg,plastic,cardboard,0.671518,False,False
data\external_test_realwaste\plastic\Plastic_342.jpg,plastic,cardboard,0.546394,False,True
data\external_test_realwaste\plastic\Plastic_343.jpg,plastic,cardboard,0.84705,False,False
data\external_test_realwaste\plastic\Plastic_344.jpg,plastic,paper,0.618965,False,False
data\external_test_realwaste\plastic\Plastic_345.jpg,plastic,paper,0.969313,False,False
data\external_test_realwaste\plastic\Plastic_346.jpg,plastic,cardboard,0.56734,False,True
data\external_test_realwaste\plastic\Plastic_347.jpg,plastic,cardboard,0.790283,False,False
data\external_test_realwaste\plastic\Plastic_348.jpg,plastic,trash,0.606179,False,False
data\external_test_realwaste\plastic\Plastic_349.jpg,plastic,trash,0.484348,False,True
data\external_test_realwaste\plastic\Plastic_35.jpg,plastic,metal,0.56447,False,True
data\external_test_realwaste\plastic\Plastic_350.jpg,plastic,paper,0.877799,False,False
data\external_test_realwaste\plastic\Plastic_351.jpg,plastic,cardboard,0.45461,False,True
data\external_test_realwaste\plastic\Plastic_352.jpg,plastic,cardboard,0.858434,False,False
data\external_test_realwaste\plastic\Plastic_353.jpg,plastic,cardboard,0.819322,False,False
data\external_test_realwaste\plastic\Plastic_354.jpg,plastic,cardboard,0.955283,False,False
data\external_test_realwaste\plastic\Plastic_355.jpg,plastic,trash,0.479175,False,True
data\external_test_realwaste\plastic\Plastic_356.jpg,plastic,paper,0.962643,False,False
data\external_test_realwaste\plastic\Plastic_357.jpg,plastic,plastic,0.897395,True,False
data\external_test_realwaste\plastic\Plastic_358.jpg,plastic,trash,0.89744,False,False
data\external_test_realwaste\plastic\Plastic_359.jpg,plastic,glass,0.526856,False,True
data\external_test_realwaste\plastic\Plastic_36.jpg,plastic,trash,0.543874,False,True
data\external_test_realwaste\plastic\Plastic_360.jpg,plastic,cardboard,0.87925,False,False
data\external_test_realwaste\plastic\Plastic_361.jpg,plastic,paper,0.963731,False,False
data\external_test_realwaste\plastic\Plastic_362.jpg,plastic,trash,0.698159,False,False
data\external_test_realwaste\plastic\Plastic_363.jpg,plastic,paper,0.991848,False,False
data\external_test_realwaste\plastic\Plastic_364.jpg,plastic,paper,0.951478,False,False
data\external_test_realwaste\plastic\Plastic_365.jpg,plastic,cardboard,0.69725,False,False
data\external_test_realwaste\plastic\Plastic_366.jpg,plastic,cardboard,0.96618,False,False
data\external_test_realwaste\plastic\Plastic_367.jpg,plastic,cardboard,0.797101,False,False
data\external_test_realwaste\plastic\Plastic_368.jpg,plastic,plastic,0.955516,True,False
data\external_test_realwaste\plastic\Plastic_369.jpg,plastic,paper,0.473104,False,True
data\external_test_realwaste\plastic\Plastic_37.jpg,plastic,cardboard,0.908413,False,False
data\external_test_realwaste\plastic\Plastic_370.jpg,plastic,paper,0.83564,False,False
data\external_test_realwaste\plastic\Plastic_371.jpg,plastic,paper,0.800883,False,False
data\external_test_realwaste\plastic\Plastic_372.jpg,plastic,paper,0.929306,False,False
data\external_test_realwaste\plastic\Plastic_373.jpg,plastic,paper,0.872259,False,False
data\external_test_realwaste\plastic\Plastic_374.jpg,plastic,paper,0.877818,False,False
data\external_test_realwaste\plastic\Plastic_375.jpg,plastic,cardboard,0.426036,False,True
data\external_test_realwaste\plastic\Plastic_376.jpg,plastic,paper,0.920279,False,False
data\external_test_realwaste\plastic\Plastic_377.jpg,plastic,cardboard,0.441288,False,True
data\external_test_realwaste\plastic\Plastic_378.jpg,plastic,cardboard,0.586846,False,True
data\external_test_realwaste\plastic\Plastic_379.jpg,plastic,plastic,0.640545,True,False
data\external_test_realwaste\plastic\Plastic_38.jpg,plastic,trash,0.898321,False,False
data\external_test_realwaste\plastic\Plastic_380.jpg,plastic,cardboard,0.590301,False,True
data\external_test_realwaste\plastic\Plastic_381.jpg,plastic,trash,0.580325,False,True
data\external_test_realwaste\plastic\Plastic_382.jpg,plastic,trash,0.46691,False,True
data\external_test_realwaste\plastic\Plastic_383.jpg,plastic,cardboard,0.566897,False,True
data\external_test_realwaste\plastic\Plastic_384.jpg,plastic,cardboard,0.903605,False,False
data\external_test_realwaste\plastic\Plastic_385.jpg,plastic,trash,0.968913,False,False
data\external_test_realwaste\plastic\Plastic_386.jpg,plastic,trash,0.632115,False,False
data\external_test_realwaste\plastic\Plastic_387.jpg,plastic,trash,0.988944,False,False
data\external_test_realwaste\plastic\Plastic_388.jpg,plastic,trash,0.977849,False,False
data\external_test_realwaste\plastic\Plastic_389.jpg,plastic,trash,0.990181,False,False
data\external_test_realwaste\plastic\Plastic_39.jpg,plastic,trash,0.612929,False,False
data\external_test_realwaste\plastic\Plastic_390.jpg,plastic,plastic,0.706742,True,False
data\external_test_realwaste\plastic\Plastic_391.jpg,plastic,trash,0.603067,False,False
data\external_test_realwaste\plastic\Plastic_392.jpg,plastic,trash,0.527505,False,True
data\external_test_realwaste\plastic\Plastic_393.jpg,plastic,cardboard,0.82427,False,False
data\external_test_realwaste\plastic\Plastic_394.jpg,plastic,cardboard,0.45109,False,True
data\external_test_realwaste\plastic\Plastic_395.jpg,plastic,cardboard,0.439145,False,True
data\external_test_realwaste\plastic\Plastic_396.jpg,plastic,metal,0.966976,False,False
data\external_test_realwaste\plastic\Plastic_397.jpg,plastic,metal,0.763368,False,False
data\external_test_realwaste\plastic\Plastic_398.jpg,plastic,cardboard,0.880186,False,False
data\external_test_realwaste\plastic\Plastic_399.jpg,plastic,trash,0.939936,False,False
data\external_test_realwaste\plastic\Plastic_4.jpg,plastic,trash,0.704652,False,False
data\external_test_realwaste\plastic\Plastic_40.jpg,plastic,trash,0.685251,False,False
data\external_test_realwaste\plastic\Plastic_400.jpg,plastic,metal,0.404042,False,True
data\external_test_realwaste\plastic\Plastic_401.jpg,plastic,cardboard,0.552023,False,True
data\external_test_realwaste\plastic\Plastic_402.jpg,plastic,plastic,0.469594,True,True
data\external_test_realwaste\plastic\Plastic_403.jpg,plastic,metal,0.524582,False,True
data\external_test_realwaste\plastic\Plastic_404.jpg,plastic,metal,0.944869,False,False
data\external_test_realwaste\plastic\Plastic_405.jpg,plastic,metal,0.649477,False,False
data\external_test_realwaste\plastic\Plastic_406.jpg,plastic,trash,0.792702,False,False
data\external_test_realwaste\plastic\Plastic_407.jpg,plastic,cardboard,0.412394,False,True
data\external_test_realwaste\plastic\Plastic_408.jpg,plastic,paper,0.853566,False,False
data\external_test_realwaste\plastic\Plastic_409.jpg,plastic,plastic,0.688891,True,False
data\external_test_realwaste\plastic\Plastic_41.jpg,plastic,metal,0.474121,False,True
data\external_test_realwaste\plastic\Plastic_410.jpg,plastic,plastic,0.573667,True,True
data\external_test_realwaste\plastic\Plastic_411.jpg,plastic,trash,0.842881,False,False
data\external_test_realwaste\plastic\Plastic_412.jpg,plastic,trash,0.502936,False,True
data\external_test_realwaste\plastic\Plastic_413.jpg,plastic,plastic,0.545964,True,True
data\external_test_realwaste\plastic\Plastic_414.jpg,plastic,cardboard,0.538665,False,True
data\external_test_realwaste\plastic\Plastic_415.jpg,plastic,plastic,0.779635,True,False
data\external_test_realwaste\plastic\Plastic_416.jpg,plastic,cardboard,0.783547,False,False
data\external_test_realwaste\plastic\Plastic_417.jpg,plastic,metal,0.85123,False,False
data\external_test_realwaste\plastic\Plastic_418.jpg,plastic,paper,0.536052,False,True
data\external_test_realwaste\plastic\Plastic_419.jpg,plastic,plastic,0.880334,True,False
data\external_test_realwaste\plastic\Plastic_42.jpg,plastic,cardboard,0.570108,False,True
data\external_test_realwaste\plastic\Plastic_420.jpg,plastic,cardboard,0.808749,False,False
data\external_test_realwaste\plastic\Plastic_421.jpg,plastic,cardboard,0.888445,False,False
data\external_test_realwaste\plastic\Plastic_422.jpg,plastic,trash,0.91994,False,False
data\external_test_realwaste\plastic\Plastic_423.jpg,plastic,trash,0.926872,False,False
data\external_test_realwaste\plastic\Plastic_424.jpg,plastic,trash,0.720851,False,False
data\external_test_realwaste\plastic\Plastic_425.jpg,plastic,trash,0.951974,False,False
data\external_test_realwaste\plastic\Plastic_426.jpg,plastic,trash,0.888675,False,False
data\external_test_realwaste\plastic\Plastic_427.jpg,plastic,plastic,0.562318,True,True
data\external_test_realwaste\plastic\Plastic_428.jpg,plastic,metal,0.628954,False,False
data\external_test_realwaste\plastic\Plastic_429.jpg,plastic,trash,0.570222,False,True
data\external_test_realwaste\plastic\Plastic_43.jpg,plastic,trash,0.735042,False,False
data\external_test_realwaste\plastic\Plastic_430.jpg,plastic,trash,0.570479,False,True
data\external_test_realwaste\plastic\Plastic_431.jpg,plastic,trash,0.785995,False,False
data\external_test_realwaste\plastic\Plastic_432.jpg,plastic,plastic,0.422023,True,True
data\external_test_realwaste\plastic\Plastic_433.jpg,plastic,glass,0.383552,False,True
data\external_test_realwaste\plastic\Plastic_434.jpg,plastic,cardboard,0.778045,False,False
data\external_test_realwaste\plastic\Plastic_435.jpg,plastic,plastic,0.906298,True,False
data\external_test_realwaste\plastic\Plastic_436.jpg,plastic,plastic,0.503148,True,True
data\external_test_realwaste\plastic\Plastic_437.jpg,plastic,trash,0.870122,False,False
data\external_test_realwaste\plastic\Plastic_438.jpg,plastic,plastic,0.849095,True,False
data\external_test_realwaste\plastic\Plastic_439.jpg,plastic,plastic,0.531336,True,True
data\external_test_realwaste\plastic\Plastic_44.jpg,plastic,trash,0.96089,False,False
data\external_test_realwaste\plastic\Plastic_440.jpg,plastic,plastic,0.405485,True,True
data\external_test_realwaste\plastic\Plastic_441.jpg,plastic,plastic,0.970925,True,False
data\external_test_realwaste\plastic\Plastic_442.jpg,plastic,plastic,0.499667,True,True
data\external_test_realwaste\plastic\Plastic_443.jpg,plastic,trash,0.491065,False,True
data\external_test_realwaste\plastic\Plastic_444.jpg,plastic,trash,0.601409,False,False
data\external_test_realwaste\plastic\Plastic_445.jpg,plastic,plastic,0.656699,True,False
data\external_test_realwaste\plastic\Plastic_446.jpg,plastic,trash,0.550829,False,True
data\external_test_realwaste\plastic\Plastic_447.jpg,plastic,trash,0.933042,False,False
data\external_test_realwaste\plastic\Plastic_448.jpg,plastic,trash,0.655971,False,False
data\external_test_realwaste\plastic\Plastic_449.jpg,plastic,trash,0.687378,False,False
data\external_test_realwaste\plastic\Plastic_45.jpg,plastic,trash,0.750938,False,False
data\external_test_realwaste\plastic\Plastic_450.jpg,plastic,metal,0.490522,False,True
data\external_test_realwaste\plastic\Plastic_451.jpg,plastic,trash,0.969218,False,False
data\external_test_realwaste\plastic\Plastic_452.jpg,plastic,plastic,0.711965,True,False
data\external_test_realwaste\plastic\Plastic_453.jpg,plastic,trash,0.661519,False,False
data\external_test_realwaste\plastic\Plastic_454.jpg,plastic,trash,0.985238,False,False
data\external_test_realwaste\plastic\Plastic_455.jpg,plastic,plastic,0.951022,True,False
data\external_test_realwaste\plastic\Plastic_456.jpg,plastic,trash,0.992867,False,False
data\external_test_realwaste\plastic\Plastic_457.jpg,plastic,cardboard,0.874916,False,False
data\external_test_realwaste\plastic\Plastic_458.jpg,plastic,trash,0.788627,False,False
data\external_test_realwaste\plastic\Plastic_459.jpg,plastic,plastic,0.534664,True,True
data\external_test_realwaste\plastic\Plastic_46.jpg,plastic,metal,0.856347,False,False
data\external_test_realwaste\plastic\Plastic_460.jpg,plastic,trash,0.983885,False,False
data\external_test_realwaste\plastic\Plastic_461.jpg,plastic,plastic,0.906348,True,False
data\external_test_realwaste\plastic\Plastic_462.jpg,plastic,metal,0.587155,False,True
data\external_test_realwaste\plastic\Plastic_463.jpg,plastic,trash,0.991442,False,False
data\external_test_realwaste\plastic\Plastic_464.jpg,plastic,trash,0.980203,False,False
data\external_test_realwaste\plastic\Plastic_465.jpg,plastic,trash,0.925177,False,False
data\external_test_realwaste\plastic\Plastic_466.jpg,plastic,trash,0.994477,False,False
data\external_test_realwaste\plastic\Plastic_467.jpg,plastic,plastic,0.504818,True,True
data\external_test_realwaste\plastic\Plastic_468.jpg,plastic,cardboard,0.933772,False,False
data\external_test_realwaste\plastic\Plastic_469.jpg,plastic,trash,0.964724,False,False
data\external_test_realwaste\plastic\Plastic_47.jpg,plastic,trash,0.67518,False,False
data\external_test_realwaste\plastic\Plastic_470.jpg,plastic,trash,0.943388,False,False
data\external_test_realwaste\plastic\Plastic_471.jpg,plastic,trash,0.981451,False,False
data\external_test_realwaste\plastic\Plastic_472.jpg,plastic,trash,0.876231,False,False
data\external_test_realwaste\plastic\Plastic_473.jpg,plastic,trash,0.657668,False,False
data\external_test_realwaste\plastic\Plastic_474.jpg,plastic,trash,0.608199,False,False
data\external_test_realwaste\plastic\Plastic_475.jpg,plastic,trash,0.821397,False,False
data\external_test_realwaste\plastic\Plastic_476.jpg,plastic,plastic,0.750179,True,False
data\external_test_realwaste\plastic\Plastic_477.jpg,plastic,trash,0.823027,False,False
data\external_test_realwaste\plastic\Plastic_478.jpg,plastic,trash,0.558912,False,True
data\external_test_realwaste\plastic\Plastic_479.jpg,plastic,cardboard,0.881785,False,False
data\external_test_realwaste\plastic\Plastic_48.jpg,plastic,trash,0.573071,False,True
data\external_test_realwaste\plastic\Plastic_480.jpg,plastic,trash,0.947879,False,False
data\external_test_realwaste\plastic\Plastic_481.jpg,plastic,trash,0.940006,False,False
data\external_test_realwaste\plastic\Plastic_482.jpg,plastic,trash,0.951194,False,False
data\external_test_realwaste\plastic\Plastic_483.jpg,plastic,trash,0.88686,False,False
data\external_test_realwaste\plastic\Plastic_484.jpg,plastic,trash,0.990773,False,False
data\external_test_realwaste\plastic\Plastic_485.jpg,plastic,trash,0.621075,False,False
data\external_test_realwaste\plastic\Plastic_486.jpg,plastic,plastic,0.631349,True,False
data\external_test_realwaste\plastic\Plastic_487.jpg,plastic,trash,0.955875,False,False
data\external_test_realwaste\plastic\Plastic_488.jpg,plastic,trash,0.961237,False,False
data\external_test_realwaste\plastic\Plastic_489.jpg,plastic,trash,0.495141,False,True
data\external_test_realwaste\plastic\Plastic_49.jpg,plastic,cardboard,0.479499,False,True
data\external_test_realwaste\plastic\Plastic_490.jpg,plastic,trash,0.469941,False,True
data\external_test_realwaste\plastic\Plastic_491.jpg,plastic,trash,0.583613,False,True
data\external_test_realwaste\plastic\Plastic_492.jpg,plastic,trash,0.644508,False,False
data\external_test_realwaste\plastic\Plastic_493.jpg,plastic,trash,0.820562,False,False
data\external_test_realwaste\plastic\Plastic_494.jpg,plastic,trash,0.683405,False,False
data\external_test_realwaste\plastic\Plastic_495.jpg,plastic,cardboard,0.90276,False,False
data\external_test_realwaste\plastic\Plastic_496.jpg,plastic,trash,0.705554,False,False
data\external_test_realwaste\plastic\Plastic_497.jpg,plastic,plastic,0.809628,True,False
data\external_test_realwaste\plastic\Plastic_498.jpg,plastic,plastic,0.480945,True,True
data\external_test_realwaste\plastic\Plastic_499.jpg,plastic,paper,0.35601,False,True
data\external_test_realwaste\plastic\Plastic_5.jpg,plastic,metal,0.773566,False,False
data\external_test_realwaste\plastic\Plastic_50.jpg,plastic,trash,0.766759,False,False
data\external_test_realwaste\plastic\Plastic_500.jpg,plastic,trash,0.742086,False,False
data\external_test_realwaste\plastic\Plastic_501.jpg,plastic,cardboard,0.528731,False,True
data\external_test_realwaste\plastic\Plastic_502.jpg,plastic,cardboard,0.492691,False,True
data\external_test_realwaste\plastic\Plastic_503.jpg,plastic,plastic,0.912863,True,False
data\external_test_realwaste\plastic\Plastic_504.jpg,plastic,trash,0.597658,False,True
data\external_test_realwaste\plastic\Plastic_505.jpg,plastic,trash,0.618862,False,False
data\external_test_realwaste\plastic\Plastic_506.jpg,plastic,cardboard,0.948864,False,False
data\external_test_realwaste\plastic\Plastic_507.jpg,plastic,plastic,0.995714,True,False
data\external_test_realwaste\plastic\Plastic_508.jpg,plastic,plastic,0.86623,True,False
data\external_test_realwaste\plastic\Plastic_509.jpg,plastic,trash,0.922153,False,False
data\external_test_realwaste\plastic\Plastic_51.jpg,plastic,plastic,0.52498,True,True
data\external_test_realwaste\plastic\Plastic_510.jpg,plastic,trash,0.700978,False,False
data\external_test_realwaste\plastic\Plastic_511.jpg,plastic,trash,0.509954,False,True
data\external_test_realwaste\plastic\Plastic_512.jpg,plastic,cardboard,0.583752,False,True
data\external_test_realwaste\plastic\Plastic_513.jpg,plastic,plastic,0.929431,True,False
data\external_test_realwaste\plastic\Plastic_514.jpg,plastic,plastic,0.817503,True,False
data\external_test_realwaste\plastic\Plastic_515.jpg,plastic,trash,0.946495,False,False
data\external_test_realwaste\plastic\Plastic_516.jpg,plastic,trash,0.860664,False,False
data\external_test_realwaste\plastic\Plastic_517.jpg,plastic,plastic,0.691287,True,False
data\external_test_realwaste\plastic\Plastic_518.jpg,plastic,cardboard,0.626553,False,False
data\external_test_realwaste\plastic\Plastic_519.jpg,plastic,cardboard,0.715231,False,False
data\external_test_realwaste\plastic\Plastic_52.jpg,plastic,metal,0.894998,False,False
data\external_test_realwaste\plastic\Plastic_520.jpg,plastic,plastic,0.718683,True,False
data\external_test_realwaste\plastic\Plastic_521.jpg,plastic,cardboard,0.52391,False,True
data\external_test_realwaste\plastic\Plastic_522.jpg,plastic,plastic,0.649906,True,False
data\external_test_realwaste\plastic\Plastic_523.jpg,plastic,trash,0.844521,False,False
data\external_test_realwaste\plastic\Plastic_524.jpg,plastic,cardboard,0.653679,False,False
data\external_test_realwaste\plastic\Plastic_525.jpg,plastic,plastic,0.776656,True,False
data\external_test_realwaste\plastic\Plastic_526.jpg,plastic,trash,0.710808,False,False
data\external_test_realwaste\plastic\Plastic_527.jpg,plastic,trash,0.986705,False,False
data\external_test_realwaste\plastic\Plastic_528.jpg,plastic,plastic,0.926145,True,False
data\external_test_realwaste\plastic\Plastic_529.jpg,plastic,trash,0.823075,False,False
data\external_test_realwaste\plastic\Plastic_53.jpg,plastic,trash,0.887893,False,False
data\external_test_realwaste\plastic\Plastic_530.jpg,plastic,plastic,0.894474,True,False
data\external_test_realwaste\plastic\Plastic_531.jpg,plastic,cardboard,0.987658,False,False
data\external_test_realwaste\plastic\Plastic_532.jpg,plastic,plastic,0.898799,True,False
data\external_test_realwaste\plastic\Plastic_533.jpg,plastic,cardboard,0.822119,False,False
data\external_test_realwaste\plastic\Plastic_534.jpg,plastic,trash,0.86913,False,False
data\external_test_realwaste\plastic\Plastic_535.jpg,plastic,trash,0.438157,False,True
data\external_test_realwaste\plastic\Plastic_536.jpg,plastic,cardboard,0.831711,False,False
data\external_test_realwaste\plastic\Plastic_537.jpg,plastic,plastic,0.373764,True,True
data\external_test_realwaste\plastic\Plastic_538.jpg,plastic,plastic,0.89557,True,False
data\external_test_realwaste\plastic\Plastic_539.jpg,plastic,plastic,0.976942,True,False
data\external_test_realwaste\plastic\Plastic_54.jpg,plastic,trash,0.852914,False,False
data\external_test_realwaste\plastic\Plastic_540.jpg,plastic,plastic,0.757176,True,False
data\external_test_realwaste\plastic\Plastic_541.jpg,plastic,cardboard,0.567949,False,True
data\external_test_realwaste\plastic\Plastic_542.jpg,plastic,trash,0.529907,False,True
data\external_test_realwaste\plastic\Plastic_543.jpg,plastic,cardboard,0.699047,False,False
data\external_test_realwaste\plastic\Plastic_544.jpg,plastic,cardboard,0.56388,False,True
data\external_test_realwaste\plastic\Plastic_545.jpg,plastic,cardboard,0.589283,False,True
data\external_test_realwaste\plastic\Plastic_546.jpg,plastic,trash,0.405945,False,True
data\external_test_realwaste\plastic\Plastic_547.jpg,plastic,paper,0.355866,False,True
data\external_test_realwaste\plastic\Plastic_548.jpg,plastic,trash,0.823293,False,False
data\external_test_realwaste\plastic\Plastic_549.jpg,plastic,trash,0.340259,False,True
data\external_test_realwaste\plastic\Plastic_55.jpg,plastic,trash,0.655672,False,False
data\external_test_realwaste\plastic\Plastic_550.jpg,plastic,plastic,0.967021,True,False
data\external_test_realwaste\plastic\Plastic_551.jpg,plastic,trash,0.678046,False,False
data\external_test_realwaste\plastic\Plastic_552.jpg,plastic,cardboard,0.665419,False,False
data\external_test_realwaste\plastic\Plastic_553.jpg,plastic,plastic,0.879204,True,False
data\external_test_realwaste\plastic\Plastic_554.jpg,plastic,trash,0.969861,False,False
data\external_test_realwaste\plastic\Plastic_555.jpg,plastic,plastic,0.48222,True,True
data\external_test_realwaste\plastic\Plastic_556.jpg,plastic,plastic,0.638489,True,False
data\external_test_realwaste\plastic\Plastic_557.jpg,plastic,plastic,0.509304,True,True
data\external_test_realwaste\plastic\Plastic_558.jpg,plastic,trash,0.547518,False,True
data\external_test_realwaste\plastic\Plastic_559.jpg,plastic,cardboard,0.410712,False,True
data\external_test_realwaste\plastic\Plastic_56.jpg,plastic,trash,0.639919,False,False
data\external_test_realwaste\plastic\Plastic_560.jpg,plastic,cardboard,0.516138,False,True
data\external_test_realwaste\plastic\Plastic_561.jpg,plastic,plastic,0.707675,True,False
data\external_test_realwaste\plastic\Plastic_562.jpg,plastic,cardboard,0.531448,False,True
data\external_test_realwaste\plastic\Plastic_563.jpg,plastic,cardboard,0.858451,False,False
data\external_test_realwaste\plastic\Plastic_564.jpg,plastic,cardboard,0.699031,False,False
data\external_test_realwaste\plastic\Plastic_565.jpg,plastic,plastic,0.759537,True,False
data\external_test_realwaste\plastic\Plastic_566.jpg,plastic,trash,0.754207,False,False
data\external_test_realwaste\plastic\Plastic_567.jpg,plastic,plastic,0.857514,True,False
data\external_test_realwaste\plastic\Plastic_568.jpg,plastic,plastic,0.509939,True,True
data\external_test_realwaste\plastic\Plastic_569.jpg,plastic,cardboard,0.585814,False,True
data\external_test_realwaste\plastic\Plastic_57.jpg,plastic,cardboard,0.503993,False,True
data\external_test_realwaste\plastic\Plastic_570.jpg,plastic,cardboard,0.831972,False,False
data\external_test_realwaste\plastic\Plastic_571.jpg,plastic,plastic,0.655532,True,False
data\external_test_realwaste\plastic\Plastic_572.jpg,plastic,cardboard,0.848297,False,False
data\external_test_realwaste\plastic\Plastic_573.jpg,plastic,plastic,0.846086,True,False
data\external_test_realwaste\plastic\Plastic_574.jpg,plastic,cardboard,0.900381,False,False
data\external_test_realwaste\plastic\Plastic_575.jpg,plastic,plastic,0.890678,True,False
data\external_test_realwaste\plastic\Plastic_576.jpg,plastic,trash,0.950801,False,False
data\external_test_realwaste\plastic\Plastic_577.jpg,plastic,trash,0.828763,False,False
data\external_test_realwaste\plastic\Plastic_578.jpg,plastic,trash,0.74227,False,False
data\external_test_realwaste\plastic\Plastic_579.jpg,plastic,trash,0.949979,False,False
data\external_test_realwaste\plastic\Plastic_58.jpg,plastic,trash,0.817477,False,False
data\external_test_realwaste\plastic\Plastic_580.jpg,plastic,trash,0.595201,False,True
data\external_test_realwaste\plastic\Plastic_581.jpg,plastic,trash,0.621982,False,False
data\external_test_realwaste\plastic\Plastic_582.jpg,plastic,trash,0.44429,False,True
data\external_test_realwaste\plastic\Plastic_583.jpg,plastic,trash,0.797185,False,False
data\external_test_realwaste\plastic\Plastic_584.jpg,plastic,plastic,0.549432,True,True
data\external_test_realwaste\plastic\Plastic_585.jpg,plastic,metal,0.390939,False,True
data\external_test_realwaste\plastic\Plastic_586.jpg,plastic,cardboard,0.333868,False,True
data\external_test_realwaste\plastic\Plastic_587.jpg,plastic,trash,0.502126,False,True
data\external_test_realwaste\plastic\Plastic_588.jpg,plastic,cardboard,0.351148,False,True
data\external_test_realwaste\plastic\Plastic_589.jpg,plastic,trash,0.533521,False,True
data\external_test_realwaste\plastic\Plastic_59.jpg,plastic,metal,0.902672,False,False
data\external_test_realwaste\plastic\Plastic_590.jpg,plastic,plastic,0.797061,True,False
data\external_test_realwaste\plastic\Plastic_591.jpg,plastic,trash,0.373278,False,True
data\external_test_realwaste\plastic\Plastic_592.jpg,plastic,cardboard,0.378346,False,True
data\external_test_realwaste\plastic\Plastic_593.jpg,plastic,plastic,0.440195,True,True
data\external_test_realwaste\plastic\Plastic_594.jpg,plastic,paper,0.579831,False,True
data\external_test_realwaste\plastic\Plastic_595.jpg,plastic,metal,0.531016,False,True
data\external_test_realwaste\plastic\Plastic_596.jpg,plastic,plastic,0.831202,True,False
data\external_test_realwaste\plastic\Plastic_597.jpg,plastic,plastic,0.474317,True,True
data\external_test_realwaste\plastic\Plastic_598.jpg,plastic,plastic,0.411217,True,True
data\external_test_realwaste\plastic\Plastic_599.jpg,plastic,plastic,0.903087,True,False
data\external_test_realwaste\plastic\Plastic_6.jpg,plastic,trash,0.798989,False,False
data\external_test_realwaste\plastic\Plastic_60.jpg,plastic,trash,0.765395,False,False
data\external_test_realwaste\plastic\Plastic_600.jpg,plastic,trash,0.887306,False,False
data\external_test_realwaste\plastic\Plastic_601.jpg,plastic,plastic,0.489173,True,True
data\external_test_realwaste\plastic\Plastic_602.jpg,plastic,plastic,0.549351,True,True
data\external_test_realwaste\plastic\Plastic_603.jpg,plastic,trash,0.387082,False,True
data\external_test_realwaste\plastic\Plastic_604.jpg,plastic,plastic,0.92927,True,False
data\external_test_realwaste\plastic\Plastic_605.jpg,plastic,cardboard,0.919163,False,False
data\external_test_realwaste\plastic\Plastic_606.jpg,plastic,cardboard,0.52587,False,True
data\external_test_realwaste\plastic\Plastic_607.jpg,plastic,plastic,0.631716,True,False
data\external_test_realwaste\plastic\Plastic_608.jpg,plastic,plastic,0.724203,True,False
data\external_test_realwaste\plastic\Plastic_609.jpg,plastic,trash,0.536825,False,True
data\external_test_realwaste\plastic\Plastic_61.jpg,plastic,cardboard,0.466717,False,True
data\external_test_realwaste\plastic\Plastic_610.jpg,plastic,trash,0.72322,False,False
data\external_test_realwaste\plastic\Plastic_611.jpg,plastic,trash,0.873999,False,False
data\external_test_realwaste\plastic\Plastic_612.jpg,plastic,cardboard,0.315687,False,True
data\external_test_realwaste\plastic\Plastic_613.jpg,plastic,plastic,0.823256,True,False
data\external_test_realwaste\plastic\Plastic_614.jpg,plastic,plastic,0.901441,True,False
data\external_test_realwaste\plastic\Plastic_615.jpg,plastic,cardboard,0.432577,False,True
data\external_test_realwaste\plastic\Plastic_616.jpg,plastic,plastic,0.806072,True,False
data\external_test_realwaste\plastic\Plastic_617.jpg,plastic,trash,0.658005,False,False
data\external_test_realwaste\plastic\Plastic_618.jpg,plastic,cardboard,0.332187,False,True
data\external_test_realwaste\plastic\Plastic_619.jpg,plastic,cardboard,0.585287,False,True
data\external_test_realwaste\plastic\Plastic_62.jpg,plastic,trash,0.445722,False,True
data\external_test_realwaste\plastic\Plastic_620.jpg,plastic,trash,0.438826,False,True
data\external_test_realwaste\plastic\Plastic_621.jpg,plastic,cardboard,0.328644,False,True
data\external_test_realwaste\plastic\Plastic_622.jpg,plastic,trash,0.46219,False,True
data\external_test_realwaste\plastic\Plastic_623.jpg,plastic,trash,0.750573,False,False
data\external_test_realwaste\plastic\Plastic_624.jpg,plastic,cardboard,0.822265,False,False
data\external_test_realwaste\plastic\Plastic_625.jpg,plastic,cardboard,0.910063,False,False
data\external_test_realwaste\plastic\Plastic_626.jpg,plastic,cardboard,0.677196,False,False
data\external_test_realwaste\plastic\Plastic_627.jpg,plastic,cardboard,0.636561,False,False
data\external_test_realwaste\plastic\Plastic_628.jpg,plastic,trash,0.898396,False,False
data\external_test_realwaste\plastic\Plastic_629.jpg,plastic,trash,0.423678,False,True
data\external_test_realwaste\plastic\Plastic_63.jpg,plastic,cardboard,0.737131,False,False
data\external_test_realwaste\plastic\Plastic_630.jpg,plastic,trash,0.868193,False,False
data\external_test_realwaste\plastic\Plastic_631.jpg,plastic,plastic,0.333063,True,True
data\external_test_realwaste\plastic\Plastic_632.jpg,plastic,trash,0.812751,False,False
data\external_test_realwaste\plastic\Plastic_633.jpg,plastic,metal,0.805864,False,False
data\external_test_realwaste\plastic\Plastic_634.jpg,plastic,trash,0.734589,False,False
data\external_test_realwaste\plastic\Plastic_635.jpg,plastic,trash,0.650263,False,False
data\external_test_realwaste\plastic\Plastic_636.jpg,plastic,trash,0.653522,False,False
data\external_test_realwaste\plastic\Plastic_637.jpg,plastic,plastic,0.489319,True,True
data\external_test_realwaste\plastic\Plastic_638.jpg,plastic,cardboard,0.581687,False,True
data\external_test_realwaste\plastic\Plastic_639.jpg,plastic,cardboard,0.920835,False,False
data\external_test_realwaste\plastic\Plastic_64.jpg,plastic,metal,0.486493,False,True
data\external_test_realwaste\plastic\Plastic_640.jpg,plastic,cardboard,0.930265,False,False
data\external_test_realwaste\plastic\Plastic_641.jpg,plastic,plastic,0.794508,True,False
data\external_test_realwaste\plastic\Plastic_642.jpg,plastic,plastic,0.435008,True,True
data\external_test_realwaste\plastic\Plastic_643.jpg,plastic,cardboard,0.496984,False,True
data\external_test_realwaste\plastic\Plastic_644.jpg,plastic,cardboard,0.761599,False,False
data\external_test_realwaste\plastic\Plastic_645.jpg,plastic,metal,0.778416,False,False
data\external_test_realwaste\plastic\Plastic_646.jpg,plastic,trash,0.502838,False,True
data\external_test_realwaste\plastic\Plastic_647.jpg,plastic,cardboard,0.479384,False,True
data\external_test_realwaste\plastic\Plastic_648.jpg,plastic,cardboard,0.455614,False,True
data\external_test_realwaste\plastic\Plastic_649.jpg,plastic,cardboard,0.649054,False,False
data\external_test_realwaste\plastic\Plastic_65.jpg,plastic,cardboard,0.608455,False,False
data\external_test_realwaste\plastic\Plastic_650.jpg,plastic,cardboard,0.595577,False,True
data\external_test_realwaste\plastic\Plastic_651.jpg,plastic,cardboard,0.829632,False,False
data\external_test_realwaste\plastic\Plastic_652.jpg,plastic,trash,0.552029,False,True
data\external_test_realwaste\plastic\Plastic_653.jpg,plastic,metal,0.651247,False,False
data\external_test_realwaste\plastic\Plastic_654.jpg,plastic,plastic,0.365361,True,True
data\external_test_realwaste\plastic\Plastic_655.jpg,plastic,cardboard,0.66456,False,False
data\external_test_realwaste\plastic\Plastic_656.jpg,plastic,metal,0.890166,False,False
data\external_test_realwaste\plastic\Plastic_657.jpg,plastic,cardboard,0.54767,False,True
data\external_test_realwaste\plastic\Plastic_658.jpg,plastic,cardboard,0.654661,False,False
data\external_test_realwaste\plastic\Plastic_659.jpg,plastic,trash,0.492428,False,True
data\external_test_realwaste\plastic\Plastic_66.jpg,plastic,trash,0.996417,False,False
data\external_test_realwaste\plastic\Plastic_660.jpg,plastic,trash,0.710197,False,False
data\external_test_realwaste\plastic\Plastic_661.jpg,plastic,glass,0.697109,False,False
data\external_test_realwaste\plastic\Plastic_662.jpg,plastic,cardboard,0.760124,False,False
data\external_test_realwaste\plastic\Plastic_663.jpg,plastic,plastic,0.978431,True,False
data\external_test_realwaste\plastic\Plastic_664.jpg,plastic,trash,0.588053,False,True
data\external_test_realwaste\plastic\Plastic_665.jpg,plastic,metal,0.531281,False,True
data\external_test_realwaste\plastic\Plastic_666.jpg,plastic,trash,0.651984,False,False
data\external_test_realwaste\plastic\Plastic_667.jpg,plastic,trash,0.478055,False,True
data\external_test_realwaste\plastic\Plastic_668.jpg,plastic,plastic,0.477567,True,True
data\external_test_realwaste\plastic\Plastic_669.jpg,plastic,glass,0.39461,False,True
data\external_test_realwaste\plastic\Plastic_67.jpg,plastic,trash,0.872206,False,False
data\external_test_realwaste\plastic\Plastic_670.jpg,plastic,trash,0.491803,False,True
data\external_test_realwaste\plastic\Plastic_671.jpg,plastic,trash,0.53217,False,True
data\external_test_realwaste\plastic\Plastic_672.jpg,plastic,trash,0.890717,False,False
data\external_test_realwaste\plastic\Plastic_673.jpg,plastic,cardboard,0.712649,False,False
data\external_test_realwaste\plastic\Plastic_674.jpg,plastic,trash,0.546455,False,True
data\external_test_realwaste\plastic\Plastic_675.jpg,plastic,trash,0.442918,False,True
data\external_test_realwaste\plastic\Plastic_676.jpg,plastic,cardboard,0.626229,False,False
data\external_test_realwaste\plastic\Plastic_677.jpg,plastic,cardboard,0.83542,False,False
data\external_test_realwaste\plastic\Plastic_678.jpg,plastic,trash,0.552232,False,True
data\external_test_realwaste\plastic\Plastic_679.jpg,plastic,cardboard,0.366496,False,True
data\external_test_realwaste\plastic\Plastic_68.jpg,plastic,paper,0.485493,False,True
data\external_test_realwaste\plastic\Plastic_680.jpg,plastic,cardboard,0.624804,False,False
data\external_test_realwaste\plastic\Plastic_681.jpg,plastic,cardboard,0.637644,False,False
data\external_test_realwaste\plastic\Plastic_682.jpg,plastic,cardboard,0.886797,False,False
data\external_test_realwaste\plastic\Plastic_683.jpg,plastic,cardboard,0.903561,False,False
data\external_test_realwaste\plastic\Plastic_684.jpg,plastic,cardboard,0.851683,False,False
data\external_test_realwaste\plastic\Plastic_685.jpg,plastic,trash,0.663244,False,False
data\external_test_realwaste\plastic\Plastic_686.jpg,plastic,cardboard,0.874419,False,False
data\external_test_realwaste\plastic\Plastic_687.jpg,plastic,cardboard,0.51847,False,True
data\external_test_realwaste\plastic\Plastic_688.jpg,plastic,cardboard,0.54874,False,True
data\external_test_realwaste\plastic\Plastic_689.jpg,plastic,trash,0.363485,False,True
data\external_test_realwaste\plastic\Plastic_69.jpg,plastic,trash,0.838503,False,False
data\external_test_realwaste\plastic\Plastic_690.jpg,plastic,trash,0.720533,False,False
data\external_test_realwaste\plastic\Plastic_691.jpg,plastic,cardboard,0.834309,False,False
data\external_test_realwaste\plastic\Plastic_692.jpg,plastic,cardboard,0.728115,False,False
data\external_test_realwaste\plastic\Plastic_693.jpg,plastic,cardboard,0.628189,False,False
data\external_test_realwaste\plastic\Plastic_694.jpg,plastic,cardboard,0.848958,False,False
data\external_test_realwaste\plastic\Plastic_695.jpg,plastic,cardboard,0.889878,False,False
data\external_test_realwaste\plastic\Plastic_696.jpg,plastic,trash,0.507665,False,True
data\external_test_realwaste\plastic\Plastic_697.jpg,plastic,cardboard,0.817656,False,False
data\external_test_realwaste\plastic\Plastic_698.jpg,plastic,cardboard,0.638211,False,False
data\external_test_realwaste\plastic\Plastic_699.jpg,plastic,trash,0.761181,False,False
data\external_test_realwaste\plastic\Plastic_7.jpg,plastic,trash,0.496676,False,True
data\external_test_realwaste\plastic\Plastic_70.jpg,plastic,trash,0.958834,False,False
data\external_test_realwaste\plastic\Plastic_700.jpg,plastic,trash,0.934585,False,False
data\external_test_realwaste\plastic\Plastic_701.jpg,plastic,metal,0.351562,False,True
data\external_test_realwaste\plastic\Plastic_702.jpg,plastic,cardboard,0.845016,False,False
data\external_test_realwaste\plastic\Plastic_703.jpg,plastic,trash,0.730451,False,False
data\external_test_realwaste\plastic\Plastic_704.jpg,plastic,cardboard,0.705749,False,False
data\external_test_realwaste\plastic\Plastic_705.jpg,plastic,trash,0.682035,False,False
data\external_test_realwaste\plastic\Plastic_706.jpg,plastic,cardboard,0.587903,False,True
data\external_test_realwaste\plastic\Plastic_707.jpg,plastic,cardboard,0.909616,False,False
data\external_test_realwaste\plastic\Plastic_708.jpg,plastic,plastic,0.803982,True,False
data\external_test_realwaste\plastic\Plastic_709.jpg,plastic,metal,0.284641,False,True
data\external_test_realwaste\plastic\Plastic_71.jpg,plastic,paper,0.430096,False,True
data\external_test_realwaste\plastic\Plastic_710.jpg,plastic,cardboard,0.607183,False,False
data\external_test_realwaste\plastic\Plastic_711.jpg,plastic,metal,0.673291,False,False
data\external_test_realwaste\plastic\Plastic_712.jpg,plastic,glass,0.459408,False,True
data\external_test_realwaste\plastic\Plastic_713.jpg,plastic,metal,0.592881,False,True
data\external_test_realwaste\plastic\Plastic_714.jpg,plastic,metal,0.732741,False,False
data\external_test_realwaste\plastic\Plastic_715.jpg,plastic,trash,0.432494,False,True
data\external_test_realwaste\plastic\Plastic_716.jpg,plastic,trash,0.453506,False,True
data\external_test_realwaste\plastic\Plastic_717.jpg,plastic,plastic,0.857722,True,False
data\external_test_realwaste\plastic\Plastic_718.jpg,plastic,metal,0.384023,False,True
data\external_test_realwaste\plastic\Plastic_719.jpg,plastic,metal,0.41484,False,True
data\external_test_realwaste\plastic\Plastic_72.jpg,plastic,trash,0.419356,False,True
data\external_test_realwaste\plastic\Plastic_720.jpg,plastic,plastic,0.603377,True,False
data\external_test_realwaste\plastic\Plastic_721.jpg,plastic,cardboard,0.826926,False,False
data\external_test_realwaste\plastic\Plastic_722.jpg,plastic,cardboard,0.977495,False,False
data\external_test_realwaste\plastic\Plastic_723.jpg,plastic,trash,0.961486,False,False
data\external_test_realwaste\plastic\Plastic_724.jpg,plastic,trash,0.724606,False,False
data\external_test_realwaste\plastic\Plastic_725.jpg,plastic,metal,0.357073,False,True
data\external_test_realwaste\plastic\Plastic_726.jpg,plastic,trash,0.714808,False,False
data\external_test_realwaste\plastic\Plastic_727.jpg,plastic,cardboard,0.811669,False,False
data\external_test_realwaste\plastic\Plastic_728.jpg,plastic,cardboard,0.481498,False,True
data\external_test_realwaste\plastic\Plastic_729.jpg,plastic,cardboard,0.982295,False,False
data\external_test_realwaste\plastic\Plastic_73.jpg,plastic,trash,0.923881,False,False
data\external_test_realwaste\plastic\Plastic_730.jpg,plastic,cardboard,0.979975,False,False
data\external_test_realwaste\plastic\Plastic_731.jpg,plastic,cardboard,0.959028,False,False
data\external_test_realwaste\plastic\Plastic_732.jpg,plastic,cardboard,0.534687,False,True
data\external_test_realwaste\plastic\Plastic_733.jpg,plastic,cardboard,0.713957,False,False
data\external_test_realwaste\plastic\Plastic_734.jpg,plastic,trash,0.89988,False,False
data\external_test_realwaste\plastic\Plastic_735.jpg,plastic,cardboard,0.640938,False,False
data\external_test_realwaste\plastic\Plastic_736.jpg,plastic,cardboard,0.506992,False,True
data\external_test_realwaste\plastic\Plastic_737.jpg,plastic,cardboard,0.840759,False,False
data\external_test_realwaste\plastic\Plastic_738.jpg,plastic,cardboard,0.956342,False,False
data\external_test_realwaste\plastic\Plastic_739.jpg,plastic,cardboard,0.993746,False,False
data\external_test_realwaste\plastic\Plastic_74.jpg,plastic,trash,0.91071,False,False
data\external_test_realwaste\plastic\Plastic_740.jpg,plastic,cardboard,0.914568,False,False
data\external_test_realwaste\plastic\Plastic_741.jpg,plastic,cardboard,0.909635,False,False
data\external_test_realwaste\plastic\Plastic_742.jpg,plastic,trash,0.718997,False,False
data\external_test_realwaste\plastic\Plastic_743.jpg,plastic,cardboard,0.932462,False,False
data\external_test_realwaste\plastic\Plastic_744.jpg,plastic,cardboard,0.75537,False,False
data\external_test_realwaste\plastic\Plastic_745.jpg,plastic,cardboard,0.50104,False,True
data\external_test_realwaste\plastic\Plastic_746.jpg,plastic,cardboard,0.523148,False,True
data\external_test_realwaste\plastic\Plastic_747.jpg,plastic,cardboard,0.992086,False,False
data\external_test_realwaste\plastic\Plastic_748.jpg,plastic,cardboard,0.996777,False,False
data\external_test_realwaste\plastic\Plastic_749.jpg,plastic,cardboard,0.991769,False,False
data\external_test_realwaste\plastic\Plastic_75.jpg,plastic,trash,0.762821,False,False
data\external_test_realwaste\plastic\Plastic_750.jpg,plastic,cardboard,0.997332,False,False
data\external_test_realwaste\plastic\Plastic_751.jpg,plastic,cardboard,0.991915,False,False
data\external_test_realwaste\plastic\Plastic_752.jpg,plastic,cardboard,0.983625,False,False
data\external_test_realwaste\plastic\Plastic_753.jpg,plastic,cardboard,0.711794,False,False
data\external_test_realwaste\plastic\Plastic_754.jpg,plastic,trash,0.331739,False,True
data\external_test_realwaste\plastic\Plastic_755.jpg,plastic,trash,0.660868,False,False
data\external_test_realwaste\plastic\Plastic_756.jpg,plastic,trash,0.861927,False,False
data\external_test_realwaste\plastic\Plastic_757.jpg,plastic,trash,0.765986,False,False
data\external_test_realwaste\plastic\Plastic_758.jpg,plastic,trash,0.604173,False,False
data\external_test_realwaste\plastic\Plastic_759.jpg,plastic,trash,0.693904,False,False
data\external_test_realwaste\plastic\Plastic_76.jpg,plastic,trash,0.945816,False,False
data\external_test_realwaste\plastic\Plastic_760.jpg,plastic,trash,0.98888,False,False
data\external_test_realwaste\plastic\Plastic_761.jpg,plastic,trash,0.569891,False,True
data\external_test_realwaste\plastic\Plastic_762.jpg,plastic,metal,0.958961,False,False
data\external_test_realwaste\plastic\Plastic_763.jpg,plastic,metal,0.502865,False,True
data\external_test_realwaste\plastic\Plastic_764.jpg,plastic,paper,0.930723,False,False
data\external_test_realwaste\plastic\Plastic_765.jpg,plastic,trash,0.765762,False,False
data\external_test_realwaste\plastic\Plastic_766.jpg,plastic,trash,0.691859,False,False
data\external_test_realwaste\plastic\Plastic_767.jpg,plastic,trash,0.85319,False,False
data\external_test_realwaste\plastic\Plastic_768.jpg,plastic,metal,0.943898,False,False
data\external_test_realwaste\plastic\Plastic_769.jpg,plastic,paper,0.997233,False,False
data\external_test_realwaste\plastic\Plastic_77.jpg,plastic,trash,0.906601,False,False
data\external_test_realwaste\plastic\Plastic_770.jpg,plastic,paper,0.64583,False,False
data\external_test_realwaste\plastic\Plastic_771.jpg,plastic,trash,0.61663,False,False
data\external_test_realwaste\plastic\Plastic_772.jpg,plastic,plastic,0.746386,True,False
data\external_test_realwaste\plastic\Plastic_773.jpg,plastic,paper,0.963953,False,False
data\external_test_realwaste\plastic\Plastic_774.jpg,plastic,trash,0.562184,False,True
data\external_test_realwaste\plastic\Plastic_775.jpg,plastic,trash,0.60546,False,False
data\external_test_realwaste\plastic\Plastic_776.jpg,plastic,cardboard,0.725475,False,False
data\external_test_realwaste\plastic\Plastic_777.jpg,plastic,trash,0.314348,False,True
data\external_test_realwaste\plastic\Plastic_778.jpg,plastic,cardboard,0.930426,False,False
data\external_test_realwaste\plastic\Plastic_779.jpg,plastic,trash,0.867154,False,False
data\external_test_realwaste\plastic\Plastic_78.jpg,plastic,trash,0.863583,False,False
data\external_test_realwaste\plastic\Plastic_780.jpg,plastic,cardboard,0.971225,False,False
data\external_test_realwaste\plastic\Plastic_781.jpg,plastic,cardboard,0.930448,False,False
data\external_test_realwaste\plastic\Plastic_782.jpg,plastic,plastic,0.900774,True,False
data\external_test_realwaste\plastic\Plastic_783.jpg,plastic,trash,0.959957,False,False
data\external_test_realwaste\plastic\Plastic_784.jpg,plastic,cardboard,0.71985,False,False
data\external_test_realwaste\plastic\Plastic_785.jpg,plastic,plastic,0.835761,True,False
data\external_test_realwaste\plastic\Plastic_786.jpg,plastic,cardboard,0.716998,False,False
data\external_test_realwaste\plastic\Plastic_787.jpg,plastic,plastic,0.348885,True,True
data\external_test_realwaste\plastic\Plastic_788.jpg,plastic,plastic,0.490155,True,True
data\external_test_realwaste\plastic\Plastic_789.jpg,plastic,plastic,0.920379,True,False
data\external_test_realwaste\plastic\Plastic_79.jpg,plastic,cardboard,0.881562,False,False
data\external_test_realwaste\plastic\Plastic_790.jpg,plastic,glass,0.463202,False,True
data\external_test_realwaste\plastic\Plastic_791.jpg,plastic,trash,0.860011,False,False
data\external_test_realwaste\plastic\Plastic_792.jpg,plastic,trash,0.956525,False,False
data\external_test_realwaste\plastic\Plastic_793.jpg,plastic,trash,0.477541,False,True
data\external_test_realwaste\plastic\Plastic_794.jpg,plastic,trash,0.512241,False,True
data\external_test_realwaste\plastic\Plastic_795.jpg,plastic,trash,0.902468,False,False
data\external_test_realwaste\plastic\Plastic_796.jpg,plastic,plastic,0.664481,True,False
data\external_test_realwaste\plastic\Plastic_797.jpg,plastic,plastic,0.993696,True,False
data\external_test_realwaste\plastic\Plastic_798.jpg,plastic,cardboard,0.475238,False,True
data\external_test_realwaste\plastic\Plastic_799.jpg,plastic,plastic,0.400974,True,True
data\external_test_realwaste\plastic\Plastic_8.jpg,plastic,trash,0.450471,False,True
data\external_test_realwaste\plastic\Plastic_80.jpg,plastic,plastic,0.428118,True,True
data\external_test_realwaste\plastic\Plastic_800.jpg,plastic,plastic,0.363405,True,True
data\external_test_realwaste\plastic\Plastic_801.jpg,plastic,glass,0.540983,False,True
data\external_test_realwaste\plastic\Plastic_802.jpg,plastic,plastic,0.563699,True,True
data\external_test_realwaste\plastic\Plastic_803.jpg,plastic,plastic,0.661871,True,False
data\external_test_realwaste\plastic\Plastic_804.jpg,plastic,trash,0.919067,False,False
data\external_test_realwaste\plastic\Plastic_805.jpg,plastic,trash,0.591931,False,True
data\external_test_realwaste\plastic\Plastic_806.jpg,plastic,trash,0.889661,False,False
data\external_test_realwaste\plastic\Plastic_807.jpg,plastic,plastic,0.739135,True,False
data\external_test_realwaste\plastic\Plastic_808.jpg,plastic,cardboard,0.72255,False,False
data\external_test_realwaste\plastic\Plastic_809.jpg,plastic,trash,0.689428,False,False
data\external_test_realwaste\plastic\Plastic_81.jpg,plastic,trash,0.797571,False,False
data\external_test_realwaste\plastic\Plastic_810.jpg,plastic,trash,0.495159,False,True
data\external_test_realwaste\plastic\Plastic_811.jpg,plastic,plastic,0.629101,True,False
data\external_test_realwaste\plastic\Plastic_812.jpg,plastic,trash,0.646041,False,False
data\external_test_realwaste\plastic\Plastic_813.jpg,plastic,plastic,0.975794,True,False
data\external_test_realwaste\plastic\Plastic_814.jpg,plastic,plastic,0.482969,True,True
data\external_test_realwaste\plastic\Plastic_815.jpg,plastic,trash,0.448378,False,True
data\external_test_realwaste\plastic\Plastic_816.jpg,plastic,trash,0.328855,False,True
data\external_test_realwaste\plastic\Plastic_817.jpg,plastic,plastic,0.708504,True,False
data\external_test_realwaste\plastic\Plastic_818.jpg,plastic,plastic,0.781948,True,False
data\external_test_realwaste\plastic\Plastic_819.jpg,plastic,plastic,0.912924,True,False
data\external_test_realwaste\plastic\Plastic_82.jpg,plastic,cardboard,0.837493,False,False
data\external_test_realwaste\plastic\Plastic_820.jpg,plastic,plastic,0.994516,True,False
data\external_test_realwaste\plastic\Plastic_821.jpg,plastic,plastic,0.608576,True,False
data\external_test_realwaste\plastic\Plastic_822.jpg,plastic,trash,0.87816,False,False
data\external_test_realwaste\plastic\Plastic_823.jpg,plastic,trash,0.92372,False,False
data\external_test_realwaste\plastic\Plastic_824.jpg,plastic,plastic,0.688,True,False
data\external_test_realwaste\plastic\Plastic_825.jpg,plastic,trash,0.98268,False,False
data\external_test_realwaste\plastic\Plastic_826.jpg,plastic,plastic,0.99536,True,False
data\external_test_realwaste\plastic\Plastic_827.jpg,plastic,metal,0.437667,False,True
data\external_test_realwaste\plastic\Plastic_828.jpg,plastic,trash,0.930986,False,False
data\external_test_realwaste\plastic\Plastic_829.jpg,plastic,cardboard,0.56337,False,True
data\external_test_realwaste\plastic\Plastic_83.jpg,plastic,paper,0.465346,False,True
data\external_test_realwaste\plastic\Plastic_830.jpg,plastic,trash,0.962455,False,False
data\external_test_realwaste\plastic\Plastic_831.jpg,plastic,plastic,0.7488,True,False
data\external_test_realwaste\plastic\Plastic_832.jpg,plastic,plastic,0.561603,True,True
data\external_test_realwaste\plastic\Plastic_833.jpg,plastic,plastic,0.540852,True,True
data\external_test_realwaste\plastic\Plastic_834.jpg,plastic,trash,0.442855,False,True
data\external_test_realwaste\plastic\Plastic_835.jpg,plastic,plastic,0.678824,True,False
data\external_test_realwaste\plastic\Plastic_836.jpg,plastic,metal,0.57313,False,True
data\external_test_realwaste\plastic\Plastic_837.jpg,plastic,trash,0.746582,False,False
data\external_test_realwaste\plastic\Plastic_838.jpg,plastic,trash,0.563742,False,True
data\external_test_realwaste\plastic\Plastic_839.jpg,plastic,trash,0.921106,False,False
data\external_test_realwaste\plastic\Plastic_84.jpg,plastic,metal,0.973425,False,False
data\external_test_realwaste\plastic\Plastic_840.jpg,plastic,trash,0.847955,False,False
data\external_test_realwaste\plastic\Plastic_841.jpg,plastic,plastic,0.876589,True,False
data\external_test_realwaste\plastic\Plastic_842.jpg,plastic,trash,0.987374,False,False
data\external_test_realwaste\plastic\Plastic_843.jpg,plastic,trash,0.9546,False,False
data\external_test_realwaste\plastic\Plastic_844.jpg,plastic,trash,0.989049,False,False
data\external_test_realwaste\plastic\Plastic_845.jpg,plastic,trash,0.492474,False,True
data\external_test_realwaste\plastic\Plastic_846.jpg,plastic,trash,0.943814,False,False
data\external_test_realwaste\plastic\Plastic_847.jpg,plastic,plastic,0.676357,True,False
data\external_test_realwaste\plastic\Plastic_848.jpg,plastic,metal,0.479482,False,True
data\external_test_realwaste\plastic\Plastic_849.jpg,plastic,trash,0.544565,False,True
data\external_test_realwaste\plastic\Plastic_85.jpg,plastic,cardboard,0.968394,False,False
data\external_test_realwaste\plastic\Plastic_850.jpg,plastic,plastic,0.645336,True,False
data\external_test_realwaste\plastic\Plastic_851.jpg,plastic,trash,0.89041,False,False
data\external_test_realwaste\plastic\Plastic_852.jpg,plastic,plastic,0.92541,True,False
data\external_test_realwaste\plastic\Plastic_853.jpg,plastic,trash,0.300865,False,True
data\external_test_realwaste\plastic\Plastic_854.jpg,plastic,trash,0.512994,False,True
data\external_test_realwaste\plastic\Plastic_855.jpg,plastic,plastic,0.731928,True,False
data\external_test_realwaste\plastic\Plastic_856.jpg,plastic,trash,0.568771,False,True
data\external_test_realwaste\plastic\Plastic_857.jpg,plastic,trash,0.902045,False,False
data\external_test_realwaste\plastic\Plastic_858.jpg,plastic,plastic,0.736561,True,False
data\external_test_realwaste\plastic\Plastic_859.jpg,plastic,trash,0.713535,False,False
data\external_test_realwaste\plastic\Plastic_86.jpg,plastic,trash,0.708406,False,False
data\external_test_realwaste\plastic\Plastic_860.jpg,plastic,trash,0.708318,False,False
data\external_test_realwaste\plastic\Plastic_861.jpg,plastic,glass,0.48287,False,True
data\external_test_realwaste\plastic\Plastic_862.jpg,plastic,plastic,0.826625,True,False
data\external_test_realwaste\plastic\Plastic_863.jpg,plastic,plastic,0.661075,True,False
data\external_test_realwaste\plastic\Plastic_864.jpg,plastic,plastic,0.896131,True,False
data\external_test_realwaste\plastic\Plastic_865.jpg,plastic,trash,0.421216,False,True
data\external_test_realwaste\plastic\Plastic_866.jpg,plastic,paper,0.553922,False,True
data\external_test_realwaste\plastic\Plastic_867.jpg,plastic,trash,0.599477,False,True
data\external_test_realwaste\plastic\Plastic_868.jpg,plastic,trash,0.955306,False,False
data\external_test_realwaste\plastic\Plastic_869.jpg,plastic,trash,0.902446,False,False
data\external_test_realwaste\plastic\Plastic_87.jpg,plastic,paper,0.959789,False,False
data\external_test_realwaste\plastic\Plastic_870.jpg,plastic,plastic,0.835056,True,False
data\external_test_realwaste\plastic\Plastic_871.jpg,plastic,plastic,0.88967,True,False
data\external_test_realwaste\plastic\Plastic_872.jpg,plastic,plastic,0.941851,True,False
data\external_test_realwaste\plastic\Plastic_873.jpg,plastic,plastic,0.531928,True,True
data\external_test_realwaste\plastic\Plastic_874.jpg,plastic,trash,0.761605,False,False
data\external_test_realwaste\plastic\Plastic_875.jpg,plastic,plastic,0.509782,True,True
data\external_test_realwaste\plastic\Plastic_876.jpg,plastic,trash,0.857237,False,False
data\external_test_realwaste\plastic\Plastic_877.jpg,plastic,metal,0.381729,False,True
data\external_test_realwaste\plastic\Plastic_878.jpg,plastic,trash,0.968162,False,False
data\external_test_realwaste\plastic\Plastic_879.jpg,plastic,metal,0.475545,False,True
data\external_test_realwaste\plastic\Plastic_88.jpg,plastic,trash,0.908691,False,False
data\external_test_realwaste\plastic\Plastic_880.jpg,plastic,trash,0.679504,False,False
data\external_test_realwaste\plastic\Plastic_881.jpg,plastic,trash,0.741,False,False
data\external_test_realwaste\plastic\Plastic_882.jpg,plastic,plastic,0.709704,True,False
data\external_test_realwaste\plastic\Plastic_883.jpg,plastic,trash,0.689367,False,False
data\external_test_realwaste\plastic\Plastic_884.jpg,plastic,trash,0.818185,False,False
data\external_test_realwaste\plastic\Plastic_885.jpg,plastic,trash,0.887804,False,False
data\external_test_realwaste\plastic\Plastic_886.jpg,plastic,plastic,0.87434,True,False
data\external_test_realwaste\plastic\Plastic_887.jpg,plastic,trash,0.955756,False,False
data\external_test_realwaste\plastic\Plastic_888.jpg,plastic,trash,0.939058,False,False
data\external_test_realwaste\plastic\Plastic_889.jpg,plastic,trash,0.514008,False,True
data\external_test_realwaste\plastic\Plastic_89.jpg,plastic,cardboard,0.953963,False,False
data\external_test_realwaste\plastic\Plastic_890.jpg,plastic,trash,0.706786,False,False
data\external_test_realwaste\plastic\Plastic_891.jpg,plastic,plastic,0.623656,True,False
data\external_test_realwaste\plastic\Plastic_892.jpg,plastic,trash,0.617302,False,False
data\external_test_realwaste\plastic\Plastic_893.jpg,plastic,trash,0.81122,False,False
data\external_test_realwaste\plastic\Plastic_894.jpg,plastic,trash,0.596712,False,True
data\external_test_realwaste\plastic\Plastic_895.jpg,plastic,trash,0.664634,False,False
data\external_test_realwaste\plastic\Plastic_896.jpg,plastic,trash,0.92719,False,False
data\external_test_realwaste\plastic\Plastic_897.jpg,plastic,plastic,0.882516,True,False
data\external_test_realwaste\plastic\Plastic_898.jpg,plastic,trash,0.57311,False,True
data\external_test_realwaste\plastic\Plastic_899.jpg,plastic,trash,0.748317,False,False
data\external_test_realwaste\plastic\Plastic_9.jpg,plastic,trash,0.436413,False,True
data\external_test_realwaste\plastic\Plastic_90.jpg,plastic,trash,0.511988,False,True
data\external_test_realwaste\plastic\Plastic_900.jpg,plastic,plastic,0.903412,True,False
data\external_test_realwaste\plastic\Plastic_901.jpg,plastic,trash,0.86519,False,False
data\external_test_realwaste\plastic\Plastic_902.jpg,plastic,plastic,0.739827,True,False
data\external_test_realwaste\plastic\Plastic_903.jpg,plastic,plastic,0.981453,True,False
data\external_test_realwaste\plastic\Plastic_904.jpg,plastic,trash,0.725188,False,False
data\external_test_realwaste\plastic\Plastic_905.jpg,plastic,plastic,0.695258,True,False
data\external_test_realwaste\plastic\Plastic_906.jpg,plastic,plastic,0.992819,True,False
data\external_test_realwaste\plastic\Plastic_907.jpg,plastic,plastic,0.999321,True,False
data\external_test_realwaste\plastic\Plastic_908.jpg,plastic,plastic,0.87603,True,False
data\external_test_realwaste\plastic\Plastic_909.jpg,plastic,plastic,0.974225,True,False
data\external_test_realwaste\plastic\Plastic_91.jpg,plastic,metal,0.638883,False,False
data\external_test_realwaste\plastic\Plastic_910.jpg,plastic,trash,0.884455,False,False
data\external_test_realwaste\plastic\Plastic_911.jpg,plastic,plastic,0.993203,True,False
data\external_test_realwaste\plastic\Plastic_912.jpg,plastic,trash,0.757018,False,False
data\external_test_realwaste\plastic\Plastic_913.jpg,plastic,plastic,0.943691,True,False
data\external_test_realwaste\plastic\Plastic_914.jpg,plastic,trash,0.900046,False,False
data\external_test_realwaste\plastic\Plastic_915.jpg,plastic,trash,0.908874,False,False
data\external_test_realwaste\plastic\Plastic_916.jpg,plastic,trash,0.960067,False,False
data\external_test_realwaste\plastic\Plastic_917.jpg,plastic,cardboard,0.993806,False,False
data\external_test_realwaste\plastic\Plastic_918.jpg,plastic,cardboard,0.571149,False,True
data\external_test_realwaste\plastic\Plastic_919.jpg,plastic,cardboard,0.990609,False,False
data\external_test_realwaste\plastic\Plastic_92.jpg,plastic,trash,0.747952,False,False
data\external_test_realwaste\plastic\Plastic_920.jpg,plastic,trash,0.796633,False,False
data\external_test_realwaste\plastic\Plastic_921.jpg,plastic,cardboard,0.977952,False,False
data\external_test_realwaste\plastic\Plastic_93.jpg,plastic,cardboard,0.957136,False,False
data\external_test_realwaste\plastic\Plastic_94.jpg,plastic,trash,0.989086,False,False
data\external_test_realwaste\plastic\Plastic_95.jpg,plastic,trash,0.985737,False,False
data\external_test_realwaste\plastic\Plastic_96.jpg,plastic,metal,0.516372,False,True
data\external_test_realwaste\plastic\Plastic_97.jpg,plastic,trash,0.458399,False,True
data\external_test_realwaste\plastic\Plastic_98.jpg,plastic,metal,0.436575,False,True
data\external_test_realwaste\plastic\Plastic_99.jpg,plastic,trash,0.94036,False,False
data\external_test_realwaste\trash\Miscellaneous Trash_1.jpg,trash,paper,0.860453,False,False
data\external_test_realwaste\trash\Miscellaneous Trash_10.jpg,trash,cardboard,0.647231,False,False
data\external_test_realwaste\trash\Miscellaneous Trash_100.jpg,trash,paper,0.958361,False,False
data\external_test_realwaste\trash\Miscellaneous Trash_101.jpg,trash,paper,0.99681,False,False
data\external_test_realwaste\trash\Miscellaneous Trash_102.jpg,trash,cardboard,0.950159,False,False
data\external_test_realwaste\trash\Miscellaneous Trash_103.jpg,trash,cardboard,0.614482,False,False
data\external_test_realwaste\trash\Miscellaneous Trash_104.jpg,trash,cardboard,0.954142,False,False
data\external_test_realwaste\trash\Miscellaneous Trash_105.jpg,trash,trash,0.701849,True,False
data\external_test_realwaste\trash\Miscellaneous Trash_106.jpg,trash,cardboard,0.952692,False,False
data\external_test_realwaste\trash\Miscellaneous Trash_107.jpg,trash,trash,0.548346,True,True
data\external_test_realwaste\trash\Miscellaneous Trash_108.jpg,trash,trash,0.903888,True,False
data\external_test_realwaste\trash\Miscellaneous Trash_109.jpg,trash,cardboard,0.72576,False,False
data\external_test_realwaste\trash\Miscellaneous Trash_11.jpg,trash,trash,0.870789,True,False
data\external_test_realwaste\trash\Miscellaneous Trash_110.jpg,trash,trash,0.866741,True,False
data\external_test_realwaste\trash\Miscellaneous Trash_111.jpg,trash,cardboard,0.931945,False,False
data\external_test_realwaste\trash\Miscellaneous Trash_112.jpg,trash,trash,0.744378,True,False
data\external_test_realwaste\trash\Miscellaneous Trash_113.jpg,trash,metal,0.992128,False,False
data\external_test_realwaste\trash\Miscellaneous Trash_114.jpg,trash,cardboard,0.811223,False,False
data\external_test_realwaste\trash\Miscellaneous Trash_115.jpg,trash,cardboard,0.938294,False,False
data\external_test_realwaste\trash\Miscellaneous Trash_116.jpg,trash,cardboard,0.81905,False,False
data\external_test_realwaste\trash\Miscellaneous Trash_117.jpg,trash,cardboard,0.640772,False,False
data\external_test_realwaste\trash\Miscellaneous Trash_118.jpg,trash,trash,0.861781,True,False
data\external_test_realwaste\trash\Miscellaneous Trash_119.jpg,trash,trash,0.900967,True,False
data\external_test_realwaste\trash\Miscellaneous Trash_12.jpg,trash,cardboard,0.640751,False,False
data\external_test_realwaste\trash\Miscellaneous Trash_120.jpg,trash,trash,0.938559,True,False
data\external_test_realwaste\trash\Miscellaneous Trash_121.jpg,trash,cardboard,0.792452,False,False
data\external_test_realwaste\trash\Miscellaneous Trash_122.jpg,trash,trash,0.911007,True,False
data\external_test_realwaste\trash\Miscellaneous Trash_123.jpg,trash,trash,0.769082,True,False
data\external_test_realwaste\trash\Miscellaneous Trash_124.jpg,trash,metal,0.942337,False,False
data\external_test_realwaste\trash\Miscellaneous Trash_125.jpg,trash,trash,0.952584,True,False
data\external_test_realwaste\trash\Miscellaneous Trash_126.jpg,trash,trash,0.821312,True,False
data\external_test_realwaste\trash\Miscellaneous Trash_127.jpg,trash,cardboard,0.554103,False,True
data\external_test_realwaste\trash\Miscellaneous Trash_128.jpg,trash,paper,0.473333,False,True
data\external_test_realwaste\trash\Miscellaneous Trash_129.jpg,trash,plastic,0.50203,False,True
data\external_test_realwaste\trash\Miscellaneous Trash_13.jpg,trash,metal,0.567745,False,True
data\external_test_realwaste\trash\Miscellaneous Trash_130.jpg,trash,cardboard,0.906559,False,False
data\external_test_realwaste\trash\Miscellaneous Trash_131.jpg,trash,cardboard,0.882607,False,False
data\external_test_realwaste\trash\Miscellaneous Trash_132.jpg,trash,trash,0.566552,True,True
data\external_test_realwaste\trash\Miscellaneous Trash_133.jpg,trash,trash,0.90902,True,False
data\external_test_realwaste\trash\Miscellaneous Trash_134.jpg,trash,trash,0.752454,True,False
data\external_test_realwaste\trash\Miscellaneous Trash_135.jpg,trash,paper,0.420698,False,True
data\external_test_realwaste\trash\Miscellaneous Trash_136.jpg,trash,trash,0.885572,True,False
data\external_test_realwaste\trash\Miscellaneous Trash_137.jpg,trash,trash,0.94865,True,False
data\external_test_realwaste\trash\Miscellaneous Trash_138.jpg,trash,trash,0.984545,True,False
data\external_test_realwaste\trash\Miscellaneous Trash_139.jpg,trash,paper,0.506,False,True
data\external_test_realwaste\trash\Miscellaneous Trash_14.jpg,trash,trash,0.631386,True,False
data\external_test_realwaste\trash\Miscellaneous Trash_140.jpg,trash,trash,0.792339,True,False
data\external_test_realwaste\trash\Miscellaneous Trash_141.jpg,trash,trash,0.843151,True,False
data\external_test_realwaste\trash\Miscellaneous Trash_142.jpg,trash,trash,0.950077,True,False
data\external_test_realwaste\trash\Miscellaneous Trash_143.jpg,trash,trash,0.859556,True,False
data\external_test_realwaste\trash\Miscellaneous Trash_144.jpg,trash,trash,0.83369,True,False
data\external_test_realwaste\trash\Miscellaneous Trash_145.jpg,trash,cardboard,0.879419,False,False
data\external_test_realwaste\trash\Miscellaneous Trash_146.jpg,trash,trash,0.666964,True,False
data\external_test_realwaste\trash\Miscellaneous Trash_147.jpg,trash,cardboard,0.948883,False,False
data\external_test_realwaste\trash\Miscellaneous Trash_148.jpg,trash,trash,0.825029,True,False
data\external_test_realwaste\trash\Miscellaneous Trash_149.jpg,trash,paper,0.859816,False,False
data\external_test_realwaste\trash\Miscellaneous Trash_15.jpg,trash,trash,0.997744,True,False
data\external_test_realwaste\trash\Miscellaneous Trash_150.jpg,trash,trash,0.875995,True,False
data\external_test_realwaste\trash\Miscellaneous Trash_151.jpg,trash,trash,0.437263,True,True
data\external_test_realwaste\trash\Miscellaneous Trash_152.jpg,trash,trash,0.662823,True,False
data\external_test_realwaste\trash\Miscellaneous Trash_153.jpg,trash,trash,0.74995,True,False
data\external_test_realwaste\trash\Miscellaneous Trash_154.jpg,trash,plastic,0.371684,False,True
data\external_test_realwaste\trash\Miscellaneous Trash_155.jpg,trash,trash,0.737745,True,False
data\external_test_realwaste\trash\Miscellaneous Trash_156.jpg,trash,metal,0.905702,False,False
data\external_test_realwaste\trash\Miscellaneous Trash_157.jpg,trash,trash,0.599486,True,True
data\external_test_realwaste\trash\Miscellaneous Trash_158.jpg,trash,trash,0.840678,True,False
data\external_test_realwaste\trash\Miscellaneous Trash_159.jpg,trash,metal,0.369875,False,True
data\external_test_realwaste\trash\Miscellaneous Trash_16.jpg,trash,trash,0.9997,True,False
data\external_test_realwaste\trash\Miscellaneous Trash_160.jpg,trash,metal,0.454736,False,True
data\external_test_realwaste\trash\Miscellaneous Trash_161.jpg,trash,trash,0.578163,True,True
data\external_test_realwaste\trash\Miscellaneous Trash_162.jpg,trash,trash,0.956753,True,False
data\external_test_realwaste\trash\Miscellaneous Trash_163.jpg,trash,cardboard,0.381248,False,True
data\external_test_realwaste\trash\Miscellaneous Trash_164.jpg,trash,trash,0.731805,True,False
data\external_test_realwaste\trash\Miscellaneous Trash_165.jpg,trash,trash,0.614224,True,False
data\external_test_realwaste\trash\Miscellaneous Trash_166.jpg,trash,trash,0.929862,True,False
data\external_test_realwaste\trash\Miscellaneous Trash_167.jpg,trash,plastic,0.319381,False,True
data\external_test_realwaste\trash\Miscellaneous Trash_168.jpg,trash,trash,0.756265,True,False
data\external_test_realwaste\trash\Miscellaneous Trash_169.jpg,trash,trash,0.645802,True,False
data\external_test_realwaste\trash\Miscellaneous Trash_17.jpg,trash,trash,0.981226,True,False
data\external_test_realwaste\trash\Miscellaneous Trash_170.jpg,trash,cardboard,0.931899,False,False
data\external_test_realwaste\trash\Miscellaneous Trash_171.jpg,trash,cardboard,0.643696,False,False
data\external_test_realwaste\trash\Miscellaneous Trash_172.jpg,trash,trash,0.995639,True,False
data\external_test_realwaste\trash\Miscellaneous Trash_173.jpg,trash,trash,0.932015,True,False
data\external_test_realwaste\trash\Miscellaneous Trash_174.jpg,trash,trash,0.73527,True,False
data\external_test_realwaste\trash\Miscellaneous Trash_175.jpg,trash,trash,0.980499,True,False
data\external_test_realwaste\trash\Miscellaneous Trash_176.jpg,trash,trash,0.401585,True,True
data\external_test_realwaste\trash\Miscellaneous Trash_177.jpg,trash,trash,0.632171,True,False
data\external_test_realwaste\trash\Miscellaneous Trash_178.jpg,trash,trash,0.871441,True,False
data\external_test_realwaste\trash\Miscellaneous Trash_179.jpg,trash,trash,0.560444,True,True
data\external_test_realwaste\trash\Miscellaneous Trash_18.jpg,trash,trash,0.781493,True,False
data\external_test_realwaste\trash\Miscellaneous Trash_180.jpg,trash,paper,0.504014,False,True
data\external_test_realwaste\trash\Miscellaneous Trash_181.jpg,trash,paper,0.836745,False,False
data\external_test_realwaste\trash\Miscellaneous Trash_182.jpg,trash,trash,0.770498,True,False
data\external_test_realwaste\trash\Miscellaneous Trash_183.jpg,trash,trash,0.874865,True,False
data\external_test_realwaste\trash\Miscellaneous Trash_184.jpg,trash,trash,0.93321,True,False
data\external_test_realwaste\trash\Miscellaneous Trash_185.jpg,trash,paper,0.978251,False,False
data\external_test_realwaste\trash\Miscellaneous Trash_186.jpg,trash,trash,0.701567,True,False
data\external_test_realwaste\trash\Miscellaneous Trash_187.jpg,trash,trash,0.654979,True,False
data\external_test_realwaste\trash\Miscellaneous Trash_188.jpg,trash,trash,0.98752,True,False
data\external_test_realwaste\trash\Miscellaneous Trash_189.jpg,trash,trash,0.48982,True,True
data\external_test_realwaste\trash\Miscellaneous Trash_19.jpg,trash,trash,0.533627,True,True
data\external_test_realwaste\trash\Miscellaneous Trash_190.jpg,trash,trash,0.984609,True,False
data\external_test_realwaste\trash\Miscellaneous Trash_191.jpg,trash,trash,0.379609,True,True
data\external_test_realwaste\trash\Miscellaneous Trash_192.jpg,trash,paper,0.462975,False,True
data\external_test_realwaste\trash\Miscellaneous Trash_193.jpg,trash,trash,0.408491,True,True
data\external_test_realwaste\trash\Miscellaneous Trash_194.jpg,trash,paper,0.684238,False,False
data\external_test_realwaste\trash\Miscellaneous Trash_195.jpg,trash,plastic,0.331588,False,True
data\external_test_realwaste\trash\Miscellaneous Trash_196.jpg,trash,paper,0.446322,False,True
data\external_test_realwaste\trash\Miscellaneous Trash_197.jpg,trash,plastic,0.725539,False,False
data\external_test_realwaste\trash\Miscellaneous Trash_198.jpg,trash,plastic,0.737199,False,False
data\external_test_realwaste\trash\Miscellaneous Trash_199.jpg,trash,trash,0.966864,True,False
data\external_test_realwaste\trash\Miscellaneous Trash_2.jpg,trash,trash,0.811641,True,False
data\external_test_realwaste\trash\Miscellaneous Trash_20.jpg,trash,trash,0.776888,True,False
data\external_test_realwaste\trash\Miscellaneous Trash_200.jpg,trash,trash,0.99051,True,False
data\external_test_realwaste\trash\Miscellaneous Trash_201.jpg,trash,trash,0.51408,True,True
data\external_test_realwaste\trash\Miscellaneous Trash_202.jpg,trash,paper,0.693808,False,False
data\external_test_realwaste\trash\Miscellaneous Trash_203.jpg,trash,trash,0.7933,True,False
data\external_test_realwaste\trash\Miscellaneous Trash_204.jpg,trash,trash,0.803438,True,False
data\external_test_realwaste\trash\Miscellaneous Trash_205.jpg,trash,metal,0.672338,False,False
data\external_test_realwaste\trash\Miscellaneous Trash_206.jpg,trash,trash,0.985079,True,False
data\external_test_realwaste\trash\Miscellaneous Trash_207.jpg,trash,trash,0.557199,True,True
data\external_test_realwaste\trash\Miscellaneous Trash_208.jpg,trash,trash,0.597843,True,True
data\external_test_realwaste\trash\Miscellaneous Trash_209.jpg,trash,metal,0.440729,False,True
data\external_test_realwaste\trash\Miscellaneous Trash_21.jpg,trash,trash,0.913255,True,False
data\external_test_realwaste\trash\Miscellaneous Trash_210.jpg,trash,trash,0.627534,True,False
data\external_test_realwaste\trash\Miscellaneous Trash_211.jpg,trash,paper,0.936636,False,False
data\external_test_realwaste\trash\Miscellaneous Trash_212.jpg,trash,trash,0.989073,True,False
data\external_test_realwaste\trash\Miscellaneous Trash_213.jpg,trash,paper,0.929634,False,False
data\external_test_realwaste\trash\Miscellaneous Trash_214.jpg,trash,paper,0.99934,False,False
data\external_test_realwaste\trash\Miscellaneous Trash_215.jpg,trash,trash,0.66124,True,False
data\external_test_realwaste\trash\Miscellaneous Trash_216.jpg,trash,trash,0.958093,True,False
data\external_test_realwaste\trash\Miscellaneous Trash_217.jpg,trash,trash,0.577718,True,True
data\external_test_realwaste\trash\Miscellaneous Trash_218.jpg,trash,trash,0.811504,True,False
data\external_test_realwaste\trash\Miscellaneous Trash_219.jpg,trash,trash,0.992301,True,False
data\external_test_realwaste\trash\Miscellaneous Trash_22.jpg,trash,trash,0.952643,True,False
data\external_test_realwaste\trash\Miscellaneous Trash_220.jpg,trash,trash,0.63924,True,False
data\external_test_realwaste\trash\Miscellaneous Trash_221.jpg,trash,trash,0.972354,True,False
data\external_test_realwaste\trash\Miscellaneous Trash_222.jpg,trash,cardboard,0.845364,False,False
data\external_test_realwaste\trash\Miscellaneous Trash_223.jpg,trash,paper,0.982594,False,False
data\external_test_realwaste\trash\Miscellaneous Trash_224.jpg,trash,trash,0.894786,True,False
data\external_test_realwaste\trash\Miscellaneous Trash_225.jpg,trash,cardboard,0.660715,False,False
data\external_test_realwaste\trash\Miscellaneous Trash_226.jpg,trash,trash,0.98991,True,False
data\external_test_realwaste\trash\Miscellaneous Trash_227.jpg,trash,trash,0.990152,True,False
data\external_test_realwaste\trash\Miscellaneous Trash_228.jpg,trash,trash,0.976281,True,False
data\external_test_realwaste\trash\Miscellaneous Trash_229.jpg,trash,trash,0.672078,True,False
data\external_test_realwaste\trash\Miscellaneous Trash_23.jpg,trash,cardboard,0.87456,False,False
data\external_test_realwaste\trash\Miscellaneous Trash_230.jpg,trash,trash,0.977736,True,False
data\external_test_realwaste\trash\Miscellaneous Trash_231.jpg,trash,trash,0.941039,True,False
data\external_test_realwaste\trash\Miscellaneous Trash_232.jpg,trash,trash,0.972448,True,False
data\external_test_realwaste\trash\Miscellaneous Trash_233.jpg,trash,trash,0.987083,True,False
data\external_test_realwaste\trash\Miscellaneous Trash_234.jpg,trash,trash,0.802975,True,False
data\external_test_realwaste\trash\Miscellaneous Trash_235.jpg,trash,paper,0.8662,False,False
data\external_test_realwaste\trash\Miscellaneous Trash_236.jpg,trash,trash,0.67145,True,False
data\external_test_realwaste\trash\Miscellaneous Trash_237.jpg,trash,trash,0.890448,True,False
data\external_test_realwaste\trash\Miscellaneous Trash_238.jpg,trash,trash,0.882499,True,False
data\external_test_realwaste\trash\Miscellaneous Trash_239.jpg,trash,trash,0.631564,True,False
data\external_test_realwaste\trash\Miscellaneous Trash_24.jpg,trash,cardboard,0.89105,False,False
data\external_test_realwaste\trash\Miscellaneous Trash_240.jpg,trash,trash,0.771766,True,False
data\external_test_realwaste\trash\Miscellaneous Trash_241.jpg,trash,trash,0.959852,True,False
data\external_test_realwaste\trash\Miscellaneous Trash_242.jpg,trash,trash,0.988593,True,False
data\external_test_realwaste\trash\Miscellaneous Trash_243.jpg,trash,trash,0.92867,True,False
data\external_test_realwaste\trash\Miscellaneous Trash_244.jpg,trash,trash,0.499444,True,True
data\external_test_realwaste\trash\Miscellaneous Trash_245.jpg,trash,trash,0.575779,True,True
data\external_test_realwaste\trash\Miscellaneous Trash_246.jpg,trash,paper,0.99747,False,False
data\external_test_realwaste\trash\Miscellaneous Trash_247.jpg,trash,trash,0.995598,True,False
data\external_test_realwaste\trash\Miscellaneous Trash_248.jpg,trash,trash,0.838845,True,False
data\external_test_realwaste\trash\Miscellaneous Trash_249.jpg,trash,paper,0.854169,False,False
data\external_test_realwaste\trash\Miscellaneous Trash_25.jpg,trash,trash,0.879311,True,False
data\external_test_realwaste\trash\Miscellaneous Trash_250.jpg,trash,trash,0.516084,True,True
data\external_test_realwaste\trash\Miscellaneous Trash_251.jpg,trash,trash,0.721107,True,False
data\external_test_realwaste\trash\Miscellaneous Trash_252.jpg,trash,cardboard,0.821514,False,False
data\external_test_realwaste\trash\Miscellaneous Trash_253.jpg,trash,trash,0.570613,True,True
data\external_test_realwaste\trash\Miscellaneous Trash_254.jpg,trash,trash,0.936087,True,False
data\external_test_realwaste\trash\Miscellaneous Trash_255.jpg,trash,trash,0.995698,True,False
data\external_test_realwaste\trash\Miscellaneous Trash_256.jpg,trash,paper,0.557041,False,True
data\external_test_realwaste\trash\Miscellaneous Trash_257.jpg,trash,metal,0.661546,False,False
data\external_test_realwaste\trash\Miscellaneous Trash_258.jpg,trash,trash,0.693004,True,False
data\external_test_realwaste\trash\Miscellaneous Trash_259.jpg,trash,cardboard,0.920717,False,False
data\external_test_realwaste\trash\Miscellaneous Trash_26.jpg,trash,trash,0.507558,True,True
data\external_test_realwaste\trash\Miscellaneous Trash_260.jpg,trash,paper,0.735784,False,False
data\external_test_realwaste\trash\Miscellaneous Trash_261.jpg,trash,cardboard,0.588238,False,True
data\external_test_realwaste\trash\Miscellaneous Trash_262.jpg,trash,trash,0.417607,True,True
data\external_test_realwaste\trash\Miscellaneous Trash_263.jpg,trash,cardboard,0.512587,False,True
data\external_test_realwaste\trash\Miscellaneous Trash_264.jpg,trash,cardboard,0.744081,False,False
data\external_test_realwaste\trash\Miscellaneous Trash_265.jpg,trash,paper,0.494787,False,True
data\external_test_realwaste\trash\Miscellaneous Trash_266.jpg,trash,cardboard,0.781981,False,False
data\external_test_realwaste\trash\Miscellaneous Trash_267.jpg,trash,cardboard,0.888434,False,False
data\external_test_realwaste\trash\Miscellaneous Trash_268.jpg,trash,paper,0.729521,False,False
data\external_test_realwaste\trash\Miscellaneous Trash_269.jpg,trash,cardboard,0.566818,False,True
data\external_test_realwaste\trash\Miscellaneous Trash_27.jpg,trash,trash,0.929356,True,False
data\external_test_realwaste\trash\Miscellaneous Trash_270.jpg,trash,cardboard,0.580878,False,True
data\external_test_realwaste\trash\Miscellaneous Trash_271.jpg,trash,trash,0.686439,True,False
data\external_test_realwaste\trash\Miscellaneous Trash_272.jpg,trash,cardboard,0.508814,False,True
data\external_test_realwaste\trash\Miscellaneous Trash_273.jpg,trash,cardboard,0.988815,False,False
data\external_test_realwaste\trash\Miscellaneous Trash_274.jpg,trash,cardboard,0.540162,False,True
data\external_test_realwaste\trash\Miscellaneous Trash_275.jpg,trash,metal,0.991528,False,False
data\external_test_realwaste\trash\Miscellaneous Trash_276.jpg,trash,trash,0.471657,True,True
data\external_test_realwaste\trash\Miscellaneous Trash_277.jpg,trash,paper,0.581791,False,True
data\external_test_realwaste\trash\Miscellaneous Trash_278.jpg,trash,cardboard,0.933643,False,False
data\external_test_realwaste\trash\Miscellaneous Trash_279.jpg,trash,trash,0.917844,True,False
data\external_test_realwaste\trash\Miscellaneous Trash_28.jpg,trash,trash,0.851998,True,False
data\external_test_realwaste\trash\Miscellaneous Trash_280.jpg,trash,cardboard,0.857984,False,False
data\external_test_realwaste\trash\Miscellaneous Trash_281.jpg,trash,cardboard,0.922141,False,False
data\external_test_realwaste\trash\Miscellaneous Trash_282.jpg,trash,trash,0.538956,True,True
data\external_test_realwaste\trash\Miscellaneous Trash_283.jpg,trash,paper,0.868777,False,False
data\external_test_realwaste\trash\Miscellaneous Trash_284.jpg,trash,trash,0.679942,True,False
data\external_test_realwaste\trash\Miscellaneous Trash_285.jpg,trash,paper,0.968094,False,False
data\external_test_realwaste\trash\Miscellaneous Trash_286.jpg,trash,cardboard,0.454429,False,True
data\external_test_realwaste\trash\Miscellaneous Trash_287.jpg,trash,trash,0.938232,True,False
data\external_test_realwaste\trash\Miscellaneous Trash_288.jpg,trash,cardboard,0.986026,False,False
data\external_test_realwaste\trash\Miscellaneous Trash_289.jpg,trash,paper,0.841303,False,False
data\external_test_realwaste\trash\Miscellaneous Trash_29.jpg,trash,trash,0.698355,True,False
data\external_test_realwaste\trash\Miscellaneous Trash_290.jpg,trash,cardboard,0.796509,False,False
data\external_test_realwaste\trash\Miscellaneous Trash_291.jpg,trash,trash,0.810499,True,False
data\external_test_realwaste\trash\Miscellaneous Trash_292.jpg,trash,cardboard,0.743208,False,False
data\external_test_realwaste\trash\Miscellaneous Trash_293.jpg,trash,cardboard,0.996208,False,False
data\external_test_realwaste\trash\Miscellaneous Trash_294.jpg,trash,paper,0.782806,False,False
data\external_test_realwaste\trash\Miscellaneous Trash_295.jpg,trash,paper,0.475198,False,True
data\external_test_realwaste\trash\Miscellaneous Trash_296.jpg,trash,trash,0.883237,True,False
data\external_test_realwaste\trash\Miscellaneous Trash_297.jpg,trash,cardboard,0.762818,False,False
data\external_test_realwaste\trash\Miscellaneous Trash_298.jpg,trash,paper,0.702591,False,False
data\external_test_realwaste\trash\Miscellaneous Trash_299.jpg,trash,trash,0.817129,True,False
data\external_test_realwaste\trash\Miscellaneous Trash_3.jpg,trash,trash,0.913717,True,False
data\external_test_realwaste\trash\Miscellaneous Trash_30.jpg,trash,metal,0.548804,False,True
data\external_test_realwaste\trash\Miscellaneous Trash_300.jpg,trash,paper,0.461942,False,True
data\external_test_realwaste\trash\Miscellaneous Trash_301.jpg,trash,cardboard,0.779757,False,False
data\external_test_realwaste\trash\Miscellaneous Trash_302.jpg,trash,trash,0.634443,True,False
data\external_test_realwaste\trash\Miscellaneous Trash_303.jpg,trash,cardboard,0.815991,False,False
data\external_test_realwaste\trash\Miscellaneous Trash_304.jpg,trash,trash,0.998325,True,False
data\external_test_realwaste\trash\Miscellaneous Trash_305.jpg,trash,trash,0.999115,True,False
data\external_test_realwaste\trash\Miscellaneous Trash_306.jpg,trash,trash,0.999383,True,False
data\external_test_realwaste\trash\Miscellaneous Trash_307.jpg,trash,trash,0.992833,True,False
data\external_test_realwaste\trash\Miscellaneous Trash_308.jpg,trash,trash,0.866459,True,False
data\external_test_realwaste\trash\Miscellaneous Trash_309.jpg,trash,paper,0.586034,False,True
data\external_test_realwaste\trash\Miscellaneous Trash_31.jpg,trash,trash,0.636986,True,False
data\external_test_realwaste\trash\Miscellaneous Trash_310.jpg,trash,trash,0.990391,True,False
data\external_test_realwaste\trash\Miscellaneous Trash_311.jpg,trash,metal,0.409115,False,True
data\external_test_realwaste\trash\Miscellaneous Trash_312.jpg,trash,trash,0.804117,True,False
data\external_test_realwaste\trash\Miscellaneous Trash_313.jpg,trash,trash,0.480275,True,True
data\external_test_realwaste\trash\Miscellaneous Trash_314.jpg,trash,cardboard,0.95899,False,False
data\external_test_realwaste\trash\Miscellaneous Trash_315.jpg,trash,metal,0.670727,False,False
data\external_test_realwaste\trash\Miscellaneous Trash_316.jpg,trash,paper,0.40348,False,True
data\external_test_realwaste\trash\Miscellaneous Trash_317.jpg,trash,paper,0.955067,False,False
data\external_test_realwaste\trash\Miscellaneous Trash_318.jpg,trash,cardboard,0.685941,False,False
data\external_test_realwaste\trash\Miscellaneous Trash_319.jpg,trash,cardboard,0.461889,False,True
data\external_test_realwaste\trash\Miscellaneous Trash_32.jpg,trash,trash,0.526385,True,True
data\external_test_realwaste\trash\Miscellaneous Trash_320.jpg,trash,cardboard,0.832736,False,False
data\external_test_realwaste\trash\Miscellaneous Trash_321.jpg,trash,trash,0.717248,True,False
data\external_test_realwaste\trash\Miscellaneous Trash_322.jpg,trash,trash,0.999847,True,False
data\external_test_realwaste\trash\Miscellaneous Trash_323.jpg,trash,trash,0.616579,True,False
data\external_test_realwaste\trash\Miscellaneous Trash_324.jpg,trash,trash,0.990467,True,False
data\external_test_realwaste\trash\Miscellaneous Trash_325.jpg,trash,trash,0.999511,True,False
data\external_test_realwaste\trash\Miscellaneous Trash_326.jpg,trash,trash,0.997438,True,False
data\external_test_realwaste\trash\Miscellaneous Trash_327.jpg,trash,trash,0.975761,True,False
data\external_test_realwaste\trash\Miscellaneous Trash_328.jpg,trash,trash,0.997204,True,False
data\external_test_realwaste\trash\Miscellaneous Trash_329.jpg,trash,trash,0.996252,True,False
data\external_test_realwaste\trash\Miscellaneous Trash_33.jpg,trash,metal,0.412631,False,True
data\external_test_realwaste\trash\Miscellaneous Trash_330.jpg,trash,trash,0.998902,True,False
data\external_test_realwaste\trash\Miscellaneous Trash_331.jpg,trash,trash,0.988913,True,False
data\external_test_realwaste\trash\Miscellaneous Trash_332.jpg,trash,cardboard,0.849598,False,False
data\external_test_realwaste\trash\Miscellaneous Trash_333.jpg,trash,cardboard,0.944865,False,False
data\external_test_realwaste\trash\Miscellaneous Trash_334.jpg,trash,trash,0.71466,True,False
data\external_test_realwaste\trash\Miscellaneous Trash_335.jpg,trash,trash,0.787889,True,False
data\external_test_realwaste\trash\Miscellaneous Trash_336.jpg,trash,trash,0.997215,True,False
data\external_test_realwaste\trash\Miscellaneous Trash_337.jpg,trash,trash,0.714309,True,False
data\external_test_realwaste\trash\Miscellaneous Trash_338.jpg,trash,trash,0.939629,True,False
data\external_test_realwaste\trash\Miscellaneous Trash_339.jpg,trash,paper,0.965901,False,False
data\external_test_realwaste\trash\Miscellaneous Trash_34.jpg,trash,metal,0.606823,False,False
data\external_test_realwaste\trash\Miscellaneous Trash_340.jpg,trash,trash,0.52863,True,True
data\external_test_realwaste\trash\Miscellaneous Trash_341.jpg,trash,trash,0.508724,True,True
data\external_test_realwaste\trash\Miscellaneous Trash_342.jpg,trash,paper,0.880585,False,False
data\external_test_realwaste\trash\Miscellaneous Trash_343.jpg,trash,paper,0.945984,False,False
data\external_test_realwaste\trash\Miscellaneous Trash_344.jpg,trash,paper,0.867301,False,False
data\external_test_realwaste\trash\Miscellaneous Trash_345.jpg,trash,paper,0.616853,False,False
data\external_test_realwaste\trash\Miscellaneous Trash_346.jpg,trash,trash,0.669378,True,False
data\external_test_realwaste\trash\Miscellaneous Trash_347.jpg,trash,trash,0.493786,True,True
data\external_test_realwaste\trash\Miscellaneous Trash_348.jpg,trash,paper,0.769169,False,False
data\external_test_realwaste\trash\Miscellaneous Trash_349.jpg,trash,cardboard,0.38664,False,True
data\external_test_realwaste\trash\Miscellaneous Trash_35.jpg,trash,trash,0.984322,True,False
data\external_test_realwaste\trash\Miscellaneous Trash_350.jpg,trash,cardboard,0.935282,False,False
data\external_test_realwaste\trash\Miscellaneous Trash_351.jpg,trash,trash,0.554195,True,True
data\external_test_realwaste\trash\Miscellaneous Trash_352.jpg,trash,cardboard,0.989107,False,False
data\external_test_realwaste\trash\Miscellaneous Trash_353.jpg,trash,trash,0.806463,True,False
data\external_test_realwaste\trash\Miscellaneous Trash_354.jpg,trash,paper,0.999378,False,False
data\external_test_realwaste\trash\Miscellaneous Trash_355.jpg,trash,trash,0.496671,True,True
data\external_test_realwaste\trash\Miscellaneous Trash_356.jpg,trash,paper,0.987977,False,False
data\external_test_realwaste\trash\Miscellaneous Trash_357.jpg,trash,trash,0.926686,True,False
data\external_test_realwaste\trash\Miscellaneous Trash_358.jpg,trash,plastic,0.510598,False,True
data\external_test_realwaste\trash\Miscellaneous Trash_359.jpg,trash,trash,0.983909,True,False
data\external_test_realwaste\trash\Miscellaneous Trash_36.jpg,trash,trash,0.996244,True,False
data\external_test_realwaste\trash\Miscellaneous Trash_360.jpg,trash,trash,0.975483,True,False
data\external_test_realwaste\trash\Miscellaneous Trash_361.jpg,trash,trash,0.934531,True,False
data\external_test_realwaste\trash\Miscellaneous Trash_362.jpg,trash,paper,0.351946,False,True
data\external_test_realwaste\trash\Miscellaneous Trash_363.jpg,trash,trash,0.858176,True,False
data\external_test_realwaste\trash\Miscellaneous Trash_364.jpg,trash,plastic,0.776002,False,False
data\external_test_realwaste\trash\Miscellaneous Trash_365.jpg,trash,trash,0.495977,True,True
data\external_test_realwaste\trash\Miscellaneous Trash_366.jpg,trash,trash,0.472377,True,True
data\external_test_realwaste\trash\Miscellaneous Trash_367.jpg,trash,trash,0.433929,True,True
data\external_test_realwaste\trash\Miscellaneous Trash_368.jpg,trash,trash,0.580762,True,True
data\external_test_realwaste\trash\Miscellaneous Trash_369.jpg,trash,trash,0.728866,True,False
data\external_test_realwaste\trash\Miscellaneous Trash_37.jpg,trash,trash,0.974574,True,False
data\external_test_realwaste\trash\Miscellaneous Trash_370.jpg,trash,paper,0.98732,False,False
data\external_test_realwaste\trash\Miscellaneous Trash_371.jpg,trash,trash,0.642831,True,False
data\external_test_realwaste\trash\Miscellaneous Trash_372.jpg,trash,trash,0.593771,True,True
data\external_test_realwaste\trash\Miscellaneous Trash_373.jpg,trash,trash,0.592089,True,True
data\external_test_realwaste\trash\Miscellaneous Trash_374.jpg,trash,trash,0.602992,True,False
data\external_test_realwaste\trash\Miscellaneous Trash_375.jpg,trash,cardboard,0.729714,False,False
data\external_test_realwaste\trash\Miscellaneous Trash_376.jpg,trash,cardboard,0.356657,False,True
data\external_test_realwaste\trash\Miscellaneous Trash_377.jpg,trash,cardboard,0.470115,False,True
data\external_test_realwaste\trash\Miscellaneous Trash_378.jpg,trash,cardboard,0.879892,False,False
data\external_test_realwaste\trash\Miscellaneous Trash_379.jpg,trash,trash,0.850498,True,False
data\external_test_realwaste\trash\Miscellaneous Trash_38.jpg,trash,cardboard,0.812672,False,False
data\external_test_realwaste\trash\Miscellaneous Trash_380.jpg,trash,trash,0.928293,True,False
data\external_test_realwaste\trash\Miscellaneous Trash_381.jpg,trash,trash,0.963672,True,False
data\external_test_realwaste\trash\Miscellaneous Trash_382.jpg,trash,trash,0.905829,True,False
data\external_test_realwaste\trash\Miscellaneous Trash_383.jpg,trash,paper,0.916385,False,False
data\external_test_realwaste\trash\Miscellaneous Trash_384.jpg,trash,trash,0.891179,True,False
data\external_test_realwaste\trash\Miscellaneous Trash_385.jpg,trash,trash,0.826154,True,False
data\external_test_realwaste\trash\Miscellaneous Trash_386.jpg,trash,cardboard,0.587334,False,True
data\external_test_realwaste\trash\Miscellaneous Trash_387.jpg,trash,cardboard,0.672663,False,False
data\external_test_realwaste\trash\Miscellaneous Trash_388.jpg,trash,cardboard,0.76561,False,False
data\external_test_realwaste\trash\Miscellaneous Trash_389.jpg,trash,paper,0.542785,False,True
data\external_test_realwaste\trash\Miscellaneous Trash_39.jpg,trash,cardboard,0.623734,False,False
data\external_test_realwaste\trash\Miscellaneous Trash_390.jpg,trash,cardboard,0.776451,False,False
data\external_test_realwaste\trash\Miscellaneous Trash_391.jpg,trash,trash,0.855078,True,False
data\external_test_realwaste\trash\Miscellaneous Trash_392.jpg,trash,trash,0.556446,True,True
data\external_test_realwaste\trash\Miscellaneous Trash_393.jpg,trash,trash,0.96726,True,False
data\external_test_realwaste\trash\Miscellaneous Trash_394.jpg,trash,trash,0.429917,True,True
data\external_test_realwaste\trash\Miscellaneous Trash_395.jpg,trash,trash,0.778469,True,False
data\external_test_realwaste\trash\Miscellaneous Trash_396.jpg,trash,trash,0.834738,True,False
data\external_test_realwaste\trash\Miscellaneous Trash_397.jpg,trash,cardboard,0.914764,False,False
data\external_test_realwaste\trash\Miscellaneous Trash_398.jpg,trash,trash,0.91087,True,False
data\external_test_realwaste\trash\Miscellaneous Trash_399.jpg,trash,trash,0.80768,True,False
data\external_test_realwaste\trash\Miscellaneous Trash_4.jpg,trash,metal,0.833333,False,False
data\external_test_realwaste\trash\Miscellaneous Trash_40.jpg,trash,cardboard,0.68222,False,False
data\external_test_realwaste\trash\Miscellaneous Trash_400.jpg,trash,trash,0.906393,True,False
data\external_test_realwaste\trash\Miscellaneous Trash_401.jpg,trash,cardboard,0.665512,False,False
data\external_test_realwaste\trash\Miscellaneous Trash_402.jpg,trash,cardboard,0.972444,False,False
data\external_test_realwaste\trash\Miscellaneous Trash_403.jpg,trash,cardboard,0.847935,False,False
data\external_test_realwaste\trash\Miscellaneous Trash_404.jpg,trash,cardboard,0.932747,False,False
data\external_test_realwaste\trash\Miscellaneous Trash_405.jpg,trash,trash,0.747094,True,False
data\external_test_realwaste\trash\Miscellaneous Trash_406.jpg,trash,trash,0.939062,True,False
data\external_test_realwaste\trash\Miscellaneous Trash_407.jpg,trash,trash,0.986653,True,False
data\external_test_realwaste\trash\Miscellaneous Trash_408.jpg,trash,cardboard,0.755976,False,False
data\external_test_realwaste\trash\Miscellaneous Trash_409.jpg,trash,paper,0.293494,False,True
data\external_test_realwaste\trash\Miscellaneous Trash_41.jpg,trash,cardboard,0.351441,False,True
data\external_test_realwaste\trash\Miscellaneous Trash_410.jpg,trash,cardboard,0.950886,False,False
data\external_test_realwaste\trash\Miscellaneous Trash_411.jpg,trash,paper,0.715763,False,False
data\external_test_realwaste\trash\Miscellaneous Trash_412.jpg,trash,plastic,0.810942,False,False
data\external_test_realwaste\trash\Miscellaneous Trash_413.jpg,trash,paper,0.936268,False,False
data\external_test_realwaste\trash\Miscellaneous Trash_414.jpg,trash,cardboard,0.4733,False,True
data\external_test_realwaste\trash\Miscellaneous Trash_415.jpg,trash,trash,0.923343,True,False
data\external_test_realwaste\trash\Miscellaneous Trash_416.jpg,trash,trash,0.982049,True,False
data\external_test_realwaste\trash\Miscellaneous Trash_417.jpg,trash,trash,0.643529,True,False
data\external_test_realwaste\trash\Miscellaneous Trash_418.jpg,trash,trash,0.596537,True,True
data\external_test_realwaste\trash\Miscellaneous Trash_419.jpg,trash,trash,0.544909,True,True
data\external_test_realwaste\trash\Miscellaneous Trash_42.jpg,trash,trash,0.726481,True,False
data\external_test_realwaste\trash\Miscellaneous Trash_420.jpg,trash,cardboard,0.329778,False,True
data\external_test_realwaste\trash\Miscellaneous Trash_421.jpg,trash,paper,0.747187,False,False
data\external_test_realwaste\trash\Miscellaneous Trash_422.jpg,trash,cardboard,0.926977,False,False
data\external_test_realwaste\trash\Miscellaneous Trash_423.jpg,trash,trash,0.865463,True,False
data\external_test_realwaste\trash\Miscellaneous Trash_424.jpg,trash,cardboard,0.95505,False,False
data\external_test_realwaste\trash\Miscellaneous Trash_425.jpg,trash,trash,0.540258,True,True
data\external_test_realwaste\trash\Miscellaneous Trash_426.jpg,trash,cardboard,0.836545,False,False
data\external_test_realwaste\trash\Miscellaneous Trash_427.jpg,trash,paper,0.530299,False,True
data\external_test_realwaste\trash\Miscellaneous Trash_428.jpg,trash,metal,0.850429,False,False
data\external_test_realwaste\trash\Miscellaneous Trash_429.jpg,trash,metal,0.781275,False,False
data\external_test_realwaste\trash\Miscellaneous Trash_43.jpg,trash,plastic,0.31911,False,True
data\external_test_realwaste\trash\Miscellaneous Trash_430.jpg,trash,trash,0.985433,True,False
data\external_test_realwaste\trash\Miscellaneous Trash_431.jpg,trash,trash,0.937651,True,False
data\external_test_realwaste\trash\Miscellaneous Trash_432.jpg,trash,trash,0.991187,True,False
data\external_test_realwaste\trash\Miscellaneous Trash_433.jpg,trash,paper,0.496452,False,True
data\external_test_realwaste\trash\Miscellaneous Trash_434.jpg,trash,cardboard,0.622971,False,False
data\external_test_realwaste\trash\Miscellaneous Trash_435.jpg,trash,cardboard,0.726348,False,False
data\external_test_realwaste\trash\Miscellaneous Trash_436.jpg,trash,trash,0.551534,True,True
data\external_test_realwaste\trash\Miscellaneous Trash_437.jpg,trash,trash,0.608959,True,False
data\external_test_realwaste\trash\Miscellaneous Trash_438.jpg,trash,trash,0.779082,True,False
data\external_test_realwaste\trash\Miscellaneous Trash_439.jpg,trash,cardboard,0.364298,False,True
data\external_test_realwaste\trash\Miscellaneous Trash_44.jpg,trash,paper,0.947133,False,False
data\external_test_realwaste\trash\Miscellaneous Trash_440.jpg,trash,cardboard,0.865711,False,False
data\external_test_realwaste\trash\Miscellaneous Trash_441.jpg,trash,trash,0.92582,True,False
data\external_test_realwaste\trash\Miscellaneous Trash_442.jpg,trash,trash,0.794812,True,False
data\external_test_realwaste\trash\Miscellaneous Trash_443.jpg,trash,trash,0.840181,True,False
data\external_test_realwaste\trash\Miscellaneous Trash_444.jpg,trash,trash,0.689275,True,False
data\external_test_realwaste\trash\Miscellaneous Trash_445.jpg,trash,trash,0.865059,True,False
data\external_test_realwaste\trash\Miscellaneous Trash_446.jpg,trash,trash,0.950032,True,False
data\external_test_realwaste\trash\Miscellaneous Trash_447.jpg,trash,trash,0.966929,True,False
data\external_test_realwaste\trash\Miscellaneous Trash_448.jpg,trash,trash,0.922132,True,False
data\external_test_realwaste\trash\Miscellaneous Trash_449.jpg,trash,trash,0.91405,True,False
data\external_test_realwaste\trash\Miscellaneous Trash_45.jpg,trash,metal,0.444911,False,True
data\external_test_realwaste\trash\Miscellaneous Trash_450.jpg,trash,trash,0.748225,True,False
data\external_test_realwaste\trash\Miscellaneous Trash_451.jpg,trash,trash,0.978348,True,False
data\external_test_realwaste\trash\Miscellaneous Trash_452.jpg,trash,cardboard,0.353392,False,True
data\external_test_realwaste\trash\Miscellaneous Trash_453.jpg,trash,trash,0.939403,True,False
data\external_test_realwaste\trash\Miscellaneous Trash_454.jpg,trash,trash,0.714071,True,False
data\external_test_realwaste\trash\Miscellaneous Trash_455.jpg,trash,trash,0.561092,True,True
data\external_test_realwaste\trash\Miscellaneous Trash_456.jpg,trash,trash,0.843591,True,False
data\external_test_realwaste\trash\Miscellaneous Trash_457.jpg,trash,trash,0.945433,True,False
data\external_test_realwaste\trash\Miscellaneous Trash_458.jpg,trash,trash,0.949283,True,False
data\external_test_realwaste\trash\Miscellaneous Trash_459.jpg,trash,trash,0.947378,True,False
data\external_test_realwaste\trash\Miscellaneous Trash_46.jpg,trash,trash,0.898592,True,False
data\external_test_realwaste\trash\Miscellaneous Trash_460.jpg,trash,cardboard,0.744025,False,False
data\external_test_realwaste\trash\Miscellaneous Trash_461.jpg,trash,trash,0.5188,True,True
data\external_test_realwaste\trash\Miscellaneous Trash_462.jpg,trash,cardboard,0.77108,False,False
data\external_test_realwaste\trash\Miscellaneous Trash_463.jpg,trash,trash,0.983345,True,False
data\external_test_realwaste\trash\Miscellaneous Trash_464.jpg,trash,trash,0.836911,True,False
data\external_test_realwaste\trash\Miscellaneous Trash_465.jpg,trash,trash,0.81587,True,False
data\external_test_realwaste\trash\Miscellaneous Trash_466.jpg,trash,trash,0.629267,True,False
data\external_test_realwaste\trash\Miscellaneous Trash_467.jpg,trash,trash,0.971096,True,False
data\external_test_realwaste\trash\Miscellaneous Trash_468.jpg,trash,trash,0.919423,True,False
data\external_test_realwaste\trash\Miscellaneous Trash_469.jpg,trash,trash,0.967303,True,False
data\external_test_realwaste\trash\Miscellaneous Trash_47.jpg,trash,trash,0.818389,True,False
data\external_test_realwaste\trash\Miscellaneous Trash_470.jpg,trash,trash,0.960277,True,False
data\external_test_realwaste\trash\Miscellaneous Trash_471.jpg,trash,trash,0.984106,True,False
data\external_test_realwaste\trash\Miscellaneous Trash_472.jpg,trash,trash,0.856235,True,False
data\external_test_realwaste\trash\Miscellaneous Trash_473.jpg,trash,trash,0.960412,True,False
data\external_test_realwaste\trash\Miscellaneous Trash_474.jpg,trash,trash,0.954106,True,False
data\external_test_realwaste\trash\Miscellaneous Trash_475.jpg,trash,cardboard,0.934411,False,False
data\external_test_realwaste\trash\Miscellaneous Trash_476.jpg,trash,trash,0.509885,True,True
data\external_test_realwaste\trash\Miscellaneous Trash_477.jpg,trash,trash,0.985209,True,False
data\external_test_realwaste\trash\Miscellaneous Trash_478.jpg,trash,trash,0.484282,True,True
data\external_test_realwaste\trash\Miscellaneous Trash_479.jpg,trash,cardboard,0.342435,False,True
data\external_test_realwaste\trash\Miscellaneous Trash_48.jpg,trash,cardboard,0.805635,False,False
data\external_test_realwaste\trash\Miscellaneous Trash_480.jpg,trash,trash,0.63711,True,False
data\external_test_realwaste\trash\Miscellaneous Trash_481.jpg,trash,paper,0.681461,False,False
data\external_test_realwaste\trash\Miscellaneous Trash_482.jpg,trash,trash,0.999462,True,False
data\external_test_realwaste\trash\Miscellaneous Trash_483.jpg,trash,paper,0.688466,False,False
data\external_test_realwaste\trash\Miscellaneous Trash_484.jpg,trash,paper,0.819059,False,False
data\external_test_realwaste\trash\Miscellaneous Trash_485.jpg,trash,trash,0.975934,True,False
data\external_test_realwaste\trash\Miscellaneous Trash_486.jpg,trash,cardboard,0.387187,False,True
data\external_test_realwaste\trash\Miscellaneous Trash_487.jpg,trash,cardboard,0.875932,False,False
data\external_test_realwaste\trash\Miscellaneous Trash_488.jpg,trash,trash,0.869877,True,False
data\external_test_realwaste\trash\Miscellaneous Trash_489.jpg,trash,trash,0.960983,True,False
data\external_test_realwaste\trash\Miscellaneous Trash_49.jpg,trash,cardboard,0.784933,False,False
data\external_test_realwaste\trash\Miscellaneous Trash_490.jpg,trash,trash,0.980952,True,False
data\external_test_realwaste\trash\Miscellaneous Trash_491.jpg,trash,trash,0.623275,True,False
data\external_test_realwaste\trash\Miscellaneous Trash_492.jpg,trash,cardboard,0.854958,False,False
data\external_test_realwaste\trash\Miscellaneous Trash_493.jpg,trash,cardboard,0.616394,False,False
data\external_test_realwaste\trash\Miscellaneous Trash_494.jpg,trash,trash,0.577192,True,True
data\external_test_realwaste\trash\Miscellaneous Trash_495.jpg,trash,trash,0.871852,True,False
data\external_test_realwaste\trash\Miscellaneous Trash_5.jpg,trash,trash,0.89754,True,False
data\external_test_realwaste\trash\Miscellaneous Trash_50.jpg,trash,metal,0.718692,False,False
data\external_test_realwaste\trash\Miscellaneous Trash_51.jpg,trash,trash,0.944928,True,False
data\external_test_realwaste\trash\Miscellaneous Trash_52.jpg,trash,trash,0.711558,True,False
data\external_test_realwaste\trash\Miscellaneous Trash_53.jpg,trash,trash,0.996681,True,False
data\external_test_realwaste\trash\Miscellaneous Trash_54.jpg,trash,trash,0.57432,True,True
data\external_test_realwaste\trash\Miscellaneous Trash_55.jpg,trash,trash,0.96061,True,False
data\external_test_realwaste\trash\Miscellaneous Trash_56.jpg,trash,trash,0.505912,True,True
data\external_test_realwaste\trash\Miscellaneous Trash_57.jpg,trash,cardboard,0.790173,False,False
data\external_test_realwaste\trash\Miscellaneous Trash_58.jpg,trash,trash,0.967998,True,False
data\external_test_realwaste\trash\Miscellaneous Trash_59.jpg,trash,cardboard,0.53218,False,True
data\external_test_realwaste\trash\Miscellaneous Trash_6.jpg,trash,trash,0.917889,True,False
data\external_test_realwaste\trash\Miscellaneous Trash_60.jpg,trash,trash,0.490063,True,True
data\external_test_realwaste\trash\Miscellaneous Trash_61.jpg,trash,cardboard,0.826219,False,False
data\external_test_realwaste\trash\Miscellaneous Trash_62.jpg,trash,paper,0.97729,False,False
data\external_test_realwaste\trash\Miscellaneous Trash_63.jpg,trash,cardboard,0.862169,False,False
data\external_test_realwaste\trash\Miscellaneous Trash_64.jpg,trash,paper,0.843952,False,False
data\external_test_realwaste\trash\Miscellaneous Trash_65.jpg,trash,paper,0.922915,False,False
data\external_test_realwaste\trash\Miscellaneous Trash_66.jpg,trash,cardboard,0.991691,False,False
data\external_test_realwaste\trash\Miscellaneous Trash_67.jpg,trash,cardboard,0.887126,False,False
data\external_test_realwaste\trash\Miscellaneous Trash_68.jpg,trash,trash,0.993958,True,False
data\external_test_realwaste\trash\Miscellaneous Trash_69.jpg,trash,trash,0.478128,True,True
data\external_test_realwaste\trash\Miscellaneous Trash_7.jpg,trash,trash,0.89736,True,False
data\external_test_realwaste\trash\Miscellaneous Trash_70.jpg,trash,trash,0.832506,True,False
data\external_test_realwaste\trash\Miscellaneous Trash_71.jpg,trash,trash,0.919084,True,False
data\external_test_realwaste\trash\Miscellaneous Trash_72.jpg,trash,trash,0.844819,True,False
data\external_test_realwaste\trash\Miscellaneous Trash_73.jpg,trash,trash,0.9772,True,False
data\external_test_realwaste\trash\Miscellaneous Trash_74.jpg,trash,metal,0.381937,False,True
data\external_test_realwaste\trash\Miscellaneous Trash_75.jpg,trash,trash,0.501755,True,True
data\external_test_realwaste\trash\Miscellaneous Trash_76.jpg,trash,trash,0.38161,True,True
data\external_test_realwaste\trash\Miscellaneous Trash_77.jpg,trash,trash,0.997224,True,False
data\external_test_realwaste\trash\Miscellaneous Trash_78.jpg,trash,trash,0.953222,True,False
data\external_test_realwaste\trash\Miscellaneous Trash_79.jpg,trash,paper,0.717101,False,False
data\external_test_realwaste\trash\Miscellaneous Trash_8.jpg,trash,trash,0.482976,True,True
data\external_test_realwaste\trash\Miscellaneous Trash_80.jpg,trash,trash,0.571595,True,True
data\external_test_realwaste\trash\Miscellaneous Trash_81.jpg,trash,trash,0.884923,True,False
data\external_test_realwaste\trash\Miscellaneous Trash_82.jpg,trash,trash,0.960129,True,False
data\external_test_realwaste\trash\Miscellaneous Trash_83.jpg,trash,trash,0.966665,True,False
data\external_test_realwaste\trash\Miscellaneous Trash_84.jpg,trash,trash,0.740636,True,False
data\external_test_realwaste\trash\Miscellaneous Trash_85.jpg,trash,trash,0.994378,True,False
data\external_test_realwaste\trash\Miscellaneous Trash_86.jpg,trash,trash,0.795337,True,False
data\external_test_realwaste\trash\Miscellaneous Trash_87.jpg,trash,trash,0.831051,True,False
data\external_test_realwaste\trash\Miscellaneous Trash_88.jpg,trash,paper,0.951357,False,False
data\external_test_realwaste\trash\Miscellaneous Trash_89.jpg,trash,trash,0.691042,True,False
data\external_test_realwaste\trash\Miscellaneous Trash_9.jpg,trash,cardboard,0.676585,False,False
data\external_test_realwaste\trash\Miscellaneous Trash_90.jpg,trash,paper,0.996006,False,False
data\external_test_realwaste\trash\Miscellaneous Trash_91.jpg,trash,paper,0.998429,False,False
data\external_test_realwaste\trash\Miscellaneous Trash_92.jpg,trash,plastic,0.895986,False,False
data\external_test_realwaste\trash\Miscellaneous Trash_93.jpg,trash,paper,0.999965,False,False
data\external_test_realwaste\trash\Miscellaneous Trash_94.jpg,trash,trash,0.861204,True,False
data\external_test_realwaste\trash\Miscellaneous Trash_95.jpg,trash,paper,0.627405,False,False
data\external_test_realwaste\trash\Miscellaneous Trash_96.jpg,trash,trash,0.570413,True,True
data\external_test_realwaste\trash\Miscellaneous Trash_97.jpg,trash,cardboard,0.857793,False,False
data\external_test_realwaste\trash\Miscellaneous Trash_98.jpg,trash,cardboard,0.582881,False,True
data\external_test_realwaste\trash\Miscellaneous Trash_99.jpg,trash,trash,0.994979,True,False
