path,expected_class,predicted_class,confidence,is_uncertain
data\external_test_realwaste\cardboard\Cardboard_1.jpg,cardboard,paper,0.989255,False
data\external_test_realwaste\cardboard\Cardboard_100.jpg,cardboard,trash,0.819184,False
data\external_test_realwaste\cardboard\Cardboard_101.jpg,cardboard,trash,0.868511,False
data\external_test_realwaste\cardboard\Cardboard_102.jpg,cardboard,trash,0.816885,False
data\external_test_realwaste\cardboard\Cardboard_103.jpg,cardboard,trash,0.968799,False
data\external_test_realwaste\cardboard\Cardboard_104.jpg,cardboard,trash,0.547154,True
data\external_test_realwaste\cardboard\Cardboard_105.jpg,cardboard,trash,0.983129,False
data\external_test_realwaste\cardboard\Cardboard_106.jpg,cardboard,paper,0.996863,False
data\external_test_realwaste\cardboard\Cardboard_108.jpg,cardboard,paper,0.869315,False
data\external_test_realwaste\cardboard\Cardboard_109.jpg,cardboard,paper,0.566853,True
data\external_test_realwaste\cardboard\Cardboard_110.jpg,cardboard,trash,0.996403,False
data\external_test_realwaste\cardboard\Cardboard_111.jpg,cardboard,trash,0.751715,False
data\external_test_realwaste\cardboard\Cardboard_112.jpg,cardboard,paper,0.69443,False
data\external_test_realwaste\cardboard\Cardboard_113.jpg,cardboard,paper,0.85899,False
data\external_test_realwaste\cardboard\Cardboard_114.jpg,cardboard,trash,0.99364,False
data\external_test_realwaste\cardboard\Cardboard_115.jpg,cardboard,trash,0.990768,False
data\external_test_realwaste\cardboard\Cardboard_116.jpg,cardboard,trash,0.939536,False
data\external_test_realwaste\cardboard\Cardboard_117.jpg,cardboard,trash,0.999622,False
data\external_test_realwaste\cardboard\Cardboard_118.jpg,cardboard,trash,0.98213,False
data\external_test_realwaste\cardboard\Cardboard_119.jpg,cardboard,trash,0.963922,False
data\external_test_realwaste\cardboard\Cardboard_12.jpg,cardboard,paper,0.999834,False
data\external_test_realwaste\cardboard\Cardboard_120.jpg,cardboard,trash,0.526007,True
data\external_test_realwaste\cardboard\Cardboard_121.jpg,cardboard,trash,0.999834,False
data\external_test_realwaste\cardboard\Cardboard_122.jpg,cardboard,trash,0.962478,False
data\external_test_realwaste\cardboard\Cardboard_123.jpg,cardboard,trash,0.979421,False
data\external_test_realwaste\cardboard\Cardboard_124.jpg,cardboard,paper,0.965605,False
data\external_test_realwaste\cardboard\Cardboard_125.jpg,cardboard,trash,0.99555,False
data\external_test_realwaste\cardboard\Cardboard_126.jpg,cardboard,trash,0.994568,False
data\external_test_realwaste\cardboard\Cardboard_127.jpg,cardboard,trash,0.980485,False
data\external_test_realwaste\cardboard\Cardboard_128.jpg,cardboard,trash,0.929996,False
data\external_test_realwaste\cardboard\Cardboard_129.jpg,cardboard,trash,0.969079,False
data\external_test_realwaste\cardboard\Cardboard_13.jpg,cardboard,paper,0.998525,False
data\external_test_realwaste\cardboard\Cardboard_130.jpg,cardboard,trash,0.977875,False
data\external_test_realwaste\cardboard\Cardboard_131.jpg,cardboard,trash,0.884519,False
data\external_test_realwaste\cardboard\Cardboard_132.jpg,cardboard,trash,0.791034,False
data\external_test_realwaste\cardboard\Cardboard_133.jpg,cardboard,trash,0.955692,False
data\external_test_realwaste\cardboard\Cardboard_134.jpg,cardboard,plastic,0.564028,True
data\external_test_realwaste\cardboard\Cardboard_135.jpg,cardboard,trash,0.999991,False
data\external_test_realwaste\cardboard\Cardboard_136.jpg,cardboard,plastic,0.763102,False
data\external_test_realwaste\cardboard\Cardboard_137.jpg,cardboard,trash,0.979148,False
data\external_test_realwaste\cardboard\Cardboard_138.jpg,cardboard,trash,0.998428,False
data\external_test_realwaste\cardboard\Cardboard_139.jpg,cardboard,trash,0.960395,False
data\external_test_realwaste\cardboard\Cardboard_14.jpg,cardboard,paper,0.814919,False
data\external_test_realwaste\cardboard\Cardboard_140.jpg,cardboard,trash,0.642011,False
data\external_test_realwaste\cardboard\Cardboard_141.jpg,cardboard,trash,0.740577,False
data\external_test_realwaste\cardboard\Cardboard_142.jpg,cardboard,trash,0.977291,False
data\external_test_realwaste\cardboard\Cardboard_143.jpg,cardboard,trash,0.852288,False
data\external_test_realwaste\cardboard\Cardboard_144.jpg,cardboard,paper,0.772098,False
data\external_test_realwaste\cardboard\Cardboard_145.jpg,cardboard,trash,0.594011,True
data\external_test_realwaste\cardboard\Cardboard_146.jpg,cardboard,trash,0.996915,False
data\external_test_realwaste\cardboard\Cardboard_147.jpg,cardboard,trash,0.931692,False
data\external_test_realwaste\cardboard\Cardboard_148.jpg,cardboard,trash,0.999886,False
data\external_test_realwaste\cardboard\Cardboard_149.jpg,cardboard,trash,0.984476,False
data\external_test_realwaste\cardboard\Cardboard_15.jpg,cardboard,trash,0.888028,False
data\external_test_realwaste\cardboard\Cardboard_150.jpg,cardboard,metal,0.5428,True
data\external_test_realwaste\cardboard\Cardboard_151.jpg,cardboard,metal,0.627488,False
data\external_test_realwaste\cardboard\Cardboard_152.jpg,cardboard,trash,0.990784,False
data\external_test_realwaste\cardboard\Cardboard_153.jpg,cardboard,metal,0.780298,False
data\external_test_realwaste\cardboard\Cardboard_154.jpg,cardboard,trash,0.913309,False
data\external_test_realwaste\cardboard\Cardboard_155.jpg,cardboard,paper,0.704544,False
data\external_test_realwaste\cardboard\Cardboard_156.jpg,cardboard,trash,0.781123,False
data\external_test_realwaste\cardboard\Cardboard_157.jpg,cardboard,paper,0.963333,False
data\external_test_realwaste\cardboard\Cardboard_158.jpg,cardboard,plastic,0.571505,True
data\external_test_realwaste\cardboard\Cardboard_159.jpg,cardboard,trash,0.984439,False
data\external_test_realwaste\cardboard\Cardboard_16.jpg,cardboard,trash,0.999458,False
data\external_test_realwaste\cardboard\Cardboard_160.jpg,cardboard,trash,0.985974,False
data\external_test_realwaste\cardboard\Cardboard_161.jpg,cardboard,trash,0.999318,False
data\external_test_realwaste\cardboard\Cardboard_162.jpg,cardboard,paper,0.47512,True
data\external_test_realwaste\cardboard\Cardboard_163.jpg,cardboard,trash,0.963999,False
data\external_test_realwaste\cardboard\Cardboard_164.jpg,cardboard,trash,0.78409,False
data\external_test_realwaste\cardboard\Cardboard_165.jpg,cardboard,trash,0.588539,True
data\external_test_realwaste\cardboard\Cardboard_166.jpg,cardboard,plastic,0.417321,True
data\external_test_realwaste\cardboard\Cardboard_167.jpg,cardboard,trash,0.997038,False
data\external_test_realwaste\cardboard\Cardboard_168.jpg,cardboard,paper,0.9971,False
data\external_test_realwaste\cardboard\Cardboard_169.jpg,cardboard,trash,0.979472,False
data\external_test_realwaste\cardboard\Cardboard_170.jpg,cardboard,trash,0.927119,False
data\external_test_realwaste\cardboard\Cardboard_171.jpg,cardboard,trash,0.944165,False
data\external_test_realwaste\cardboard\Cardboard_172.jpg,cardboard,trash,0.998717,False
data\external_test_realwaste\cardboard\Cardboard_173.jpg,cardboard,trash,0.996178,False
data\external_test_realwaste\cardboard\Cardboard_174.jpg,cardboard,trash,0.962432,False
data\external_test_realwaste\cardboard\Cardboard_175.jpg,cardboard,trash,0.953126,False
data\external_test_realwaste\cardboard\Cardboard_176.jpg,cardboard,trash,0.983432,False
data\external_test_realwaste\cardboard\Cardboard_177.jpg,cardboard,trash,0.999683,False
data\external_test_realwaste\cardboard\Cardboard_178.jpg,cardboard,trash,0.999865,False
data\external_test_realwaste\cardboard\Cardboard_179.jpg,cardboard,trash,0.763652,False
data\external_test_realwaste\cardboard\Cardboard_18.jpg,cardboard,paper,0.999993,False
data\external_test_realwaste\cardboard\Cardboard_180.jpg,cardboard,trash,0.940901,False
data\external_test_realwaste\cardboard\Cardboard_181.jpg,cardboard,trash,0.979477,False
data\external_test_realwaste\cardboard\Cardboard_182.jpg,cardboard,trash,0.965791,False
data\external_test_realwaste\cardboard\Cardboard_183.jpg,cardboard,trash,0.984794,False
data\external_test_realwaste\cardboard\Cardboard_184.jpg,cardboard,trash,0.953221,False
data\external_test_realwaste\cardboard\Cardboard_185.jpg,cardboard,trash,0.993653,False
data\external_test_realwaste\cardboard\Cardboard_186.jpg,cardboard,trash,0.996378,False
data\external_test_realwaste\cardboard\Cardboard_187.jpg,cardboard,trash,0.999361,False
data\external_test_realwaste\cardboard\Cardboard_188.jpg,cardboard,trash,0.910682,False
data\external_test_realwaste\cardboard\Cardboard_189.jpg,cardboard,trash,0.70138,False
data\external_test_realwaste\cardboard\Cardboard_19.jpg,cardboard,trash,0.744055,False
data\external_test_realwaste\cardboard\Cardboard_190.jpg,cardboard,plastic,0.490645,True
data\external_test_realwaste\cardboard\Cardboard_191.jpg,cardboard,trash,0.945018,False
data\external_test_realwaste\cardboard\Cardboard_192.jpg,cardboard,trash,0.980856,False
data\external_test_realwaste\cardboard\Cardboard_193.jpg,cardboard,trash,0.877403,False
data\external_test_realwaste\cardboard\Cardboard_197.jpg,cardboard,trash,0.809529,False
data\external_test_realwaste\cardboard\Cardboard_198.jpg,cardboard,trash,0.798513,False
data\external_test_realwaste\cardboard\Cardboard_2.jpg,cardboard,trash,0.572567,True
data\external_test_realwaste\cardboard\Cardboard_20.jpg,cardboard,trash,0.575858,True
data\external_test_realwaste\cardboard\Cardboard_200.jpg,cardboard,trash,0.870826,False
data\external_test_realwaste\cardboard\Cardboard_201.jpg,cardboard,plastic,0.726992,False
data\external_test_realwaste\cardboard\Cardboard_202.jpg,cardboard,trash,0.7126,False
data\external_test_realwaste\cardboard\Cardboard_203.jpg,cardboard,trash,0.911032,False
data\external_test_realwaste\cardboard\Cardboard_204.jpg,cardboard,trash,0.705257,False
data\external_test_realwaste\cardboard\Cardboard_205.jpg,cardboard,trash,0.686709,False
data\external_test_realwaste\cardboard\Cardboard_206.jpg,cardboard,plastic,0.754673,False
data\external_test_realwaste\cardboard\Cardboard_207.jpg,cardboard,trash,0.995068,False
data\external_test_realwaste\cardboard\Cardboard_208.jpg,cardboard,trash,0.980841,False
data\external_test_realwaste\cardboard\Cardboard_209.jpg,cardboard,trash,0.932528,False
data\external_test_realwaste\cardboard\Cardboard_21.jpg,cardboard,plastic,0.646161,False
data\external_test_realwaste\cardboard\Cardboard_210.jpg,cardboard,trash,0.57423,True
data\external_test_realwaste\cardboard\Cardboard_211.jpg,cardboard,trash,0.856779,False
data\external_test_realwaste\cardboard\Cardboard_212.jpg,cardboard,paper,0.537678,True
data\external_test_realwaste\cardboard\Cardboard_213.jpg,cardboard,trash,0.952363,False
data\external_test_realwaste\cardboard\Cardboard_214.jpg,cardboard,trash,0.806931,False
data\external_test_realwaste\cardboard\Cardboard_215.jpg,cardboard,trash,0.989018,False
data\external_test_realwaste\cardboard\Cardboard_216.jpg,cardboard,paper,0.999658,False
data\external_test_realwaste\cardboard\Cardboard_217.jpg,cardboard,paper,0.801346,False
data\external_test_realwaste\cardboard\Cardboard_221.jpg,cardboard,trash,0.911943,False
data\external_test_realwaste\cardboard\Cardboard_222.jpg,cardboard,trash,0.71528,False
data\external_test_realwaste\cardboard\Cardboard_224.jpg,cardboard,paper,0.99118,False
data\external_test_realwaste\cardboard\Cardboard_225.jpg,cardboard,paper,0.995287,False
data\external_test_realwaste\cardboard\Cardboard_226.jpg,cardboard,trash,0.978793,False
data\external_test_realwaste\cardboard\Cardboard_227.jpg,cardboard,trash,0.715379,False
data\external_test_realwaste\cardboard\Cardboard_228.jpg,cardboard,trash,0.815034,False
data\external_test_realwaste\cardboard\Cardboard_229.jpg,cardboard,trash,0.999667,False
data\external_test_realwaste\cardboard\Cardboard_23.jpg,cardboard,paper,0.863017,False
data\external_test_realwaste\cardboard\Cardboard_230.jpg,cardboard,trash,0.989756,False
data\external_test_realwaste\cardboard\Cardboard_231.jpg,cardboard,plastic,0.566823,True
data\external_test_realwaste\cardboard\Cardboard_232.jpg,cardboard,trash,0.520721,True
data\external_test_realwaste\cardboard\Cardboard_234.jpg,cardboard,trash,0.961087,False
data\external_test_realwaste\cardboard\Cardboard_235.jpg,cardboard,paper,0.920535,False
data\external_test_realwaste\cardboard\Cardboard_236.jpg,cardboard,trash,0.948367,False
data\external_test_realwaste\cardboard\Cardboard_237.jpg,cardboard,paper,0.853033,False
data\external_test_realwaste\cardboard\Cardboard_238.jpg,cardboard,trash,0.521088,True
data\external_test_realwaste\cardboard\Cardboard_239.jpg,cardboard,trash,0.848075,False
data\external_test_realwaste\cardboard\Cardboard_24.jpg,cardboard,trash,0.950765,False
data\external_test_realwaste\cardboard\Cardboard_240.jpg,cardboard,trash,0.74377,False
data\external_test_realwaste\cardboard\Cardboard_241.jpg,cardboard,trash,0.88825,False
data\external_test_realwaste\cardboard\Cardboard_242.jpg,cardboard,trash,0.730552,False
data\external_test_realwaste\cardboard\Cardboard_243.jpg,cardboard,plastic,0.962408,False
data\external_test_realwaste\cardboard\Cardboard_244.jpg,cardboard,trash,0.617786,False
data\external_test_realwaste\cardboard\Cardboard_245.jpg,cardboard,plastic,0.565503,True
data\external_test_realwaste\cardboard\Cardboard_246.jpg,cardboard,paper,0.83192,False
data\external_test_realwaste\cardboard\Cardboard_247.jpg,cardboard,paper,0.998331,False
data\external_test_realwaste\cardboard\Cardboard_249.jpg,cardboard,trash,0.871793,False
data\external_test_realwaste\cardboard\Cardboard_25.jpg,cardboard,plastic,0.430467,True
data\external_test_realwaste\cardboard\Cardboard_250.jpg,cardboard,trash,0.870413,False
data\external_test_realwaste\cardboard\Cardboard_251.jpg,cardboard,trash,0.989896,False
data\external_test_realwaste\cardboard\Cardboard_252.jpg,cardboard,trash,0.986783,False
data\external_test_realwaste\cardboard\Cardboard_253.jpg,cardboard,paper,0.506018,True
data\external_test_realwaste\cardboard\Cardboard_254.jpg,cardboard,trash,0.814741,False
data\external_test_realwaste\cardboard\Cardboard_255.jpg,cardboard,paper,0.563031,True
data\external_test_realwaste\cardboard\Cardboard_256.jpg,cardboard,paper,0.997144,False
data\external_test_realwaste\cardboard\Cardboard_257.jpg,cardboard,paper,0.994924,False
data\external_test_realwaste\cardboard\Cardboard_259.jpg,cardboard,trash,0.763162,False
data\external_test_realwaste\cardboard\Cardboard_26.jpg,cardboard,trash,0.999586,False
data\external_test_realwaste\cardboard\Cardboard_260.jpg,cardboard,paper,0.976886,False
data\external_test_realwaste\cardboard\Cardboard_261.jpg,cardboard,paper,0.673818,False
data\external_test_realwaste\cardboard\Cardboard_262.jpg,cardboard,trash,0.985467,False
data\external_test_realwaste\cardboard\Cardboard_263.jpg,cardboard,paper,0.547452,True
data\external_test_realwaste\cardboard\Cardboard_264.jpg,cardboard,trash,0.934514,False
data\external_test_realwaste\cardboard\Cardboard_265.jpg,cardboard,trash,0.470761,True
data\external_test_realwaste\cardboard\Cardboard_266.jpg,cardboard,trash,0.694124,False
data\external_test_realwaste\cardboard\Cardboard_267.jpg,cardboard,trash,0.881131,False
data\external_test_realwaste\cardboard\Cardboard_268.jpg,cardboard,paper,0.975937,False
data\external_test_realwaste\cardboard\Cardboard_269.jpg,cardboard,trash,0.997936,False
data\external_test_realwaste\cardboard\Cardboard_270.jpg,cardboard,paper,0.521924,True
data\external_test_realwaste\cardboard\Cardboard_271.jpg,cardboard,trash,0.706318,False
data\external_test_realwaste\cardboard\Cardboard_272.jpg,cardboard,trash,0.841773,False
data\external_test_realwaste\cardboard\Cardboard_273.jpg,cardboard,trash,0.939257,False
data\external_test_realwaste\cardboard\Cardboard_274.jpg,cardboard,trash,0.961692,False
data\external_test_realwaste\cardboard\Cardboard_276.jpg,cardboard,trash,0.68306,False
data\external_test_realwaste\cardboard\Cardboard_277.jpg,cardboard,metal,0.538364,True
data\external_test_realwaste\cardboard\Cardboard_278.jpg,cardboard,paper,0.746962,False
data\external_test_realwaste\cardboard\Cardboard_28.jpg,cardboard,trash,0.996445,False
data\external_test_realwaste\cardboard\Cardboard_280.jpg,cardboard,metal,0.773316,False
data\external_test_realwaste\cardboard\Cardboard_281.jpg,cardboard,paper,0.483231,True
data\external_test_realwaste\cardboard\Cardboard_282.jpg,cardboard,trash,0.987969,False
data\external_test_realwaste\cardboard\Cardboard_283.jpg,cardboard,trash,0.773202,False
data\external_test_realwaste\cardboard\Cardboard_284.jpg,cardboard,trash,0.993274,False
data\external_test_realwaste\cardboard\Cardboard_285.jpg,cardboard,metal,0.717781,False
data\external_test_realwaste\cardboard\Cardboard_286.jpg,cardboard,trash,0.997892,False
data\external_test_realwaste\cardboard\Cardboard_288.jpg,cardboard,plastic,0.623546,False
data\external_test_realwaste\cardboard\Cardboard_289.jpg,cardboard,paper,0.960836,False
data\external_test_realwaste\cardboard\Cardboard_29.jpg,cardboard,paper,0.92959,False
data\external_test_realwaste\cardboard\Cardboard_291.jpg,cardboard,plastic,0.433954,True
data\external_test_realwaste\cardboard\Cardboard_292.jpg,cardboard,trash,0.967361,False
data\external_test_realwaste\cardboard\Cardboard_293.jpg,cardboard,trash,0.828071,False
data\external_test_realwaste\cardboard\Cardboard_294.jpg,cardboard,trash,0.722692,False
data\external_test_realwaste\cardboard\Cardboard_295.jpg,cardboard,trash,0.985384,False
data\external_test_realwaste\cardboard\Cardboard_296.jpg,cardboard,trash,0.992389,False
data\external_test_realwaste\cardboard\Cardboard_297.jpg,cardboard,paper,0.789744,False
data\external_test_realwaste\cardboard\Cardboard_298.jpg,cardboard,paper,0.480127,True
data\external_test_realwaste\cardboard\Cardboard_299.jpg,cardboard,trash,0.988889,False
data\external_test_realwaste\cardboard\Cardboard_3.jpg,cardboard,paper,0.925946,False
data\external_test_realwaste\cardboard\Cardboard_30.jpg,cardboard,trash,0.534858,True
data\external_test_realwaste\cardboard\Cardboard_300.jpg,cardboard,paper,0.978091,False
data\external_test_realwaste\cardboard\Cardboard_301.jpg,cardboard,paper,0.991657,False
data\external_test_realwaste\cardboard\Cardboard_302.jpg,cardboard,paper,0.999215,False
data\external_test_realwaste\cardboard\Cardboard_303.jpg,cardboard,paper,0.999075,False
data\external_test_realwaste\cardboard\Cardboard_304.jpg,cardboard,paper,1.0,False
data\external_test_realwaste\cardboard\Cardboard_305.jpg,cardboard,paper,0.58994,True
data\external_test_realwaste\cardboard\Cardboard_306.jpg,cardboard,trash,0.819608,False
data\external_test_realwaste\cardboard\Cardboard_307.jpg,cardboard,paper,0.635523,False
data\external_test_realwaste\cardboard\Cardboard_308.jpg,cardboard,paper,0.762025,False
data\external_test_realwaste\cardboard\Cardboard_309.jpg,cardboard,trash,0.975159,False
data\external_test_realwaste\cardboard\Cardboard_31.jpg,cardboard,paper,0.888252,False
data\external_test_realwaste\cardboard\Cardboard_310.jpg,cardboard,trash,0.803319,False
data\external_test_realwaste\cardboard\Cardboard_311.jpg,cardboard,trash,0.999673,False
data\external_test_realwaste\cardboard\Cardboard_312.jpg,cardboard,paper,0.946159,False
data\external_test_realwaste\cardboard\Cardboard_313.jpg,cardboard,paper,0.61312,False
data\external_test_realwaste\cardboard\Cardboard_314.jpg,cardboard,trash,0.698539,False
data\external_test_realwaste\cardboard\Cardboard_315.jpg,cardboard,trash,0.766733,False
data\external_test_realwaste\cardboard\Cardboard_316.jpg,cardboard,trash,0.983755,False
data\external_test_realwaste\cardboard\Cardboard_317.jpg,cardboard,trash,0.894752,False
data\external_test_realwaste\cardboard\Cardboard_32.jpg,cardboard,paper,0.993182,False
data\external_test_realwaste\cardboard\Cardboard_320.jpg,cardboard,trash,0.73807,False
data\external_test_realwaste\cardboard\Cardboard_321.jpg,cardboard,trash,0.994778,False
data\external_test_realwaste\cardboard\Cardboard_322.jpg,cardboard,trash,0.892039,False
data\external_test_realwaste\cardboard\Cardboard_323.jpg,cardboard,paper,0.926839,False
data\external_test_realwaste\cardboard\Cardboard_324.jpg,cardboard,trash,0.528067,True
data\external_test_realwaste\cardboard\Cardboard_325.jpg,cardboard,trash,0.83316,False
data\external_test_realwaste\cardboard\Cardboard_326.jpg,cardboard,trash,0.477631,True
data\external_test_realwaste\cardboard\Cardboard_327.jpg,cardboard,trash,0.573219,True
data\external_test_realwaste\cardboard\Cardboard_328.jpg,cardboard,trash,0.990284,False
data\external_test_realwaste\cardboard\Cardboard_329.jpg,cardboard,paper,0.783203,False
data\external_test_realwaste\cardboard\Cardboard_33.jpg,cardboard,trash,0.945476,False
data\external_test_realwaste\cardboard\Cardboard_331.jpg,cardboard,paper,0.559828,True
data\external_test_realwaste\cardboard\Cardboard_332.jpg,cardboard,trash,0.948172,False
data\external_test_realwaste\cardboard\Cardboard_333.jpg,cardboard,trash,0.943945,False
data\external_test_realwaste\cardboard\Cardboard_335.jpg,cardboard,paper,0.583146,True
data\external_test_realwaste\cardboard\Cardboard_337.jpg,cardboard,trash,0.414225,True
data\external_test_realwaste\cardboard\Cardboard_338.jpg,cardboard,trash,0.695853,False
data\external_test_realwaste\cardboard\Cardboard_339.jpg,cardboard,trash,0.664115,False
data\external_test_realwaste\cardboard\Cardboard_34.jpg,cardboard,trash,0.980974,False
data\external_test_realwaste\cardboard\Cardboard_340.jpg,cardboard,trash,0.672781,False
data\external_test_realwaste\cardboard\Cardboard_341.jpg,cardboard,paper,0.870949,False
data\external_test_realwaste\cardboard\Cardboard_342.jpg,cardboard,trash,0.685851,False
data\external_test_realwaste\cardboard\Cardboard_343.jpg,cardboard,paper,0.930536,False
data\external_test_realwaste\cardboard\Cardboard_344.jpg,cardboard,trash,0.997287,False
data\external_test_realwaste\cardboard\Cardboard_345.jpg,cardboard,trash,0.496682,True
data\external_test_realwaste\cardboard\Cardboard_346.jpg,cardboard,metal,0.754273,False
data\external_test_realwaste\cardboard\Cardboard_347.jpg,cardboard,trash,0.77712,False
data\external_test_realwaste\cardboard\Cardboard_348.jpg,cardboard,trash,0.995966,False
data\external_test_realwaste\cardboard\Cardboard_349.jpg,cardboard,trash,0.951661,False
data\external_test_realwaste\cardboard\Cardboard_35.jpg,cardboard,metal,0.891234,False
data\external_test_realwaste\cardboard\Cardboard_350.jpg,cardboard,trash,0.973523,False
data\external_test_realwaste\cardboard\Cardboard_351.jpg,cardboard,trash,0.891219,False
data\external_test_realwaste\cardboard\Cardboard_352.jpg,cardboard,trash,0.987167,False
data\external_test_realwaste\cardboard\Cardboard_354.jpg,cardboard,trash,0.824356,False
data\external_test_realwaste\cardboard\Cardboard_356.jpg,cardboard,trash,0.990022,False
data\external_test_realwaste\cardboard\Cardboard_357.jpg,cardboard,metal,0.620042,False
data\external_test_realwaste\cardboard\Cardboard_358.jpg,cardboard,paper,0.471368,True
data\external_test_realwaste\cardboard\Cardboard_359.jpg,cardboard,glass,0.681343,False
data\external_test_realwaste\cardboard\Cardboard_36.jpg,cardboard,trash,0.974014,False
data\external_test_realwaste\cardboard\Cardboard_360.jpg,cardboard,paper,0.720127,False
data\external_test_realwaste\cardboard\Cardboard_361.jpg,cardboard,trash,0.929871,False
data\external_test_realwaste\cardboard\Cardboard_362.jpg,cardboard,trash,0.99481,False
data\external_test_realwaste\cardboard\Cardboard_363.jpg,cardboard,paper,0.531783,True
data\external_test_realwaste\cardboard\Cardboard_364.jpg,cardboard,trash,0.875101,False
data\external_test_realwaste\cardboard\Cardboard_365.jpg,cardboard,trash,0.545578,True
data\external_test_realwaste\cardboard\Cardboard_366.jpg,cardboard,paper,0.68232,False
data\external_test_realwaste\cardboard\Cardboard_367.jpg,cardboard,paper,0.890808,False
data\external_test_realwaste\cardboard\Cardboard_369.jpg,cardboard,trash,0.661793,False
data\external_test_realwaste\cardboard\Cardboard_37.jpg,cardboard,trash,0.726039,False
data\external_test_realwaste\cardboard\Cardboard_370.jpg,cardboard,paper,0.89495,False
data\external_test_realwaste\cardboard\Cardboard_371.jpg,cardboard,trash,0.663991,False
data\external_test_realwaste\cardboard\Cardboard_372.jpg,cardboard,paper,0.801642,False
data\external_test_realwaste\cardboard\Cardboard_373.jpg,cardboard,metal,0.543519,True
data\external_test_realwaste\cardboard\Cardboard_374.jpg,cardboard,plastic,0.467841,True
data\external_test_realwaste\cardboard\Cardboard_375.jpg,cardboard,paper,0.785831,False
data\external_test_realwaste\cardboard\Cardboard_376.jpg,cardboard,trash,0.998811,False
data\external_test_realwaste\cardboard\Cardboard_377.jpg,cardboard,paper,0.992087,False
data\external_test_realwaste\cardboard\Cardboard_378.jpg,cardboard,trash,0.768667,False
data\external_test_realwaste\cardboard\Cardboard_380.jpg,cardboard,trash,0.992739,False
data\external_test_realwaste\cardboard\Cardboard_381.jpg,cardboard,trash,0.929433,False
data\external_test_realwaste\cardboard\Cardboard_382.jpg,cardboard,trash,0.995222,False
data\external_test_realwaste\cardboard\Cardboard_383.jpg,cardboard,trash,0.985783,False
data\external_test_realwaste\cardboard\Cardboard_384.jpg,cardboard,trash,0.450223,True
data\external_test_realwaste\cardboard\Cardboard_385.jpg,cardboard,trash,0.967052,False
data\external_test_realwaste\cardboard\Cardboard_386.jpg,cardboard,paper,0.529848,True
data\external_test_realwaste\cardboard\Cardboard_387.jpg,cardboard,paper,0.558704,True
data\external_test_realwaste\cardboard\Cardboard_388.jpg,cardboard,trash,0.406094,True
data\external_test_realwaste\cardboard\Cardboard_389.jpg,cardboard,trash,0.915495,False
data\external_test_realwaste\cardboard\Cardboard_39.jpg,cardboard,trash,0.523139,True
data\external_test_realwaste\cardboard\Cardboard_390.jpg,cardboard,paper,0.976595,False
data\external_test_realwaste\cardboard\Cardboard_391.jpg,cardboard,trash,0.633721,False
data\external_test_realwaste\cardboard\Cardboard_392.jpg,cardboard,trash,0.523619,True
data\external_test_realwaste\cardboard\Cardboard_393.jpg,cardboard,paper,0.938808,False
data\external_test_realwaste\cardboard\Cardboard_394.jpg,cardboard,trash,0.669952,False
data\external_test_realwaste\cardboard\Cardboard_395.jpg,cardboard,paper,0.814958,False
data\external_test_realwaste\cardboard\Cardboard_396.jpg,cardboard,paper,0.831627,False
data\external_test_realwaste\cardboard\Cardboard_398.jpg,cardboard,trash,0.85626,False
data\external_test_realwaste\cardboard\Cardboard_399.jpg,cardboard,trash,0.779298,False
data\external_test_realwaste\cardboard\Cardboard_40.jpg,cardboard,paper,0.938117,False
data\external_test_realwaste\cardboard\Cardboard_400.jpg,cardboard,paper,0.589613,True
data\external_test_realwaste\cardboard\Cardboard_401.jpg,cardboard,paper,0.995586,False
data\external_test_realwaste\cardboard\Cardboard_407.jpg,cardboard,paper,0.955134,False
data\external_test_realwaste\cardboard\Cardboard_408.jpg,cardboard,trash,0.371485,True
data\external_test_realwaste\cardboard\Cardboard_409.jpg,cardboard,trash,0.983885,False
data\external_test_realwaste\cardboard\Cardboard_411.jpg,cardboard,trash,0.656159,False
data\external_test_realwaste\cardboard\Cardboard_412.jpg,cardboard,paper,0.478558,True
data\external_test_realwaste\cardboard\Cardboard_413.jpg,cardboard,paper,0.990783,False
data\external_test_realwaste\cardboard\Cardboard_414.jpg,cardboard,trash,0.330891,True
data\external_test_realwaste\cardboard\Cardboard_415.jpg,cardboard,trash,0.518195,True
data\external_test_realwaste\cardboard\Cardboard_416.jpg,cardboard,paper,0.709817,False
data\external_test_realwaste\cardboard\Cardboard_417.jpg,cardboard,trash,0.857528,False
data\external_test_realwaste\cardboard\Cardboard_418.jpg,cardboard,paper,0.999955,False
data\external_test_realwaste\cardboard\Cardboard_419.jpg,cardboard,trash,0.807913,False
data\external_test_realwaste\cardboard\Cardboard_420.jpg,cardboard,trash,0.505235,True
data\external_test_realwaste\cardboard\Cardboard_421.jpg,cardboard,paper,0.998312,False
data\external_test_realwaste\cardboard\Cardboard_422.jpg,cardboard,paper,0.964188,False
data\external_test_realwaste\cardboard\Cardboard_423.jpg,cardboard,paper,0.770147,False
data\external_test_realwaste\cardboard\Cardboard_424.jpg,cardboard,trash,0.589096,True
data\external_test_realwaste\cardboard\Cardboard_425.jpg,cardboard,trash,0.864311,False
data\external_test_realwaste\cardboard\Cardboard_426.jpg,cardboard,trash,0.820277,False
data\external_test_realwaste\cardboard\Cardboard_427.jpg,cardboard,trash,0.984997,False
data\external_test_realwaste\cardboard\Cardboard_428.jpg,cardboard,trash,0.814759,False
data\external_test_realwaste\cardboard\Cardboard_429.jpg,cardboard,paper,0.490411,True
data\external_test_realwaste\cardboard\Cardboard_430.jpg,cardboard,trash,0.819831,False
data\external_test_realwaste\cardboard\Cardboard_431.jpg,cardboard,trash,0.944484,False
data\external_test_realwaste\cardboard\Cardboard_432.jpg,cardboard,trash,0.998932,False
data\external_test_realwaste\cardboard\Cardboard_433.jpg,cardboard,trash,0.405494,True
data\external_test_realwaste\cardboard\Cardboard_434.jpg,cardboard,paper,0.830465,False
data\external_test_realwaste\cardboard\Cardboard_435.jpg,cardboard,metal,0.548914,True
data\external_test_realwaste\cardboard\Cardboard_436.jpg,cardboard,paper,0.995801,False
data\external_test_realwaste\cardboard\Cardboard_437.jpg,cardboard,paper,0.795186,False
data\external_test_realwaste\cardboard\Cardboard_438.jpg,cardboard,paper,0.974143,False
data\external_test_realwaste\cardboard\Cardboard_439.jpg,cardboard,paper,0.993984,False
data\external_test_realwaste\cardboard\Cardboard_44.jpg,cardboard,trash,0.64456,False
data\external_test_realwaste\cardboard\Cardboard_440.jpg,cardboard,metal,0.920663,False
data\external_test_realwaste\cardboard\Cardboard_441.jpg,cardboard,paper,0.983051,False
data\external_test_realwaste\cardboard\Cardboard_442.jpg,cardboard,paper,0.894769,False
data\external_test_realwaste\cardboard\Cardboard_445.jpg,cardboard,paper,0.811854,False
data\external_test_realwaste\cardboard\Cardboard_450.jpg,cardboard,paper,0.992607,False
data\external_test_realwaste\cardboard\Cardboard_451.jpg,cardboard,paper,0.987955,False
data\external_test_realwaste\cardboard\Cardboard_452.jpg,cardboard,paper,0.75083,False
data\external_test_realwaste\cardboard\Cardboard_46.jpg,cardboard,trash,0.798339,False
data\external_test_realwaste\cardboard\Cardboard_47.jpg,cardboard,paper,0.998912,False
data\external_test_realwaste\cardboard\Cardboard_50.jpg,cardboard,paper,0.573227,True
data\external_test_realwaste\cardboard\Cardboard_53.jpg,cardboard,metal,0.622665,False
data\external_test_realwaste\cardboard\Cardboard_56.jpg,cardboard,paper,0.716648,False
data\external_test_realwaste\cardboard\Cardboard_57.jpg,cardboard,paper,0.483231,True
data\external_test_realwaste\cardboard\Cardboard_58.jpg,cardboard,paper,0.999883,False
data\external_test_realwaste\cardboard\Cardboard_59.jpg,cardboard,paper,0.999998,False
data\external_test_realwaste\cardboard\Cardboard_6.jpg,cardboard,paper,0.796487,False
data\external_test_realwaste\cardboard\Cardboard_61.jpg,cardboard,paper,0.950336,False
data\external_test_realwaste\cardboard\Cardboard_62.jpg,cardboard,paper,0.998751,False
data\external_test_realwaste\cardboard\Cardboard_63.jpg,cardboard,paper,0.874627,False
data\external_test_realwaste\cardboard\Cardboard_64.jpg,cardboard,trash,0.643026,False
data\external_test_realwaste\cardboard\Cardboard_65.jpg,cardboard,paper,0.873452,False
data\external_test_realwaste\cardboard\Cardboard_66.jpg,cardboard,trash,0.922104,False
data\external_test_realwaste\cardboard\Cardboard_67.jpg,cardboard,paper,0.99381,False
data\external_test_realwaste\cardboard\Cardboard_69.jpg,cardboard,trash,0.985626,False
data\external_test_realwaste\cardboard\Cardboard_70.jpg,cardboard,trash,0.998604,False
data\external_test_realwaste\cardboard\Cardboard_71.jpg,cardboard,trash,0.994304,False
data\external_test_realwaste\cardboard\Cardboard_72.jpg,cardboard,plastic,0.566447,True
data\external_test_realwaste\cardboard\Cardboard_73.jpg,cardboard,trash,0.696281,False
data\external_test_realwaste\cardboard\Cardboard_74.jpg,cardboard,trash,0.941833,False
data\external_test_realwaste\cardboard\Cardboard_75.jpg,cardboard,trash,0.907228,False
data\external_test_realwaste\cardboard\Cardboard_76.jpg,cardboard,trash,0.7615,False
data\external_test_realwaste\cardboard\Cardboard_77.jpg,cardboard,trash,0.508158,True
data\external_test_realwaste\cardboard\Cardboard_78.jpg,cardboard,trash,0.996546,False
data\external_test_realwaste\cardboard\Cardboard_8.jpg,cardboard,paper,0.999336,False
data\external_test_realwaste\cardboard\Cardboard_81.jpg,cardboard,trash,0.853809,False
data\external_test_realwaste\cardboard\Cardboard_82.jpg,cardboard,trash,0.92205,False
data\external_test_realwaste\cardboard\Cardboard_83.jpg,cardboard,trash,0.997937,False
data\external_test_realwaste\cardboard\Cardboard_84.jpg,cardboard,trash,0.984166,False
data\external_test_realwaste\cardboard\Cardboard_85.jpg,cardboard,trash,0.998212,False
data\external_test_realwaste\cardboard\Cardboard_86.jpg,cardboard,trash,0.724324,False
data\external_test_realwaste\cardboard\Cardboard_87.jpg,cardboard,trash,0.782324,False
data\external_test_realwaste\cardboard\Cardboard_88.jpg,cardboard,trash,0.979871,False
data\external_test_realwaste\cardboard\Cardboard_89.jpg,cardboard,trash,0.99865,False
data\external_test_realwaste\cardboard\Cardboard_90.jpg,cardboard,paper,0.468005,True
data\external_test_realwaste\cardboard\Cardboard_91.jpg,cardboard,trash,0.769661,False
data\external_test_realwaste\cardboard\Cardboard_92.jpg,cardboard,trash,0.92895,False
data\external_test_realwaste\cardboard\Cardboard_93.jpg,cardboard,paper,0.472775,True
data\external_test_realwaste\cardboard\Cardboard_94.jpg,cardboard,trash,0.983181,False
data\external_test_realwaste\cardboard\Cardboard_95.jpg,cardboard,trash,0.92588,False
data\external_test_realwaste\cardboard\Cardboard_96.jpg,cardboard,trash,0.983223,False
data\external_test_realwaste\cardboard\Cardboard_97.jpg,cardboard,trash,0.987549,False
data\external_test_realwaste\cardboard\Cardboard_98.jpg,cardboard,trash,0.997657,False
data\external_test_realwaste\cardboard\Cardboard_99.jpg,cardboard,trash,0.931568,False
data\external_test_realwaste\glass\Glass_1.jpg,glass,plastic,0.845016,False
data\external_test_realwaste\glass\Glass_100.jpg,glass,plastic,0.496419,True
data\external_test_realwaste\glass\Glass_102.jpg,glass,plastic,0.894353,False
data\external_test_realwaste\glass\Glass_103.jpg,glass,plastic,0.934837,False
data\external_test_realwaste\glass\Glass_104.jpg,glass,trash,0.639656,False
data\external_test_realwaste\glass\Glass_105.jpg,glass,trash,0.993978,False
data\external_test_realwaste\glass\Glass_106.jpg,glass,trash,0.995774,False
data\external_test_realwaste\glass\Glass_107.jpg,glass,trash,0.708785,False
data\external_test_realwaste\glass\Glass_108.jpg,glass,plastic,0.99274,False
data\external_test_realwaste\glass\Glass_109.jpg,glass,plastic,0.90238,False
data\external_test_realwaste\glass\Glass_11.jpg,glass,plastic,0.894044,False
data\external_test_realwaste\glass\Glass_111.jpg,glass,trash,0.97772,False
data\external_test_realwaste\glass\Glass_114.jpg,glass,trash,0.987003,False
data\external_test_realwaste\glass\Glass_115.jpg,glass,plastic,0.96637,False
data\external_test_realwaste\glass\Glass_116.jpg,glass,metal,0.826311,False
data\external_test_realwaste\glass\Glass_117.jpg,glass,plastic,0.921092,False
data\external_test_realwaste\glass\Glass_119.jpg,glass,trash,0.99815,False
data\external_test_realwaste\glass\Glass_12.jpg,glass,plastic,0.762801,False
data\external_test_realwaste\glass\Glass_120.jpg,glass,trash,0.997357,False
data\external_test_realwaste\glass\Glass_121.jpg,glass,trash,0.996918,False
data\external_test_realwaste\glass\Glass_122.jpg,glass,plastic,0.590328,True
data\external_test_realwaste\glass\Glass_123.jpg,glass,plastic,0.847576,False
data\external_test_realwaste\glass\Glass_125.jpg,glass,plastic,0.971776,False
data\external_test_realwaste\glass\Glass_126.jpg,glass,plastic,0.984235,False
data\external_test_realwaste\glass\Glass_135.jpg,glass,plastic,0.500585,True
data\external_test_realwaste\glass\Glass_136.jpg,glass,plastic,0.691029,False
data\external_test_realwaste\glass\Glass_137.jpg,glass,plastic,0.995246,False
data\external_test_realwaste\glass\Glass_138.jpg,glass,trash,0.720244,False
data\external_test_realwaste\glass\Glass_139.jpg,glass,plastic,0.582316,True
data\external_test_realwaste\glass\Glass_142.jpg,glass,trash,0.737171,False
data\external_test_realwaste\glass\Glass_143.jpg,glass,trash,0.9662,False
data\external_test_realwaste\glass\Glass_144.jpg,glass,trash,0.97838,False
data\external_test_realwaste\glass\Glass_145.jpg,glass,trash,0.951248,False
data\external_test_realwaste\glass\Glass_146.jpg,glass,trash,0.984161,False
data\external_test_realwaste\glass\Glass_147.jpg,glass,trash,0.903661,False
data\external_test_realwaste\glass\Glass_148.jpg,glass,trash,0.944737,False
data\external_test_realwaste\glass\Glass_150.jpg,glass,plastic,0.708722,False
data\external_test_realwaste\glass\Glass_153.jpg,glass,trash,0.76716,False
data\external_test_realwaste\glass\Glass_154.jpg,glass,plastic,0.843878,False
data\external_test_realwaste\glass\Glass_155.jpg,glass,plastic,0.994772,False
data\external_test_realwaste\glass\Glass_156.jpg,glass,trash,0.958203,False
data\external_test_realwaste\glass\Glass_157.jpg,glass,trash,0.8605,False
data\external_test_realwaste\glass\Glass_158.jpg,glass,trash,0.71157,False
data\external_test_realwaste\glass\Glass_159.jpg,glass,trash,0.984692,False
data\external_test_realwaste\glass\Glass_160.jpg,glass,trash,0.99203,False
data\external_test_realwaste\glass\Glass_161.jpg,glass,trash,0.725313,False
data\external_test_realwaste\glass\Glass_162.jpg,glass,trash,0.974269,False
data\external_test_realwaste\glass\Glass_163.jpg,glass,plastic,0.833293,False
data\external_test_realwaste\glass\Glass_164.jpg,glass,plastic,0.981506,False
data\external_test_realwaste\glass\Glass_165.jpg,glass,trash,0.968374,False
data\external_test_realwaste\glass\Glass_166.jpg,glass,trash,0.991714,False
data\external_test_realwaste\glass\Glass_167.jpg,glass,trash,0.550411,True
data\external_test_realwaste\glass\Glass_168.jpg,glass,trash,0.914048,False
data\external_test_realwaste\glass\Glass_169.jpg,glass,plastic,0.454778,True
data\external_test_realwaste\glass\Glass_17.jpg,glass,trash,0.954696,False
data\external_test_realwaste\glass\Glass_170.jpg,glass,trash,0.900436,False
data\external_test_realwaste\glass\Glass_171.jpg,glass,plastic,0.928726,False
data\external_test_realwaste\glass\Glass_172.jpg,glass,plastic,0.938692,False
data\external_test_realwaste\glass\Glass_173.jpg,glass,plastic,0.608132,False
data\external_test_realwaste\glass\Glass_174.jpg,glass,plastic,0.871284,False
data\external_test_realwaste\glass\Glass_176.jpg,glass,trash,0.938938,False
data\external_test_realwaste\glass\Glass_177.jpg,glass,trash,0.994706,False
data\external_test_realwaste\glass\Glass_178.jpg,glass,trash,0.999958,False
data\external_test_realwaste\glass\Glass_179.jpg,glass,plastic,0.935891,False
data\external_test_realwaste\glass\Glass_18.jpg,glass,trash,0.733674,False
data\external_test_realwaste\glass\Glass_180.jpg,glass,plastic,0.938098,False
data\external_test_realwaste\glass\Glass_182.jpg,glass,plastic,0.981201,False
data\external_test_realwaste\glass\Glass_183.jpg,glass,metal,0.916945,False
data\external_test_realwaste\glass\Glass_184.jpg,glass,trash,0.541668,True
data\external_test_realwaste\glass\Glass_185.jpg,glass,plastic,0.982472,False
data\external_test_realwaste\glass\Glass_186.jpg,glass,metal,0.473826,True
data\external_test_realwaste\glass\Glass_187.jpg,glass,plastic,0.942649,False
data\external_test_realwaste\glass\Glass_189.jpg,glass,plastic,0.83015,False
data\external_test_realwaste\glass\Glass_19.jpg,glass,trash,0.858549,False
data\external_test_realwaste\glass\Glass_191.jpg,glass,plastic,0.993501,False
data\external_test_realwaste\glass\Glass_193.jpg,glass,plastic,0.989787,False
data\external_test_realwaste\glass\Glass_194.jpg,glass,trash,0.889556,False
data\external_test_realwaste\glass\Glass_195.jpg,glass,trash,0.997383,False
data\external_test_realwaste\glass\Glass_196.jpg,glass,plastic,0.650171,False
data\external_test_realwaste\glass\Glass_197.jpg,glass,plastic,0.648297,False
data\external_test_realwaste\glass\Glass_198.jpg,glass,trash,0.999318,False
data\external_test_realwaste\glass\Glass_199.jpg,glass,paper,0.454938,True
data\external_test_realwaste\glass\Glass_20.jpg,glass,trash,0.999538,False
data\external_test_realwaste\glass\Glass_200.jpg,glass,trash,0.992643,False
data\external_test_realwaste\glass\Glass_201.jpg,glass,plastic,0.574054,True
data\external_test_realwaste\glass\Glass_202.jpg,glass,trash,0.999915,False
data\external_test_realwaste\glass\Glass_203.jpg,glass,trash,0.996736,False
data\external_test_realwaste\glass\Glass_204.jpg,glass,plastic,0.595614,True
data\external_test_realwaste\glass\Glass_205.jpg,glass,trash,0.970325,False
data\external_test_realwaste\glass\Glass_206.jpg,glass,trash,0.998055,False
data\external_test_realwaste\glass\Glass_207.jpg,glass,trash,0.999413,False
data\external_test_realwaste\glass\Glass_208.jpg,glass,trash,0.993458,False
data\external_test_realwaste\glass\Glass_209.jpg,glass,trash,0.998913,False
data\external_test_realwaste\glass\Glass_21.jpg,glass,trash,0.993453,False
data\external_test_realwaste\glass\Glass_210.jpg,glass,trash,0.942102,False
data\external_test_realwaste\glass\Glass_211.jpg,glass,trash,0.646113,False
data\external_test_realwaste\glass\Glass_212.jpg,glass,plastic,0.998539,False
data\external_test_realwaste\glass\Glass_213.jpg,glass,trash,0.902711,False
data\external_test_realwaste\glass\Glass_214.jpg,glass,trash,0.952954,False
data\external_test_realwaste\glass\Glass_215.jpg,glass,trash,0.863485,False
data\external_test_realwaste\glass\Glass_216.jpg,glass,trash,0.91773,False
data\external_test_realwaste\glass\Glass_217.jpg,glass,trash,0.997716,False
data\external_test_realwaste\glass\Glass_218.jpg,glass,trash,0.998081,False
data\external_test_realwaste\glass\Glass_219.jpg,glass,trash,0.923263,False
data\external_test_realwaste\glass\Glass_22.jpg,glass,trash,0.916813,False
data\external_test_realwaste\glass\Glass_220.jpg,glass,trash,0.969342,False
data\external_test_realwaste\glass\Glass_221.jpg,glass,trash,0.988071,False
data\external_test_realwaste\glass\Glass_222.jpg,glass,trash,0.996969,False
data\external_test_realwaste\glass\Glass_225.jpg,glass,trash,0.727913,False
data\external_test_realwaste\glass\Glass_226.jpg,glass,trash,0.996094,False
data\external_test_realwaste\glass\Glass_227.jpg,glass,trash,0.920938,False
data\external_test_realwaste\glass\Glass_228.jpg,glass,trash,0.997881,False
data\external_test_realwaste\glass\Glass_229.jpg,glass,trash,0.998635,False
data\external_test_realwaste\glass\Glass_23.jpg,glass,trash,0.831431,False
data\external_test_realwaste\glass\Glass_230.jpg,glass,trash,0.99319,False
data\external_test_realwaste\glass\Glass_231.jpg,glass,trash,0.99834,False
data\external_test_realwaste\glass\Glass_232.jpg,glass,trash,0.99454,False
data\external_test_realwaste\glass\Glass_233.jpg,glass,plastic,0.315386,True
data\external_test_realwaste\glass\Glass_234.jpg,glass,plastic,0.944029,False
data\external_test_realwaste\glass\Glass_236.jpg,glass,trash,0.944046,False
data\external_test_realwaste\glass\Glass_239.jpg,glass,plastic,0.997117,False
data\external_test_realwaste\glass\Glass_24.jpg,glass,trash,0.607046,False
data\external_test_realwaste\glass\Glass_240.jpg,glass,trash,0.82433,False
data\external_test_realwaste\glass\Glass_241.jpg,glass,trash,0.618891,False
data\external_test_realwaste\glass\Glass_242.jpg,glass,trash,0.682318,False
data\external_test_realwaste\glass\Glass_243.jpg,glass,trash,0.600958,False
data\external_test_realwaste\glass\Glass_244.jpg,glass,trash,0.999683,False
data\external_test_realwaste\glass\Glass_245.jpg,glass,trash,0.979466,False
data\external_test_realwaste\glass\Glass_246.jpg,glass,plastic,0.593129,True
data\external_test_realwaste\glass\Glass_247.jpg,glass,trash,0.984427,False
data\external_test_realwaste\glass\Glass_248.jpg,glass,trash,0.93146,False
data\external_test_realwaste\glass\Glass_249.jpg,glass,trash,0.616301,False
data\external_test_realwaste\glass\Glass_25.jpg,glass,trash,0.557749,True
data\external_test_realwaste\glass\Glass_250.jpg,glass,plastic,0.833132,False
data\external_test_realwaste\glass\Glass_252.jpg,glass,trash,0.908568,False
data\external_test_realwaste\glass\Glass_253.jpg,glass,plastic,0.638121,False
data\external_test_realwaste\glass\Glass_254.jpg,glass,plastic,0.828588,False
data\external_test_realwaste\glass\Glass_255.jpg,glass,plastic,0.670919,False
data\external_test_realwaste\glass\Glass_256.jpg,glass,plastic,0.888359,False
data\external_test_realwaste\glass\Glass_258.jpg,glass,trash,0.989865,False
data\external_test_realwaste\glass\Glass_259.jpg,glass,trash,0.964744,False
data\external_test_realwaste\glass\Glass_26.jpg,glass,trash,0.996102,False
data\external_test_realwaste\glass\Glass_260.jpg,glass,trash,0.942707,False
data\external_test_realwaste\glass\Glass_262.jpg,glass,trash,0.986252,False
data\external_test_realwaste\glass\Glass_264.jpg,glass,plastic,0.973802,False
data\external_test_realwaste\glass\Glass_265.jpg,glass,plastic,0.985785,False
data\external_test_realwaste\glass\Glass_266.jpg,glass,plastic,0.998991,False
data\external_test_realwaste\glass\Glass_267.jpg,glass,plastic,0.848071,False
data\external_test_realwaste\glass\Glass_269.jpg,glass,trash,0.982202,False
data\external_test_realwaste\glass\Glass_27.jpg,glass,plastic,0.50958,True
data\external_test_realwaste\glass\Glass_270.jpg,glass,trash,0.98841,False
data\external_test_realwaste\glass\Glass_271.jpg,glass,plastic,0.364775,True
data\external_test_realwaste\glass\Glass_272.jpg,glass,trash,0.98599,False
data\external_test_realwaste\glass\Glass_273.jpg,glass,trash,0.653344,False
data\external_test_realwaste\glass\Glass_276.jpg,glass,trash,0.541106,True
data\external_test_realwaste\glass\Glass_277.jpg,glass,plastic,0.481386,True
data\external_test_realwaste\glass\Glass_278.jpg,glass,plastic,0.908353,False
data\external_test_realwaste\glass\Glass_280.jpg,glass,trash,0.956453,False
data\external_test_realwaste\glass\Glass_281.jpg,glass,trash,0.996409,False
data\external_test_realwaste\glass\Glass_282.jpg,glass,trash,0.563111,True
data\external_test_realwaste\glass\Glass_283.jpg,glass,trash,0.980488,False
data\external_test_realwaste\glass\Glass_284.jpg,glass,trash,0.997916,False
data\external_test_realwaste\glass\Glass_285.jpg,glass,trash,0.999285,False
data\external_test_realwaste\glass\Glass_286.jpg,glass,trash,0.99261,False
data\external_test_realwaste\glass\Glass_287.jpg,glass,trash,0.997288,False
data\external_test_realwaste\glass\Glass_288.jpg,glass,plastic,0.839408,False
data\external_test_realwaste\glass\Glass_289.jpg,glass,trash,0.460374,True
data\external_test_realwaste\glass\Glass_29.jpg,glass,plastic,0.908396,False
data\external_test_realwaste\glass\Glass_291.jpg,glass,plastic,0.976705,False
data\external_test_realwaste\glass\Glass_292.jpg,glass,plastic,0.952935,False
data\external_test_realwaste\glass\Glass_293.jpg,glass,trash,0.753608,False
data\external_test_realwaste\glass\Glass_294.jpg,glass,trash,0.788899,False
data\external_test_realwaste\glass\Glass_295.jpg,glass,plastic,0.931041,False
data\external_test_realwaste\glass\Glass_296.jpg,glass,trash,0.842665,False
data\external_test_realwaste\glass\Glass_297.jpg,glass,trash,0.686162,False
data\external_test_realwaste\glass\Glass_298.jpg,glass,trash,0.857329,False
data\external_test_realwaste\glass\Glass_299.jpg,glass,trash,0.991398,False
data\external_test_realwaste\glass\Glass_300.jpg,glass,trash,0.582921,True
data\external_test_realwaste\glass\Glass_302.jpg,glass,trash,0.557453,True
data\external_test_realwaste\glass\Glass_303.jpg,glass,trash,0.832732,False
data\external_test_realwaste\glass\Glass_305.jpg,glass,trash,0.487713,True
data\external_test_realwaste\glass\Glass_307.jpg,glass,trash,0.974133,False
data\external_test_realwaste\glass\Glass_308.jpg,glass,trash,0.982359,False
data\external_test_realwaste\glass\Glass_309.jpg,glass,trash,0.780405,False
data\external_test_realwaste\glass\Glass_311.jpg,glass,plastic,0.760525,False
data\external_test_realwaste\glass\Glass_312.jpg,glass,plastic,0.768494,False
data\external_test_realwaste\glass\Glass_313.jpg,glass,trash,0.96453,False
data\external_test_realwaste\glass\Glass_314.jpg,glass,trash,0.987179,False
data\external_test_realwaste\glass\Glass_315.jpg,glass,trash,0.99976,False
data\external_test_realwaste\glass\Glass_316.jpg,glass,trash,0.995837,False
data\external_test_realwaste\glass\Glass_317.jpg,glass,trash,0.99517,False
data\external_test_realwaste\glass\Glass_318.jpg,glass,trash,0.941264,False
data\external_test_realwaste\glass\Glass_319.jpg,glass,trash,0.997497,False
data\external_test_realwaste\glass\Glass_320.jpg,glass,trash,0.943286,False
data\external_test_realwaste\glass\Glass_321.jpg,glass,trash,0.833846,False
data\external_test_realwaste\glass\Glass_322.jpg,glass,trash,0.995758,False
data\external_test_realwaste\glass\Glass_323.jpg,glass,plastic,0.918569,False
data\external_test_realwaste\glass\Glass_324.jpg,glass,trash,0.707901,False
data\external_test_realwaste\glass\Glass_325.jpg,glass,trash,0.976757,False
data\external_test_realwaste\glass\Glass_326.jpg,glass,plastic,0.987127,False
data\external_test_realwaste\glass\Glass_327.jpg,glass,trash,0.993419,False
data\external_test_realwaste\glass\Glass_328.jpg,glass,plastic,0.994943,False
data\external_test_realwaste\glass\Glass_329.jpg,glass,trash,0.997269,False
data\external_test_realwaste\glass\Glass_330.jpg,glass,plastic,0.953874,False
data\external_test_realwaste\glass\Glass_331.jpg,glass,trash,0.908662,False
data\external_test_realwaste\glass\Glass_332.jpg,glass,plastic,0.743472,False
data\external_test_realwaste\glass\Glass_333.jpg,glass,plastic,0.999829,False
data\external_test_realwaste\glass\Glass_335.jpg,glass,plastic,0.820439,False
data\external_test_realwaste\glass\Glass_336.jpg,glass,plastic,0.961818,False
data\external_test_realwaste\glass\Glass_337.jpg,glass,trash,0.703898,False
data\external_test_realwaste\glass\Glass_338.jpg,glass,trash,0.804144,False
data\external_test_realwaste\glass\Glass_339.jpg,glass,trash,0.982113,False
data\external_test_realwaste\glass\Glass_34.jpg,glass,trash,0.975649,False
data\external_test_realwaste\glass\Glass_340.jpg,glass,plastic,0.941607,False
data\external_test_realwaste\glass\Glass_341.jpg,glass,plastic,0.663286,False
data\external_test_realwaste\glass\Glass_342.jpg,glass,trash,0.930143,False
data\external_test_realwaste\glass\Glass_343.jpg,glass,plastic,0.961222,False
data\external_test_realwaste\glass\Glass_345.jpg,glass,plastic,0.950356,False
data\external_test_realwaste\glass\Glass_346.jpg,glass,trash,0.938261,False
data\external_test_realwaste\glass\Glass_347.jpg,glass,plastic,0.999754,False
data\external_test_realwaste\glass\Glass_348.jpg,glass,plastic,0.746928,False
data\external_test_realwaste\glass\Glass_35.jpg,glass,trash,0.931796,False
data\external_test_realwaste\glass\Glass_353.jpg,glass,plastic,0.86394,False
data\external_test_realwaste\glass\Glass_354.jpg,glass,plastic,0.951334,False
data\external_test_realwaste\glass\Glass_356.jpg,glass,trash,0.981361,False
data\external_test_realwaste\glass\Glass_357.jpg,glass,trash,0.983849,False
data\external_test_realwaste\glass\Glass_358.jpg,glass,trash,0.984378,False
data\external_test_realwaste\glass\Glass_359.jpg,glass,trash,0.864508,False
data\external_test_realwaste\glass\Glass_36.jpg,glass,trash,0.6237,False
data\external_test_realwaste\glass\Glass_360.jpg,glass,plastic,0.805536,False
data\external_test_realwaste\glass\Glass_362.jpg,glass,trash,0.943156,False
data\external_test_realwaste\glass\Glass_363.jpg,glass,plastic,0.933091,False
data\external_test_realwaste\glass\Glass_364.jpg,glass,plastic,0.997162,False
data\external_test_realwaste\glass\Glass_365.jpg,glass,plastic,0.960387,False
data\external_test_realwaste\glass\Glass_366.jpg,glass,trash,0.686622,False
data\external_test_realwaste\glass\Glass_367.jpg,glass,metal,0.431531,True
data\external_test_realwaste\glass\Glass_369.jpg,glass,plastic,0.513452,True
data\external_test_realwaste\glass\Glass_37.jpg,glass,trash,0.696374,False
data\external_test_realwaste\glass\Glass_375.jpg,glass,trash,0.906642,False
data\external_test_realwaste\glass\Glass_376.jpg,glass,plastic,0.95016,False
data\external_test_realwaste\glass\Glass_38.jpg,glass,trash,0.55047,True
data\external_test_realwaste\glass\Glass_387.jpg,glass,plastic,0.720251,False
data\external_test_realwaste\glass\Glass_388.jpg,glass,plastic,0.948119,False
data\external_test_realwaste\glass\Glass_389.jpg,glass,plastic,0.412783,True
data\external_test_realwaste\glass\Glass_391.jpg,glass,plastic,0.899737,False
data\external_test_realwaste\glass\Glass_393.jpg,glass,cardboard,0.745991,False
data\external_test_realwaste\glass\Glass_394.jpg,glass,cardboard,0.423833,True
data\external_test_realwaste\glass\Glass_396.jpg,glass,trash,0.96778,False
data\external_test_realwaste\glass\Glass_397.jpg,glass,trash,0.458004,True
data\external_test_realwaste\glass\Glass_399.jpg,glass,trash,0.90366,False
data\external_test_realwaste\glass\Glass_402.jpg,glass,cardboard,0.459507,True
data\external_test_realwaste\glass\Glass_404.jpg,glass,plastic,0.923347,False
data\external_test_realwaste\glass\Glass_405.jpg,glass,trash,0.987627,False
data\external_test_realwaste\glass\Glass_41.jpg,glass,trash,0.742692,False
data\external_test_realwaste\glass\Glass_410.jpg,glass,plastic,0.9588,False
data\external_test_realwaste\glass\Glass_411.jpg,glass,plastic,0.604136,False
data\external_test_realwaste\glass\Glass_417.jpg,glass,cardboard,0.503337,True
data\external_test_realwaste\glass\Glass_418.jpg,glass,plastic,0.475157,True
data\external_test_realwaste\glass\Glass_419.jpg,glass,metal,0.946202,False
data\external_test_realwaste\glass\Glass_43.jpg,glass,plastic,0.726521,False
data\external_test_realwaste\glass\Glass_44.jpg,glass,plastic,0.794952,False
data\external_test_realwaste\glass\Glass_45.jpg,glass,trash,0.990195,False
data\external_test_realwaste\glass\Glass_47.jpg,glass,plastic,0.932728,False
data\external_test_realwaste\glass\Glass_48.jpg,glass,cardboard,0.838184,False
data\external_test_realwaste\glass\Glass_49.jpg,glass,plastic,0.54454,True
data\external_test_realwaste\glass\Glass_50.jpg,glass,trash,0.969757,False
data\external_test_realwaste\glass\Glass_51.jpg,glass,trash,0.916891,False
data\external_test_realwaste\glass\Glass_52.jpg,glass,trash,0.5127,True
data\external_test_realwaste\glass\Glass_53.jpg,glass,trash,0.998578,False
data\external_test_realwaste\glass\Glass_54.jpg,glass,trash,0.9819,False
data\external_test_realwaste\glass\Glass_55.jpg,glass,trash,0.999833,False
data\external_test_realwaste\glass\Glass_56.jpg,glass,trash,0.995054,False
data\external_test_realwaste\glass\Glass_57.jpg,glass,plastic,0.793974,False
data\external_test_realwaste\glass\Glass_58.jpg,glass,trash,0.935609,False
data\external_test_realwaste\glass\Glass_59.jpg,glass,trash,0.993872,False
data\external_test_realwaste\glass\Glass_6.jpg,glass,plastic,0.991672,False
data\external_test_realwaste\glass\Glass_60.jpg,glass,trash,0.872179,False
data\external_test_realwaste\glass\Glass_61.jpg,glass,trash,0.688107,False
data\external_test_realwaste\glass\Glass_62.jpg,glass,cardboard,0.631464,False
data\external_test_realwaste\glass\Glass_63.jpg,glass,trash,0.910198,False
data\external_test_realwaste\glass\Glass_64.jpg,glass,trash,0.765549,False
data\external_test_realwaste\glass\Glass_65.jpg,glass,plastic,0.697597,False
data\external_test_realwaste\glass\Glass_66.jpg,glass,plastic,0.896183,False
data\external_test_realwaste\glass\Glass_67.jpg,glass,plastic,0.854277,False
data\external_test_realwaste\glass\Glass_68.jpg,glass,plastic,0.520714,True
data\external_test_realwaste\glass\Glass_69.jpg,glass,trash,0.775761,False
data\external_test_realwaste\glass\Glass_70.jpg,glass,plastic,0.95511,False
data\external_test_realwaste\glass\Glass_71.jpg,glass,plastic,0.569027,True
data\external_test_realwaste\glass\Glass_72.jpg,glass,trash,0.99509,False
data\external_test_realwaste\glass\Glass_73.jpg,glass,plastic,0.568075,True
data\external_test_realwaste\glass\Glass_74.jpg,glass,trash,0.993192,False
data\external_test_realwaste\glass\Glass_75.jpg,glass,plastic,0.936084,False
data\external_test_realwaste\glass\Glass_76.jpg,glass,plastic,0.999003,False
data\external_test_realwaste\glass\Glass_77.jpg,glass,trash,0.989605,False
data\external_test_realwaste\glass\Glass_78.jpg,glass,plastic,0.924106,False
data\external_test_realwaste\glass\Glass_80.jpg,glass,plastic,0.966708,False
data\external_test_realwaste\glass\Glass_81.jpg,glass,trash,0.998976,False
data\external_test_realwaste\glass\Glass_82.jpg,glass,plastic,0.993145,False
data\external_test_realwaste\glass\Glass_83.jpg,glass,trash,0.667201,False
data\external_test_realwaste\glass\Glass_85.jpg,glass,cardboard,0.872277,False
data\external_test_realwaste\glass\Glass_90.jpg,glass,metal,0.775423,False
data\external_test_realwaste\glass\Glass_91.jpg,glass,trash,0.638881,False
data\external_test_realwaste\glass\Glass_96.jpg,glass,trash,0.992381,False
data\external_test_realwaste\glass\Glass_97.jpg,glass,trash,0.982934,False
data\external_test_realwaste\glass\Glass_99.jpg,glass,plastic,0.880501,False
data\external_test_realwaste\metal\Metal_10.jpg,metal,trash,0.978226,False
data\external_test_realwaste\metal\Metal_100.jpg,metal,plastic,0.977349,False
data\external_test_realwaste\metal\Metal_102.jpg,metal,plastic,0.571839,True
data\external_test_realwaste\metal\Metal_103.jpg,metal,glass,0.897584,False
data\external_test_realwaste\metal\Metal_104.jpg,metal,plastic,0.655092,False
data\external_test_realwaste\metal\Metal_105.jpg,metal,plastic,0.928857,False
data\external_test_realwaste\metal\Metal_106.jpg,metal,trash,0.649603,False
data\external_test_realwaste\metal\Metal_11.jpg,metal,trash,0.265743,True
data\external_test_realwaste\metal\Metal_110.jpg,metal,trash,0.442782,True
data\external_test_realwaste\metal\Metal_113.jpg,metal,plastic,0.872397,False
data\external_test_realwaste\metal\Metal_116.jpg,metal,trash,0.685436,False
data\external_test_realwaste\metal\Metal_118.jpg,metal,trash,0.607992,False
data\external_test_realwaste\metal\Metal_119.jpg,metal,trash,0.747603,False
data\external_test_realwaste\metal\Metal_12.jpg,metal,trash,0.608985,False
data\external_test_realwaste\metal\Metal_121.jpg,metal,trash,0.37929,True
data\external_test_realwaste\metal\Metal_122.jpg,metal,trash,0.991564,False
data\external_test_realwaste\metal\Metal_123.jpg,metal,glass,0.449263,True
data\external_test_realwaste\metal\Metal_126.jpg,metal,trash,0.55562,True
data\external_test_realwaste\metal\Metal_127.jpg,metal,trash,0.853209,False
data\external_test_realwaste\metal\Metal_128.jpg,metal,trash,0.657793,False
data\external_test_realwaste\metal\Metal_130.jpg,metal,plastic,0.990627,False
data\external_test_realwaste\metal\Metal_131.jpg,metal,trash,0.855653,False
data\external_test_realwaste\metal\Metal_134.jpg,metal,plastic,0.8163,False
data\external_test_realwaste\metal\Metal_14.jpg,metal,cardboard,0.653178,False
data\external_test_realwaste\metal\Metal_140.jpg,metal,paper,0.721456,False
data\external_test_realwaste\metal\Metal_142.jpg,metal,trash,0.997084,False
data\external_test_realwaste\metal\Metal_144.jpg,metal,plastic,0.872295,False
data\external_test_realwaste\metal\Metal_145.jpg,metal,cardboard,0.991634,False
data\external_test_realwaste\metal\Metal_146.jpg,metal,trash,0.474055,True
data\external_test_realwaste\metal\Metal_147.jpg,metal,glass,0.508939,True
data\external_test_realwaste\metal\Metal_148.jpg,metal,trash,0.97344,False
data\external_test_realwaste\metal\Metal_153.jpg,metal,trash,0.659707,False
data\external_test_realwaste\metal\Metal_154.jpg,metal,trash,0.997549,False
data\external_test_realwaste\metal\Metal_163.jpg,metal,trash,0.740862,False
data\external_test_realwaste\metal\Metal_164.jpg,metal,plastic,0.627654,False
data\external_test_realwaste\metal\Metal_165.jpg,metal,plastic,0.699291,False
data\external_test_realwaste\metal\Metal_167.jpg,metal,trash,0.574629,True
data\external_test_realwaste\metal\Metal_17.jpg,metal,cardboard,0.325766,True
data\external_test_realwaste\metal\Metal_171.jpg,metal,trash,0.992895,False
data\external_test_realwaste\metal\Metal_178.jpg,metal,trash,0.428348,True
data\external_test_realwaste\metal\Metal_179.jpg,metal,plastic,0.650215,False
data\external_test_realwaste\metal\Metal_180.jpg,metal,plastic,0.565056,True
data\external_test_realwaste\metal\Metal_181.jpg,metal,trash,0.651303,False
data\external_test_realwaste\metal\Metal_182.jpg,metal,trash,0.568679,True
data\external_test_realwaste\metal\Metal_183.jpg,metal,plastic,0.683138,False
data\external_test_realwaste\metal\Metal_185.jpg,metal,trash,0.46667,True
data\external_test_realwaste\metal\Metal_186.jpg,metal,paper,0.877501,False
data\external_test_realwaste\metal\Metal_187.jpg,metal,trash,0.971844,False
data\external_test_realwaste\metal\Metal_189.jpg,metal,trash,0.883756,False
data\external_test_realwaste\metal\Metal_192.jpg,metal,trash,0.99925,False
data\external_test_realwaste\metal\Metal_196.jpg,metal,trash,0.588175,True
data\external_test_realwaste\metal\Metal_199.jpg,metal,plastic,0.795604,False
data\external_test_realwaste\metal\Metal_200.jpg,metal,trash,0.960952,False
data\external_test_realwaste\metal\Metal_201.jpg,metal,glass,0.960502,False
data\external_test_realwaste\metal\Metal_202.jpg,metal,plastic,0.893885,False
data\external_test_realwaste\metal\Metal_203.jpg,metal,trash,0.874309,False
data\external_test_realwaste\metal\Metal_204.jpg,metal,glass,0.910676,False
data\external_test_realwaste\metal\Metal_205.jpg,metal,trash,0.931845,False
data\external_test_realwaste\metal\Metal_206.jpg,metal,plastic,0.608693,False
data\external_test_realwaste\metal\Metal_207.jpg,metal,trash,0.883712,False
data\external_test_realwaste\metal\Metal_208.jpg,metal,plastic,0.862497,False
data\external_test_realwaste\metal\Metal_21.jpg,metal,trash,0.536828,True
data\external_test_realwaste\metal\Metal_210.jpg,metal,plastic,0.517466,True
data\external_test_realwaste\metal\Metal_211.jpg,metal,trash,0.990525,False
data\external_test_realwaste\metal\Metal_213.jpg,metal,trash,0.970766,False
data\external_test_realwaste\metal\Metal_214.jpg,metal,trash,0.829814,False
data\external_test_realwaste\metal\Metal_215.jpg,metal,trash,0.798751,False
data\external_test_realwaste\metal\Metal_216.jpg,metal,cardboard,0.905342,False
data\external_test_realwaste\metal\Metal_217.jpg,metal,cardboard,0.745382,False
data\external_test_realwaste\metal\Metal_218.jpg,metal,plastic,0.811805,False
data\external_test_realwaste\metal\Metal_219.jpg,metal,trash,0.717279,False
data\external_test_realwaste\metal\Metal_220.jpg,metal,cardboard,0.504038,True
data\external_test_realwaste\metal\Metal_221.jpg,metal,glass,0.79002,False
data\external_test_realwaste\metal\Metal_222.jpg,metal,glass,0.650951,False
data\external_test_realwaste\metal\Metal_225.jpg,metal,trash,0.580613,True
data\external_test_realwaste\metal\Metal_228.jpg,metal,plastic,0.517906,True
data\external_test_realwaste\metal\Metal_230.jpg,metal,trash,0.835161,False
data\external_test_realwaste\metal\Metal_231.jpg,metal,plastic,0.668048,False
data\external_test_realwaste\metal\Metal_232.jpg,metal,trash,0.756969,False
data\external_test_realwaste\metal\Metal_238.jpg,metal,trash,0.986842,False
data\external_test_realwaste\metal\Metal_239.jpg,metal,trash,0.915446,False
data\external_test_realwaste\metal\Metal_24.jpg,metal,trash,0.890521,False
data\external_test_realwaste\metal\Metal_240.jpg,metal,trash,0.621868,False
data\external_test_realwaste\metal\Metal_241.jpg,metal,glass,0.734784,False
data\external_test_realwaste\metal\Metal_242.jpg,metal,plastic,0.991871,False
data\external_test_realwaste\metal\Metal_244.jpg,metal,glass,0.863281,False
data\external_test_realwaste\metal\Metal_245.jpg,metal,glass,0.453799,True
data\external_test_realwaste\metal\Metal_247.jpg,metal,plastic,0.869724,False
data\external_test_realwaste\metal\Metal_248.jpg,metal,plastic,0.825522,False
data\external_test_realwaste\metal\Metal_249.jpg,metal,trash,0.726818,False
data\external_test_realwaste\metal\Metal_250.jpg,metal,trash,0.745466,False
data\external_test_realwaste\metal\Metal_251.jpg,metal,trash,0.997463,False
data\external_test_realwaste\metal\Metal_252.jpg,metal,glass,0.944253,False
data\external_test_realwaste\metal\Metal_253.jpg,metal,cardboard,0.7116,False
data\external_test_realwaste\metal\Metal_254.jpg,metal,plastic,0.832203,False
data\external_test_realwaste\metal\Metal_255.jpg,metal,plastic,0.979269,False
data\external_test_realwaste\metal\Metal_256.jpg,metal,plastic,0.994217,False
data\external_test_realwaste\metal\Metal_258.jpg,metal,glass,0.881716,False
data\external_test_realwaste\metal\Metal_259.jpg,metal,trash,0.926825,False
data\external_test_realwaste\metal\Metal_260.jpg,metal,trash,0.528206,True
data\external_test_realwaste\metal\Metal_262.jpg,metal,glass,0.619096,False
data\external_test_realwaste\metal\Metal_263.jpg,metal,glass,0.986238,False
data\external_test_realwaste\metal\Metal_264.jpg,metal,trash,0.9627,False
data\external_test_realwaste\metal\Metal_265.jpg,metal,trash,0.977121,False
data\external_test_realwaste\metal\Metal_266.jpg,metal,trash,0.997923,False
data\external_test_realwaste\metal\Metal_267.jpg,metal,glass,0.892623,False
data\external_test_realwaste\metal\Metal_268.jpg,metal,glass,0.991364,False
data\external_test_realwaste\metal\Metal_269.jpg,metal,trash,0.999761,False
data\external_test_realwaste\metal\Metal_27.jpg,metal,trash,0.675465,False
data\external_test_realwaste\metal\Metal_270.jpg,metal,trash,0.998651,False
data\external_test_realwaste\metal\Metal_278.jpg,metal,plastic,0.927066,False
data\external_test_realwaste\metal\Metal_279.jpg,metal,glass,0.982556,False
data\external_test_realwaste\metal\Metal_280.jpg,metal,trash,0.653889,False
data\external_test_realwaste\metal\Metal_281.jpg,metal,glass,0.416973,True
data\external_test_realwaste\metal\Metal_282.jpg,metal,trash,0.410737,True
data\external_test_realwaste\metal\Metal_284.jpg,metal,plastic,0.933745,False
data\external_test_realwaste\metal\Metal_285.jpg,metal,trash,0.622724,False
data\external_test_realwaste\metal\Metal_286.jpg,metal,trash,0.359809,True
data\external_test_realwaste\metal\Metal_288.jpg,metal,trash,0.556839,True
data\external_test_realwaste\metal\Metal_289.jpg,metal,glass,0.622324,False
data\external_test_realwaste\metal\Metal_29.jpg,metal,plastic,0.740917,False
data\external_test_realwaste\metal\Metal_292.jpg,metal,trash,0.636282,False
data\external_test_realwaste\metal\Metal_293.jpg,metal,trash,0.726392,False
data\external_test_realwaste\metal\Metal_294.jpg,metal,plastic,0.72286,False
data\external_test_realwaste\metal\Metal_295.jpg,metal,plastic,0.398383,True
data\external_test_realwaste\metal\Metal_296.jpg,metal,trash,0.562282,True
data\external_test_realwaste\metal\Metal_297.jpg,metal,plastic,0.793348,False
data\external_test_realwaste\metal\Metal_298.jpg,metal,trash,0.874352,False
data\external_test_realwaste\metal\Metal_299.jpg,metal,trash,0.618346,False
data\external_test_realwaste\metal\Metal_30.jpg,metal,plastic,0.986025,False
data\external_test_realwaste\metal\Metal_300.jpg,metal,trash,0.979262,False
data\external_test_realwaste\metal\Metal_302.jpg,metal,plastic,0.998763,False
data\external_test_realwaste\metal\Metal_303.jpg,metal,plastic,0.683326,False
data\external_test_realwaste\metal\Metal_304.jpg,metal,trash,0.956304,False
data\external_test_realwaste\metal\Metal_305.jpg,metal,trash,0.857525,False
data\external_test_realwaste\metal\Metal_307.jpg,metal,trash,0.682421,False
data\external_test_realwaste\metal\Metal_308.jpg,metal,plastic,0.555281,True
data\external_test_realwaste\metal\Metal_31.jpg,metal,plastic,0.501377,True
data\external_test_realwaste\metal\Metal_310.jpg,metal,trash,0.642336,False
data\external_test_realwaste\metal\Metal_311.jpg,metal,plastic,0.967514,False
data\external_test_realwaste\metal\Metal_313.jpg,metal,trash,0.962783,False
data\external_test_realwaste\metal\Metal_314.jpg,metal,plastic,0.573656,True
data\external_test_realwaste\metal\Metal_315.jpg,metal,plastic,0.623578,False
data\external_test_realwaste\metal\Metal_317.jpg,metal,trash,0.991061,False
data\external_test_realwaste\metal\Metal_318.jpg,metal,trash,0.984882,False
data\external_test_realwaste\metal\Metal_319.jpg,metal,trash,0.992342,False
data\external_test_realwaste\metal\Metal_32.jpg,metal,trash,0.619375,False
data\external_test_realwaste\metal\Metal_320.jpg,metal,trash,0.991993,False
data\external_test_realwaste\metal\Metal_321.jpg,metal,trash,0.753536,False
data\external_test_realwaste\metal\Metal_322.jpg,metal,trash,0.986733,False
data\external_test_realwaste\metal\Metal_324.jpg,metal,trash,0.982407,False
data\external_test_realwaste\metal\Metal_325.jpg,metal,trash,0.955992,False
data\external_test_realwaste\metal\Metal_326.jpg,metal,trash,0.984477,False
data\external_test_realwaste\metal\Metal_327.jpg,metal,trash,0.44333,True
data\external_test_realwaste\metal\Metal_328.jpg,metal,trash,0.994116,False
data\external_test_realwaste\metal\Metal_329.jpg,metal,plastic,0.449721,True
data\external_test_realwaste\metal\Metal_33.jpg,metal,glass,0.998785,False
data\external_test_realwaste\metal\Metal_330.jpg,metal,trash,0.826273,False
data\external_test_realwaste\metal\Metal_331.jpg,metal,trash,0.682506,False
data\external_test_realwaste\metal\Metal_332.jpg,metal,trash,0.93714,False
data\external_test_realwaste\metal\Metal_334.jpg,metal,trash,0.968451,False
data\external_test_realwaste\metal\Metal_335.jpg,metal,trash,0.970586,False
data\external_test_realwaste\metal\Metal_336.jpg,metal,trash,0.845941,False
data\external_test_realwaste\metal\Metal_337.jpg,metal,trash,0.850665,False
data\external_test_realwaste\metal\Metal_339.jpg,metal,trash,0.76988,False
data\external_test_realwaste\metal\Metal_34.jpg,metal,cardboard,0.41064,True
data\external_test_realwaste\metal\Metal_340.jpg,metal,glass,0.616011,False
data\external_test_realwaste\metal\Metal_341.jpg,metal,glass,0.398929,True
data\external_test_realwaste\metal\Metal_342.jpg,metal,glass,0.459613,True
data\external_test_realwaste\metal\Metal_343.jpg,metal,cardboard,0.999589,False
data\external_test_realwaste\metal\Metal_344.jpg,metal,trash,0.926327,False
data\external_test_realwaste\metal\Metal_345.jpg,metal,trash,0.908875,False
data\external_test_realwaste\metal\Metal_347.jpg,metal,trash,0.887372,False
data\external_test_realwaste\metal\Metal_348.jpg,metal,trash,0.804762,False
data\external_test_realwaste\metal\Metal_349.jpg,metal,trash,0.653917,False
data\external_test_realwaste\metal\Metal_35.jpg,metal,trash,0.983757,False
data\external_test_realwaste\metal\Metal_350.jpg,metal,trash,0.919532,False
data\external_test_realwaste\metal\Metal_351.jpg,metal,trash,0.917863,False
data\external_test_realwaste\metal\Metal_359.jpg,metal,trash,0.851936,False
data\external_test_realwaste\metal\Metal_36.jpg,metal,glass,0.985666,False
data\external_test_realwaste\metal\Metal_360.jpg,metal,trash,0.981751,False
data\external_test_realwaste\metal\Metal_362.jpg,metal,trash,0.473917,True
data\external_test_realwaste\metal\Metal_363.jpg,metal,trash,0.829241,False
data\external_test_realwaste\metal\Metal_364.jpg,metal,trash,0.99627,False
data\external_test_realwaste\metal\Metal_365.jpg,metal,trash,0.493537,True
data\external_test_realwaste\metal\Metal_367.jpg,metal,trash,0.963666,False
data\external_test_realwaste\metal\Metal_37.jpg,metal,plastic,0.53726,True
data\external_test_realwaste\metal\Metal_370.jpg,metal,trash,0.803823,False
data\external_test_realwaste\metal\Metal_371.jpg,metal,trash,0.918485,False
data\external_test_realwaste\metal\Metal_372.jpg,metal,trash,0.694667,False
data\external_test_realwaste\metal\Metal_373.jpg,metal,trash,0.833661,False
data\external_test_realwaste\metal\Metal_374.jpg,metal,trash,0.507921,True
data\external_test_realwaste\metal\Metal_375.jpg,metal,trash,0.977302,False
data\external_test_realwaste\metal\Metal_376.jpg,metal,trash,0.999767,False
data\external_test_realwaste\metal\Metal_377.jpg,metal,trash,0.875254,False
data\external_test_realwaste\metal\Metal_378.jpg,metal,trash,0.959133,False
data\external_test_realwaste\metal\Metal_379.jpg,metal,trash,0.479748,True
data\external_test_realwaste\metal\Metal_380.jpg,metal,trash,0.986211,False
data\external_test_realwaste\metal\Metal_381.jpg,metal,trash,0.996724,False
data\external_test_realwaste\metal\Metal_382.jpg,metal,trash,0.974231,False
data\external_test_realwaste\metal\Metal_383.jpg,metal,trash,0.845517,False
data\external_test_realwaste\metal\Metal_384.jpg,metal,trash,0.996009,False
data\external_test_realwaste\metal\Metal_385.jpg,metal,trash,0.968659,False
data\external_test_realwaste\metal\Metal_386.jpg,metal,trash,0.829728,False
data\external_test_realwaste\metal\Metal_387.jpg,metal,plastic,0.862311,False
data\external_test_realwaste\metal\Metal_388.jpg,metal,trash,0.981103,False
data\external_test_realwaste\metal\Metal_39.jpg,metal,trash,0.978091,False
data\external_test_realwaste\metal\Metal_391.jpg,metal,trash,0.919679,False
data\external_test_realwaste\metal\Metal_393.jpg,metal,trash,0.55156,True
data\external_test_realwaste\metal\Metal_394.jpg,metal,cardboard,0.894138,False
data\external_test_realwaste\metal\Metal_395.jpg,metal,paper,0.946032,False
data\external_test_realwaste\metal\Metal_396.jpg,metal,trash,0.969364,False
data\external_test_realwaste\metal\Metal_397.jpg,metal,trash,0.678862,False
data\external_test_realwaste\metal\Metal_398.jpg,metal,trash,0.962122,False
data\external_test_realwaste\metal\Metal_399.jpg,metal,trash,0.852098,False
data\external_test_realwaste\metal\Metal_40.jpg,metal,plastic,0.958627,False
data\external_test_realwaste\metal\Metal_400.jpg,metal,trash,0.881129,False
data\external_test_realwaste\metal\Metal_406.jpg,metal,trash,0.720547,False
data\external_test_realwaste\metal\Metal_408.jpg,metal,trash,0.69272,False
data\external_test_realwaste\metal\Metal_409.jpg,metal,trash,0.993414,False
data\external_test_realwaste\metal\Metal_410.jpg,metal,trash,0.538976,True
data\external_test_realwaste\metal\Metal_411.jpg,metal,plastic,0.851868,False
data\external_test_realwaste\metal\Metal_413.jpg,metal,trash,0.586183,True
data\external_test_realwaste\metal\Metal_414.jpg,metal,trash,0.99444,False
data\external_test_realwaste\metal\Metal_417.jpg,metal,trash,0.499106,True
data\external_test_realwaste\metal\Metal_418.jpg,metal,trash,0.758948,False
data\external_test_realwaste\metal\Metal_419.jpg,metal,trash,0.730815,False
data\external_test_realwaste\metal\Metal_420.jpg,metal,trash,0.997865,False
data\external_test_realwaste\metal\Metal_421.jpg,metal,trash,0.981874,False
data\external_test_realwaste\metal\Metal_422.jpg,metal,trash,0.949117,False
data\external_test_realwaste\metal\Metal_423.jpg,metal,trash,0.813728,False
data\external_test_realwaste\metal\Metal_424.jpg,metal,trash,0.959549,False
data\external_test_realwaste\metal\Metal_425.jpg,metal,trash,0.545865,True
data\external_test_realwaste\metal\Metal_429.jpg,metal,trash,0.576734,True
data\external_test_realwaste\metal\Metal_433.jpg,metal,trash,0.984002,False
data\external_test_realwaste\metal\Metal_434.jpg,metal,paper,0.748179,False
data\external_test_realwaste\metal\Metal_435.jpg,metal,trash,0.76944,False
data\external_test_realwaste\metal\Metal_436.jpg,metal,trash,0.969983,False
data\external_test_realwaste\metal\Metal_437.jpg,metal,trash,0.980636,False
data\external_test_realwaste\metal\Metal_443.jpg,metal,trash,0.575169,True
data\external_test_realwaste\metal\Metal_444.jpg,metal,trash,0.89384,False
data\external_test_realwaste\metal\Metal_446.jpg,metal,paper,0.798506,False
data\external_test_realwaste\metal\Metal_450.jpg,metal,trash,0.743208,False
data\external_test_realwaste\metal\Metal_453.jpg,metal,plastic,0.725796,False
data\external_test_realwaste\metal\Metal_455.jpg,metal,glass,0.756067,False
data\external_test_realwaste\metal\Metal_457.jpg,metal,trash,0.970878,False
data\external_test_realwaste\metal\Metal_459.jpg,metal,trash,0.995656,False
data\external_test_realwaste\metal\Metal_461.jpg,metal,trash,0.901092,False
data\external_test_realwaste\metal\Metal_462.jpg,metal,trash,0.850908,False
data\external_test_realwaste\metal\Metal_463.jpg,metal,trash,0.998345,False
data\external_test_realwaste\metal\Metal_464.jpg,metal,plastic,0.647274,False
data\external_test_realwaste\metal\Metal_468.jpg,metal,trash,0.675615,False
data\external_test_realwaste\metal\Metal_471.jpg,metal,trash,0.952922,False
data\external_test_realwaste\metal\Metal_473.jpg,metal,trash,0.696692,False
data\external_test_realwaste\metal\Metal_474.jpg,metal,trash,0.627275,False
data\external_test_realwaste\metal\Metal_475.jpg,metal,glass,0.776958,False
data\external_test_realwaste\metal\Metal_476.jpg,metal,plastic,0.865407,False
data\external_test_realwaste\metal\Metal_477.jpg,metal,glass,0.49387,True
data\external_test_realwaste\metal\Metal_478.jpg,metal,plastic,0.463349,True
data\external_test_realwaste\metal\Metal_48.jpg,metal,glass,0.275531,True
data\external_test_realwaste\metal\Metal_480.jpg,metal,paper,0.623523,False
data\external_test_realwaste\metal\Metal_482.jpg,metal,trash,0.813594,False
data\external_test_realwaste\metal\Metal_483.jpg,metal,plastic,0.632536,False
data\external_test_realwaste\metal\Metal_491.jpg,metal,trash,0.977004,False
data\external_test_realwaste\metal\Metal_492.jpg,metal,trash,0.732364,False
data\external_test_realwaste\metal\Metal_495.jpg,metal,glass,0.918073,False
data\external_test_realwaste\metal\Metal_496.jpg,metal,trash,0.78782,False
data\external_test_realwaste\metal\Metal_497.jpg,metal,trash,0.824782,False
data\external_test_realwaste\metal\Metal_503.jpg,metal,trash,0.458342,True
data\external_test_realwaste\metal\Metal_504.jpg,metal,plastic,0.51226,True
data\external_test_realwaste\metal\Metal_505.jpg,metal,trash,0.943181,False
data\external_test_realwaste\metal\Metal_506.jpg,metal,trash,0.979021,False
data\external_test_realwaste\metal\Metal_507.jpg,metal,trash,0.792691,False
data\external_test_realwaste\metal\Metal_508.jpg,metal,trash,0.998746,False
data\external_test_realwaste\metal\Metal_509.jpg,metal,trash,0.942697,False
data\external_test_realwaste\metal\Metal_511.jpg,metal,plastic,0.445552,True
data\external_test_realwaste\metal\Metal_514.jpg,metal,trash,0.830974,False
data\external_test_realwaste\metal\Metal_515.jpg,metal,cardboard,0.866522,False
data\external_test_realwaste\metal\Metal_516.jpg,metal,trash,0.423798,True
data\external_test_realwaste\metal\Metal_517.jpg,metal,trash,0.637329,False
data\external_test_realwaste\metal\Metal_518.jpg,metal,glass,0.501927,True
data\external_test_realwaste\metal\Metal_519.jpg,metal,cardboard,0.695673,False
data\external_test_realwaste\metal\Metal_520.jpg,metal,trash,0.897966,False
data\external_test_realwaste\metal\Metal_521.jpg,metal,trash,0.981997,False
data\external_test_realwaste\metal\Metal_522.jpg,metal,trash,0.779557,False
data\external_test_realwaste\metal\Metal_523.jpg,metal,trash,0.790298,False
data\external_test_realwaste\metal\Metal_524.jpg,metal,plastic,0.499684,True
data\external_test_realwaste\metal\Metal_525.jpg,metal,glass,0.512834,True
data\external_test_realwaste\metal\Metal_526.jpg,metal,paper,0.864525,False
data\external_test_realwaste\metal\Metal_528.jpg,metal,trash,0.773701,False
data\external_test_realwaste\metal\Metal_529.jpg,metal,trash,0.8222,False
data\external_test_realwaste\metal\Metal_531.jpg,metal,trash,0.822817,False
data\external_test_realwaste\metal\Metal_533.jpg,metal,plastic,0.780516,False
data\external_test_realwaste\metal\Metal_535.jpg,metal,trash,0.669813,False
data\external_test_realwaste\metal\Metal_537.jpg,metal,glass,0.531069,True
data\external_test_realwaste\metal\Metal_538.jpg,metal,trash,0.92891,False
data\external_test_realwaste\metal\Metal_539.jpg,metal,trash,0.982482,False
data\external_test_realwaste\metal\Metal_541.jpg,metal,plastic,0.544629,True
data\external_test_realwaste\metal\Metal_543.jpg,metal,trash,0.950227,False
data\external_test_realwaste\metal\Metal_544.jpg,metal,trash,0.527589,True
data\external_test_realwaste\metal\Metal_546.jpg,metal,trash,0.942315,False
data\external_test_realwaste\metal\Metal_547.jpg,metal,trash,0.98976,False
data\external_test_realwaste\metal\Metal_548.jpg,metal,trash,0.930507,False
data\external_test_realwaste\metal\Metal_549.jpg,metal,trash,0.962365,False
data\external_test_realwaste\metal\Metal_551.jpg,metal,glass,0.672879,False
data\external_test_realwaste\metal\Metal_553.jpg,metal,trash,0.891482,False
data\external_test_realwaste\metal\Metal_554.jpg,metal,trash,0.876108,False
data\external_test_realwaste\metal\Metal_555.jpg,metal,trash,0.945966,False
data\external_test_realwaste\metal\Metal_558.jpg,metal,trash,0.785326,False
data\external_test_realwaste\metal\Metal_559.jpg,metal,trash,0.434584,True
data\external_test_realwaste\metal\Metal_560.jpg,metal,trash,0.998798,False
data\external_test_realwaste\metal\Metal_561.jpg,metal,trash,0.959149,False
data\external_test_realwaste\metal\Metal_562.jpg,metal,trash,0.99054,False
data\external_test_realwaste\metal\Metal_563.jpg,metal,trash,0.986075,False
data\external_test_realwaste\metal\Metal_564.jpg,metal,trash,0.801622,False
data\external_test_realwaste\metal\Metal_565.jpg,metal,trash,0.940223,False
data\external_test_realwaste\metal\Metal_566.jpg,metal,trash,0.791459,False
data\external_test_realwaste\metal\Metal_567.jpg,metal,glass,0.648641,False
data\external_test_realwaste\metal\Metal_569.jpg,metal,trash,0.53444,True
data\external_test_realwaste\metal\Metal_570.jpg,metal,glass,0.637387,False
data\external_test_realwaste\metal\Metal_571.jpg,metal,trash,0.974739,False
data\external_test_realwaste\metal\Metal_572.jpg,metal,trash,0.786316,False
data\external_test_realwaste\metal\Metal_573.jpg,metal,trash,0.738113,False
data\external_test_realwaste\metal\Metal_574.jpg,metal,glass,0.386276,True
data\external_test_realwaste\metal\Metal_575.jpg,metal,trash,0.968461,False
data\external_test_realwaste\metal\Metal_576.jpg,metal,cardboard,0.897849,False
data\external_test_realwaste\metal\Metal_577.jpg,metal,cardboard,0.91312,False
data\external_test_realwaste\metal\Metal_578.jpg,metal,glass,0.419345,True
data\external_test_realwaste\metal\Metal_580.jpg,metal,plastic,0.951411,False
data\external_test_realwaste\metal\Metal_581.jpg,metal,plastic,0.662901,False
data\external_test_realwaste\metal\Metal_583.jpg,metal,plastic,0.640149,False
data\external_test_realwaste\metal\Metal_584.jpg,metal,plastic,0.800536,False
data\external_test_realwaste\metal\Metal_585.jpg,metal,trash,0.848249,False
data\external_test_realwaste\metal\Metal_586.jpg,metal,trash,0.971231,False
data\external_test_realwaste\metal\Metal_587.jpg,metal,trash,0.861738,False
data\external_test_realwaste\metal\Metal_588.jpg,metal,trash,0.796974,False
data\external_test_realwaste\metal\Metal_589.jpg,metal,trash,0.985734,False
data\external_test_realwaste\metal\Metal_591.jpg,metal,trash,0.875565,False
data\external_test_realwaste\metal\Metal_592.jpg,metal,trash,0.802647,False
data\external_test_realwaste\metal\Metal_593.jpg,metal,trash,0.929048,False
data\external_test_realwaste\metal\Metal_594.jpg,metal,trash,0.948887,False
data\external_test_realwaste\metal\Metal_595.jpg,metal,trash,0.82029,False
data\external_test_realwaste\metal\Metal_597.jpg,metal,trash,0.73225,False
data\external_test_realwaste\metal\Metal_599.jpg,metal,plastic,0.62446,False
data\external_test_realwaste\metal\Metal_60.jpg,metal,trash,0.656253,False
data\external_test_realwaste\metal\Metal_600.jpg,metal,trash,0.760035,False
data\external_test_realwaste\metal\Metal_602.jpg,metal,trash,0.952578,False
data\external_test_realwaste\metal\Metal_604.jpg,metal,plastic,0.521667,True
data\external_test_realwaste\metal\Metal_605.jpg,metal,plastic,0.968414,False
data\external_test_realwaste\metal\Metal_608.jpg,metal,trash,0.585376,True
data\external_test_realwaste\metal\Metal_613.jpg,metal,trash,0.993407,False
data\external_test_realwaste\metal\Metal_614.jpg,metal,trash,0.537287,True
data\external_test_realwaste\metal\Metal_615.jpg,metal,trash,0.718025,False
data\external_test_realwaste\metal\Metal_616.jpg,metal,trash,0.966911,False
data\external_test_realwaste\metal\Metal_619.jpg,metal,cardboard,0.998574,False
data\external_test_realwaste\metal\Metal_62.jpg,metal,plastic,0.999271,False
data\external_test_realwaste\metal\Metal_620.jpg,metal,trash,0.909791,False
data\external_test_realwaste\metal\Metal_621.jpg,metal,trash,0.978735,False
data\external_test_realwaste\metal\Metal_622.jpg,metal,trash,0.999072,False
data\external_test_realwaste\metal\Metal_624.jpg,metal,trash,0.996089,False
data\external_test_realwaste\metal\Metal_625.jpg,metal,trash,0.990521,False
data\external_test_realwaste\metal\Metal_626.jpg,metal,trash,0.986581,False
data\external_test_realwaste\metal\Metal_628.jpg,metal,trash,0.911959,False
data\external_test_realwaste\metal\Metal_629.jpg,metal,trash,0.778458,False
data\external_test_realwaste\metal\Metal_630.jpg,metal,trash,0.548468,True
data\external_test_realwaste\metal\Metal_631.jpg,metal,trash,0.9085,False
data\external_test_realwaste\metal\Metal_632.jpg,metal,trash,0.915435,False
data\external_test_realwaste\metal\Metal_633.jpg,metal,trash,0.99734,False
data\external_test_realwaste\metal\Metal_635.jpg,metal,trash,0.980887,False
data\external_test_realwaste\metal\Metal_636.jpg,metal,trash,0.997538,False
data\external_test_realwaste\metal\Metal_637.jpg,metal,trash,0.856196,False
data\external_test_realwaste\metal\Metal_639.jpg,metal,trash,0.967562,False
data\external_test_realwaste\metal\Metal_64.jpg,metal,trash,0.709657,False
data\external_test_realwaste\metal\Metal_640.jpg,metal,trash,0.635134,False
data\external_test_realwaste\metal\Metal_643.jpg,metal,trash,0.479458,True
data\external_test_realwaste\metal\Metal_644.jpg,metal,plastic,0.427387,True
data\external_test_realwaste\metal\Metal_645.jpg,metal,trash,0.476677,True
data\external_test_realwaste\metal\Metal_649.jpg,metal,trash,0.965533,False
data\external_test_realwaste\metal\Metal_653.jpg,metal,cardboard,0.959631,False
data\external_test_realwaste\metal\Metal_657.jpg,metal,trash,0.580315,True
data\external_test_realwaste\metal\Metal_659.jpg,metal,trash,0.972401,False
data\external_test_realwaste\metal\Metal_660.jpg,metal,trash,0.745389,False
data\external_test_realwaste\metal\Metal_662.jpg,metal,plastic,0.890663,False
data\external_test_realwaste\metal\Metal_663.jpg,metal,trash,0.70714,False
data\external_test_realwaste\metal\Metal_664.jpg,metal,trash,0.969704,False
data\external_test_realwaste\metal\Metal_665.jpg,metal,trash,0.873661,False
data\external_test_realwaste\metal\Metal_666.jpg,metal,trash,0.882919,False
data\external_test_realwaste\metal\Metal_668.jpg,metal,trash,0.53313,True
data\external_test_realwaste\metal\Metal_669.jpg,metal,trash,0.84082,False
data\external_test_realwaste\metal\Metal_67.jpg,metal,glass,0.723714,False
data\external_test_realwaste\metal\Metal_670.jpg,metal,cardboard,0.99728,False
data\external_test_realwaste\metal\Metal_672.jpg,metal,trash,0.776835,False
data\external_test_realwaste\metal\Metal_673.jpg,metal,trash,0.862521,False
data\external_test_realwaste\metal\Metal_677.jpg,metal,plastic,0.797408,False
data\external_test_realwaste\metal\Metal_678.jpg,metal,plastic,0.740745,False
data\external_test_realwaste\metal\Metal_680.jpg,metal,trash,0.980629,False
data\external_test_realwaste\metal\Metal_681.jpg,metal,trash,0.486199,True
data\external_test_realwaste\metal\Metal_683.jpg,metal,plastic,0.519072,True
data\external_test_realwaste\metal\Metal_684.jpg,metal,trash,0.860944,False
data\external_test_realwaste\metal\Metal_685.jpg,metal,trash,0.67118,False
data\external_test_realwaste\metal\Metal_689.jpg,metal,plastic,0.861311,False
data\external_test_realwaste\metal\Metal_691.jpg,metal,glass,0.960146,False
data\external_test_realwaste\metal\Metal_702.jpg,metal,glass,0.732648,False
data\external_test_realwaste\metal\Metal_705.jpg,metal,trash,0.529458,True
data\external_test_realwaste\metal\Metal_708.jpg,metal,trash,0.99404,False
data\external_test_realwaste\metal\Metal_71.jpg,metal,plastic,0.874728,False
data\external_test_realwaste\metal\Metal_710.jpg,metal,glass,0.88537,False
data\external_test_realwaste\metal\Metal_711.jpg,metal,glass,0.951414,False
data\external_test_realwaste\metal\Metal_713.jpg,metal,glass,0.981508,False
data\external_test_realwaste\metal\Metal_714.jpg,metal,plastic,0.620753,False
data\external_test_realwaste\metal\Metal_715.jpg,metal,trash,0.895872,False
data\external_test_realwaste\metal\Metal_717.jpg,metal,glass,0.887288,False
data\external_test_realwaste\metal\Metal_720.jpg,metal,plastic,0.79398,False
data\external_test_realwaste\metal\Metal_721.jpg,metal,plastic,0.757976,False
data\external_test_realwaste\metal\Metal_723.jpg,metal,trash,0.846115,False
data\external_test_realwaste\metal\Metal_726.jpg,metal,plastic,0.600269,False
data\external_test_realwaste\metal\Metal_727.jpg,metal,trash,0.616369,False
data\external_test_realwaste\metal\Metal_729.jpg,metal,trash,0.923993,False
data\external_test_realwaste\metal\Metal_731.jpg,metal,plastic,0.894217,False
data\external_test_realwaste\metal\Metal_732.jpg,metal,trash,0.571207,True
data\external_test_realwaste\metal\Metal_733.jpg,metal,plastic,0.748363,False
data\external_test_realwaste\metal\Metal_734.jpg,metal,trash,0.795437,False
data\external_test_realwaste\metal\Metal_736.jpg,metal,trash,0.485413,True
data\external_test_realwaste\metal\Metal_737.jpg,metal,glass,0.847919,False
data\external_test_realwaste\metal\Metal_74.jpg,metal,plastic,0.828015,False
data\external_test_realwaste\metal\Metal_740.jpg,metal,trash,0.920011,False
data\external_test_realwaste\metal\Metal_746.jpg,metal,plastic,0.833683,False
data\external_test_realwaste\metal\Metal_747.jpg,metal,glass,0.583188,True
data\external_test_realwaste\metal\Metal_748.jpg,metal,trash,0.402524,True
data\external_test_realwaste\metal\Metal_749.jpg,metal,trash,0.592312,True
data\external_test_realwaste\metal\Metal_751.jpg,metal,trash,0.998246,False
data\external_test_realwaste\metal\Metal_752.jpg,metal,trash,0.998754,False
data\external_test_realwaste\metal\Metal_753.jpg,metal,trash,0.990933,False
data\external_test_realwaste\metal\Metal_754.jpg,metal,trash,0.985642,False
data\external_test_realwaste\metal\Metal_755.jpg,metal,trash,0.913185,False
data\external_test_realwaste\metal\Metal_757.jpg,metal,plastic,0.698675,False
data\external_test_realwaste\metal\Metal_760.jpg,metal,plastic,0.557511,True
data\external_test_realwaste\metal\Metal_761.jpg,metal,plastic,0.896555,False
data\external_test_realwaste\metal\Metal_762.jpg,metal,glass,0.453756,True
data\external_test_realwaste\metal\Metal_776.jpg,metal,trash,0.665358,False
data\external_test_realwaste\metal\Metal_780.jpg,metal,trash,0.988431,False
data\external_test_realwaste\metal\Metal_781.jpg,metal,trash,0.86743,False
data\external_test_realwaste\metal\Metal_783.jpg,metal,trash,0.979351,False
data\external_test_realwaste\metal\Metal_785.jpg,metal,plastic,0.361704,True
data\external_test_realwaste\metal\Metal_787.jpg,metal,plastic,0.995085,False
data\external_test_realwaste\metal\Metal_82.jpg,metal,paper,0.393575,True
data\external_test_realwaste\metal\Metal_87.jpg,metal,trash,0.740924,False
data\external_test_realwaste\metal\Metal_90.jpg,metal,trash,0.771507,False
data\external_test_realwaste\metal\Metal_91.jpg,metal,trash,0.714637,False
data\external_test_realwaste\metal\Metal_93.jpg,metal,glass,0.540935,True
data\external_test_realwaste\metal\Metal_94.jpg,metal,glass,0.749183,False
data\external_test_realwaste\paper\Paper_1.jpg,paper,plastic,0.39789,True
data\external_test_realwaste\paper\Paper_100.jpg,paper,trash,0.996808,False
data\external_test_realwaste\paper\Paper_102.jpg,paper,trash,0.995929,False
data\external_test_realwaste\paper\Paper_103.jpg,paper,trash,0.809353,False
data\external_test_realwaste\paper\Paper_105.jpg,paper,trash,0.521079,True
data\external_test_realwaste\paper\Paper_106.jpg,paper,trash,0.913359,False
data\external_test_realwaste\paper\Paper_108.jpg,paper,trash,0.887286,False
data\external_test_realwaste\paper\Paper_109.jpg,paper,metal,0.694942,False
data\external_test_realwaste\paper\Paper_11.jpg,paper,trash,0.949121,False
data\external_test_realwaste\paper\Paper_111.jpg,paper,trash,0.877346,False
data\external_test_realwaste\paper\Paper_112.jpg,paper,trash,0.904394,False
data\external_test_realwaste\paper\Paper_120.jpg,paper,trash,0.844514,False
data\external_test_realwaste\paper\Paper_122.jpg,paper,trash,0.99594,False
data\external_test_realwaste\paper\Paper_123.jpg,paper,trash,0.844132,False
data\external_test_realwaste\paper\Paper_125.jpg,paper,trash,0.757855,False
data\external_test_realwaste\paper\Paper_127.jpg,paper,trash,0.991501,False
data\external_test_realwaste\paper\Paper_128.jpg,paper,trash,0.999978,False
data\external_test_realwaste\paper\Paper_130.jpg,paper,trash,0.875465,False
data\external_test_realwaste\paper\Paper_132.jpg,paper,trash,0.985123,False
data\external_test_realwaste\paper\Paper_133.jpg,paper,trash,0.932677,False
data\external_test_realwaste\paper\Paper_136.jpg,paper,trash,0.758948,False
data\external_test_realwaste\paper\Paper_138.jpg,paper,trash,0.559741,True
data\external_test_realwaste\paper\Paper_139.jpg,paper,trash,0.996854,False
data\external_test_realwaste\paper\Paper_14.jpg,paper,trash,0.957861,False
data\external_test_realwaste\paper\Paper_140.jpg,paper,trash,0.92028,False
data\external_test_realwaste\paper\Paper_141.jpg,paper,trash,0.972486,False
data\external_test_realwaste\paper\Paper_142.jpg,paper,trash,0.894431,False
data\external_test_realwaste\paper\Paper_143.jpg,paper,trash,0.378423,True
data\external_test_realwaste\paper\Paper_144.jpg,paper,trash,0.968336,False
data\external_test_realwaste\paper\Paper_145.jpg,paper,trash,0.984709,False
data\external_test_realwaste\paper\Paper_147.jpg,paper,plastic,0.371652,True
data\external_test_realwaste\paper\Paper_149.jpg,paper,trash,0.420601,True
data\external_test_realwaste\paper\Paper_150.jpg,paper,plastic,0.497835,True
data\external_test_realwaste\paper\Paper_151.jpg,paper,plastic,0.592693,True
data\external_test_realwaste\paper\Paper_152.jpg,paper,plastic,0.757987,False
data\external_test_realwaste\paper\Paper_153.jpg,paper,trash,0.990646,False
data\external_test_realwaste\paper\Paper_154.jpg,paper,trash,0.999737,False
data\external_test_realwaste\paper\Paper_155.jpg,paper,trash,0.854381,False
data\external_test_realwaste\paper\Paper_156.jpg,paper,trash,0.995961,False
data\external_test_realwaste\paper\Paper_158.jpg,paper,trash,0.987147,False
data\external_test_realwaste\paper\Paper_159.jpg,paper,plastic,0.825869,False
data\external_test_realwaste\paper\Paper_16.jpg,paper,metal,0.354953,True
data\external_test_realwaste\paper\Paper_160.jpg,paper,plastic,0.596044,True
data\external_test_realwaste\paper\Paper_161.jpg,paper,trash,0.918441,False
data\external_test_realwaste\paper\Paper_162.jpg,paper,trash,0.936436,False
data\external_test_realwaste\paper\Paper_163.jpg,paper,trash,0.689251,False
data\external_test_realwaste\paper\Paper_165.jpg,paper,trash,0.841356,False
data\external_test_realwaste\paper\Paper_166.jpg,paper,trash,0.95079,False
data\external_test_realwaste\paper\Paper_167.jpg,paper,trash,0.993907,False
data\external_test_realwaste\paper\Paper_169.jpg,paper,trash,0.731188,False
data\external_test_realwaste\paper\Paper_17.jpg,paper,metal,0.769699,False
data\external_test_realwaste\paper\Paper_170.jpg,paper,plastic,0.814389,False
data\external_test_realwaste\paper\Paper_171.jpg,paper,plastic,0.598213,True
data\external_test_realwaste\paper\Paper_172.jpg,paper,trash,0.892981,False
data\external_test_realwaste\paper\Paper_173.jpg,paper,trash,0.85099,False
data\external_test_realwaste\paper\Paper_175.jpg,paper,trash,0.994091,False
data\external_test_realwaste\paper\Paper_176.jpg,paper,trash,0.648478,False
data\external_test_realwaste\paper\Paper_178.jpg,paper,trash,0.995588,False
data\external_test_realwaste\paper\Paper_179.jpg,paper,trash,0.978699,False
data\external_test_realwaste\paper\Paper_180.jpg,paper,plastic,0.483776,True
data\external_test_realwaste\paper\Paper_181.jpg,paper,trash,0.816202,False
data\external_test_realwaste\paper\Paper_183.jpg,paper,trash,0.92861,False
data\external_test_realwaste\paper\Paper_184.jpg,paper,plastic,0.747698,False
data\external_test_realwaste\paper\Paper_185.jpg,paper,trash,0.991172,False
data\external_test_realwaste\paper\Paper_187.jpg,paper,trash,0.974186,False
data\external_test_realwaste\paper\Paper_188.jpg,paper,trash,0.977523,False
data\external_test_realwaste\paper\Paper_189.jpg,paper,plastic,0.65695,False
data\external_test_realwaste\paper\Paper_190.jpg,paper,trash,0.775833,False
data\external_test_realwaste\paper\Paper_192.jpg,paper,plastic,0.69555,False
data\external_test_realwaste\paper\Paper_193.jpg,paper,trash,0.997053,False
data\external_test_realwaste\paper\Paper_194.jpg,paper,trash,0.625693,False
data\external_test_realwaste\paper\Paper_195.jpg,paper,trash,0.988289,False
data\external_test_realwaste\paper\Paper_196.jpg,paper,trash,0.987215,False
data\external_test_realwaste\paper\Paper_197.jpg,paper,trash,0.698567,False
data\external_test_realwaste\paper\Paper_198.jpg,paper,plastic,0.865407,False
data\external_test_realwaste\paper\Paper_199.jpg,paper,trash,0.701127,False
data\external_test_realwaste\paper\Paper_201.jpg,paper,trash,0.979129,False
data\external_test_realwaste\paper\Paper_202.jpg,paper,trash,0.790677,False
data\external_test_realwaste\paper\Paper_203.jpg,paper,trash,0.870201,False
data\external_test_realwaste\paper\Paper_204.jpg,paper,trash,0.999066,False
data\external_test_realwaste\paper\Paper_205.jpg,paper,metal,0.529115,True
data\external_test_realwaste\paper\Paper_206.jpg,paper,trash,0.991263,False
data\external_test_realwaste\paper\Paper_208.jpg,paper,trash,0.464474,True
data\external_test_realwaste\paper\Paper_209.jpg,paper,trash,0.984608,False
data\external_test_realwaste\paper\Paper_210.jpg,paper,trash,0.95967,False
data\external_test_realwaste\paper\Paper_211.jpg,paper,trash,0.995505,False
data\external_test_realwaste\paper\Paper_212.jpg,paper,trash,0.997013,False
data\external_test_realwaste\paper\Paper_213.jpg,paper,trash,0.999546,False
data\external_test_realwaste\paper\Paper_214.jpg,paper,trash,0.99091,False
data\external_test_realwaste\paper\Paper_215.jpg,paper,trash,0.919863,False
data\external_test_realwaste\paper\Paper_216.jpg,paper,trash,0.996761,False
data\external_test_realwaste\paper\Paper_217.jpg,paper,trash,0.675485,False
data\external_test_realwaste\paper\Paper_218.jpg,paper,trash,0.745246,False
data\external_test_realwaste\paper\Paper_219.jpg,paper,trash,0.971661,False
data\external_test_realwaste\paper\Paper_22.jpg,paper,trash,0.884425,False
data\external_test_realwaste\paper\Paper_220.jpg,paper,trash,0.80235,False
data\external_test_realwaste\paper\Paper_221.jpg,paper,trash,0.904157,False
data\external_test_realwaste\paper\Paper_222.jpg,paper,trash,0.986157,False
data\external_test_realwaste\paper\Paper_225.jpg,paper,trash,0.884195,False
data\external_test_realwaste\paper\Paper_226.jpg,paper,trash,0.944107,False
data\external_test_realwaste\paper\Paper_229.jpg,paper,trash,0.747886,False
data\external_test_realwaste\paper\Paper_230.jpg,paper,trash,0.757035,False
data\external_test_realwaste\paper\Paper_232.jpg,paper,trash,0.977005,False
data\external_test_realwaste\paper\Paper_234.jpg,paper,trash,0.991312,False
data\external_test_realwaste\paper\Paper_235.jpg,paper,trash,0.508163,True
data\external_test_realwaste\paper\Paper_236.jpg,paper,trash,0.948421,False
data\external_test_realwaste\paper\Paper_237.jpg,paper,trash,0.775718,False
data\external_test_realwaste\paper\Paper_238.jpg,paper,trash,0.984922,False
data\external_test_realwaste\paper\Paper_239.jpg,paper,trash,0.768989,False
data\external_test_realwaste\paper\Paper_240.jpg,paper,trash,0.849733,False
data\external_test_realwaste\paper\Paper_242.jpg,paper,trash,0.915597,False
data\external_test_realwaste\paper\Paper_243.jpg,paper,trash,0.853892,False
data\external_test_realwaste\paper\Paper_244.jpg,paper,trash,0.562128,True
data\external_test_realwaste\paper\Paper_246.jpg,paper,trash,0.747696,False
data\external_test_realwaste\paper\Paper_248.jpg,paper,trash,0.973899,False
data\external_test_realwaste\paper\Paper_250.jpg,paper,trash,0.90356,False
data\external_test_realwaste\paper\Paper_251.jpg,paper,trash,0.864023,False
data\external_test_realwaste\paper\Paper_252.jpg,paper,trash,0.978542,False
data\external_test_realwaste\paper\Paper_253.jpg,paper,metal,0.547692,True
data\external_test_realwaste\paper\Paper_254.jpg,paper,trash,0.522435,True
data\external_test_realwaste\paper\Paper_255.jpg,paper,trash,0.978381,False
data\external_test_realwaste\paper\Paper_256.jpg,paper,trash,0.658384,False
data\external_test_realwaste\paper\Paper_257.jpg,paper,trash,0.815682,False
data\external_test_realwaste\paper\Paper_258.jpg,paper,trash,0.975658,False
data\external_test_realwaste\paper\Paper_259.jpg,paper,metal,0.724077,False
data\external_test_realwaste\paper\Paper_26.jpg,paper,trash,0.568913,True
data\external_test_realwaste\paper\Paper_260.jpg,paper,trash,0.938792,False
data\external_test_realwaste\paper\Paper_261.jpg,paper,trash,0.879107,False
data\external_test_realwaste\paper\Paper_262.jpg,paper,trash,0.930611,False
data\external_test_realwaste\paper\Paper_263.jpg,paper,trash,0.999049,False
data\external_test_realwaste\paper\Paper_264.jpg,paper,trash,0.957183,False
data\external_test_realwaste\paper\Paper_265.jpg,paper,trash,0.985022,False
data\external_test_realwaste\paper\Paper_266.jpg,paper,trash,0.990171,False
data\external_test_realwaste\paper\Paper_267.jpg,paper,trash,0.981434,False
data\external_test_realwaste\paper\Paper_269.jpg,paper,trash,0.989675,False
data\external_test_realwaste\paper\Paper_27.jpg,paper,trash,0.695776,False
data\external_test_realwaste\paper\Paper_270.jpg,paper,trash,0.955653,False
data\external_test_realwaste\paper\Paper_271.jpg,paper,trash,0.95124,False
data\external_test_realwaste\paper\Paper_272.jpg,paper,trash,0.997237,False
data\external_test_realwaste\paper\Paper_273.jpg,paper,trash,0.994442,False
data\external_test_realwaste\paper\Paper_275.jpg,paper,trash,0.908653,False
data\external_test_realwaste\paper\Paper_276.jpg,paper,trash,0.805233,False
data\external_test_realwaste\paper\Paper_277.jpg,paper,trash,0.947448,False
data\external_test_realwaste\paper\Paper_28.jpg,paper,trash,0.583395,True
data\external_test_realwaste\paper\Paper_280.jpg,paper,trash,0.545698,True
data\external_test_realwaste\paper\Paper_281.jpg,paper,trash,0.929605,False
data\external_test_realwaste\paper\Paper_282.jpg,paper,trash,0.997681,False
data\external_test_realwaste\paper\Paper_283.jpg,paper,trash,0.9859,False
data\external_test_realwaste\paper\Paper_285.jpg,paper,trash,0.942898,False
data\external_test_realwaste\paper\Paper_286.jpg,paper,trash,0.954407,False
data\external_test_realwaste\paper\Paper_289.jpg,paper,trash,0.731803,False
data\external_test_realwaste\paper\Paper_291.jpg,paper,trash,0.734263,False
data\external_test_realwaste\paper\Paper_292.jpg,paper,trash,0.971788,False
data\external_test_realwaste\paper\Paper_294.jpg,paper,trash,0.708392,False
data\external_test_realwaste\paper\Paper_295.jpg,paper,trash,0.97466,False
data\external_test_realwaste\paper\Paper_297.jpg,paper,trash,0.571491,True
data\external_test_realwaste\paper\Paper_298.jpg,paper,trash,0.7894,False
data\external_test_realwaste\paper\Paper_299.jpg,paper,trash,0.794999,False
data\external_test_realwaste\paper\Paper_30.jpg,paper,trash,0.902088,False
data\external_test_realwaste\paper\Paper_302.jpg,paper,trash,0.646308,False
data\external_test_realwaste\paper\Paper_304.jpg,paper,trash,0.991388,False
data\external_test_realwaste\paper\Paper_305.jpg,paper,trash,0.990239,False
data\external_test_realwaste\paper\Paper_306.jpg,paper,trash,0.727472,False
data\external_test_realwaste\paper\Paper_310.jpg,paper,trash,0.892588,False
data\external_test_realwaste\paper\Paper_317.jpg,paper,trash,0.92999,False
data\external_test_realwaste\paper\Paper_318.jpg,paper,trash,0.983993,False
data\external_test_realwaste\paper\Paper_320.jpg,paper,trash,0.952437,False
data\external_test_realwaste\paper\Paper_321.jpg,paper,trash,0.965768,False
data\external_test_realwaste\paper\Paper_322.jpg,paper,trash,0.64727,False
data\external_test_realwaste\paper\Paper_323.jpg,paper,trash,0.98386,False
data\external_test_realwaste\paper\Paper_324.jpg,paper,trash,0.994446,False
data\external_test_realwaste\paper\Paper_325.jpg,paper,trash,0.951969,False
data\external_test_realwaste\paper\Paper_326.jpg,paper,trash,0.998714,False
data\external_test_realwaste\paper\Paper_327.jpg,paper,trash,0.398738,True
data\external_test_realwaste\paper\Paper_328.jpg,paper,trash,0.783383,False
data\external_test_realwaste\paper\Paper_329.jpg,paper,metal,0.513683,True
data\external_test_realwaste\paper\Paper_33.jpg,paper,trash,0.649875,False
data\external_test_realwaste\paper\Paper_330.jpg,paper,trash,0.972516,False
data\external_test_realwaste\paper\Paper_331.jpg,paper,trash,0.482389,True
data\external_test_realwaste\paper\Paper_332.jpg,paper,trash,0.984865,False
data\external_test_realwaste\paper\Paper_333.jpg,paper,trash,0.881451,False
data\external_test_realwaste\paper\Paper_334.jpg,paper,trash,0.837647,False
data\external_test_realwaste\paper\Paper_336.jpg,paper,trash,0.9661,False
data\external_test_realwaste\paper\Paper_337.jpg,paper,trash,0.84106,False
data\external_test_realwaste\paper\Paper_338.jpg,paper,trash,0.862629,False
data\external_test_realwaste\paper\Paper_339.jpg,paper,trash,0.90591,False
data\external_test_realwaste\paper\Paper_34.jpg,paper,cardboard,0.964256,False
data\external_test_realwaste\paper\Paper_340.jpg,paper,trash,0.973988,False
data\external_test_realwaste\paper\Paper_342.jpg,paper,trash,0.929854,False
data\external_test_realwaste\paper\Paper_345.jpg,paper,trash,0.774989,False
data\external_test_realwaste\paper\Paper_346.jpg,paper,trash,0.989148,False
data\external_test_realwaste\paper\Paper_347.jpg,paper,trash,0.715508,False
data\external_test_realwaste\paper\Paper_348.jpg,paper,plastic,0.464246,True
data\external_test_realwaste\paper\Paper_349.jpg,paper,trash,0.879959,False
data\external_test_realwaste\paper\Paper_35.jpg,paper,trash,0.82541,False
data\external_test_realwaste\paper\Paper_350.jpg,paper,trash,0.618096,False
data\external_test_realwaste\paper\Paper_355.jpg,paper,trash,0.986786,False
data\external_test_realwaste\paper\Paper_359.jpg,paper,trash,0.630998,False
data\external_test_realwaste\paper\Paper_365.jpg,paper,trash,0.964221,False
data\external_test_realwaste\paper\Paper_367.jpg,paper,trash,0.9965,False
data\external_test_realwaste\paper\Paper_368.jpg,paper,trash,0.99302,False
data\external_test_realwaste\paper\Paper_374.jpg,paper,trash,0.985425,False
data\external_test_realwaste\paper\Paper_377.jpg,paper,trash,0.96033,False
data\external_test_realwaste\paper\Paper_38.jpg,paper,trash,0.552341,True
data\external_test_realwaste\paper\Paper_385.jpg,paper,trash,0.996172,False
data\external_test_realwaste\paper\Paper_387.jpg,paper,trash,0.999432,False
data\external_test_realwaste\paper\Paper_388.jpg,paper,trash,0.957575,False
data\external_test_realwaste\paper\Paper_389.jpg,paper,trash,0.989031,False
data\external_test_realwaste\paper\Paper_39.jpg,paper,trash,0.666833,False
data\external_test_realwaste\paper\Paper_393.jpg,paper,trash,0.540367,True
data\external_test_realwaste\paper\Paper_397.jpg,paper,trash,0.99985,False
data\external_test_realwaste\paper\Paper_398.jpg,paper,trash,0.576596,True
data\external_test_realwaste\paper\Paper_40.jpg,paper,trash,0.934394,False
data\external_test_realwaste\paper\Paper_403.jpg,paper,trash,0.86922,False
data\external_test_realwaste\paper\Paper_404.jpg,paper,trash,0.99259,False
data\external_test_realwaste\paper\Paper_405.jpg,paper,trash,0.954226,False
data\external_test_realwaste\paper\Paper_406.jpg,paper,trash,0.832485,False
data\external_test_realwaste\paper\Paper_407.jpg,paper,trash,0.883454,False
data\external_test_realwaste\paper\Paper_408.jpg,paper,trash,0.926558,False
data\external_test_realwaste\paper\Paper_409.jpg,paper,trash,0.985004,False
data\external_test_realwaste\paper\Paper_41.jpg,paper,trash,0.958265,False
data\external_test_realwaste\paper\Paper_410.jpg,paper,trash,0.983454,False
data\external_test_realwaste\paper\Paper_411.jpg,paper,trash,0.867379,False
data\external_test_realwaste\paper\Paper_413.jpg,paper,trash,0.914611,False
data\external_test_realwaste\paper\Paper_416.jpg,paper,trash,0.720927,False
data\external_test_realwaste\paper\Paper_417.jpg,paper,trash,0.97799,False
data\external_test_realwaste\paper\Paper_419.jpg,paper,trash,0.998327,False
data\external_test_realwaste\paper\Paper_42.jpg,paper,trash,0.914813,False
data\external_test_realwaste\paper\Paper_420.jpg,paper,trash,0.622948,False
data\external_test_realwaste\paper\Paper_424.jpg,paper,trash,0.986189,False
data\external_test_realwaste\paper\Paper_425.jpg,paper,trash,0.992941,False
data\external_test_realwaste\paper\Paper_426.jpg,paper,trash,0.880065,False
data\external_test_realwaste\paper\Paper_428.jpg,paper,trash,0.889315,False
data\external_test_realwaste\paper\Paper_429.jpg,paper,trash,0.999832,False
data\external_test_realwaste\paper\Paper_43.jpg,paper,trash,0.68976,False
data\external_test_realwaste\paper\Paper_430.jpg,paper,trash,0.952709,False
data\external_test_realwaste\paper\Paper_431.jpg,paper,trash,0.961401,False
data\external_test_realwaste\paper\Paper_432.jpg,paper,trash,0.997688,False
data\external_test_realwaste\paper\Paper_433.jpg,paper,trash,0.948661,False
data\external_test_realwaste\paper\Paper_435.jpg,paper,trash,0.874733,False
data\external_test_realwaste\paper\Paper_436.jpg,paper,trash,0.938552,False
data\external_test_realwaste\paper\Paper_437.jpg,paper,trash,0.741894,False
data\external_test_realwaste\paper\Paper_438.jpg,paper,trash,0.999074,False
data\external_test_realwaste\paper\Paper_439.jpg,paper,trash,0.988049,False
data\external_test_realwaste\paper\Paper_440.jpg,paper,trash,0.919155,False
data\external_test_realwaste\paper\Paper_442.jpg,paper,trash,0.972037,False
data\external_test_realwaste\paper\Paper_443.jpg,paper,trash,0.758309,False
data\external_test_realwaste\paper\Paper_444.jpg,paper,trash,0.842055,False
data\external_test_realwaste\paper\Paper_447.jpg,paper,trash,0.998945,False
data\external_test_realwaste\paper\Paper_451.jpg,paper,trash,0.940113,False
data\external_test_realwaste\paper\Paper_452.jpg,paper,trash,0.95308,False
data\external_test_realwaste\paper\Paper_453.jpg,paper,trash,0.920423,False
data\external_test_realwaste\paper\Paper_455.jpg,paper,trash,0.979355,False
data\external_test_realwaste\paper\Paper_456.jpg,paper,trash,0.956387,False
data\external_test_realwaste\paper\Paper_457.jpg,paper,trash,0.8725,False
data\external_test_realwaste\paper\Paper_458.jpg,paper,trash,0.797117,False
data\external_test_realwaste\paper\Paper_460.jpg,paper,trash,0.836562,False
data\external_test_realwaste\paper\Paper_461.jpg,paper,trash,0.675789,False
data\external_test_realwaste\paper\Paper_464.jpg,paper,trash,0.694458,False
data\external_test_realwaste\paper\Paper_473.jpg,paper,trash,0.798879,False
data\external_test_realwaste\paper\Paper_477.jpg,paper,trash,0.718026,False
data\external_test_realwaste\paper\Paper_478.jpg,paper,trash,0.528052,True
data\external_test_realwaste\paper\Paper_48.jpg,paper,plastic,0.499116,True
data\external_test_realwaste\paper\Paper_480.jpg,paper,trash,0.544575,True
data\external_test_realwaste\paper\Paper_481.jpg,paper,trash,0.721098,False
data\external_test_realwaste\paper\Paper_482.jpg,paper,trash,0.952478,False
data\external_test_realwaste\paper\Paper_483.jpg,paper,trash,0.96736,False
data\external_test_realwaste\paper\Paper_487.jpg,paper,trash,0.984014,False
data\external_test_realwaste\paper\Paper_488.jpg,paper,trash,0.577499,True
data\external_test_realwaste\paper\Paper_489.jpg,paper,trash,0.863276,False
data\external_test_realwaste\paper\Paper_492.jpg,paper,trash,0.886063,False
data\external_test_realwaste\paper\Paper_493.jpg,paper,trash,0.983959,False
data\external_test_realwaste\paper\Paper_494.jpg,paper,trash,0.999967,False
data\external_test_realwaste\paper\Paper_495.jpg,paper,trash,0.994748,False
data\external_test_realwaste\paper\Paper_496.jpg,paper,trash,0.999832,False
data\external_test_realwaste\paper\Paper_499.jpg,paper,trash,0.682854,False
data\external_test_realwaste\paper\Paper_500.jpg,paper,trash,0.970889,False
data\external_test_realwaste\paper\Paper_51.jpg,paper,trash,0.430696,True
data\external_test_realwaste\paper\Paper_55.jpg,paper,trash,0.50118,True
data\external_test_realwaste\paper\Paper_58.jpg,paper,trash,0.99681,False
data\external_test_realwaste\paper\Paper_59.jpg,paper,trash,0.984215,False
data\external_test_realwaste\paper\Paper_64.jpg,paper,trash,0.752576,False
data\external_test_realwaste\paper\Paper_67.jpg,paper,trash,0.985774,False
data\external_test_realwaste\paper\Paper_68.jpg,paper,trash,0.934304,False
data\external_test_realwaste\paper\Paper_72.jpg,paper,trash,0.966279,False
data\external_test_realwaste\paper\Paper_73.jpg,paper,trash,0.986711,False
data\external_test_realwaste\paper\Paper_74.jpg,paper,trash,0.951442,False
data\external_test_realwaste\paper\Paper_79.jpg,paper,trash,0.978604,False
data\external_test_realwaste\paper\Paper_8.jpg,paper,trash,0.978152,False
data\external_test_realwaste\paper\Paper_80.jpg,paper,trash,0.997194,False
data\external_test_realwaste\paper\Paper_81.jpg,paper,trash,0.751869,False
data\external_test_realwaste\paper\Paper_84.jpg,paper,trash,0.944064,False
data\external_test_realwaste\paper\Paper_86.jpg,paper,trash,0.51561,True
data\external_test_realwaste\paper\Paper_88.jpg,paper,trash,0.759049,False
data\external_test_realwaste\paper\Paper_9.jpg,paper,trash,0.823203,False
data\external_test_realwaste\paper\Paper_92.jpg,paper,trash,0.816229,False
data\external_test_realwaste\paper\Paper_94.jpg,paper,plastic,0.678843,False
data\external_test_realwaste\paper\Paper_96.jpg,paper,trash,0.970662,False
data\external_test_realwaste\paper\Paper_97.jpg,paper,trash,0.673465,False
data\external_test_realwaste\paper\Paper_99.jpg,paper,trash,0.98489,False
data\external_test_realwaste\plastic\Plastic_102.jpg,plastic,metal,0.646125,False
data\external_test_realwaste\plastic\Plastic_103.jpg,plastic,trash,0.976363,False
data\external_test_realwaste\plastic\Plastic_104.jpg,plastic,metal,0.62253,False
data\external_test_realwaste\plastic\Plastic_108.jpg,plastic,trash,0.880186,False
data\external_test_realwaste\plastic\Plastic_109.jpg,plastic,trash,0.969407,False
data\external_test_realwaste\plastic\Plastic_110.jpg,plastic,trash,0.990086,False
data\external_test_realwaste\plastic\Plastic_111.jpg,plastic,trash,0.613972,False
data\external_test_realwaste\plastic\Plastic_114.jpg,plastic,trash,0.854137,False
data\external_test_realwaste\plastic\Plastic_115.jpg,plastic,trash,0.571054,True
data\external_test_realwaste\plastic\Plastic_117.jpg,plastic,trash,0.999403,False
data\external_test_realwaste\plastic\Plastic_118.jpg,plastic,trash,0.68188,False
data\external_test_realwaste\plastic\Plastic_119.jpg,plastic,trash,0.989467,False
data\external_test_realwaste\plastic\Plastic_121.jpg,plastic,trash,0.400706,True
data\external_test_realwaste\plastic\Plastic_122.jpg,plastic,trash,0.999359,False
data\external_test_realwaste\plastic\Plastic_123.jpg,plastic,trash,0.783722,False
data\external_test_realwaste\plastic\Plastic_124.jpg,plastic,trash,0.913767,False
data\external_test_realwaste\plastic\Plastic_126.jpg,plastic,metal,0.757091,False
data\external_test_realwaste\plastic\Plastic_128.jpg,plastic,metal,0.622567,False
data\external_test_realwaste\plastic\Plastic_129.jpg,plastic,trash,0.490169,True
data\external_test_realwaste\plastic\Plastic_130.jpg,plastic,trash,0.82542,False
data\external_test_realwaste\plastic\Plastic_131.jpg,plastic,metal,0.484234,True
data\external_test_realwaste\plastic\Plastic_132.jpg,plastic,trash,0.841115,False
data\external_test_realwaste\plastic\Plastic_133.jpg,plastic,trash,0.981989,False
data\external_test_realwaste\plastic\Plastic_134.jpg,plastic,trash,0.953835,False
data\external_test_realwaste\plastic\Plastic_137.jpg,plastic,metal,0.805874,False
data\external_test_realwaste\plastic\Plastic_138.jpg,plastic,metal,0.954616,False
data\external_test_realwaste\plastic\Plastic_139.jpg,plastic,trash,0.869769,False
data\external_test_realwaste\plastic\Plastic_140.jpg,plastic,trash,0.783002,False
data\external_test_realwaste\plastic\Plastic_141.jpg,plastic,trash,0.987416,False
data\external_test_realwaste\plastic\Plastic_143.jpg,plastic,metal,0.91805,False
data\external_test_realwaste\plastic\Plastic_144.jpg,plastic,metal,0.964971,False
data\external_test_realwaste\plastic\Plastic_145.jpg,plastic,cardboard,0.787437,False
data\external_test_realwaste\plastic\Plastic_149.jpg,plastic,glass,0.54989,True
data\external_test_realwaste\plastic\Plastic_150.jpg,plastic,trash,0.605139,False
data\external_test_realwaste\plastic\Plastic_151.jpg,plastic,trash,0.995579,False
data\external_test_realwaste\plastic\Plastic_155.jpg,plastic,trash,0.946857,False
data\external_test_realwaste\plastic\Plastic_156.jpg,plastic,trash,0.998593,False
data\external_test_realwaste\plastic\Plastic_158.jpg,plastic,trash,0.995271,False
data\external_test_realwaste\plastic\Plastic_159.jpg,plastic,trash,0.998293,False
data\external_test_realwaste\plastic\Plastic_16.jpg,plastic,trash,0.561384,True
data\external_test_realwaste\plastic\Plastic_160.jpg,plastic,trash,0.988647,False
data\external_test_realwaste\plastic\Plastic_161.jpg,plastic,metal,0.997421,False
data\external_test_realwaste\plastic\Plastic_162.jpg,plastic,metal,0.981838,False
data\external_test_realwaste\plastic\Plastic_164.jpg,plastic,trash,0.996076,False
data\external_test_realwaste\plastic\Plastic_165.jpg,plastic,trash,0.990876,False
data\external_test_realwaste\plastic\Plastic_166.jpg,plastic,trash,0.999985,False
data\external_test_realwaste\plastic\Plastic_167.jpg,plastic,trash,0.873185,False
data\external_test_realwaste\plastic\Plastic_169.jpg,plastic,trash,0.996651,False
data\external_test_realwaste\plastic\Plastic_170.jpg,plastic,trash,0.985216,False
data\external_test_realwaste\plastic\Plastic_171.jpg,plastic,metal,0.844316,False
data\external_test_realwaste\plastic\Plastic_172.jpg,plastic,trash,0.986364,False
data\external_test_realwaste\plastic\Plastic_173.jpg,plastic,trash,0.560126,True
data\external_test_realwaste\plastic\Plastic_175.jpg,plastic,trash,0.99947,False
data\external_test_realwaste\plastic\Plastic_176.jpg,plastic,trash,0.988962,False
data\external_test_realwaste\plastic\Plastic_177.jpg,plastic,trash,0.886796,False
data\external_test_realwaste\plastic\Plastic_18.jpg,plastic,trash,0.692712,False
data\external_test_realwaste\plastic\Plastic_182.jpg,plastic,trash,0.695535,False
data\external_test_realwaste\plastic\Plastic_184.jpg,plastic,trash,0.99959,False
data\external_test_realwaste\plastic\Plastic_186.jpg,plastic,metal,0.803385,False
data\external_test_realwaste\plastic\Plastic_187.jpg,plastic,trash,0.99998,False
data\external_test_realwaste\plastic\Plastic_188.jpg,plastic,trash,0.996925,False
data\external_test_realwaste\plastic\Plastic_189.jpg,plastic,trash,0.934789,False
data\external_test_realwaste\plastic\Plastic_19.jpg,plastic,trash,0.765886,False
data\external_test_realwaste\plastic\Plastic_191.jpg,plastic,trash,0.995375,False
data\external_test_realwaste\plastic\Plastic_192.jpg,plastic,trash,0.516782,True
data\external_test_realwaste\plastic\Plastic_193.jpg,plastic,trash,0.999622,False
data\external_test_realwaste\plastic\Plastic_194.jpg,plastic,trash,0.99944,False
data\external_test_realwaste\plastic\Plastic_197.jpg,plastic,metal,0.987999,False
data\external_test_realwaste\plastic\Plastic_198.jpg,plastic,trash,0.990706,False
data\external_test_realwaste\plastic\Plastic_199.jpg,plastic,trash,0.98537,False
data\external_test_realwaste\plastic\Plastic_20.jpg,plastic,trash,0.99705,False
data\external_test_realwaste\plastic\Plastic_200.jpg,plastic,metal,0.992018,False
data\external_test_realwaste\plastic\Plastic_202.jpg,plastic,trash,0.962404,False
data\external_test_realwaste\plastic\Plastic_203.jpg,plastic,trash,0.995905,False
data\external_test_realwaste\plastic\Plastic_204.jpg,plastic,trash,0.518099,True
data\external_test_realwaste\plastic\Plastic_205.jpg,plastic,metal,0.798431,False
data\external_test_realwaste\plastic\Plastic_209.jpg,plastic,trash,0.842522,False
data\external_test_realwaste\plastic\Plastic_210.jpg,plastic,trash,0.903054,False
data\external_test_realwaste\plastic\Plastic_211.jpg,plastic,trash,0.979377,False
data\external_test_realwaste\plastic\Plastic_212.jpg,plastic,metal,0.8666,False
data\external_test_realwaste\plastic\Plastic_213.jpg,plastic,trash,0.965264,False
data\external_test_realwaste\plastic\Plastic_214.jpg,plastic,metal,0.976018,False
data\external_test_realwaste\plastic\Plastic_216.jpg,plastic,trash,0.628087,False
data\external_test_realwaste\plastic\Plastic_218.jpg,plastic,trash,0.501971,True
data\external_test_realwaste\plastic\Plastic_219.jpg,plastic,trash,0.999665,False
data\external_test_realwaste\plastic\Plastic_22.jpg,plastic,metal,0.316422,True
data\external_test_realwaste\plastic\Plastic_220.jpg,plastic,trash,0.49041,True
data\external_test_realwaste\plastic\Plastic_221.jpg,plastic,trash,0.958221,False
data\external_test_realwaste\plastic\Plastic_224.jpg,plastic,glass,0.81712,False
data\external_test_realwaste\plastic\Plastic_225.jpg,plastic,trash,0.954494,False
data\external_test_realwaste\plastic\Plastic_226.jpg,plastic,trash,0.80908,False
data\external_test_realwaste\plastic\Plastic_228.jpg,plastic,trash,0.761993,False
data\external_test_realwaste\plastic\Plastic_229.jpg,plastic,trash,0.392258,True
data\external_test_realwaste\plastic\Plastic_230.jpg,plastic,trash,0.791413,False
data\external_test_realwaste\plastic\Plastic_232.jpg,plastic,trash,0.9089,False
data\external_test_realwaste\plastic\Plastic_233.jpg,plastic,trash,0.983551,False
data\external_test_realwaste\plastic\Plastic_235.jpg,plastic,trash,0.626486,False
data\external_test_realwaste\plastic\Plastic_237.jpg,plastic,trash,0.657196,False
data\external_test_realwaste\plastic\Plastic_24.jpg,plastic,metal,0.495137,True
data\external_test_realwaste\plastic\Plastic_240.jpg,plastic,metal,0.594115,True
data\external_test_realwaste\plastic\Plastic_241.jpg,plastic,paper,0.948022,False
data\external_test_realwaste\plastic\Plastic_242.jpg,plastic,metal,0.99359,False
data\external_test_realwaste\plastic\Plastic_246.jpg,plastic,trash,0.712631,False
data\external_test_realwaste\plastic\Plastic_247.jpg,plastic,trash,0.596079,True
data\external_test_realwaste\plastic\Plastic_248.jpg,plastic,trash,0.998436,False
data\external_test_realwaste\plastic\Plastic_249.jpg,plastic,trash,0.629164,False
data\external_test_realwaste\plastic\Plastic_252.jpg,plastic,trash,0.836456,False
data\external_test_realwaste\plastic\Plastic_253.jpg,plastic,trash,0.947139,False
data\external_test_realwaste\plastic\Plastic_254.jpg,plastic,trash,0.511523,True
data\external_test_realwaste\plastic\Plastic_255.jpg,plastic,trash,0.482767,True
data\external_test_realwaste\plastic\Plastic_256.jpg,plastic,trash,0.948796,False
data\external_test_realwaste\plastic\Plastic_259.jpg,plastic,trash,0.95901,False
data\external_test_realwaste\plastic\Plastic_26.jpg,plastic,trash,0.99347,False
data\external_test_realwaste\plastic\Plastic_260.jpg,plastic,trash,0.999684,False
data\external_test_realwaste\plastic\Plastic_261.jpg,plastic,trash,0.970127,False
data\external_test_realwaste\plastic\Plastic_262.jpg,plastic,trash,0.825431,False
data\external_test_realwaste\plastic\Plastic_263.jpg,plastic,trash,0.782739,False
data\external_test_realwaste\plastic\Plastic_268.jpg,plastic,trash,0.965299,False
data\external_test_realwaste\plastic\Plastic_271.jpg,plastic,trash,0.410133,True
data\external_test_realwaste\plastic\Plastic_273.jpg,plastic,trash,0.837415,False
data\external_test_realwaste\plastic\Plastic_278.jpg,plastic,cardboard,0.337702,True
data\external_test_realwaste\plastic\Plastic_279.jpg,plastic,paper,0.90612,False
data\external_test_realwaste\plastic\Plastic_280.jpg,plastic,trash,0.999475,False
data\external_test_realwaste\plastic\Plastic_281.jpg,plastic,glass,0.588484,True
data\external_test_realwaste\plastic\Plastic_282.jpg,plastic,trash,0.583493,True
data\external_test_realwaste\plastic\Plastic_283.jpg,plastic,trash,0.776189,False
data\external_test_realwaste\plastic\Plastic_286.jpg,plastic,glass,0.794441,False
data\external_test_realwaste\plastic\Plastic_288.jpg,plastic,glass,0.479565,True
data\external_test_realwaste\plastic\Plastic_292.jpg,plastic,paper,0.754092,False
data\external_test_realwaste\plastic\Plastic_296.jpg,plastic,trash,0.980981,False
data\external_test_realwaste\plastic\Plastic_297.jpg,plastic,trash,0.83196,False
data\external_test_realwaste\plastic\Plastic_300.jpg,plastic,paper,0.4016,True
data\external_test_realwaste\plastic\Plastic_303.jpg,plastic,glass,0.909642,False
data\external_test_realwaste\plastic\Plastic_304.jpg,plastic,trash,0.703742,False
data\external_test_realwaste\plastic\Plastic_306.jpg,plastic,trash,0.732007,False
data\external_test_realwaste\plastic\Plastic_308.jpg,plastic,trash,0.976743,False
data\external_test_realwaste\plastic\Plastic_309.jpg,plastic,trash,0.643258,False
data\external_test_realwaste\plastic\Plastic_31.jpg,plastic,trash,0.949117,False
data\external_test_realwaste\plastic\Plastic_312.jpg,plastic,glass,0.449819,True
data\external_test_realwaste\plastic\Plastic_313.jpg,plastic,trash,0.437746,True
data\external_test_realwaste\plastic\Plastic_314.jpg,plastic,metal,0.582113,True
data\external_test_realwaste\plastic\Plastic_316.jpg,plastic,trash,0.977599,False
data\external_test_realwaste\plastic\Plastic_317.jpg,plastic,metal,0.35782,True
data\external_test_realwaste\plastic\Plastic_32.jpg,plastic,trash,0.97599,False
data\external_test_realwaste\plastic\Plastic_320.jpg,plastic,trash,0.670293,False
data\external_test_realwaste\plastic\Plastic_321.jpg,plastic,trash,0.669888,False
data\external_test_realwaste\plastic\Plastic_324.jpg,plastic,trash,0.749565,False
data\external_test_realwaste\plastic\Plastic_326.jpg,plastic,trash,0.893833,False
data\external_test_realwaste\plastic\Plastic_327.jpg,plastic,trash,0.93981,False
data\external_test_realwaste\plastic\Plastic_33.jpg,plastic,glass,0.809784,False
data\external_test_realwaste\plastic\Plastic_331.jpg,plastic,cardboard,0.745556,False
data\external_test_realwaste\plastic\Plastic_332.jpg,plastic,glass,0.510156,True
data\external_test_realwaste\plastic\Plastic_333.jpg,plastic,trash,0.387882,True
data\external_test_realwaste\plastic\Plastic_339.jpg,plastic,cardboard,0.521896,True
data\external_test_realwaste\plastic\Plastic_34.jpg,plastic,cardboard,0.417966,True
data\external_test_realwaste\plastic\Plastic_342.jpg,plastic,cardboard,0.537877,True
data\external_test_realwaste\plastic\Plastic_344.jpg,plastic,glass,0.899017,False
data\external_test_realwaste\plastic\Plastic_345.jpg,plastic,trash,0.528215,True
data\external_test_realwaste\plastic\Plastic_346.jpg,plastic,metal,0.324015,True
data\external_test_realwaste\plastic\Plastic_348.jpg,plastic,glass,0.722347,False
data\external_test_realwaste\plastic\Plastic_349.jpg,plastic,trash,0.860234,False
data\external_test_realwaste\plastic\Plastic_35.jpg,plastic,trash,0.670994,False
data\external_test_realwaste\plastic\Plastic_350.jpg,plastic,trash,0.801682,False
data\external_test_realwaste\plastic\Plastic_354.jpg,plastic,cardboard,0.937871,False
data\external_test_realwaste\plastic\Plastic_355.jpg,plastic,glass,0.931417,False
data\external_test_realwaste\plastic\Plastic_358.jpg,plastic,glass,0.919642,False
data\external_test_realwaste\plastic\Plastic_359.jpg,plastic,trash,0.760367,False
data\external_test_realwaste\plastic\Plastic_36.jpg,plastic,trash,0.788728,False
data\external_test_realwaste\plastic\Plastic_360.jpg,plastic,glass,0.914814,False
data\external_test_realwaste\plastic\Plastic_361.jpg,plastic,trash,0.852225,False
data\external_test_realwaste\plastic\Plastic_362.jpg,plastic,glass,0.64644,False
data\external_test_realwaste\plastic\Plastic_363.jpg,plastic,trash,0.432112,True
data\external_test_realwaste\plastic\Plastic_367.jpg,plastic,trash,0.754244,False
data\external_test_realwaste\plastic\Plastic_368.jpg,plastic,trash,0.591531,True
data\external_test_realwaste\plastic\Plastic_37.jpg,plastic,trash,0.984954,False
data\external_test_realwaste\plastic\Plastic_370.jpg,plastic,trash,0.988455,False
data\external_test_realwaste\plastic\Plastic_371.jpg,plastic,trash,0.99369,False
data\external_test_realwaste\plastic\Plastic_372.jpg,plastic,trash,0.993009,False
data\external_test_realwaste\plastic\Plastic_373.jpg,plastic,trash,0.982639,False
data\external_test_realwaste\plastic\Plastic_374.jpg,plastic,trash,0.591064,True
data\external_test_realwaste\plastic\Plastic_375.jpg,plastic,trash,0.996748,False
data\external_test_realwaste\plastic\Plastic_376.jpg,plastic,trash,0.962811,False
data\external_test_realwaste\plastic\Plastic_377.jpg,plastic,trash,0.987427,False
data\external_test_realwaste\plastic\Plastic_378.jpg,plastic,trash,0.967073,False
data\external_test_realwaste\plastic\Plastic_38.jpg,plastic,trash,0.911021,False
data\external_test_realwaste\plastic\Plastic_380.jpg,plastic,trash,0.986435,False
data\external_test_realwaste\plastic\Plastic_382.jpg,plastic,trash,0.575439,True
data\external_test_realwaste\plastic\Plastic_383.jpg,plastic,trash,0.870386,False
data\external_test_realwaste\plastic\Plastic_384.jpg,plastic,trash,0.922146,False
data\external_test_realwaste\plastic\Plastic_385.jpg,plastic,trash,0.998627,False
data\external_test_realwaste\plastic\Plastic_386.jpg,plastic,trash,0.982432,False
data\external_test_realwaste\plastic\Plastic_387.jpg,plastic,trash,0.995228,False
data\external_test_realwaste\plastic\Plastic_388.jpg,plastic,trash,0.999913,False
data\external_test_realwaste\plastic\Plastic_389.jpg,plastic,trash,0.99936,False
data\external_test_realwaste\plastic\Plastic_390.jpg,plastic,metal,0.567696,True
data\external_test_realwaste\plastic\Plastic_391.jpg,plastic,trash,0.986702,False
data\external_test_realwaste\plastic\Plastic_392.jpg,plastic,trash,0.743079,False
data\external_test_realwaste\plastic\Plastic_393.jpg,plastic,trash,0.98234,False
data\external_test_realwaste\plastic\Plastic_395.jpg,plastic,trash,0.513593,True
data\external_test_realwaste\plastic\Plastic_396.jpg,plastic,trash,0.370964,True
data\external_test_realwaste\plastic\Plastic_397.jpg,plastic,trash,0.553452,True
data\external_test_realwaste\plastic\Plastic_399.jpg,plastic,trash,0.999882,False
data\external_test_realwaste\plastic\Plastic_40.jpg,plastic,trash,0.835357,False
data\external_test_realwaste\plastic\Plastic_401.jpg,plastic,trash,0.989669,False
data\external_test_realwaste\plastic\Plastic_403.jpg,plastic,metal,0.630302,False
data\external_test_realwaste\plastic\Plastic_404.jpg,plastic,trash,0.748791,False
data\external_test_realwaste\plastic\Plastic_405.jpg,plastic,glass,0.578608,True
data\external_test_realwaste\plastic\Plastic_406.jpg,plastic,trash,0.706312,False
data\external_test_realwaste\plastic\Plastic_41.jpg,plastic,glass,0.798993,False
data\external_test_realwaste\plastic\Plastic_411.jpg,plastic,trash,0.568854,True
data\external_test_realwaste\plastic\Plastic_412.jpg,plastic,trash,0.987361,False
data\external_test_realwaste\plastic\Plastic_42.jpg,plastic,trash,0.810651,False
data\external_test_realwaste\plastic\Plastic_422.jpg,plastic,trash,0.987861,False
data\external_test_realwaste\plastic\Plastic_423.jpg,plastic,trash,0.986027,False
data\external_test_realwaste\plastic\Plastic_424.jpg,plastic,trash,0.599077,True
data\external_test_realwaste\plastic\Plastic_426.jpg,plastic,trash,0.775943,False
data\external_test_realwaste\plastic\Plastic_428.jpg,plastic,trash,0.810323,False
data\external_test_realwaste\plastic\Plastic_429.jpg,plastic,trash,0.763443,False
data\external_test_realwaste\plastic\Plastic_430.jpg,plastic,metal,0.72343,False
data\external_test_realwaste\plastic\Plastic_432.jpg,plastic,trash,0.532663,True
data\external_test_realwaste\plastic\Plastic_433.jpg,plastic,glass,0.437845,True
data\external_test_realwaste\plastic\Plastic_434.jpg,plastic,trash,0.858336,False
data\external_test_realwaste\plastic\Plastic_437.jpg,plastic,trash,0.749621,False
data\external_test_realwaste\plastic\Plastic_44.jpg,plastic,trash,0.999307,False
data\external_test_realwaste\plastic\Plastic_440.jpg,plastic,trash,0.647305,False
data\external_test_realwaste\plastic\Plastic_443.jpg,plastic,trash,0.855766,False
data\external_test_realwaste\plastic\Plastic_446.jpg,plastic,trash,0.998147,False
data\external_test_realwaste\plastic\Plastic_45.jpg,plastic,trash,0.816874,False
data\external_test_realwaste\plastic\Plastic_450.jpg,plastic,trash,0.481305,True
data\external_test_realwaste\plastic\Plastic_454.jpg,plastic,trash,0.883237,False
data\external_test_realwaste\plastic\Plastic_456.jpg,plastic,trash,0.99409,False
data\external_test_realwaste\plastic\Plastic_457.jpg,plastic,trash,0.960901,False
data\external_test_realwaste\plastic\Plastic_458.jpg,plastic,trash,0.962179,False
data\external_test_realwaste\plastic\Plastic_46.jpg,plastic,trash,0.553035,True
data\external_test_realwaste\plastic\Plastic_460.jpg,plastic,trash,0.796936,False
data\external_test_realwaste\plastic\Plastic_463.jpg,plastic,trash,0.999677,False
data\external_test_realwaste\plastic\Plastic_464.jpg,plastic,trash,0.995856,False
data\external_test_realwaste\plastic\Plastic_465.jpg,plastic,trash,0.983274,False
data\external_test_realwaste\plastic\Plastic_466.jpg,plastic,trash,0.998943,False
data\external_test_realwaste\plastic\Plastic_467.jpg,plastic,trash,0.531706,True
data\external_test_realwaste\plastic\Plastic_469.jpg,plastic,trash,0.997037,False
data\external_test_realwaste\plastic\Plastic_47.jpg,plastic,trash,0.873693,False
data\external_test_realwaste\plastic\Plastic_470.jpg,plastic,trash,0.730622,False
data\external_test_realwaste\plastic\Plastic_471.jpg,plastic,trash,0.619402,False
data\external_test_realwaste\plastic\Plastic_479.jpg,plastic,trash,0.53277,True
data\external_test_realwaste\plastic\Plastic_48.jpg,plastic,trash,0.969419,False
data\external_test_realwaste\plastic\Plastic_481.jpg,plastic,trash,0.770326,False
data\external_test_realwaste\plastic\Plastic_482.jpg,plastic,trash,0.980078,False
data\external_test_realwaste\plastic\Plastic_483.jpg,plastic,trash,0.999275,False
data\external_test_realwaste\plastic\Plastic_484.jpg,plastic,trash,0.999446,False
data\external_test_realwaste\plastic\Plastic_486.jpg,plastic,trash,0.496712,True
data\external_test_realwaste\plastic\Plastic_487.jpg,plastic,trash,0.997058,False
data\external_test_realwaste\plastic\Plastic_488.jpg,plastic,trash,0.999806,False
data\external_test_realwaste\plastic\Plastic_489.jpg,plastic,trash,0.972583,False
data\external_test_realwaste\plastic\Plastic_49.jpg,plastic,glass,0.491755,True
data\external_test_realwaste\plastic\Plastic_495.jpg,plastic,metal,0.56498,True
data\external_test_realwaste\plastic\Plastic_499.jpg,plastic,trash,0.963112,False
data\external_test_realwaste\plastic\Plastic_5.jpg,plastic,metal,0.346128,True
data\external_test_realwaste\plastic\Plastic_50.jpg,plastic,trash,0.996941,False
data\external_test_realwaste\plastic\Plastic_501.jpg,plastic,trash,0.950595,False
data\external_test_realwaste\plastic\Plastic_502.jpg,plastic,glass,0.407091,True
data\external_test_realwaste\plastic\Plastic_509.jpg,plastic,trash,0.631761,False
data\external_test_realwaste\plastic\Plastic_510.jpg,plastic,trash,0.722659,False
data\external_test_realwaste\plastic\Plastic_512.jpg,plastic,trash,0.987176,False
data\external_test_realwaste\plastic\Plastic_514.jpg,plastic,glass,0.554112,True
data\external_test_realwaste\plastic\Plastic_515.jpg,plastic,trash,0.991204,False
data\external_test_realwaste\plastic\Plastic_521.jpg,plastic,glass,0.994063,False
data\external_test_realwaste\plastic\Plastic_523.jpg,plastic,trash,0.997267,False
data\external_test_realwaste\plastic\Plastic_527.jpg,plastic,trash,0.907401,False
data\external_test_realwaste\plastic\Plastic_529.jpg,plastic,trash,0.98542,False
data\external_test_realwaste\plastic\Plastic_53.jpg,plastic,trash,0.973288,False
data\external_test_realwaste\plastic\Plastic_531.jpg,plastic,glass,0.964534,False
data\external_test_realwaste\plastic\Plastic_533.jpg,plastic,cardboard,0.610895,False
data\external_test_realwaste\plastic\Plastic_534.jpg,plastic,trash,0.977472,False
data\external_test_realwaste\plastic\Plastic_535.jpg,plastic,trash,0.995701,False
data\external_test_realwaste\plastic\Plastic_54.jpg,plastic,trash,0.99794,False
data\external_test_realwaste\plastic\Plastic_541.jpg,plastic,trash,0.996698,False
data\external_test_realwaste\plastic\Plastic_544.jpg,plastic,trash,0.951084,False
data\external_test_realwaste\plastic\Plastic_545.jpg,plastic,trash,0.484105,True
data\external_test_realwaste\plastic\Plastic_547.jpg,plastic,trash,0.807352,False
data\external_test_realwaste\plastic\Plastic_548.jpg,plastic,trash,0.978294,False
data\external_test_realwaste\plastic\Plastic_55.jpg,plastic,trash,0.953347,False
data\external_test_realwaste\plastic\Plastic_551.jpg,plastic,trash,0.808181,False
data\external_test_realwaste\plastic\Plastic_552.jpg,plastic,trash,0.900557,False
data\external_test_realwaste\plastic\Plastic_554.jpg,plastic,trash,0.763435,False
data\external_test_realwaste\plastic\Plastic_555.jpg,plastic,trash,0.61444,False
data\external_test_realwaste\plastic\Plastic_558.jpg,plastic,trash,0.982253,False
data\external_test_realwaste\plastic\Plastic_559.jpg,plastic,trash,0.893566,False
data\external_test_realwaste\plastic\Plastic_56.jpg,plastic,trash,0.986279,False
data\external_test_realwaste\plastic\Plastic_566.jpg,plastic,trash,0.950907,False
data\external_test_realwaste\plastic\Plastic_567.jpg,plastic,glass,0.919146,False
data\external_test_realwaste\plastic\Plastic_57.jpg,plastic,paper,0.802641,False
data\external_test_realwaste\plastic\Plastic_576.jpg,plastic,trash,0.998992,False
data\external_test_realwaste\plastic\Plastic_577.jpg,plastic,trash,0.827863,False
data\external_test_realwaste\plastic\Plastic_579.jpg,plastic,trash,0.998405,False
data\external_test_realwaste\plastic\Plastic_58.jpg,plastic,trash,0.823572,False
data\external_test_realwaste\plastic\Plastic_581.jpg,plastic,trash,0.875713,False
data\external_test_realwaste\plastic\Plastic_582.jpg,plastic,trash,0.683767,False
data\external_test_realwaste\plastic\Plastic_585.jpg,plastic,trash,0.617288,False
data\external_test_realwaste\plastic\Plastic_587.jpg,plastic,trash,0.761711,False
data\external_test_realwaste\plastic\Plastic_589.jpg,plastic,trash,0.815276,False
data\external_test_realwaste\plastic\Plastic_592.jpg,plastic,trash,0.991769,False
data\external_test_realwaste\plastic\Plastic_6.jpg,plastic,trash,0.875837,False
data\external_test_realwaste\plastic\Plastic_60.jpg,plastic,trash,0.96715,False
data\external_test_realwaste\plastic\Plastic_600.jpg,plastic,trash,0.999296,False
data\external_test_realwaste\plastic\Plastic_601.jpg,plastic,trash,0.506018,True
data\external_test_realwaste\plastic\Plastic_602.jpg,plastic,paper,0.521365,True
data\external_test_realwaste\plastic\Plastic_603.jpg,plastic,trash,0.938865,False
data\external_test_realwaste\plastic\Plastic_61.jpg,plastic,trash,0.998695,False
data\external_test_realwaste\plastic\Plastic_610.jpg,plastic,trash,0.93296,False
data\external_test_realwaste\plastic\Plastic_611.jpg,plastic,trash,0.863874,False
data\external_test_realwaste\plastic\Plastic_612.jpg,plastic,trash,0.939705,False
data\external_test_realwaste\plastic\Plastic_613.jpg,plastic,glass,0.788536,False
data\external_test_realwaste\plastic\Plastic_617.jpg,plastic,trash,0.794267,False
data\external_test_realwaste\plastic\Plastic_618.jpg,plastic,trash,0.512041,True
data\external_test_realwaste\plastic\Plastic_619.jpg,plastic,trash,0.962664,False
data\external_test_realwaste\plastic\Plastic_620.jpg,plastic,trash,0.996878,False
data\external_test_realwaste\plastic\Plastic_621.jpg,plastic,trash,0.998164,False
data\external_test_realwaste\plastic\Plastic_622.jpg,plastic,trash,0.997671,False
data\external_test_realwaste\plastic\Plastic_623.jpg,plastic,trash,0.52419,True
data\external_test_realwaste\plastic\Plastic_624.jpg,plastic,trash,0.764554,False
data\external_test_realwaste\plastic\Plastic_626.jpg,plastic,trash,0.879704,False
data\external_test_realwaste\plastic\Plastic_628.jpg,plastic,trash,0.961576,False
data\external_test_realwaste\plastic\Plastic_63.jpg,plastic,trash,0.811252,False
data\external_test_realwaste\plastic\Plastic_630.jpg,plastic,trash,0.995001,False
data\external_test_realwaste\plastic\Plastic_631.jpg,plastic,trash,0.95238,False
data\external_test_realwaste\plastic\Plastic_632.jpg,plastic,trash,0.583173,True
data\external_test_realwaste\plastic\Plastic_635.jpg,plastic,trash,0.992555,False
data\external_test_realwaste\plastic\Plastic_636.jpg,plastic,trash,0.899535,False
data\external_test_realwaste\plastic\Plastic_637.jpg,plastic,trash,0.99657,False
data\external_test_realwaste\plastic\Plastic_638.jpg,plastic,trash,0.844886,False
data\external_test_realwaste\plastic\Plastic_639.jpg,plastic,trash,0.995912,False
data\external_test_realwaste\plastic\Plastic_64.jpg,plastic,trash,0.963461,False
data\external_test_realwaste\plastic\Plastic_640.jpg,plastic,trash,0.993057,False
data\external_test_realwaste\plastic\Plastic_642.jpg,plastic,trash,0.710117,False
data\external_test_realwaste\plastic\Plastic_643.jpg,plastic,trash,0.989452,False
data\external_test_realwaste\plastic\Plastic_644.jpg,plastic,trash,0.951418,False
data\external_test_realwaste\plastic\Plastic_646.jpg,plastic,trash,0.990462,False
data\external_test_realwaste\plastic\Plastic_647.jpg,plastic,trash,0.989311,False
data\external_test_realwaste\plastic\Plastic_648.jpg,plastic,glass,0.915958,False
data\external_test_realwaste\plastic\Plastic_649.jpg,plastic,trash,0.77606,False
data\external_test_realwaste\plastic\Plastic_65.jpg,plastic,trash,0.993376,False
data\external_test_realwaste\plastic\Plastic_650.jpg,plastic,trash,0.816043,False
data\external_test_realwaste\plastic\Plastic_651.jpg,plastic,trash,0.917355,False
data\external_test_realwaste\plastic\Plastic_652.jpg,plastic,trash,0.992898,False
data\external_test_realwaste\plastic\Plastic_653.jpg,plastic,trash,0.720821,False
data\external_test_realwaste\plastic\Plastic_655.jpg,plastic,trash,0.992895,False
data\external_test_realwaste\plastic\Plastic_658.jpg,plastic,trash,0.98841,False
data\external_test_realwaste\plastic\Plastic_659.jpg,plastic,trash,0.947959,False
data\external_test_realwaste\plastic\Plastic_66.jpg,plastic,trash,0.999796,False
data\external_test_realwaste\plastic\Plastic_664.jpg,plastic,trash,0.83647,False
data\external_test_realwaste\plastic\Plastic_669.jpg,plastic,trash,0.625127,False
data\external_test_realwaste\plastic\Plastic_67.jpg,plastic,trash,0.994717,False
data\external_test_realwaste\plastic\Plastic_670.jpg,plastic,trash,0.998713,False
data\external_test_realwaste\plastic\Plastic_671.jpg,plastic,trash,0.972247,False
data\external_test_realwaste\plastic\Plastic_672.jpg,plastic,trash,0.992284,False
data\external_test_realwaste\plastic\Plastic_673.jpg,plastic,trash,0.981392,False
data\external_test_realwaste\plastic\Plastic_674.jpg,plastic,trash,0.977061,False
data\external_test_realwaste\plastic\Plastic_675.jpg,plastic,trash,0.742231,False
data\external_test_realwaste\plastic\Plastic_676.jpg,plastic,trash,0.999931,False
data\external_test_realwaste\plastic\Plastic_677.jpg,plastic,trash,0.988626,False
data\external_test_realwaste\plastic\Plastic_678.jpg,plastic,trash,0.994402,False
data\external_test_realwaste\plastic\Plastic_679.jpg,plastic,trash,0.667589,False
data\external_test_realwaste\plastic\Plastic_68.jpg,plastic,glass,0.449652,True
data\external_test_realwaste\plastic\Plastic_680.jpg,plastic,trash,0.968117,False
data\external_test_realwaste\plastic\Plastic_681.jpg,plastic,trash,0.948713,False
data\external_test_realwaste\plastic\Plastic_682.jpg,plastic,trash,0.903016,False
data\external_test_realwaste\plastic\Plastic_684.jpg,plastic,trash,0.996327,False
data\external_test_realwaste\plastic\Plastic_685.jpg,plastic,trash,0.783203,False
data\external_test_realwaste\plastic\Plastic_686.jpg,plastic,trash,0.977758,False
data\external_test_realwaste\plastic\Plastic_688.jpg,plastic,trash,0.983708,False
data\external_test_realwaste\plastic\Plastic_69.jpg,plastic,trash,0.951116,False
data\external_test_realwaste\plastic\Plastic_690.jpg,plastic,trash,0.999129,False
data\external_test_realwaste\plastic\Plastic_691.jpg,plastic,trash,0.994213,False
data\external_test_realwaste\plastic\Plastic_692.jpg,plastic,trash,0.953985,False
data\external_test_realwaste\plastic\Plastic_693.jpg,plastic,trash,0.988436,False
data\external_test_realwaste\plastic\Plastic_694.jpg,plastic,trash,0.678573,False
data\external_test_realwaste\plastic\Plastic_695.jpg,plastic,trash,0.993933,False
data\external_test_realwaste\plastic\Plastic_696.jpg,plastic,trash,0.981579,False
data\external_test_realwaste\plastic\Plastic_697.jpg,plastic,trash,0.999606,False
data\external_test_realwaste\plastic\Plastic_698.jpg,plastic,trash,0.841896,False
data\external_test_realwaste\plastic\Plastic_699.jpg,plastic,trash,0.99837,False
data\external_test_realwaste\plastic\Plastic_7.jpg,plastic,trash,0.641917,False
data\external_test_realwaste\plastic\Plastic_70.jpg,plastic,metal,0.831225,False
data\external_test_realwaste\plastic\Plastic_700.jpg,plastic,trash,0.980898,False
data\external_test_realwaste\plastic\Plastic_702.jpg,plastic,glass,0.887269,False
data\external_test_realwaste\plastic\Plastic_703.jpg,plastic,trash,0.991171,False
data\external_test_realwaste\plastic\Plastic_704.jpg,plastic,trash,0.926503,False
data\external_test_realwaste\plastic\Plastic_705.jpg,plastic,trash,0.99811,False
data\external_test_realwaste\plastic\Plastic_706.jpg,plastic,trash,0.995867,False
data\external_test_realwaste\plastic\Plastic_709.jpg,plastic,trash,0.848359,False
data\external_test_realwaste\plastic\Plastic_71.jpg,plastic,cardboard,0.577159,True
data\external_test_realwaste\plastic\Plastic_710.jpg,plastic,trash,0.556159,True
data\external_test_realwaste\plastic\Plastic_711.jpg,plastic,trash,0.984026,False
data\external_test_realwaste\plastic\Plastic_713.jpg,plastic,trash,0.592509,True
data\external_test_realwaste\plastic\Plastic_714.jpg,plastic,trash,0.988874,False
data\external_test_realwaste\plastic\Plastic_716.jpg,plastic,trash,0.74776,False
data\external_test_realwaste\plastic\Plastic_717.jpg,plastic,trash,0.543243,True
data\external_test_realwaste\plastic\Plastic_719.jpg,plastic,trash,0.679853,False
data\external_test_realwaste\plastic\Plastic_72.jpg,plastic,trash,0.570818,True
data\external_test_realwaste\plastic\Plastic_721.jpg,plastic,trash,0.874297,False
data\external_test_realwaste\plastic\Plastic_722.jpg,plastic,trash,0.981909,False
data\external_test_realwaste\plastic\Plastic_723.jpg,plastic,trash,0.994083,False
data\external_test_realwaste\plastic\Plastic_724.jpg,plastic,trash,0.967954,False
data\external_test_realwaste\plastic\Plastic_725.jpg,plastic,trash,0.864401,False
data\external_test_realwaste\plastic\Plastic_727.jpg,plastic,trash,0.833634,False
data\external_test_realwaste\plastic\Plastic_728.jpg,plastic,trash,0.672241,False
data\external_test_realwaste\plastic\Plastic_729.jpg,plastic,trash,0.824004,False
data\external_test_realwaste\plastic\Plastic_73.jpg,plastic,trash,0.999084,False
data\external_test_realwaste\plastic\Plastic_730.jpg,plastic,trash,0.475683,True
data\external_test_realwaste\plastic\Plastic_731.jpg,plastic,trash,0.899827,False
data\external_test_realwaste\plastic\Plastic_732.jpg,plastic,trash,0.994616,False
data\external_test_realwaste\plastic\Plastic_733.jpg,plastic,trash,0.997286,False
data\external_test_realwaste\plastic\Plastic_734.jpg,plastic,trash,0.928247,False
data\external_test_realwaste\plastic\Plastic_736.jpg,plastic,trash,0.412133,True
data\external_test_realwaste\plastic\Plastic_737.jpg,plastic,trash,0.914056,False
data\external_test_realwaste\plastic\Plastic_739.jpg,plastic,trash,0.445511,True
data\external_test_realwaste\plastic\Plastic_74.jpg,plastic,trash,0.997755,False
data\external_test_realwaste\plastic\Plastic_742.jpg,plastic,glass,0.851212,False
data\external_test_realwaste\plastic\Plastic_744.jpg,plastic,glass,0.511751,True
data\external_test_realwaste\plastic\Plastic_745.jpg,plastic,trash,0.974327,False
data\external_test_realwaste\plastic\Plastic_746.jpg,plastic,glass,0.521931,True
data\external_test_realwaste\plastic\Plastic_747.jpg,plastic,trash,0.571829,True
data\external_test_realwaste\plastic\Plastic_748.jpg,plastic,cardboard,0.656524,False
data\external_test_realwaste\plastic\Plastic_749.jpg,plastic,trash,0.529224,True
data\external_test_realwaste\plastic\Plastic_75.jpg,plastic,trash,0.95601,False
data\external_test_realwaste\plastic\Plastic_750.jpg,plastic,trash,0.765662,False
data\external_test_realwaste\plastic\Plastic_751.jpg,plastic,trash,0.687115,False
data\external_test_realwaste\plastic\Plastic_752.jpg,plastic,trash,0.628682,False
data\external_test_realwaste\plastic\Plastic_753.jpg,plastic,trash,0.991444,False
data\external_test_realwaste\plastic\Plastic_754.jpg,plastic,trash,0.915886,False
data\external_test_realwaste\plastic\Plastic_755.jpg,plastic,trash,0.940686,False
data\external_test_realwaste\plastic\Plastic_756.jpg,plastic,trash,0.952759,False
data\external_test_realwaste\plastic\Plastic_757.jpg,plastic,trash,0.704517,False
data\external_test_realwaste\plastic\Plastic_759.jpg,plastic,trash,0.966763,False
data\external_test_realwaste\plastic\Plastic_76.jpg,plastic,trash,0.943721,False
data\external_test_realwaste\plastic\Plastic_760.jpg,plastic,trash,0.99509,False
data\external_test_realwaste\plastic\Plastic_761.jpg,plastic,trash,0.696962,False
data\external_test_realwaste\plastic\Plastic_762.jpg,plastic,metal,0.371024,True
data\external_test_realwaste\plastic\Plastic_764.jpg,plastic,trash,0.79931,False
data\external_test_realwaste\plastic\Plastic_766.jpg,plastic,glass,0.52422,True
data\external_test_realwaste\plastic\Plastic_767.jpg,plastic,trash,0.93983,False
data\external_test_realwaste\plastic\Plastic_769.jpg,plastic,trash,0.818933,False
data\external_test_realwaste\plastic\Plastic_77.jpg,plastic,trash,0.895254,False
data\external_test_realwaste\plastic\Plastic_776.jpg,plastic,metal,0.967519,False
data\external_test_realwaste\plastic\Plastic_777.jpg,plastic,trash,0.938743,False
data\external_test_realwaste\plastic\Plastic_778.jpg,plastic,trash,0.932202,False
data\external_test_realwaste\plastic\Plastic_779.jpg,plastic,trash,0.978277,False
data\external_test_realwaste\plastic\Plastic_78.jpg,plastic,trash,0.674702,False
data\external_test_realwaste\plastic\Plastic_783.jpg,plastic,trash,0.894277,False
data\external_test_realwaste\plastic\Plastic_788.jpg,plastic,trash,0.664391,False
data\external_test_realwaste\plastic\Plastic_790.jpg,plastic,glass,0.995496,False
data\external_test_realwaste\plastic\Plastic_791.jpg,plastic,trash,0.980393,False
data\external_test_realwaste\plastic\Plastic_795.jpg,plastic,trash,0.999827,False
data\external_test_realwaste\plastic\Plastic_798.jpg,plastic,trash,0.981368,False
data\external_test_realwaste\plastic\Plastic_80.jpg,plastic,metal,0.359292,True
data\external_test_realwaste\plastic\Plastic_801.jpg,plastic,glass,0.722711,False
data\external_test_realwaste\plastic\Plastic_804.jpg,plastic,trash,0.99015,False
data\external_test_realwaste\plastic\Plastic_805.jpg,plastic,trash,0.932594,False
data\external_test_realwaste\plastic\Plastic_806.jpg,plastic,trash,0.848208,False
data\external_test_realwaste\plastic\Plastic_807.jpg,plastic,trash,0.757803,False
data\external_test_realwaste\plastic\Plastic_808.jpg,plastic,trash,0.91252,False
data\external_test_realwaste\plastic\Plastic_809.jpg,plastic,trash,0.947577,False
data\external_test_realwaste\plastic\Plastic_81.jpg,plastic,trash,0.727747,False
data\external_test_realwaste\plastic\Plastic_810.jpg,plastic,trash,0.990765,False
data\external_test_realwaste\plastic\Plastic_812.jpg,plastic,trash,0.843044,False
data\external_test_realwaste\plastic\Plastic_82.jpg,plastic,metal,0.500168,True
data\external_test_realwaste\plastic\Plastic_822.jpg,plastic,trash,0.57958,True
data\external_test_realwaste\plastic\Plastic_825.jpg,plastic,trash,0.979112,False
data\external_test_realwaste\plastic\Plastic_83.jpg,plastic,trash,0.439365,True
data\external_test_realwaste\plastic\Plastic_830.jpg,plastic,trash,0.947156,False
data\external_test_realwaste\plastic\Plastic_834.jpg,plastic,glass,0.918547,False
data\external_test_realwaste\plastic\Plastic_835.jpg,plastic,trash,0.622382,False
data\external_test_realwaste\plastic\Plastic_839.jpg,plastic,trash,0.955232,False
data\external_test_realwaste\plastic\Plastic_84.jpg,plastic,metal,0.692274,False
data\external_test_realwaste\plastic\Plastic_840.jpg,plastic,trash,0.987831,False
data\external_test_realwaste\plastic\Plastic_842.jpg,plastic,trash,0.995388,False
data\external_test_realwaste\plastic\Plastic_843.jpg,plastic,trash,0.998535,False
data\external_test_realwaste\plastic\Plastic_844.jpg,plastic,trash,0.999685,False
data\external_test_realwaste\plastic\Plastic_845.jpg,plastic,glass,0.99426,False
data\external_test_realwaste\plastic\Plastic_848.jpg,plastic,trash,0.921084,False
data\external_test_realwaste\plastic\Plastic_849.jpg,plastic,trash,0.895836,False
data\external_test_realwaste\plastic\Plastic_850.jpg,plastic,trash,0.961429,False
data\external_test_realwaste\plastic\Plastic_851.jpg,plastic,trash,0.892895,False
data\external_test_realwaste\plastic\Plastic_856.jpg,plastic,trash,0.804807,False
data\external_test_realwaste\plastic\Plastic_859.jpg,plastic,glass,0.501567,True
data\external_test_realwaste\plastic\Plastic_86.jpg,plastic,trash,0.610467,False
data\external_test_realwaste\plastic\Plastic_867.jpg,plastic,trash,0.985979,False
data\external_test_realwaste\plastic\Plastic_868.jpg,plastic,trash,0.773645,False
data\external_test_realwaste\plastic\Plastic_869.jpg,plastic,trash,0.491192,True
data\external_test_realwaste\plastic\Plastic_87.jpg,plastic,paper,0.818769,False
data\external_test_realwaste\plastic\Plastic_874.jpg,plastic,trash,0.905176,False
data\external_test_realwaste\plastic\Plastic_875.jpg,plastic,glass,0.795458,False
data\external_test_realwaste\plastic\Plastic_876.jpg,plastic,trash,0.954212,False
data\external_test_realwaste\plastic\Plastic_877.jpg,plastic,trash,0.529063,True
data\external_test_realwaste\plastic\Plastic_878.jpg,plastic,trash,0.923901,False
data\external_test_realwaste\plastic\Plastic_879.jpg,plastic,metal,0.757272,False
data\external_test_realwaste\plastic\Plastic_88.jpg,plastic,trash,0.572145,True
data\external_test_realwaste\plastic\Plastic_880.jpg,plastic,trash,0.993961,False
data\external_test_realwaste\plastic\Plastic_881.jpg,plastic,trash,0.999211,False
data\external_test_realwaste\plastic\Plastic_882.jpg,plastic,trash,0.735205,False
data\external_test_realwaste\plastic\Plastic_883.jpg,plastic,trash,0.968154,False
data\external_test_realwaste\plastic\Plastic_884.jpg,plastic,trash,0.768033,False
data\external_test_realwaste\plastic\Plastic_885.jpg,plastic,metal,0.529631,True
data\external_test_realwaste\plastic\Plastic_888.jpg,plastic,trash,0.995869,False
data\external_test_realwaste\plastic\Plastic_89.jpg,plastic,glass,0.844059,False
data\external_test_realwaste\plastic\Plastic_890.jpg,plastic,trash,0.807613,False
data\external_test_realwaste\plastic\Plastic_892.jpg,plastic,metal,0.749672,False
data\external_test_realwaste\plastic\Plastic_893.jpg,plastic,trash,0.585491,True
data\external_test_realwaste\plastic\Plastic_894.jpg,plastic,metal,0.365397,True
data\external_test_realwaste\plastic\Plastic_895.jpg,plastic,trash,0.95285,False
data\external_test_realwaste\plastic\Plastic_896.jpg,plastic,trash,0.850434,False
data\external_test_realwaste\plastic\Plastic_9.jpg,plastic,glass,0.658234,False
data\external_test_realwaste\plastic\Plastic_90.jpg,plastic,trash,0.518707,True
data\external_test_realwaste\plastic\Plastic_901.jpg,plastic,trash,0.944715,False
data\external_test_realwaste\plastic\Plastic_902.jpg,plastic,trash,0.598247,True
data\external_test_realwaste\plastic\Plastic_909.jpg,plastic,trash,0.927402,False
data\external_test_realwaste\plastic\Plastic_910.jpg,plastic,trash,0.893355,False
data\external_test_realwaste\plastic\Plastic_912.jpg,plastic,trash,0.996864,False
data\external_test_realwaste\plastic\Plastic_914.jpg,plastic,trash,0.883984,False
data\external_test_realwaste\plastic\Plastic_915.jpg,plastic,trash,0.994411,False
data\external_test_realwaste\plastic\Plastic_916.jpg,plastic,trash,0.981916,False
data\external_test_realwaste\plastic\Plastic_92.jpg,plastic,trash,0.892205,False
data\external_test_realwaste\plastic\Plastic_920.jpg,plastic,glass,0.650445,False
data\external_test_realwaste\plastic\Plastic_94.jpg,plastic,metal,0.795526,False
data\external_test_realwaste\plastic\Plastic_95.jpg,plastic,trash,0.780855,False
data\external_test_realwaste\plastic\Plastic_97.jpg,plastic,trash,0.989805,False
data\external_test_realwaste\plastic\Plastic_99.jpg,plastic,metal,0.941156,False
data\external_test_realwaste\trash\Miscellaneous Trash_100.jpg,trash,paper,0.996484,False
data\external_test_realwaste\trash\Miscellaneous Trash_101.jpg,trash,paper,0.614673,False
data\external_test_realwaste\trash\Miscellaneous Trash_113.jpg,trash,metal,0.800365,False
data\external_test_realwaste\trash\Miscellaneous Trash_121.jpg,trash,cardboard,0.923794,False
data\external_test_realwaste\trash\Miscellaneous Trash_122.jpg,trash,paper,0.939024,False
data\external_test_realwaste\trash\Miscellaneous Trash_124.jpg,trash,metal,0.817355,False
data\external_test_realwaste\trash\Miscellaneous Trash_129.jpg,trash,plastic,0.566953,True
data\external_test_realwaste\trash\Miscellaneous Trash_13.jpg,trash,metal,0.647164,False
data\external_test_realwaste\trash\Miscellaneous Trash_130.jpg,trash,plastic,0.802158,False
data\external_test_realwaste\trash\Miscellaneous Trash_135.jpg,trash,cardboard,0.757624,False
data\external_test_realwaste\trash\Miscellaneous Trash_150.jpg,trash,paper,0.569025,True
data\external_test_realwaste\trash\Miscellaneous Trash_151.jpg,trash,metal,0.48314,True
data\external_test_realwaste\trash\Miscellaneous Trash_156.jpg,trash,metal,0.809031,False
data\external_test_realwaste\trash\Miscellaneous Trash_167.jpg,trash,paper,0.748452,False
data\external_test_realwaste\trash\Miscellaneous Trash_17.jpg,trash,paper,0.958436,False
data\external_test_realwaste\trash\Miscellaneous Trash_170.jpg,trash,plastic,0.85716,False
data\external_test_realwaste\trash\Miscellaneous Trash_179.jpg,trash,cardboard,0.874557,False
data\external_test_realwaste\trash\Miscellaneous Trash_182.jpg,trash,paper,0.968352,False
data\external_test_realwaste\trash\Miscellaneous Trash_189.jpg,trash,paper,0.542071,True
data\external_test_realwaste\trash\Miscellaneous Trash_191.jpg,trash,paper,0.798601,False
data\external_test_realwaste\trash\Miscellaneous Trash_195.jpg,trash,paper,0.640956,False
data\external_test_realwaste\trash\Miscellaneous Trash_196.jpg,trash,glass,0.589676,True
data\external_test_realwaste\trash\Miscellaneous Trash_197.jpg,trash,plastic,0.94298,False
data\external_test_realwaste\trash\Miscellaneous Trash_2.jpg,trash,paper,0.984784,False
data\external_test_realwaste\trash\Miscellaneous Trash_204.jpg,trash,paper,0.75049,False
data\external_test_realwaste\trash\Miscellaneous Trash_209.jpg,trash,plastic,0.518797,True
data\external_test_realwaste\trash\Miscellaneous Trash_211.jpg,trash,paper,0.998112,False
data\external_test_realwaste\trash\Miscellaneous Trash_213.jpg,trash,paper,0.994071,False
data\external_test_realwaste\trash\Miscellaneous Trash_214.jpg,trash,paper,0.995206,False
data\external_test_realwaste\trash\Miscellaneous Trash_223.jpg,trash,glass,0.42155,True
data\external_test_realwaste\trash\Miscellaneous Trash_249.jpg,trash,paper,0.512063,True
data\external_test_realwaste\trash\Miscellaneous Trash_250.jpg,trash,plastic,0.796755,False
data\external_test_realwaste\trash\Miscellaneous Trash_254.jpg,trash,plastic,0.653843,False
data\external_test_realwaste\trash\Miscellaneous Trash_257.jpg,trash,metal,0.863584,False
data\external_test_realwaste\trash\Miscellaneous Trash_272.jpg,trash,glass,0.744846,False
data\external_test_realwaste\trash\Miscellaneous Trash_273.jpg,trash,cardboard,0.945153,False
data\external_test_realwaste\trash\Miscellaneous Trash_274.jpg,trash,glass,0.787036,False
data\external_test_realwaste\trash\Miscellaneous Trash_275.jpg,trash,glass,0.986425,False
data\external_test_realwaste\trash\Miscellaneous Trash_278.jpg,trash,cardboard,0.997649,False
data\external_test_realwaste\trash\Miscellaneous Trash_280.jpg,trash,cardboard,0.997567,False
data\external_test_realwaste\trash\Miscellaneous Trash_281.jpg,trash,cardboard,0.984069,False
data\external_test_realwaste\trash\Miscellaneous Trash_282.jpg,trash,paper,0.988669,False
data\external_test_realwaste\trash\Miscellaneous Trash_286.jpg,trash,plastic,0.38434,True
data\external_test_realwaste\trash\Miscellaneous Trash_288.jpg,trash,paper,0.983003,False
data\external_test_realwaste\trash\Miscellaneous Trash_290.jpg,trash,metal,0.929777,False
data\external_test_realwaste\trash\Miscellaneous Trash_293.jpg,trash,paper,0.56468,True
data\external_test_realwaste\trash\Miscellaneous Trash_295.jpg,trash,paper,0.86432,False
data\external_test_realwaste\trash\Miscellaneous Trash_298.jpg,trash,paper,0.744574,False
data\external_test_realwaste\trash\Miscellaneous Trash_301.jpg,trash,glass,0.428702,True
data\external_test_realwaste\trash\Miscellaneous Trash_311.jpg,trash,cardboard,0.983983,False
data\external_test_realwaste\trash\Miscellaneous Trash_315.jpg,trash,cardboard,0.557802,True
data\external_test_realwaste\trash\Miscellaneous Trash_318.jpg,trash,cardboard,0.999696,False
data\external_test_realwaste\trash\Miscellaneous Trash_319.jpg,trash,cardboard,0.997267,False
data\external_test_realwaste\trash\Miscellaneous Trash_320.jpg,trash,cardboard,0.999876,False
data\external_test_realwaste\trash\Miscellaneous Trash_332.jpg,trash,paper,0.788366,False
data\external_test_realwaste\trash\Miscellaneous Trash_333.jpg,trash,paper,0.598844,True
data\external_test_realwaste\trash\Miscellaneous Trash_334.jpg,trash,plastic,0.862285,False
data\external_test_realwaste\trash\Miscellaneous Trash_339.jpg,trash,paper,0.637248,False
data\external_test_realwaste\trash\Miscellaneous Trash_340.jpg,trash,paper,0.475689,True
data\external_test_realwaste\trash\Miscellaneous Trash_341.jpg,trash,paper,0.994877,False
data\external_test_realwaste\trash\Miscellaneous Trash_342.jpg,trash,cardboard,0.61987,False
data\external_test_realwaste\trash\Miscellaneous Trash_343.jpg,trash,paper,0.977437,False
data\external_test_realwaste\trash\Miscellaneous Trash_344.jpg,trash,paper,0.768003,False
data\external_test_realwaste\trash\Miscellaneous Trash_345.jpg,trash,paper,0.999348,False
data\external_test_realwaste\trash\Miscellaneous Trash_347.jpg,trash,paper,0.762208,False
data\external_test_realwaste\trash\Miscellaneous Trash_348.jpg,trash,paper,0.628112,False
data\external_test_realwaste\trash\Miscellaneous Trash_349.jpg,trash,plastic,0.663037,False
data\external_test_realwaste\trash\Miscellaneous Trash_350.jpg,trash,paper,0.999434,False
data\external_test_realwaste\trash\Miscellaneous Trash_351.jpg,trash,paper,0.904007,False
data\external_test_realwaste\trash\Miscellaneous Trash_352.jpg,trash,paper,0.985029,False
data\external_test_realwaste\trash\Miscellaneous Trash_353.jpg,trash,paper,0.530718,True
data\external_test_realwaste\trash\Miscellaneous Trash_355.jpg,trash,paper,0.999777,False
data\external_test_realwaste\trash\Miscellaneous Trash_356.jpg,trash,paper,0.9558,False
data\external_test_realwaste\trash\Miscellaneous Trash_358.jpg,trash,metal,0.649689,False
data\external_test_realwaste\trash\Miscellaneous Trash_367.jpg,trash,plastic,0.528383,True
data\external_test_realwaste\trash\Miscellaneous Trash_374.jpg,trash,paper,0.993591,False
data\external_test_realwaste\trash\Miscellaneous Trash_376.jpg,trash,paper,0.700143,False
data\external_test_realwaste\trash\Miscellaneous Trash_387.jpg,trash,cardboard,0.818654,False
data\external_test_realwaste\trash\Miscellaneous Trash_4.jpg,trash,metal,0.907075,False
data\external_test_realwaste\trash\Miscellaneous Trash_402.jpg,trash,glass,0.697545,False
data\external_test_realwaste\trash\Miscellaneous Trash_406.jpg,trash,paper,0.570019,True
data\external_test_realwaste\trash\Miscellaneous Trash_409.jpg,trash,plastic,0.978195,False
data\external_test_realwaste\trash\Miscellaneous Trash_41.jpg,trash,glass,0.834229,False
data\external_test_realwaste\trash\Miscellaneous Trash_412.jpg,trash,plastic,0.555975,True
data\external_test_realwaste\trash\Miscellaneous Trash_420.jpg,trash,plastic,0.608964,False
data\external_test_realwaste\trash\Miscellaneous Trash_426.jpg,trash,plastic,0.851225,False
data\external_test_realwaste\trash\Miscellaneous Trash_427.jpg,trash,paper,0.572925,True
data\external_test_realwaste\trash\Miscellaneous Trash_428.jpg,trash,glass,0.748056,False
data\external_test_realwaste\trash\Miscellaneous Trash_43.jpg,trash,glass,0.846301,False
data\external_test_realwaste\trash\Miscellaneous Trash_430.jpg,trash,paper,0.576524,True
data\external_test_realwaste\trash\Miscellaneous Trash_433.jpg,trash,paper,0.784329,False
data\external_test_realwaste\trash\Miscellaneous Trash_436.jpg,trash,glass,0.822181,False
data\external_test_realwaste\trash\Miscellaneous Trash_44.jpg,trash,paper,0.598366,True
data\external_test_realwaste\trash\Miscellaneous Trash_460.jpg,trash,plastic,0.633698,False
data\external_test_realwaste\trash\Miscellaneous Trash_47.jpg,trash,paper,0.933686,False
data\external_test_realwaste\trash\Miscellaneous Trash_48.jpg,trash,paper,0.752578,False
data\external_test_realwaste\trash\Miscellaneous Trash_486.jpg,trash,plastic,0.68858,False
data\external_test_realwaste\trash\Miscellaneous Trash_49.jpg,trash,plastic,0.822763,False
data\external_test_realwaste\trash\Miscellaneous Trash_59.jpg,trash,paper,0.556004,True
data\external_test_realwaste\trash\Miscellaneous Trash_62.jpg,trash,paper,0.998229,False
data\external_test_realwaste\trash\Miscellaneous Trash_64.jpg,trash,paper,0.99935,False
data\external_test_realwaste\trash\Miscellaneous Trash_65.jpg,trash,paper,0.995734,False
data\external_test_realwaste\trash\Miscellaneous Trash_79.jpg,trash,cardboard,0.405808,True
data\external_test_realwaste\trash\Miscellaneous Trash_88.jpg,trash,paper,0.621747,False
data\external_test_realwaste\trash\Miscellaneous Trash_90.jpg,trash,paper,0.697218,False
data\external_test_realwaste\trash\Miscellaneous Trash_91.jpg,trash,paper,0.997523,False
data\external_test_realwaste\trash\Miscellaneous Trash_92.jpg,trash,plastic,0.757502,False
data\external_test_realwaste\trash\Miscellaneous Trash_93.jpg,trash,paper,0.993799,False
