path,expected_class,predicted_class,confidence,is_correct,is_uncertain
data\external_test_realwaste\cardboard\Cardboard_1.jpg,cardboard,paper,0.989255,False,False
data\external_test_realwaste\cardboard\Cardboard_10.jpg,cardboard,cardboard,0.98865,True,False
data\external_test_realwaste\cardboard\Cardboard_100.jpg,cardboard,trash,0.819184,False,False
data\external_test_realwaste\cardboard\Cardboard_101.jpg,cardboard,trash,0.868511,False,False
data\external_test_realwaste\cardboard\Cardboard_102.jpg,cardboard,trash,0.816885,False,False
data\external_test_realwaste\cardboard\Cardboard_103.jpg,cardboard,trash,0.968799,False,False
data\external_test_realwaste\cardboard\Cardboard_104.jpg,cardboard,trash,0.547154,False,True
data\external_test_realwaste\cardboard\Cardboard_105.jpg,cardboard,trash,0.983129,False,False
data\external_test_realwaste\cardboard\Cardboard_106.jpg,cardboard,paper,0.996863,False,False
data\external_test_realwaste\cardboard\Cardboard_107.jpg,cardboard,cardboard,0.996647,True,False
data\external_test_realwaste\cardboard\Cardboard_108.jpg,cardboard,paper,0.869315,False,False
data\external_test_realwaste\cardboard\Cardboard_109.jpg,cardboard,paper,0.566853,False,True
data\external_test_realwaste\cardboard\Cardboard_11.jpg,cardboard,cardboard,0.994816,True,False
data\external_test_realwaste\cardboard\Cardboard_110.jpg,cardboard,trash,0.996403,False,False
data\external_test_realwaste\cardboard\Cardboard_111.jpg,cardboard,trash,0.751715,False,False
data\external_test_realwaste\cardboard\Cardboard_112.jpg,cardboard,paper,0.69443,False,False
data\external_test_realwaste\cardboard\Cardboard_113.jpg,cardboard,paper,0.85899,False,False
data\external_test_realwaste\cardboard\Cardboard_114.jpg,cardboard,trash,0.99364,False,False
data\external_test_realwaste\cardboard\Cardboard_115.jpg,cardboard,trash,0.990768,False,False
data\external_test_realwaste\cardboard\Cardboard_116.jpg,cardboard,trash,0.939536,False,False
data\external_test_realwaste\cardboard\Cardboard_117.jpg,cardboard,trash,0.999622,False,False
data\external_test_realwaste\cardboard\Cardboard_118.jpg,cardboard,trash,0.98213,False,False
data\external_test_realwaste\cardboard\Cardboard_119.jpg,cardboard,trash,0.963922,False,False
data\external_test_realwaste\cardboard\Cardboard_12.jpg,cardboard,paper,0.999834,False,False
data\external_test_realwaste\cardboard\Cardboard_120.jpg,cardboard,trash,0.526007,False,True
data\external_test_realwaste\cardboard\Cardboard_121.jpg,cardboard,trash,0.999834,False,False
data\external_test_realwaste\cardboard\Cardboard_122.jpg,cardboard,trash,0.962478,False,False
data\external_test_realwaste\cardboard\Cardboard_123.jpg,cardboard,trash,0.979421,False,False
data\external_test_realwaste\cardboard\Cardboard_124.jpg,cardboard,paper,0.965605,False,False
data\external_test_realwaste\cardboard\Cardboard_125.jpg,cardboard,trash,0.99555,False,False
data\external_test_realwaste\cardboard\Cardboard_126.jpg,cardboard,trash,0.994568,False,False
data\external_test_realwaste\cardboard\Cardboard_127.jpg,cardboard,trash,0.980485,False,False
data\external_test_realwaste\cardboard\Cardboard_128.jpg,cardboard,trash,0.929996,False,False
data\external_test_realwaste\cardboard\Cardboard_129.jpg,cardboard,trash,0.969079,False,False
data\external_test_realwaste\cardboard\Cardboard_13.jpg,cardboard,paper,0.998525,False,False
data\external_test_realwaste\cardboard\Cardboard_130.jpg,cardboard,trash,0.977875,False,False
data\external_test_realwaste\cardboard\Cardboard_131.jpg,cardboard,trash,0.884519,False,False
data\external_test_realwaste\cardboard\Cardboard_132.jpg,cardboard,trash,0.791034,False,False
data\external_test_realwaste\cardboard\Cardboard_133.jpg,cardboard,trash,0.955692,False,False
data\external_test_realwaste\cardboard\Cardboard_134.jpg,cardboard,plastic,0.564028,False,True
data\external_test_realwaste\cardboard\Cardboard_135.jpg,cardboard,trash,0.999991,False,False
data\external_test_realwaste\cardboard\Cardboard_136.jpg,cardboard,plastic,0.763102,False,False
data\external_test_realwaste\cardboard\Cardboard_137.jpg,cardboard,trash,0.979148,False,False
data\external_test_realwaste\cardboard\Cardboard_138.jpg,cardboard,trash,0.998428,False,False
data\external_test_realwaste\cardboard\Cardboard_139.jpg,cardboard,trash,0.960395,False,False
data\external_test_realwaste\cardboard\Cardboard_14.jpg,cardboard,paper,0.814919,False,False
data\external_test_realwaste\cardboard\Cardboard_140.jpg,cardboard,trash,0.642011,False,False
data\external_test_realwaste\cardboard\Cardboard_141.jpg,cardboard,trash,0.740577,False,False
data\external_test_realwaste\cardboard\Cardboard_142.jpg,cardboard,trash,0.977291,False,False
data\external_test_realwaste\cardboard\Cardboard_143.jpg,cardboard,trash,0.852288,False,False
data\external_test_realwaste\cardboard\Cardboard_144.jpg,cardboard,paper,0.772098,False,False
data\external_test_realwaste\cardboard\Cardboard_145.jpg,cardboard,trash,0.594011,False,True
data\external_test_realwaste\cardboard\Cardboard_146.jpg,cardboard,trash,0.996915,False,False
data\external_test_realwaste\cardboard\Cardboard_147.jpg,cardboard,trash,0.931692,False,False
data\external_test_realwaste\cardboard\Cardboard_148.jpg,cardboard,trash,0.999886,False,False
data\external_test_realwaste\cardboard\Cardboard_149.jpg,cardboard,trash,0.984476,False,False
data\external_test_realwaste\cardboard\Cardboard_15.jpg,cardboard,trash,0.888028,False,False
data\external_test_realwaste\cardboard\Cardboard_150.jpg,cardboard,metal,0.5428,False,True
data\external_test_realwaste\cardboard\Cardboard_151.jpg,cardboard,metal,0.627488,False,False
data\external_test_realwaste\cardboard\Cardboard_152.jpg,cardboard,trash,0.990784,False,False
data\external_test_realwaste\cardboard\Cardboard_153.jpg,cardboard,metal,0.780298,False,False
data\external_test_realwaste\cardboard\Cardboard_154.jpg,cardboard,trash,0.913309,False,False
data\external_test_realwaste\cardboard\Cardboard_155.jpg,cardboard,paper,0.704544,False,False
data\external_test_realwaste\cardboard\Cardboard_156.jpg,cardboard,trash,0.781123,False,False
data\external_test_realwaste\cardboard\Cardboard_157.jpg,cardboard,paper,0.963333,False,False
data\external_test_realwaste\cardboard\Cardboard_158.jpg,cardboard,plastic,0.571505,False,True
data\external_test_realwaste\cardboard\Cardboard_159.jpg,cardboard,trash,0.984439,False,False
data\external_test_realwaste\cardboard\Cardboard_16.jpg,cardboard,trash,0.999458,False,False
data\external_test_realwaste\cardboard\Cardboard_160.jpg,cardboard,trash,0.985974,False,False
data\external_test_realwaste\cardboard\Cardboard_161.jpg,cardboard,trash,0.999318,False,False
data\external_test_realwaste\cardboard\Cardboard_162.jpg,cardboard,paper,0.47512,False,True
data\external_test_realwaste\cardboard\Cardboard_163.jpg,cardboard,trash,0.963999,False,False
data\external_test_realwaste\cardboard\Cardboard_164.jpg,cardboard,trash,0.78409,False,False
data\external_test_realwaste\cardboard\Cardboard_165.jpg,cardboard,trash,0.588539,False,True
data\external_test_realwaste\cardboard\Cardboard_166.jpg,cardboard,plastic,0.417321,False,True
data\external_test_realwaste\cardboard\Cardboard_167.jpg,cardboard,trash,0.997038,False,False
data\external_test_realwaste\cardboard\Cardboard_168.jpg,cardboard,paper,0.9971,False,False
data\external_test_realwaste\cardboard\Cardboard_169.jpg,cardboard,trash,0.979472,False,False
data\external_test_realwaste\cardboard\Cardboard_17.jpg,cardboard,cardboard,0.797043,True,False
data\external_test_realwaste\cardboard\Cardboard_170.jpg,cardboard,trash,0.927119,False,False
data\external_test_realwaste\cardboard\Cardboard_171.jpg,cardboard,trash,0.944165,False,False
data\external_test_realwaste\cardboard\Cardboard_172.jpg,cardboard,trash,0.998717,False,False
data\external_test_realwaste\cardboard\Cardboard_173.jpg,cardboard,trash,0.996178,False,False
data\external_test_realwaste\cardboard\Cardboard_174.jpg,cardboard,trash,0.962432,False,False
data\external_test_realwaste\cardboard\Cardboard_175.jpg,cardboard,trash,0.953126,False,False
data\external_test_realwaste\cardboard\Cardboard_176.jpg,cardboard,trash,0.983432,False,False
data\external_test_realwaste\cardboard\Cardboard_177.jpg,cardboard,trash,0.999683,False,False
data\external_test_realwaste\cardboard\Cardboard_178.jpg,cardboard,trash,0.999865,False,False
data\external_test_realwaste\cardboard\Cardboard_179.jpg,cardboard,trash,0.763652,False,False
data\external_test_realwaste\cardboard\Cardboard_18.jpg,cardboard,paper,0.999993,False,False
data\external_test_realwaste\cardboard\Cardboard_180.jpg,cardboard,trash,0.940901,False,False
data\external_test_realwaste\cardboard\Cardboard_181.jpg,cardboard,trash,0.979477,False,False
data\external_test_realwaste\cardboard\Cardboard_182.jpg,cardboard,trash,0.965791,False,False
data\external_test_realwaste\cardboard\Cardboard_183.jpg,cardboard,trash,0.984794,False,False
data\external_test_realwaste\cardboard\Cardboard_184.jpg,cardboard,trash,0.953221,False,False
data\external_test_realwaste\cardboard\Cardboard_185.jpg,cardboard,trash,0.993653,False,False
data\external_test_realwaste\cardboard\Cardboard_186.jpg,cardboard,trash,0.996378,False,False
data\external_test_realwaste\cardboard\Cardboard_187.jpg,cardboard,trash,0.999361,False,False
data\external_test_realwaste\cardboard\Cardboard_188.jpg,cardboard,trash,0.910682,False,False
data\external_test_realwaste\cardboard\Cardboard_189.jpg,cardboard,trash,0.70138,False,False
data\external_test_realwaste\cardboard\Cardboard_19.jpg,cardboard,trash,0.744055,False,False
data\external_test_realwaste\cardboard\Cardboard_190.jpg,cardboard,plastic,0.490645,False,True
data\external_test_realwaste\cardboard\Cardboard_191.jpg,cardboard,trash,0.945018,False,False
data\external_test_realwaste\cardboard\Cardboard_192.jpg,cardboard,trash,0.980856,False,False
data\external_test_realwaste\cardboard\Cardboard_193.jpg,cardboard,trash,0.877403,False,False
data\external_test_realwaste\cardboard\Cardboard_194.jpg,cardboard,cardboard,0.735528,True,False
data\external_test_realwaste\cardboard\Cardboard_195.jpg,cardboard,cardboard,0.978443,True,False
data\external_test_realwaste\cardboard\Cardboard_196.jpg,cardboard,cardboard,0.989728,True,False
data\external_test_realwaste\cardboard\Cardboard_197.jpg,cardboard,trash,0.809529,False,False
data\external_test_realwaste\cardboard\Cardboard_198.jpg,cardboard,trash,0.798513,False,False
data\external_test_realwaste\cardboard\Cardboard_199.jpg,cardboard,cardboard,0.953916,True,False
data\external_test_realwaste\cardboard\Cardboard_2.jpg,cardboard,trash,0.572567,False,True
data\external_test_realwaste\cardboard\Cardboard_20.jpg,cardboard,trash,0.575858,False,True
data\external_test_realwaste\cardboard\Cardboard_200.jpg,cardboard,trash,0.870826,False,False
data\external_test_realwaste\cardboard\Cardboard_201.jpg,cardboard,plastic,0.726992,False,False
data\external_test_realwaste\cardboard\Cardboard_202.jpg,cardboard,trash,0.7126,False,False
data\external_test_realwaste\cardboard\Cardboard_203.jpg,cardboard,trash,0.911032,False,False
data\external_test_realwaste\cardboard\Cardboard_204.jpg,cardboard,trash,0.705257,False,False
data\external_test_realwaste\cardboard\Cardboard_205.jpg,cardboard,trash,0.686709,False,False
data\external_test_realwaste\cardboard\Cardboard_206.jpg,cardboard,plastic,0.754673,False,False
data\external_test_realwaste\cardboard\Cardboard_207.jpg,cardboard,trash,0.995068,False,False
data\external_test_realwaste\cardboard\Cardboard_208.jpg,cardboard,trash,0.980841,False,False
data\external_test_realwaste\cardboard\Cardboard_209.jpg,cardboard,trash,0.932528,False,False
data\external_test_realwaste\cardboard\Cardboard_21.jpg,cardboard,plastic,0.646161,False,False
data\external_test_realwaste\cardboard\Cardboard_210.jpg,cardboard,trash,0.57423,False,True
data\external_test_realwaste\cardboard\Cardboard_211.jpg,cardboard,trash,0.856779,False,False
data\external_test_realwaste\cardboard\Cardboard_212.jpg,cardboard,paper,0.537678,False,True
data\external_test_realwaste\cardboard\Cardboard_213.jpg,cardboard,trash,0.952363,False,False
data\external_test_realwaste\cardboard\Cardboard_214.jpg,cardboard,trash,0.806931,False,False
data\external_test_realwaste\cardboard\Cardboard_215.jpg,cardboard,trash,0.989018,False,False
data\external_test_realwaste\cardboard\Cardboard_216.jpg,cardboard,paper,0.999658,False,False
data\external_test_realwaste\cardboard\Cardboard_217.jpg,cardboard,paper,0.801346,False,False
data\external_test_realwaste\cardboard\Cardboard_218.jpg,cardboard,cardboard,0.653693,True,False
data\external_test_realwaste\cardboard\Cardboard_219.jpg,cardboard,cardboard,0.722408,True,False
data\external_test_realwaste\cardboard\Cardboard_22.jpg,cardboard,cardboard,0.969188,True,False
data\external_test_realwaste\cardboard\Cardboard_220.jpg,cardboard,cardboard,0.975918,True,False
data\external_test_realwaste\cardboard\Cardboard_221.jpg,cardboard,trash,0.911943,False,False
data\external_test_realwaste\cardboard\Cardboard_222.jpg,cardboard,trash,0.71528,False,False
data\external_test_realwaste\cardboard\Cardboard_223.jpg,cardboard,cardboard,0.860028,True,False
data\external_test_realwaste\cardboard\Cardboard_224.jpg,cardboard,paper,0.99118,False,False
data\external_test_realwaste\cardboard\Cardboard_225.jpg,cardboard,paper,0.995287,False,False
data\external_test_realwaste\cardboard\Cardboard_226.jpg,cardboard,trash,0.978793,False,False
data\external_test_realwaste\cardboard\Cardboard_227.jpg,cardboard,trash,0.715379,False,False
data\external_test_realwaste\cardboard\Cardboard_228.jpg,cardboard,trash,0.815034,False,False
data\external_test_realwaste\cardboard\Cardboard_229.jpg,cardboard,trash,0.999667,False,False
data\external_test_realwaste\cardboard\Cardboard_23.jpg,cardboard,paper,0.863017,False,False
data\external_test_realwaste\cardboard\Cardboard_230.jpg,cardboard,trash,0.989756,False,False
data\external_test_realwaste\cardboard\Cardboard_231.jpg,cardboard,plastic,0.566823,False,True
data\external_test_realwaste\cardboard\Cardboard_232.jpg,cardboard,trash,0.520721,False,True
data\external_test_realwaste\cardboard\Cardboard_233.jpg,cardboard,cardboard,0.977844,True,False
data\external_test_realwaste\cardboard\Cardboard_234.jpg,cardboard,trash,0.961087,False,False
data\external_test_realwaste\cardboard\Cardboard_235.jpg,cardboard,paper,0.920535,False,False
data\external_test_realwaste\cardboard\Cardboard_236.jpg,cardboard,trash,0.948367,False,False
data\external_test_realwaste\cardboard\Cardboard_237.jpg,cardboard,paper,0.853033,False,False
data\external_test_realwaste\cardboard\Cardboard_238.jpg,cardboard,trash,0.521088,False,True
data\external_test_realwaste\cardboard\Cardboard_239.jpg,cardboard,trash,0.848075,False,False
data\external_test_realwaste\cardboard\Cardboard_24.jpg,cardboard,trash,0.950765,False,False
data\external_test_realwaste\cardboard\Cardboard_240.jpg,cardboard,trash,0.74377,False,False
data\external_test_realwaste\cardboard\Cardboard_241.jpg,cardboard,trash,0.88825,False,False
data\external_test_realwaste\cardboard\Cardboard_242.jpg,cardboard,trash,0.730552,False,False
data\external_test_realwaste\cardboard\Cardboard_243.jpg,cardboard,plastic,0.962408,False,False
data\external_test_realwaste\cardboard\Cardboard_244.jpg,cardboard,trash,0.617786,False,False
data\external_test_realwaste\cardboard\Cardboard_245.jpg,cardboard,plastic,0.565503,False,True
data\external_test_realwaste\cardboard\Cardboard_246.jpg,cardboard,paper,0.83192,False,False
data\external_test_realwaste\cardboard\Cardboard_247.jpg,cardboard,paper,0.998331,False,False
data\external_test_realwaste\cardboard\Cardboard_248.jpg,cardboard,cardboard,0.539624,True,True
data\external_test_realwaste\cardboard\Cardboard_249.jpg,cardboard,trash,0.871793,False,False
data\external_test_realwaste\cardboard\Cardboard_25.jpg,cardboard,plastic,0.430467,False,True
data\external_test_realwaste\cardboard\Cardboard_250.jpg,cardboard,trash,0.870413,False,False
data\external_test_realwaste\cardboard\Cardboard_251.jpg,cardboard,trash,0.989896,False,False
data\external_test_realwaste\cardboard\Cardboard_252.jpg,cardboard,trash,0.986783,False,False
data\external_test_realwaste\cardboard\Cardboard_253.jpg,cardboard,paper,0.506018,False,True
data\external_test_realwaste\cardboard\Cardboard_254.jpg,cardboard,trash,0.814741,False,False
data\external_test_realwaste\cardboard\Cardboard_255.jpg,cardboard,paper,0.563031,False,True
data\external_test_realwaste\cardboard\Cardboard_256.jpg,cardboard,paper,0.997144,False,False
data\external_test_realwaste\cardboard\Cardboard_257.jpg,cardboard,paper,0.994924,False,False
data\external_test_realwaste\cardboard\Cardboard_258.jpg,cardboard,cardboard,0.692545,True,False
data\external_test_realwaste\cardboard\Cardboard_259.jpg,cardboard,trash,0.763162,False,False
data\external_test_realwaste\cardboard\Cardboard_26.jpg,cardboard,trash,0.999586,False,False
data\external_test_realwaste\cardboard\Cardboard_260.jpg,cardboard,paper,0.976886,False,False
data\external_test_realwaste\cardboard\Cardboard_261.jpg,cardboard,paper,0.673818,False,False
data\external_test_realwaste\cardboard\Cardboard_262.jpg,cardboard,trash,0.985467,False,False
data\external_test_realwaste\cardboard\Cardboard_263.jpg,cardboard,paper,0.547452,False,True
data\external_test_realwaste\cardboard\Cardboard_264.jpg,cardboard,trash,0.934514,False,False
data\external_test_realwaste\cardboard\Cardboard_265.jpg,cardboard,trash,0.470761,False,True
data\external_test_realwaste\cardboard\Cardboard_266.jpg,cardboard,trash,0.694124,False,False
data\external_test_realwaste\cardboard\Cardboard_267.jpg,cardboard,trash,0.881131,False,False
data\external_test_realwaste\cardboard\Cardboard_268.jpg,cardboard,paper,0.975937,False,False
data\external_test_realwaste\cardboard\Cardboard_269.jpg,cardboard,trash,0.997936,False,False
data\external_test_realwaste\cardboard\Cardboard_27.jpg,cardboard,cardboard,0.929394,True,False
data\external_test_realwaste\cardboard\Cardboard_270.jpg,cardboard,paper,0.521924,False,True
data\external_test_realwaste\cardboard\Cardboard_271.jpg,cardboard,trash,0.706318,False,False
data\external_test_realwaste\cardboard\Cardboard_272.jpg,cardboard,trash,0.841773,False,False
data\external_test_realwaste\cardboard\Cardboard_273.jpg,cardboard,trash,0.939257,False,False
data\external_test_realwaste\cardboard\Cardboard_274.jpg,cardboard,trash,0.961692,False,False
data\external_test_realwaste\cardboard\Cardboard_275.jpg,cardboard,cardboard,0.605433,True,False
data\external_test_realwaste\cardboard\Cardboard_276.jpg,cardboard,trash,0.68306,False,False
data\external_test_realwaste\cardboard\Cardboard_277.jpg,cardboard,metal,0.538364,False,True
data\external_test_realwaste\cardboard\Cardboard_278.jpg,cardboard,paper,0.746962,False,False
data\external_test_realwaste\cardboard\Cardboard_279.jpg,cardboard,cardboard,0.985129,True,False
data\external_test_realwaste\cardboard\Cardboard_28.jpg,cardboard,trash,0.996445,False,False
data\external_test_realwaste\cardboard\Cardboard_280.jpg,cardboard,metal,0.773316,False,False
data\external_test_realwaste\cardboard\Cardboard_281.jpg,cardboard,paper,0.483231,False,True
data\external_test_realwaste\cardboard\Cardboard_282.jpg,cardboard,trash,0.987969,False,False
data\external_test_realwaste\cardboard\Cardboard_283.jpg,cardboard,trash,0.773202,False,False
data\external_test_realwaste\cardboard\Cardboard_284.jpg,cardboard,trash,0.993274,False,False
data\external_test_realwaste\cardboard\Cardboard_285.jpg,cardboard,metal,0.717781,False,False
data\external_test_realwaste\cardboard\Cardboard_286.jpg,cardboard,trash,0.997892,False,False
data\external_test_realwaste\cardboard\Cardboard_287.jpg,cardboard,cardboard,0.640888,True,False
data\external_test_realwaste\cardboard\Cardboard_288.jpg,cardboard,plastic,0.623546,False,False
data\external_test_realwaste\cardboard\Cardboard_289.jpg,cardboard,paper,0.960836,False,False
data\external_test_realwaste\cardboard\Cardboard_29.jpg,cardboard,paper,0.92959,False,False
data\external_test_realwaste\cardboard\Cardboard_290.jpg,cardboard,cardboard,0.946402,True,False
data\external_test_realwaste\cardboard\Cardboard_291.jpg,cardboard,plastic,0.433954,False,True
data\external_test_realwaste\cardboard\Cardboard_292.jpg,cardboard,trash,0.967361,False,False
data\external_test_realwaste\cardboard\Cardboard_293.jpg,cardboard,trash,0.828071,False,False
data\external_test_realwaste\cardboard\Cardboard_294.jpg,cardboard,trash,0.722692,False,False
data\external_test_realwaste\cardboard\Cardboard_295.jpg,cardboard,trash,0.985384,False,False
data\external_test_realwaste\cardboard\Cardboard_296.jpg,cardboard,trash,0.992389,False,False
data\external_test_realwaste\cardboard\Cardboard_297.jpg,cardboard,paper,0.789744,False,False
data\external_test_realwaste\cardboard\Cardboard_298.jpg,cardboard,paper,0.480127,False,True
data\external_test_realwaste\cardboard\Cardboard_299.jpg,cardboard,trash,0.988889,False,False
data\external_test_realwaste\cardboard\Cardboard_3.jpg,cardboard,paper,0.925946,False,False
data\external_test_realwaste\cardboard\Cardboard_30.jpg,cardboard,trash,0.534858,False,True
data\external_test_realwaste\cardboard\Cardboard_300.jpg,cardboard,paper,0.978091,False,False
data\external_test_realwaste\cardboard\Cardboard_301.jpg,cardboard,paper,0.991657,False,False
data\external_test_realwaste\cardboard\Cardboard_302.jpg,cardboard,paper,0.999215,False,False
data\external_test_realwaste\cardboard\Cardboard_303.jpg,cardboard,paper,0.999075,False,False
data\external_test_realwaste\cardboard\Cardboard_304.jpg,cardboard,paper,1.0,False,False
data\external_test_realwaste\cardboard\Cardboard_305.jpg,cardboard,paper,0.58994,False,True
data\external_test_realwaste\cardboard\Cardboard_306.jpg,cardboard,trash,0.819608,False,False
data\external_test_realwaste\cardboard\Cardboard_307.jpg,cardboard,paper,0.635523,False,False
data\external_test_realwaste\cardboard\Cardboard_308.jpg,cardboard,paper,0.762025,False,False
data\external_test_realwaste\cardboard\Cardboard_309.jpg,cardboard,trash,0.975159,False,False
data\external_test_realwaste\cardboard\Cardboard_31.jpg,cardboard,paper,0.888252,False,False
data\external_test_realwaste\cardboard\Cardboard_310.jpg,cardboard,trash,0.803319,False,False
data\external_test_realwaste\cardboard\Cardboard_311.jpg,cardboard,trash,0.999673,False,False
data\external_test_realwaste\cardboard\Cardboard_312.jpg,cardboard,paper,0.946159,False,False
data\external_test_realwaste\cardboard\Cardboard_313.jpg,cardboard,paper,0.61312,False,False
data\external_test_realwaste\cardboard\Cardboard_314.jpg,cardboard,trash,0.698539,False,False
data\external_test_realwaste\cardboard\Cardboard_315.jpg,cardboard,trash,0.766733,False,False
data\external_test_realwaste\cardboard\Cardboard_316.jpg,cardboard,trash,0.983755,False,False
data\external_test_realwaste\cardboard\Cardboard_317.jpg,cardboard,trash,0.894752,False,False
data\external_test_realwaste\cardboard\Cardboard_318.jpg,cardboard,cardboard,0.932569,True,False
data\external_test_realwaste\cardboard\Cardboard_319.jpg,cardboard,cardboard,0.879464,True,False
data\external_test_realwaste\cardboard\Cardboard_32.jpg,cardboard,paper,0.993182,False,False
data\external_test_realwaste\cardboard\Cardboard_320.jpg,cardboard,trash,0.73807,False,False
data\external_test_realwaste\cardboard\Cardboard_321.jpg,cardboard,trash,0.994778,False,False
data\external_test_realwaste\cardboard\Cardboard_322.jpg,cardboard,trash,0.892039,False,False
data\external_test_realwaste\cardboard\Cardboard_323.jpg,cardboard,paper,0.926839,False,False
data\external_test_realwaste\cardboard\Cardboard_324.jpg,cardboard,trash,0.528067,False,True
data\external_test_realwaste\cardboard\Cardboard_325.jpg,cardboard,trash,0.83316,False,False
data\external_test_realwaste\cardboard\Cardboard_326.jpg,cardboard,trash,0.477631,False,True
data\external_test_realwaste\cardboard\Cardboard_327.jpg,cardboard,trash,0.573219,False,True
data\external_test_realwaste\cardboard\Cardboard_328.jpg,cardboard,trash,0.990284,False,False
data\external_test_realwaste\cardboard\Cardboard_329.jpg,cardboard,paper,0.783203,False,False
data\external_test_realwaste\cardboard\Cardboard_33.jpg,cardboard,trash,0.945476,False,False
data\external_test_realwaste\cardboard\Cardboard_330.jpg,cardboard,cardboard,0.375187,True,True
data\external_test_realwaste\cardboard\Cardboard_331.jpg,cardboard,paper,0.559828,False,True
data\external_test_realwaste\cardboard\Cardboard_332.jpg,cardboard,trash,0.948172,False,False
data\external_test_realwaste\cardboard\Cardboard_333.jpg,cardboard,trash,0.943945,False,False
data\external_test_realwaste\cardboard\Cardboard_334.jpg,cardboard,cardboard,0.997135,True,False
data\external_test_realwaste\cardboard\Cardboard_335.jpg,cardboard,paper,0.583146,False,True
data\external_test_realwaste\cardboard\Cardboard_336.jpg,cardboard,cardboard,0.757201,True,False
data\external_test_realwaste\cardboard\Cardboard_337.jpg,cardboard,trash,0.414225,False,True
data\external_test_realwaste\cardboard\Cardboard_338.jpg,cardboard,trash,0.695853,False,False
data\external_test_realwaste\cardboard\Cardboard_339.jpg,cardboard,trash,0.664115,False,False
data\external_test_realwaste\cardboard\Cardboard_34.jpg,cardboard,trash,0.980974,False,False
data\external_test_realwaste\cardboard\Cardboard_340.jpg,cardboard,trash,0.672781,False,False
data\external_test_realwaste\cardboard\Cardboard_341.jpg,cardboard,paper,0.870949,False,False
data\external_test_realwaste\cardboard\Cardboard_342.jpg,cardboard,trash,0.685851,False,False
data\external_test_realwaste\cardboard\Cardboard_343.jpg,cardboard,paper,0.930536,False,False
data\external_test_realwaste\cardboard\Cardboard_344.jpg,cardboard,trash,0.997287,False,False
data\external_test_realwaste\cardboard\Cardboard_345.jpg,cardboard,trash,0.496682,False,True
data\external_test_realwaste\cardboard\Cardboard_346.jpg,cardboard,metal,0.754273,False,False
data\external_test_realwaste\cardboard\Cardboard_347.jpg,cardboard,trash,0.77712,False,False
data\external_test_realwaste\cardboard\Cardboard_348.jpg,cardboard,trash,0.995966,False,False
data\external_test_realwaste\cardboard\Cardboard_349.jpg,cardboard,trash,0.951661,False,False
data\external_test_realwaste\cardboard\Cardboard_35.jpg,cardboard,metal,0.891234,False,False
data\external_test_realwaste\cardboard\Cardboard_350.jpg,cardboard,trash,0.973523,False,False
data\external_test_realwaste\cardboard\Cardboard_351.jpg,cardboard,trash,0.891219,False,False
data\external_test_realwaste\cardboard\Cardboard_352.jpg,cardboard,trash,0.987167,False,False
data\external_test_realwaste\cardboard\Cardboard_353.jpg,cardboard,cardboard,0.520513,True,True
data\external_test_realwaste\cardboard\Cardboard_354.jpg,cardboard,trash,0.824356,False,False
data\external_test_realwaste\cardboard\Cardboard_355.jpg,cardboard,cardboard,0.620927,True,False
data\external_test_realwaste\cardboard\Cardboard_356.jpg,cardboard,trash,0.990022,False,False
data\external_test_realwaste\cardboard\Cardboard_357.jpg,cardboard,metal,0.620042,False,False
data\external_test_realwaste\cardboard\Cardboard_358.jpg,cardboard,paper,0.471368,False,True
data\external_test_realwaste\cardboard\Cardboard_359.jpg,cardboard,glass,0.681343,False,False
data\external_test_realwaste\cardboard\Cardboard_36.jpg,cardboard,trash,0.974014,False,False
data\external_test_realwaste\cardboard\Cardboard_360.jpg,cardboard,paper,0.720127,False,False
data\external_test_realwaste\cardboard\Cardboard_361.jpg,cardboard,trash,0.929871,False,False
data\external_test_realwaste\cardboard\Cardboard_362.jpg,cardboard,trash,0.99481,False,False
data\external_test_realwaste\cardboard\Cardboard_363.jpg,cardboard,paper,0.531783,False,True
data\external_test_realwaste\cardboard\Cardboard_364.jpg,cardboard,trash,0.875101,False,False
data\external_test_realwaste\cardboard\Cardboard_365.jpg,cardboard,trash,0.545578,False,True
data\external_test_realwaste\cardboard\Cardboard_366.jpg,cardboard,paper,0.68232,False,False
data\external_test_realwaste\cardboard\Cardboard_367.jpg,cardboard,paper,0.890808,False,False
data\external_test_realwaste\cardboard\Cardboard_368.jpg,cardboard,cardboard,0.698242,True,False
data\external_test_realwaste\cardboard\Cardboard_369.jpg,cardboard,trash,0.661793,False,False
data\external_test_realwaste\cardboard\Cardboard_37.jpg,cardboard,trash,0.726039,False,False
data\external_test_realwaste\cardboard\Cardboard_370.jpg,cardboard,paper,0.89495,False,False
data\external_test_realwaste\cardboard\Cardboard_371.jpg,cardboard,trash,0.663991,False,False
data\external_test_realwaste\cardboard\Cardboard_372.jpg,cardboard,paper,0.801642,False,False
data\external_test_realwaste\cardboard\Cardboard_373.jpg,cardboard,metal,0.543519,False,True
data\external_test_realwaste\cardboard\Cardboard_374.jpg,cardboard,plastic,0.467841,False,True
data\external_test_realwaste\cardboard\Cardboard_375.jpg,cardboard,paper,0.785831,False,False
data\external_test_realwaste\cardboard\Cardboard_376.jpg,cardboard,trash,0.998811,False,False
data\external_test_realwaste\cardboard\Cardboard_377.jpg,cardboard,paper,0.992087,False,False
data\external_test_realwaste\cardboard\Cardboard_378.jpg,cardboard,trash,0.768667,False,False
data\external_test_realwaste\cardboard\Cardboard_379.jpg,cardboard,cardboard,0.967986,True,False
data\external_test_realwaste\cardboard\Cardboard_38.jpg,cardboard,cardboard,0.619094,True,False
data\external_test_realwaste\cardboard\Cardboard_380.jpg,cardboard,trash,0.992739,False,False
data\external_test_realwaste\cardboard\Cardboard_381.jpg,cardboard,trash,0.929433,False,False
data\external_test_realwaste\cardboard\Cardboard_382.jpg,cardboard,trash,0.995222,False,False
data\external_test_realwaste\cardboard\Cardboard_383.jpg,cardboard,trash,0.985783,False,False
data\external_test_realwaste\cardboard\Cardboard_384.jpg,cardboard,trash,0.450223,False,True
data\external_test_realwaste\cardboard\Cardboard_385.jpg,cardboard,trash,0.967052,False,False
data\external_test_realwaste\cardboard\Cardboard_386.jpg,cardboard,paper,0.529848,False,True
data\external_test_realwaste\cardboard\Cardboard_387.jpg,cardboard,paper,0.558704,False,True
data\external_test_realwaste\cardboard\Cardboard_388.jpg,cardboard,trash,0.406094,False,True
data\external_test_realwaste\cardboard\Cardboard_389.jpg,cardboard,trash,0.915495,False,False
data\external_test_realwaste\cardboard\Cardboard_39.jpg,cardboard,trash,0.523139,False,True
data\external_test_realwaste\cardboard\Cardboard_390.jpg,cardboard,paper,0.976595,False,False
data\external_test_realwaste\cardboard\Cardboard_391.jpg,cardboard,trash,0.633721,False,False
data\external_test_realwaste\cardboard\Cardboard_392.jpg,cardboard,trash,0.523619,False,True
data\external_test_realwaste\cardboard\Cardboard_393.jpg,cardboard,paper,0.938808,False,False
data\external_test_realwaste\cardboard\Cardboard_394.jpg,cardboard,trash,0.669952,False,False
data\external_test_realwaste\cardboard\Cardboard_395.jpg,cardboard,paper,0.814958,False,False
data\external_test_realwaste\cardboard\Cardboard_396.jpg,cardboard,paper,0.831627,False,False
data\external_test_realwaste\cardboard\Cardboard_397.jpg,cardboard,cardboard,0.993192,True,False
data\external_test_realwaste\cardboard\Cardboard_398.jpg,cardboard,trash,0.85626,False,False
data\external_test_realwaste\cardboard\Cardboard_399.jpg,cardboard,trash,0.779298,False,False
data\external_test_realwaste\cardboard\Cardboard_4.jpg,cardboard,cardboard,0.877296,True,False
data\external_test_realwaste\cardboard\Cardboard_40.jpg,cardboard,paper,0.938117,False,False
data\external_test_realwaste\cardboard\Cardboard_400.jpg,cardboard,paper,0.589613,False,True
data\external_test_realwaste\cardboard\Cardboard_401.jpg,cardboard,paper,0.995586,False,False
data\external_test_realwaste\cardboard\Cardboard_402.jpg,cardboard,cardboard,0.706703,True,False
data\external_test_realwaste\cardboard\Cardboard_403.jpg,cardboard,cardboard,0.412018,True,True
data\external_test_realwaste\cardboard\Cardboard_404.jpg,cardboard,cardboard,0.977767,True,False
data\external_test_realwaste\cardboard\Cardboard_405.jpg,cardboard,cardboard,0.690507,True,False
data\external_test_realwaste\cardboard\Cardboard_406.jpg,cardboard,cardboard,0.783437,True,False
data\external_test_realwaste\cardboard\Cardboard_407.jpg,cardboard,paper,0.955134,False,False
data\external_test_realwaste\cardboard\Cardboard_408.jpg,cardboard,trash,0.371485,False,True
data\external_test_realwaste\cardboard\Cardboard_409.jpg,cardboard,trash,0.983885,False,False
data\external_test_realwaste\cardboard\Cardboard_41.jpg,cardboard,cardboard,0.999086,True,False
data\external_test_realwaste\cardboard\Cardboard_410.jpg,cardboard,cardboard,0.850884,True,False
data\external_test_realwaste\cardboard\Cardboard_411.jpg,cardboard,trash,0.656159,False,False
data\external_test_realwaste\cardboard\Cardboard_412.jpg,cardboard,paper,0.478558,False,True
data\external_test_realwaste\cardboard\Cardboard_413.jpg,cardboard,paper,0.990783,False,False
data\external_test_realwaste\cardboard\Cardboard_414.jpg,cardboard,trash,0.330891,False,True
data\external_test_realwaste\cardboard\Cardboard_415.jpg,cardboard,trash,0.518195,False,True
data\external_test_realwaste\cardboard\Cardboard_416.jpg,cardboard,paper,0.709817,False,False
data\external_test_realwaste\cardboard\Cardboard_417.jpg,cardboard,trash,0.857528,False,False
data\external_test_realwaste\cardboard\Cardboard_418.jpg,cardboard,paper,0.999955,False,False
data\external_test_realwaste\cardboard\Cardboard_419.jpg,cardboard,trash,0.807913,False,False
data\external_test_realwaste\cardboard\Cardboard_42.jpg,cardboard,cardboard,0.986171,True,False
data\external_test_realwaste\cardboard\Cardboard_420.jpg,cardboard,trash,0.505235,False,True
data\external_test_realwaste\cardboard\Cardboard_421.jpg,cardboard,paper,0.998312,False,False
data\external_test_realwaste\cardboard\Cardboard_422.jpg,cardboard,paper,0.964188,False,False
data\external_test_realwaste\cardboard\Cardboard_423.jpg,cardboard,paper,0.770147,False,False
data\external_test_realwaste\cardboard\Cardboard_424.jpg,cardboard,trash,0.589096,False,True
data\external_test_realwaste\cardboard\Cardboard_425.jpg,cardboard,trash,0.864311,False,False
data\external_test_realwaste\cardboard\Cardboard_426.jpg,cardboard,trash,0.820277,False,False
data\external_test_realwaste\cardboard\Cardboard_427.jpg,cardboard,trash,0.984997,False,False
data\external_test_realwaste\cardboard\Cardboard_428.jpg,cardboard,trash,0.814759,False,False
data\external_test_realwaste\cardboard\Cardboard_429.jpg,cardboard,paper,0.490411,False,True
data\external_test_realwaste\cardboard\Cardboard_43.jpg,cardboard,cardboard,0.78044,True,False
data\external_test_realwaste\cardboard\Cardboard_430.jpg,cardboard,trash,0.819831,False,False
data\external_test_realwaste\cardboard\Cardboard_431.jpg,cardboard,trash,0.944484,False,False
data\external_test_realwaste\cardboard\Cardboard_432.jpg,cardboard,trash,0.998932,False,False
data\external_test_realwaste\cardboard\Cardboard_433.jpg,cardboard,trash,0.405494,False,True
data\external_test_realwaste\cardboard\Cardboard_434.jpg,cardboard,paper,0.830465,False,False
data\external_test_realwaste\cardboard\Cardboard_435.jpg,cardboard,metal,0.548914,False,True
data\external_test_realwaste\cardboard\Cardboard_436.jpg,cardboard,paper,0.995801,False,False
data\external_test_realwaste\cardboard\Cardboard_437.jpg,cardboard,paper,0.795186,False,False
data\external_test_realwaste\cardboard\Cardboard_438.jpg,cardboard,paper,0.974143,False,False
data\external_test_realwaste\cardboard\Cardboard_439.jpg,cardboard,paper,0.993984,False,False
data\external_test_realwaste\cardboard\Cardboard_44.jpg,cardboard,trash,0.64456,False,False
data\external_test_realwaste\cardboard\Cardboard_440.jpg,cardboard,metal,0.920663,False,False
data\external_test_realwaste\cardboard\Cardboard_441.jpg,cardboard,paper,0.983051,False,False
data\external_test_realwaste\cardboard\Cardboard_442.jpg,cardboard,paper,0.894769,False,False
data\external_test_realwaste\cardboard\Cardboard_443.jpg,cardboard,cardboard,0.951731,True,False
data\external_test_realwaste\cardboard\Cardboard_444.jpg,cardboard,cardboard,0.998796,True,False
data\external_test_realwaste\cardboard\Cardboard_445.jpg,cardboard,paper,0.811854,False,False
data\external_test_realwaste\cardboard\Cardboard_446.jpg,cardboard,cardboard,0.740627,True,False
data\external_test_realwaste\cardboard\Cardboard_447.jpg,cardboard,cardboard,0.845057,True,False
data\external_test_realwaste\cardboard\Cardboard_448.jpg,cardboard,cardboard,0.858595,True,False
data\external_test_realwaste\cardboard\Cardboard_449.jpg,cardboard,cardboard,0.995265,True,False
data\external_test_realwaste\cardboard\Cardboard_45.jpg,cardboard,cardboard,0.49509,True,True
data\external_test_realwaste\cardboard\Cardboard_450.jpg,cardboard,paper,0.992607,False,False
data\external_test_realwaste\cardboard\Cardboard_451.jpg,cardboard,paper,0.987955,False,False
data\external_test_realwaste\cardboard\Cardboard_452.jpg,cardboard,paper,0.75083,False,False
data\external_test_realwaste\cardboard\Cardboard_453.jpg,cardboard,cardboard,0.624068,True,False
data\external_test_realwaste\cardboard\Cardboard_454.jpg,cardboard,cardboard,0.999679,True,False
data\external_test_realwaste\cardboard\Cardboard_455.jpg,cardboard,cardboard,0.989487,True,False
data\external_test_realwaste\cardboard\Cardboard_456.jpg,cardboard,cardboard,0.998991,True,False
data\external_test_realwaste\cardboard\Cardboard_457.jpg,cardboard,cardboard,0.806677,True,False
data\external_test_realwaste\cardboard\Cardboard_458.jpg,cardboard,cardboard,0.90092,True,False
data\external_test_realwaste\cardboard\Cardboard_459.jpg,cardboard,cardboard,0.989823,True,False
data\external_test_realwaste\cardboard\Cardboard_46.jpg,cardboard,trash,0.798339,False,False
data\external_test_realwaste\cardboard\Cardboard_460.jpg,cardboard,cardboard,0.801253,True,False
data\external_test_realwaste\cardboard\Cardboard_461.jpg,cardboard,cardboard,0.970188,True,False
data\external_test_realwaste\cardboard\Cardboard_47.jpg,cardboard,paper,0.998912,False,False
data\external_test_realwaste\cardboard\Cardboard_48.jpg,cardboard,cardboard,0.435949,True,True
data\external_test_realwaste\cardboard\Cardboard_49.jpg,cardboard,cardboard,0.997018,True,False
data\external_test_realwaste\cardboard\Cardboard_5.jpg,cardboard,cardboard,0.895863,True,False
data\external_test_realwaste\cardboard\Cardboard_50.jpg,cardboard,paper,0.573227,False,True
data\external_test_realwaste\cardboard\Cardboard_51.jpg,cardboard,cardboard,0.959467,True,False
data\external_test_realwaste\cardboard\Cardboard_52.jpg,cardboard,cardboard,0.73622,True,False
data\external_test_realwaste\cardboard\Cardboard_53.jpg,cardboard,metal,0.622665,False,False
data\external_test_realwaste\cardboard\Cardboard_54.jpg,cardboard,cardboard,0.434053,True,True
data\external_test_realwaste\cardboard\Cardboard_55.jpg,cardboard,cardboard,0.99635,True,False
data\external_test_realwaste\cardboard\Cardboard_56.jpg,cardboard,paper,0.716648,False,False
data\external_test_realwaste\cardboard\Cardboard_57.jpg,cardboard,paper,0.483231,False,True
data\external_test_realwaste\cardboard\Cardboard_58.jpg,cardboard,paper,0.999883,False,False
data\external_test_realwaste\cardboard\Cardboard_59.jpg,cardboard,paper,0.999998,False,False
data\external_test_realwaste\cardboard\Cardboard_6.jpg,cardboard,paper,0.796487,False,False
data\external_test_realwaste\cardboard\Cardboard_60.jpg,cardboard,cardboard,0.790758,True,False
data\external_test_realwaste\cardboard\Cardboard_61.jpg,cardboard,paper,0.950336,False,False
data\external_test_realwaste\cardboard\Cardboard_62.jpg,cardboard,paper,0.998751,False,False
data\external_test_realwaste\cardboard\Cardboard_63.jpg,cardboard,paper,0.874627,False,False
data\external_test_realwaste\cardboard\Cardboard_64.jpg,cardboard,trash,0.643026,False,False
data\external_test_realwaste\cardboard\Cardboard_65.jpg,cardboard,paper,0.873452,False,False
data\external_test_realwaste\cardboard\Cardboard_66.jpg,cardboard,trash,0.922104,False,False
data\external_test_realwaste\cardboard\Cardboard_67.jpg,cardboard,paper,0.99381,False,False
data\external_test_realwaste\cardboard\Cardboard_68.jpg,cardboard,cardboard,0.874927,True,False
data\external_test_realwaste\cardboard\Cardboard_69.jpg,cardboard,trash,0.985626,False,False
data\external_test_realwaste\cardboard\Cardboard_7.jpg,cardboard,cardboard,0.965829,True,False
data\external_test_realwaste\cardboard\Cardboard_70.jpg,cardboard,trash,0.998604,False,False
data\external_test_realwaste\cardboard\Cardboard_71.jpg,cardboard,trash,0.994304,False,False
data\external_test_realwaste\cardboard\Cardboard_72.jpg,cardboard,plastic,0.566447,False,True
data\external_test_realwaste\cardboard\Cardboard_73.jpg,cardboard,trash,0.696281,False,False
data\external_test_realwaste\cardboard\Cardboard_74.jpg,cardboard,trash,0.941833,False,False
data\external_test_realwaste\cardboard\Cardboard_75.jpg,cardboard,trash,0.907228,False,False
data\external_test_realwaste\cardboard\Cardboard_76.jpg,cardboard,trash,0.7615,False,False
data\external_test_realwaste\cardboard\Cardboard_77.jpg,cardboard,trash,0.508158,False,True
data\external_test_realwaste\cardboard\Cardboard_78.jpg,cardboard,trash,0.996546,False,False
data\external_test_realwaste\cardboard\Cardboard_79.jpg,cardboard,cardboard,0.999821,True,False
data\external_test_realwaste\cardboard\Cardboard_8.jpg,cardboard,paper,0.999336,False,False
data\external_test_realwaste\cardboard\Cardboard_80.jpg,cardboard,cardboard,0.558383,True,True
data\external_test_realwaste\cardboard\Cardboard_81.jpg,cardboard,trash,0.853809,False,False
data\external_test_realwaste\cardboard\Cardboard_82.jpg,cardboard,trash,0.92205,False,False
data\external_test_realwaste\cardboard\Cardboard_83.jpg,cardboard,trash,0.997937,False,False
data\external_test_realwaste\cardboard\Cardboard_84.jpg,cardboard,trash,0.984166,False,False
data\external_test_realwaste\cardboard\Cardboard_85.jpg,cardboard,trash,0.998212,False,False
data\external_test_realwaste\cardboard\Cardboard_86.jpg,cardboard,trash,0.724324,False,False
data\external_test_realwaste\cardboard\Cardboard_87.jpg,cardboard,trash,0.782324,False,False
data\external_test_realwaste\cardboard\Cardboard_88.jpg,cardboard,trash,0.979871,False,False
data\external_test_realwaste\cardboard\Cardboard_89.jpg,cardboard,trash,0.99865,False,False
data\external_test_realwaste\cardboard\Cardboard_9.jpg,cardboard,cardboard,0.99217,True,False
data\external_test_realwaste\cardboard\Cardboard_90.jpg,cardboard,paper,0.468005,False,True
data\external_test_realwaste\cardboard\Cardboard_91.jpg,cardboard,trash,0.769661,False,False
data\external_test_realwaste\cardboard\Cardboard_92.jpg,cardboard,trash,0.92895,False,False
data\external_test_realwaste\cardboard\Cardboard_93.jpg,cardboard,paper,0.472775,False,True
data\external_test_realwaste\cardboard\Cardboard_94.jpg,cardboard,trash,0.983181,False,False
data\external_test_realwaste\cardboard\Cardboard_95.jpg,cardboard,trash,0.92588,False,False
data\external_test_realwaste\cardboard\Cardboard_96.jpg,cardboard,trash,0.983223,False,False
data\external_test_realwaste\cardboard\Cardboard_97.jpg,cardboard,trash,0.987549,False,False
data\external_test_realwaste\cardboard\Cardboard_98.jpg,cardboard,trash,0.997657,False,False
data\external_test_realwaste\cardboard\Cardboard_99.jpg,cardboard,trash,0.931568,False,False
data\external_test_realwaste\glass\Glass_1.jpg,glass,plastic,0.845016,False,False
data\external_test_realwaste\glass\Glass_10.jpg,glass,glass,0.771569,True,False
data\external_test_realwaste\glass\Glass_100.jpg,glass,plastic,0.496419,False,True
data\external_test_realwaste\glass\Glass_101.jpg,glass,glass,0.999868,True,False
data\external_test_realwaste\glass\Glass_102.jpg,glass,plastic,0.894353,False,False
data\external_test_realwaste\glass\Glass_103.jpg,glass,plastic,0.934837,False,False
data\external_test_realwaste\glass\Glass_104.jpg,glass,trash,0.639656,False,False
data\external_test_realwaste\glass\Glass_105.jpg,glass,trash,0.993978,False,False
data\external_test_realwaste\glass\Glass_106.jpg,glass,trash,0.995774,False,False
data\external_test_realwaste\glass\Glass_107.jpg,glass,trash,0.708785,False,False
data\external_test_realwaste\glass\Glass_108.jpg,glass,plastic,0.99274,False,False
data\external_test_realwaste\glass\Glass_109.jpg,glass,plastic,0.90238,False,False
data\external_test_realwaste\glass\Glass_11.jpg,glass,plastic,0.894044,False,False
data\external_test_realwaste\glass\Glass_110.jpg,glass,glass,0.816457,True,False
data\external_test_realwaste\glass\Glass_111.jpg,glass,trash,0.97772,False,False
data\external_test_realwaste\glass\Glass_112.jpg,glass,glass,0.810859,True,False
data\external_test_realwaste\glass\Glass_113.jpg,glass,glass,0.998978,True,False
data\external_test_realwaste\glass\Glass_114.jpg,glass,trash,0.987003,False,False
data\external_test_realwaste\glass\Glass_115.jpg,glass,plastic,0.96637,False,False
data\external_test_realwaste\glass\Glass_116.jpg,glass,metal,0.826311,False,False
data\external_test_realwaste\glass\Glass_117.jpg,glass,plastic,0.921092,False,False
data\external_test_realwaste\glass\Glass_118.jpg,glass,glass,0.552837,True,True
data\external_test_realwaste\glass\Glass_119.jpg,glass,trash,0.99815,False,False
data\external_test_realwaste\glass\Glass_12.jpg,glass,plastic,0.762801,False,False
data\external_test_realwaste\glass\Glass_120.jpg,glass,trash,0.997357,False,False
data\external_test_realwaste\glass\Glass_121.jpg,glass,trash,0.996918,False,False
data\external_test_realwaste\glass\Glass_122.jpg,glass,plastic,0.590328,False,True
data\external_test_realwaste\glass\Glass_123.jpg,glass,plastic,0.847576,False,False
data\external_test_realwaste\glass\Glass_124.jpg,glass,glass,0.825388,True,False
data\external_test_realwaste\glass\Glass_125.jpg,glass,plastic,0.971776,False,False
data\external_test_realwaste\glass\Glass_126.jpg,glass,plastic,0.984235,False,False
data\external_test_realwaste\glass\Glass_127.jpg,glass,glass,0.911043,True,False
data\external_test_realwaste\glass\Glass_128.jpg,glass,glass,0.915184,True,False
data\external_test_realwaste\glass\Glass_129.jpg,glass,glass,0.997021,True,False
data\external_test_realwaste\glass\Glass_13.jpg,glass,glass,0.974069,True,False
data\external_test_realwaste\glass\Glass_130.jpg,glass,glass,0.439415,True,True
data\external_test_realwaste\glass\Glass_131.jpg,glass,glass,0.982926,True,False
data\external_test_realwaste\glass\Glass_132.jpg,glass,glass,0.921269,True,False
data\external_test_realwaste\glass\Glass_133.jpg,glass,glass,0.863736,True,False
data\external_test_realwaste\glass\Glass_134.jpg,glass,glass,0.565607,True,True
data\external_test_realwaste\glass\Glass_135.jpg,glass,plastic,0.500585,False,True
data\external_test_realwaste\glass\Glass_136.jpg,glass,plastic,0.691029,False,False
data\external_test_realwaste\glass\Glass_137.jpg,glass,plastic,0.995246,False,False
data\external_test_realwaste\glass\Glass_138.jpg,glass,trash,0.720244,False,False
data\external_test_realwaste\glass\Glass_139.jpg,glass,plastic,0.582316,False,True
data\external_test_realwaste\glass\Glass_14.jpg,glass,glass,0.572369,True,True
data\external_test_realwaste\glass\Glass_140.jpg,glass,glass,0.608117,True,False
data\external_test_realwaste\glass\Glass_141.jpg,glass,glass,0.488693,True,True
data\external_test_realwaste\glass\Glass_142.jpg,glass,trash,0.737171,False,False
data\external_test_realwaste\glass\Glass_143.jpg,glass,trash,0.9662,False,False
data\external_test_realwaste\glass\Glass_144.jpg,glass,trash,0.97838,False,False
data\external_test_realwaste\glass\Glass_145.jpg,glass,trash,0.951248,False,False
data\external_test_realwaste\glass\Glass_146.jpg,glass,trash,0.984161,False,False
data\external_test_realwaste\glass\Glass_147.jpg,glass,trash,0.903661,False,False
data\external_test_realwaste\glass\Glass_148.jpg,glass,trash,0.944737,False,False
data\external_test_realwaste\glass\Glass_149.jpg,glass,glass,0.998099,True,False
data\external_test_realwaste\glass\Glass_15.jpg,glass,glass,0.892964,True,False
data\external_test_realwaste\glass\Glass_150.jpg,glass,plastic,0.708722,False,False
data\external_test_realwaste\glass\Glass_151.jpg,glass,glass,0.792475,True,False
data\external_test_realwaste\glass\Glass_152.jpg,glass,glass,0.972867,True,False
data\external_test_realwaste\glass\Glass_153.jpg,glass,trash,0.76716,False,False
data\external_test_realwaste\glass\Glass_154.jpg,glass,plastic,0.843878,False,False
data\external_test_realwaste\glass\Glass_155.jpg,glass,plastic,0.994772,False,False
data\external_test_realwaste\glass\Glass_156.jpg,glass,trash,0.958203,False,False
data\external_test_realwaste\glass\Glass_157.jpg,glass,trash,0.8605,False,False
data\external_test_realwaste\glass\Glass_158.jpg,glass,trash,0.71157,False,False
data\external_test_realwaste\glass\Glass_159.jpg,glass,trash,0.984692,False,False
data\external_test_realwaste\glass\Glass_16.jpg,glass,glass,0.604928,True,False
data\external_test_realwaste\glass\Glass_160.jpg,glass,trash,0.99203,False,False
data\external_test_realwaste\glass\Glass_161.jpg,glass,trash,0.725313,False,False
data\external_test_realwaste\glass\Glass_162.jpg,glass,trash,0.974269,False,False
data\external_test_realwaste\glass\Glass_163.jpg,glass,plastic,0.833293,False,False
data\external_test_realwaste\glass\Glass_164.jpg,glass,plastic,0.981506,False,False
data\external_test_realwaste\glass\Glass_165.jpg,glass,trash,0.968374,False,False
data\external_test_realwaste\glass\Glass_166.jpg,glass,trash,0.991714,False,False
data\external_test_realwaste\glass\Glass_167.jpg,glass,trash,0.550411,False,True
data\external_test_realwaste\glass\Glass_168.jpg,glass,trash,0.914048,False,False
data\external_test_realwaste\glass\Glass_169.jpg,glass,plastic,0.454778,False,True
data\external_test_realwaste\glass\Glass_17.jpg,glass,trash,0.954696,False,False
data\external_test_realwaste\glass\Glass_170.jpg,glass,trash,0.900436,False,False
data\external_test_realwaste\glass\Glass_171.jpg,glass,plastic,0.928726,False,False
data\external_test_realwaste\glass\Glass_172.jpg,glass,plastic,0.938692,False,False
data\external_test_realwaste\glass\Glass_173.jpg,glass,plastic,0.608132,False,False
data\external_test_realwaste\glass\Glass_174.jpg,glass,plastic,0.871284,False,False
data\external_test_realwaste\glass\Glass_175.jpg,glass,glass,0.837897,True,False
data\external_test_realwaste\glass\Glass_176.jpg,glass,trash,0.938938,False,False
data\external_test_realwaste\glass\Glass_177.jpg,glass,trash,0.994706,False,False
data\external_test_realwaste\glass\Glass_178.jpg,glass,trash,0.999958,False,False
data\external_test_realwaste\glass\Glass_179.jpg,glass,plastic,0.935891,False,False
data\external_test_realwaste\glass\Glass_18.jpg,glass,trash,0.733674,False,False
data\external_test_realwaste\glass\Glass_180.jpg,glass,plastic,0.938098,False,False
data\external_test_realwaste\glass\Glass_181.jpg,glass,glass,0.990297,True,False
data\external_test_realwaste\glass\Glass_182.jpg,glass,plastic,0.981201,False,False
data\external_test_realwaste\glass\Glass_183.jpg,glass,metal,0.916945,False,False
data\external_test_realwaste\glass\Glass_184.jpg,glass,trash,0.541668,False,True
data\external_test_realwaste\glass\Glass_185.jpg,glass,plastic,0.982472,False,False
data\external_test_realwaste\glass\Glass_186.jpg,glass,metal,0.473826,False,True
data\external_test_realwaste\glass\Glass_187.jpg,glass,plastic,0.942649,False,False
data\external_test_realwaste\glass\Glass_188.jpg,glass,glass,0.876748,True,False
data\external_test_realwaste\glass\Glass_189.jpg,glass,plastic,0.83015,False,False
data\external_test_realwaste\glass\Glass_19.jpg,glass,trash,0.858549,False,False
data\external_test_realwaste\glass\Glass_190.jpg,glass,glass,0.992565,True,False
data\external_test_realwaste\glass\Glass_191.jpg,glass,plastic,0.993501,False,False
data\external_test_realwaste\glass\Glass_192.jpg,glass,glass,0.997837,True,False
data\external_test_realwaste\glass\Glass_193.jpg,glass,plastic,0.989787,False,False
data\external_test_realwaste\glass\Glass_194.jpg,glass,trash,0.889556,False,False
data\external_test_realwaste\glass\Glass_195.jpg,glass,trash,0.997383,False,False
data\external_test_realwaste\glass\Glass_196.jpg,glass,plastic,0.650171,False,False
data\external_test_realwaste\glass\Glass_197.jpg,glass,plastic,0.648297,False,False
data\external_test_realwaste\glass\Glass_198.jpg,glass,trash,0.999318,False,False
data\external_test_realwaste\glass\Glass_199.jpg,glass,paper,0.454938,False,True
data\external_test_realwaste\glass\Glass_2.jpg,glass,glass,0.931613,True,False
data\external_test_realwaste\glass\Glass_20.jpg,glass,trash,0.999538,False,False
data\external_test_realwaste\glass\Glass_200.jpg,glass,trash,0.992643,False,False
data\external_test_realwaste\glass\Glass_201.jpg,glass,plastic,0.574054,False,True
data\external_test_realwaste\glass\Glass_202.jpg,glass,trash,0.999915,False,False
data\external_test_realwaste\glass\Glass_203.jpg,glass,trash,0.996736,False,False
data\external_test_realwaste\glass\Glass_204.jpg,glass,plastic,0.595614,False,True
data\external_test_realwaste\glass\Glass_205.jpg,glass,trash,0.970325,False,False
data\external_test_realwaste\glass\Glass_206.jpg,glass,trash,0.998055,False,False
data\external_test_realwaste\glass\Glass_207.jpg,glass,trash,0.999413,False,False
data\external_test_realwaste\glass\Glass_208.jpg,glass,trash,0.993458,False,False
data\external_test_realwaste\glass\Glass_209.jpg,glass,trash,0.998913,False,False
data\external_test_realwaste\glass\Glass_21.jpg,glass,trash,0.993453,False,False
data\external_test_realwaste\glass\Glass_210.jpg,glass,trash,0.942102,False,False
data\external_test_realwaste\glass\Glass_211.jpg,glass,trash,0.646113,False,False
data\external_test_realwaste\glass\Glass_212.jpg,glass,plastic,0.998539,False,False
data\external_test_realwaste\glass\Glass_213.jpg,glass,trash,0.902711,False,False
data\external_test_realwaste\glass\Glass_214.jpg,glass,trash,0.952954,False,False
data\external_test_realwaste\glass\Glass_215.jpg,glass,trash,0.863485,False,False
data\external_test_realwaste\glass\Glass_216.jpg,glass,trash,0.91773,False,False
data\external_test_realwaste\glass\Glass_217.jpg,glass,trash,0.997716,False,False
data\external_test_realwaste\glass\Glass_218.jpg,glass,trash,0.998081,False,False
data\external_test_realwaste\glass\Glass_219.jpg,glass,trash,0.923263,False,False
data\external_test_realwaste\glass\Glass_22.jpg,glass,trash,0.916813,False,False
data\external_test_realwaste\glass\Glass_220.jpg,glass,trash,0.969342,False,False
data\external_test_realwaste\glass\Glass_221.jpg,glass,trash,0.988071,False,False
data\external_test_realwaste\glass\Glass_222.jpg,glass,trash,0.996969,False,False
data\external_test_realwaste\glass\Glass_223.jpg,glass,glass,0.993534,True,False
data\external_test_realwaste\glass\Glass_224.jpg,glass,glass,0.905469,True,False
data\external_test_realwaste\glass\Glass_225.jpg,glass,trash,0.727913,False,False
data\external_test_realwaste\glass\Glass_226.jpg,glass,trash,0.996094,False,False
data\external_test_realwaste\glass\Glass_227.jpg,glass,trash,0.920938,False,False
data\external_test_realwaste\glass\Glass_228.jpg,glass,trash,0.997881,False,False
data\external_test_realwaste\glass\Glass_229.jpg,glass,trash,0.998635,False,False
data\external_test_realwaste\glass\Glass_23.jpg,glass,trash,0.831431,False,False
data\external_test_realwaste\glass\Glass_230.jpg,glass,trash,0.99319,False,False
data\external_test_realwaste\glass\Glass_231.jpg,glass,trash,0.99834,False,False
data\external_test_realwaste\glass\Glass_232.jpg,glass,trash,0.99454,False,False
data\external_test_realwaste\glass\Glass_233.jpg,glass,plastic,0.315386,False,True
data\external_test_realwaste\glass\Glass_234.jpg,glass,plastic,0.944029,False,False
data\external_test_realwaste\glass\Glass_235.jpg,glass,glass,0.970808,True,False
data\external_test_realwaste\glass\Glass_236.jpg,glass,trash,0.944046,False,False
data\external_test_realwaste\glass\Glass_237.jpg,glass,glass,0.995185,True,False
data\external_test_realwaste\glass\Glass_238.jpg,glass,glass,0.993584,True,False
data\external_test_realwaste\glass\Glass_239.jpg,glass,plastic,0.997117,False,False
data\external_test_realwaste\glass\Glass_24.jpg,glass,trash,0.607046,False,False
data\external_test_realwaste\glass\Glass_240.jpg,glass,trash,0.82433,False,False
data\external_test_realwaste\glass\Glass_241.jpg,glass,trash,0.618891,False,False
data\external_test_realwaste\glass\Glass_242.jpg,glass,trash,0.682318,False,False
data\external_test_realwaste\glass\Glass_243.jpg,glass,trash,0.600958,False,False
data\external_test_realwaste\glass\Glass_244.jpg,glass,trash,0.999683,False,False
data\external_test_realwaste\glass\Glass_245.jpg,glass,trash,0.979466,False,False
data\external_test_realwaste\glass\Glass_246.jpg,glass,plastic,0.593129,False,True
data\external_test_realwaste\glass\Glass_247.jpg,glass,trash,0.984427,False,False
data\external_test_realwaste\glass\Glass_248.jpg,glass,trash,0.93146,False,False
data\external_test_realwaste\glass\Glass_249.jpg,glass,trash,0.616301,False,False
data\external_test_realwaste\glass\Glass_25.jpg,glass,trash,0.557749,False,True
data\external_test_realwaste\glass\Glass_250.jpg,glass,plastic,0.833132,False,False
data\external_test_realwaste\glass\Glass_251.jpg,glass,glass,0.790725,True,False
data\external_test_realwaste\glass\Glass_252.jpg,glass,trash,0.908568,False,False
data\external_test_realwaste\glass\Glass_253.jpg,glass,plastic,0.638121,False,False
data\external_test_realwaste\glass\Glass_254.jpg,glass,plastic,0.828588,False,False
data\external_test_realwaste\glass\Glass_255.jpg,glass,plastic,0.670919,False,False
data\external_test_realwaste\glass\Glass_256.jpg,glass,plastic,0.888359,False,False
data\external_test_realwaste\glass\Glass_257.jpg,glass,glass,0.999506,True,False
data\external_test_realwaste\glass\Glass_258.jpg,glass,trash,0.989865,False,False
data\external_test_realwaste\glass\Glass_259.jpg,glass,trash,0.964744,False,False
data\external_test_realwaste\glass\Glass_26.jpg,glass,trash,0.996102,False,False
data\external_test_realwaste\glass\Glass_260.jpg,glass,trash,0.942707,False,False
data\external_test_realwaste\glass\Glass_261.jpg,glass,glass,0.535311,True,True
data\external_test_realwaste\glass\Glass_262.jpg,glass,trash,0.986252,False,False
data\external_test_realwaste\glass\Glass_263.jpg,glass,glass,0.63555,True,False
data\external_test_realwaste\glass\Glass_264.jpg,glass,plastic,0.973802,False,False
data\external_test_realwaste\glass\Glass_265.jpg,glass,plastic,0.985785,False,False
data\external_test_realwaste\glass\Glass_266.jpg,glass,plastic,0.998991,False,False
data\external_test_realwaste\glass\Glass_267.jpg,glass,plastic,0.848071,False,False
data\external_test_realwaste\glass\Glass_268.jpg,glass,glass,0.992713,True,False
data\external_test_realwaste\glass\Glass_269.jpg,glass,trash,0.982202,False,False
data\external_test_realwaste\glass\Glass_27.jpg,glass,plastic,0.50958,False,True
data\external_test_realwaste\glass\Glass_270.jpg,glass,trash,0.98841,False,False
data\external_test_realwaste\glass\Glass_271.jpg,glass,plastic,0.364775,False,True
data\external_test_realwaste\glass\Glass_272.jpg,glass,trash,0.98599,False,False
data\external_test_realwaste\glass\Glass_273.jpg,glass,trash,0.653344,False,False
data\external_test_realwaste\glass\Glass_274.jpg,glass,glass,0.717727,True,False
data\external_test_realwaste\glass\Glass_275.jpg,glass,glass,0.380372,True,True
data\external_test_realwaste\glass\Glass_276.jpg,glass,trash,0.541106,False,True
data\external_test_realwaste\glass\Glass_277.jpg,glass,plastic,0.481386,False,True
data\external_test_realwaste\glass\Glass_278.jpg,glass,plastic,0.908353,False,False
data\external_test_realwaste\glass\Glass_279.jpg,glass,glass,0.747813,True,False
data\external_test_realwaste\glass\Glass_28.jpg,glass,glass,0.800924,True,False
data\external_test_realwaste\glass\Glass_280.jpg,glass,trash,0.956453,False,False
data\external_test_realwaste\glass\Glass_281.jpg,glass,trash,0.996409,False,False
data\external_test_realwaste\glass\Glass_282.jpg,glass,trash,0.563111,False,True
data\external_test_realwaste\glass\Glass_283.jpg,glass,trash,0.980488,False,False
data\external_test_realwaste\glass\Glass_284.jpg,glass,trash,0.997916,False,False
data\external_test_realwaste\glass\Glass_285.jpg,glass,trash,0.999285,False,False
data\external_test_realwaste\glass\Glass_286.jpg,glass,trash,0.99261,False,False
data\external_test_realwaste\glass\Glass_287.jpg,glass,trash,0.997288,False,False
data\external_test_realwaste\glass\Glass_288.jpg,glass,plastic,0.839408,False,False
data\external_test_realwaste\glass\Glass_289.jpg,glass,trash,0.460374,False,True
data\external_test_realwaste\glass\Glass_29.jpg,glass,plastic,0.908396,False,False
data\external_test_realwaste\glass\Glass_290.jpg,glass,glass,0.691992,True,False
data\external_test_realwaste\glass\Glass_291.jpg,glass,plastic,0.976705,False,False
data\external_test_realwaste\glass\Glass_292.jpg,glass,plastic,0.952935,False,False
data\external_test_realwaste\glass\Glass_293.jpg,glass,trash,0.753608,False,False
data\external_test_realwaste\glass\Glass_294.jpg,glass,trash,0.788899,False,False
data\external_test_realwaste\glass\Glass_295.jpg,glass,plastic,0.931041,False,False
data\external_test_realwaste\glass\Glass_296.jpg,glass,trash,0.842665,False,False
data\external_test_realwaste\glass\Glass_297.jpg,glass,trash,0.686162,False,False
data\external_test_realwaste\glass\Glass_298.jpg,glass,trash,0.857329,False,False
data\external_test_realwaste\glass\Glass_299.jpg,glass,trash,0.991398,False,False
data\external_test_realwaste\glass\Glass_3.jpg,glass,glass,0.899701,True,False
data\external_test_realwaste\glass\Glass_30.jpg,glass,glass,0.996308,True,False
data\external_test_realwaste\glass\Glass_300.jpg,glass,trash,0.582921,False,True
data\external_test_realwaste\glass\Glass_301.jpg,glass,glass,0.983124,True,False
data\external_test_realwaste\glass\Glass_302.jpg,glass,trash,0.557453,False,True
data\external_test_realwaste\glass\Glass_303.jpg,glass,trash,0.832732,False,False
data\external_test_realwaste\glass\Glass_304.jpg,glass,glass,0.929679,True,False
data\external_test_realwaste\glass\Glass_305.jpg,glass,trash,0.487713,False,True
data\external_test_realwaste\glass\Glass_306.jpg,glass,glass,0.525131,True,True
data\external_test_realwaste\glass\Glass_307.jpg,glass,trash,0.974133,False,False
data\external_test_realwaste\glass\Glass_308.jpg,glass,trash,0.982359,False,False
data\external_test_realwaste\glass\Glass_309.jpg,glass,trash,0.780405,False,False
data\external_test_realwaste\glass\Glass_31.jpg,glass,glass,0.999478,True,False
data\external_test_realwaste\glass\Glass_310.jpg,glass,glass,0.517944,True,True
data\external_test_realwaste\glass\Glass_311.jpg,glass,plastic,0.760525,False,False
data\external_test_realwaste\glass\Glass_312.jpg,glass,plastic,0.768494,False,False
data\external_test_realwaste\glass\Glass_313.jpg,glass,trash,0.96453,False,False
data\external_test_realwaste\glass\Glass_314.jpg,glass,trash,0.987179,False,False
data\external_test_realwaste\glass\Glass_315.jpg,glass,trash,0.99976,False,False
data\external_test_realwaste\glass\Glass_316.jpg,glass,trash,0.995837,False,False
data\external_test_realwaste\glass\Glass_317.jpg,glass,trash,0.99517,False,False
data\external_test_realwaste\glass\Glass_318.jpg,glass,trash,0.941264,False,False
data\external_test_realwaste\glass\Glass_319.jpg,glass,trash,0.997497,False,False
data\external_test_realwaste\glass\Glass_32.jpg,glass,glass,0.99993,True,False
data\external_test_realwaste\glass\Glass_320.jpg,glass,trash,0.943286,False,False
data\external_test_realwaste\glass\Glass_321.jpg,glass,trash,0.833846,False,False
data\external_test_realwaste\glass\Glass_322.jpg,glass,trash,0.995758,False,False
data\external_test_realwaste\glass\Glass_323.jpg,glass,plastic,0.918569,False,False
data\external_test_realwaste\glass\Glass_324.jpg,glass,trash,0.707901,False,False
data\external_test_realwaste\glass\Glass_325.jpg,glass,trash,0.976757,False,False
data\external_test_realwaste\glass\Glass_326.jpg,glass,plastic,0.987127,False,False
data\external_test_realwaste\glass\Glass_327.jpg,glass,trash,0.993419,False,False
data\external_test_realwaste\glass\Glass_328.jpg,glass,plastic,0.994943,False,False
data\external_test_realwaste\glass\Glass_329.jpg,glass,trash,0.997269,False,False
data\external_test_realwaste\glass\Glass_33.jpg,glass,glass,0.950859,True,False
data\external_test_realwaste\glass\Glass_330.jpg,glass,plastic,0.953874,False,False
data\external_test_realwaste\glass\Glass_331.jpg,glass,trash,0.908662,False,False
data\external_test_realwaste\glass\Glass_332.jpg,glass,plastic,0.743472,False,False
data\external_test_realwaste\glass\Glass_333.jpg,glass,plastic,0.999829,False,False
data\external_test_realwaste\glass\Glass_334.jpg,glass,glass,0.978353,True,False
data\external_test_realwaste\glass\Glass_335.jpg,glass,plastic,0.820439,False,False
data\external_test_realwaste\glass\Glass_336.jpg,glass,plastic,0.961818,False,False
data\external_test_realwaste\glass\Glass_337.jpg,glass,trash,0.703898,False,False
data\external_test_realwaste\glass\Glass_338.jpg,glass,trash,0.804144,False,False
data\external_test_realwaste\glass\Glass_339.jpg,glass,trash,0.982113,False,False
data\external_test_realwaste\glass\Glass_34.jpg,glass,trash,0.975649,False,False
data\external_test_realwaste\glass\Glass_340.jpg,glass,plastic,0.941607,False,False
data\external_test_realwaste\glass\Glass_341.jpg,glass,plastic,0.663286,False,False
data\external_test_realwaste\glass\Glass_342.jpg,glass,trash,0.930143,False,False
data\external_test_realwaste\glass\Glass_343.jpg,glass,plastic,0.961222,False,False
data\external_test_realwaste\glass\Glass_344.jpg,glass,glass,0.999955,True,False
data\external_test_realwaste\glass\Glass_345.jpg,glass,plastic,0.950356,False,False
data\external_test_realwaste\glass\Glass_346.jpg,glass,trash,0.938261,False,False
data\external_test_realwaste\glass\Glass_347.jpg,glass,plastic,0.999754,False,False
data\external_test_realwaste\glass\Glass_348.jpg,glass,plastic,0.746928,False,False
data\external_test_realwaste\glass\Glass_349.jpg,glass,glass,0.98434,True,False
data\external_test_realwaste\glass\Glass_35.jpg,glass,trash,0.931796,False,False
data\external_test_realwaste\glass\Glass_350.jpg,glass,glass,0.969903,True,False
data\external_test_realwaste\glass\Glass_351.jpg,glass,glass,0.999528,True,False
data\external_test_realwaste\glass\Glass_352.jpg,glass,glass,0.955207,True,False
data\external_test_realwaste\glass\Glass_353.jpg,glass,plastic,0.86394,False,False
data\external_test_realwaste\glass\Glass_354.jpg,glass,plastic,0.951334,False,False
data\external_test_realwaste\glass\Glass_355.jpg,glass,glass,0.999594,True,False
data\external_test_realwaste\glass\Glass_356.jpg,glass,trash,0.981361,False,False
data\external_test_realwaste\glass\Glass_357.jpg,glass,trash,0.983849,False,False
data\external_test_realwaste\glass\Glass_358.jpg,glass,trash,0.984378,False,False
data\external_test_realwaste\glass\Glass_359.jpg,glass,trash,0.864508,False,False
data\external_test_realwaste\glass\Glass_36.jpg,glass,trash,0.6237,False,False
data\external_test_realwaste\glass\Glass_360.jpg,glass,plastic,0.805536,False,False
data\external_test_realwaste\glass\Glass_361.jpg,glass,glass,0.953541,True,False
data\external_test_realwaste\glass\Glass_362.jpg,glass,trash,0.943156,False,False
data\external_test_realwaste\glass\Glass_363.jpg,glass,plastic,0.933091,False,False
data\external_test_realwaste\glass\Glass_364.jpg,glass,plastic,0.997162,False,False
data\external_test_realwaste\glass\Glass_365.jpg,glass,plastic,0.960387,False,False
data\external_test_realwaste\glass\Glass_366.jpg,glass,trash,0.686622,False,False
data\external_test_realwaste\glass\Glass_367.jpg,glass,metal,0.431531,False,True
data\external_test_realwaste\glass\Glass_368.jpg,glass,glass,0.939128,True,False
data\external_test_realwaste\glass\Glass_369.jpg,glass,plastic,0.513452,False,True
data\external_test_realwaste\glass\Glass_37.jpg,glass,trash,0.696374,False,False
data\external_test_realwaste\glass\Glass_370.jpg,glass,glass,0.887446,True,False
data\external_test_realwaste\glass\Glass_371.jpg,glass,glass,0.53493,True,True
data\external_test_realwaste\glass\Glass_372.jpg,glass,glass,0.98026,True,False
data\external_test_realwaste\glass\Glass_373.jpg,glass,glass,0.982481,True,False
data\external_test_realwaste\glass\Glass_374.jpg,glass,glass,0.930589,True,False
data\external_test_realwaste\glass\Glass_375.jpg,glass,trash,0.906642,False,False
data\external_test_realwaste\glass\Glass_376.jpg,glass,plastic,0.95016,False,False
data\external_test_realwaste\glass\Glass_377.jpg,glass,glass,0.511298,True,True
data\external_test_realwaste\glass\Glass_378.jpg,glass,glass,0.999771,True,False
data\external_test_realwaste\glass\Glass_379.jpg,glass,glass,0.999601,True,False
data\external_test_realwaste\glass\Glass_38.jpg,glass,trash,0.55047,False,True
data\external_test_realwaste\glass\Glass_380.jpg,glass,glass,0.999037,True,False
data\external_test_realwaste\glass\Glass_381.jpg,glass,glass,0.661388,True,False
data\external_test_realwaste\glass\Glass_382.jpg,glass,glass,0.914561,True,False
data\external_test_realwaste\glass\Glass_383.jpg,glass,glass,0.991847,True,False
data\external_test_realwaste\glass\Glass_384.jpg,glass,glass,0.998493,True,False
data\external_test_realwaste\glass\Glass_385.jpg,glass,glass,0.498972,True,True
data\external_test_realwaste\glass\Glass_386.jpg,glass,glass,0.993939,True,False
data\external_test_realwaste\glass\Glass_387.jpg,glass,plastic,0.720251,False,False
data\external_test_realwaste\glass\Glass_388.jpg,glass,plastic,0.948119,False,False
data\external_test_realwaste\glass\Glass_389.jpg,glass,plastic,0.412783,False,True
data\external_test_realwaste\glass\Glass_39.jpg,glass,glass,0.867128,True,False
data\external_test_realwaste\glass\Glass_390.jpg,glass,glass,0.996971,True,False
data\external_test_realwaste\glass\Glass_391.jpg,glass,plastic,0.899737,False,False
data\external_test_realwaste\glass\Glass_392.jpg,glass,glass,0.487203,True,True
data\external_test_realwaste\glass\Glass_393.jpg,glass,cardboard,0.745991,False,False
data\external_test_realwaste\glass\Glass_394.jpg,glass,cardboard,0.423833,False,True
data\external_test_realwaste\glass\Glass_395.jpg,glass,glass,0.642801,True,False
data\external_test_realwaste\glass\Glass_396.jpg,glass,trash,0.96778,False,False
data\external_test_realwaste\glass\Glass_397.jpg,glass,trash,0.458004,False,True
data\external_test_realwaste\glass\Glass_398.jpg,glass,glass,0.81363,True,False
data\external_test_realwaste\glass\Glass_399.jpg,glass,trash,0.90366,False,False
data\external_test_realwaste\glass\Glass_4.jpg,glass,glass,0.716566,True,False
data\external_test_realwaste\glass\Glass_40.jpg,glass,glass,0.929509,True,False
data\external_test_realwaste\glass\Glass_400.jpg,glass,glass,0.900212,True,False
data\external_test_realwaste\glass\Glass_401.jpg,glass,glass,0.479917,True,True
data\external_test_realwaste\glass\Glass_402.jpg,glass,cardboard,0.459507,False,True
data\external_test_realwaste\glass\Glass_403.jpg,glass,glass,0.68253,True,False
data\external_test_realwaste\glass\Glass_404.jpg,glass,plastic,0.923347,False,False
data\external_test_realwaste\glass\Glass_405.jpg,glass,trash,0.987627,False,False
data\external_test_realwaste\glass\Glass_406.jpg,glass,glass,0.975604,True,False
data\external_test_realwaste\glass\Glass_407.jpg,glass,glass,0.992579,True,False
data\external_test_realwaste\glass\Glass_408.jpg,glass,glass,0.982838,True,False
data\external_test_realwaste\glass\Glass_409.jpg,glass,glass,0.976202,True,False
data\external_test_realwaste\glass\Glass_41.jpg,glass,trash,0.742692,False,False
data\external_test_realwaste\glass\Glass_410.jpg,glass,plastic,0.9588,False,False
data\external_test_realwaste\glass\Glass_411.jpg,glass,plastic,0.604136,False,False
data\external_test_realwaste\glass\Glass_412.jpg,glass,glass,0.998924,True,False
data\external_test_realwaste\glass\Glass_413.jpg,glass,glass,0.826293,True,False
data\external_test_realwaste\glass\Glass_414.jpg,glass,glass,0.612741,True,False
data\external_test_realwaste\glass\Glass_415.jpg,glass,glass,0.815432,True,False
data\external_test_realwaste\glass\Glass_416.jpg,glass,glass,0.911424,True,False
data\external_test_realwaste\glass\Glass_417.jpg,glass,cardboard,0.503337,False,True
data\external_test_realwaste\glass\Glass_418.jpg,glass,plastic,0.475157,False,True
data\external_test_realwaste\glass\Glass_419.jpg,glass,metal,0.946202,False,False
data\external_test_realwaste\glass\Glass_42.jpg,glass,glass,0.921292,True,False
data\external_test_realwaste\glass\Glass_420.jpg,glass,glass,0.88777,True,False
data\external_test_realwaste\glass\Glass_43.jpg,glass,plastic,0.726521,False,False
data\external_test_realwaste\glass\Glass_44.jpg,glass,plastic,0.794952,False,False
data\external_test_realwaste\glass\Glass_45.jpg,glass,trash,0.990195,False,False
data\external_test_realwaste\glass\Glass_46.jpg,glass,glass,0.674354,True,False
data\external_test_realwaste\glass\Glass_47.jpg,glass,plastic,0.932728,False,False
data\external_test_realwaste\glass\Glass_48.jpg,glass,cardboard,0.838184,False,False
data\external_test_realwaste\glass\Glass_49.jpg,glass,plastic,0.54454,False,True
data\external_test_realwaste\glass\Glass_5.jpg,glass,glass,0.982128,True,False
data\external_test_realwaste\glass\Glass_50.jpg,glass,trash,0.969757,False,False
data\external_test_realwaste\glass\Glass_51.jpg,glass,trash,0.916891,False,False
data\external_test_realwaste\glass\Glass_52.jpg,glass,trash,0.5127,False,True
data\external_test_realwaste\glass\Glass_53.jpg,glass,trash,0.998578,False,False
data\external_test_realwaste\glass\Glass_54.jpg,glass,trash,0.9819,False,False
data\external_test_realwaste\glass\Glass_55.jpg,glass,trash,0.999833,False,False
data\external_test_realwaste\glass\Glass_56.jpg,glass,trash,0.995054,False,False
data\external_test_realwaste\glass\Glass_57.jpg,glass,plastic,0.793974,False,False
data\external_test_realwaste\glass\Glass_58.jpg,glass,trash,0.935609,False,False
data\external_test_realwaste\glass\Glass_59.jpg,glass,trash,0.993872,False,False
data\external_test_realwaste\glass\Glass_6.jpg,glass,plastic,0.991672,False,False
data\external_test_realwaste\glass\Glass_60.jpg,glass,trash,0.872179,False,False
data\external_test_realwaste\glass\Glass_61.jpg,glass,trash,0.688107,False,False
data\external_test_realwaste\glass\Glass_62.jpg,glass,cardboard,0.631464,False,False
data\external_test_realwaste\glass\Glass_63.jpg,glass,trash,0.910198,False,False
data\external_test_realwaste\glass\Glass_64.jpg,glass,trash,0.765549,False,False
data\external_test_realwaste\glass\Glass_65.jpg,glass,plastic,0.697597,False,False
data\external_test_realwaste\glass\Glass_66.jpg,glass,plastic,0.896183,False,False
data\external_test_realwaste\glass\Glass_67.jpg,glass,plastic,0.854277,False,False
data\external_test_realwaste\glass\Glass_68.jpg,glass,plastic,0.520714,False,True
data\external_test_realwaste\glass\Glass_69.jpg,glass,trash,0.775761,False,False
data\external_test_realwaste\glass\Glass_7.jpg,glass,glass,0.691388,True,False
data\external_test_realwaste\glass\Glass_70.jpg,glass,plastic,0.95511,False,False
data\external_test_realwaste\glass\Glass_71.jpg,glass,plastic,0.569027,False,True
data\external_test_realwaste\glass\Glass_72.jpg,glass,trash,0.99509,False,False
data\external_test_realwaste\glass\Glass_73.jpg,glass,plastic,0.568075,False,True
data\external_test_realwaste\glass\Glass_74.jpg,glass,trash,0.993192,False,False
data\external_test_realwaste\glass\Glass_75.jpg,glass,plastic,0.936084,False,False
data\external_test_realwaste\glass\Glass_76.jpg,glass,plastic,0.999003,False,False
data\external_test_realwaste\glass\Glass_77.jpg,glass,trash,0.989605,False,False
data\external_test_realwaste\glass\Glass_78.jpg,glass,plastic,0.924106,False,False
data\external_test_realwaste\glass\Glass_79.jpg,glass,glass,0.988945,True,False
data\external_test_realwaste\glass\Glass_8.jpg,glass,glass,0.840086,True,False
data\external_test_realwaste\glass\Glass_80.jpg,glass,plastic,0.966708,False,False
data\external_test_realwaste\glass\Glass_81.jpg,glass,trash,0.998976,False,False
data\external_test_realwaste\glass\Glass_82.jpg,glass,plastic,0.993145,False,False
data\external_test_realwaste\glass\Glass_83.jpg,glass,trash,0.667201,False,False
data\external_test_realwaste\glass\Glass_84.jpg,glass,glass,0.899911,True,False
data\external_test_realwaste\glass\Glass_85.jpg,glass,cardboard,0.872277,False,False
data\external_test_realwaste\glass\Glass_86.jpg,glass,glass,0.529411,True,True
data\external_test_realwaste\glass\Glass_87.jpg,glass,glass,0.632399,True,False
data\external_test_realwaste\glass\Glass_88.jpg,glass,glass,0.994533,True,False
data\external_test_realwaste\glass\Glass_89.jpg,glass,glass,0.717535,True,False
data\external_test_realwaste\glass\Glass_9.jpg,glass,glass,0.491766,True,True
data\external_test_realwaste\glass\Glass_90.jpg,glass,metal,0.775423,False,False
data\external_test_realwaste\glass\Glass_91.jpg,glass,trash,0.638881,False,False
data\external_test_realwaste\glass\Glass_92.jpg,glass,glass,0.999757,True,False
data\external_test_realwaste\glass\Glass_93.jpg,glass,glass,0.999859,True,False
data\external_test_realwaste\glass\Glass_94.jpg,glass,glass,0.999074,True,False
data\external_test_realwaste\glass\Glass_95.jpg,glass,glass,0.996691,True,False
data\external_test_realwaste\glass\Glass_96.jpg,glass,trash,0.992381,False,False
data\external_test_realwaste\glass\Glass_97.jpg,glass,trash,0.982934,False,False
data\external_test_realwaste\glass\Glass_98.jpg,glass,glass,0.720538,True,False
data\external_test_realwaste\glass\Glass_99.jpg,glass,plastic,0.880501,False,False
data\external_test_realwaste\metal\Metal_1.jpg,metal,metal,0.804181,True,False
data\external_test_realwaste\metal\Metal_10.jpg,metal,trash,0.978226,False,False
data\external_test_realwaste\metal\Metal_100.jpg,metal,plastic,0.977349,False,False
data\external_test_realwaste\metal\Metal_101.jpg,metal,metal,0.86549,True,False
data\external_test_realwaste\metal\Metal_102.jpg,metal,plastic,0.571839,False,True
data\external_test_realwaste\metal\Metal_103.jpg,metal,glass,0.897584,False,False
data\external_test_realwaste\metal\Metal_104.jpg,metal,plastic,0.655092,False,False
data\external_test_realwaste\metal\Metal_105.jpg,metal,plastic,0.928857,False,False
data\external_test_realwaste\metal\Metal_106.jpg,metal,trash,0.649603,False,False
data\external_test_realwaste\metal\Metal_107.jpg,metal,metal,0.609515,True,False
data\external_test_realwaste\metal\Metal_108.jpg,metal,metal,0.713968,True,False
data\external_test_realwaste\metal\Metal_109.jpg,metal,metal,0.936163,True,False
data\external_test_realwaste\metal\Metal_11.jpg,metal,trash,0.265743,False,True
data\external_test_realwaste\metal\Metal_110.jpg,metal,trash,0.442782,False,True
data\external_test_realwaste\metal\Metal_111.jpg,metal,metal,0.761442,True,False
data\external_test_realwaste\metal\Metal_112.jpg,metal,metal,0.88733,True,False
data\external_test_realwaste\metal\Metal_113.jpg,metal,plastic,0.872397,False,False
data\external_test_realwaste\metal\Metal_114.jpg,metal,metal,0.99407,True,False
data\external_test_realwaste\metal\Metal_115.jpg,metal,metal,0.417824,True,True
data\external_test_realwaste\metal\Metal_116.jpg,metal,trash,0.685436,False,False
data\external_test_realwaste\metal\Metal_117.jpg,metal,metal,0.747593,True,False
data\external_test_realwaste\metal\Metal_118.jpg,metal,trash,0.607992,False,False
data\external_test_realwaste\metal\Metal_119.jpg,metal,trash,0.747603,False,False
data\external_test_realwaste\metal\Metal_12.jpg,metal,trash,0.608985,False,False
data\external_test_realwaste\metal\Metal_120.jpg,metal,metal,0.892631,True,False
data\external_test_realwaste\metal\Metal_121.jpg,metal,trash,0.37929,False,True
data\external_test_realwaste\metal\Metal_122.jpg,metal,trash,0.991564,False,False
data\external_test_realwaste\metal\Metal_123.jpg,metal,glass,0.449263,False,True
data\external_test_realwaste\metal\Metal_124.jpg,metal,metal,0.994843,True,False
data\external_test_realwaste\metal\Metal_125.jpg,metal,metal,0.482855,True,True
data\external_test_realwaste\metal\Metal_126.jpg,metal,trash,0.55562,False,True
data\external_test_realwaste\metal\Metal_127.jpg,metal,trash,0.853209,False,False
data\external_test_realwaste\metal\Metal_128.jpg,metal,trash,0.657793,False,False
data\external_test_realwaste\metal\Metal_129.jpg,metal,metal,0.591594,True,True
data\external_test_realwaste\metal\Metal_13.jpg,metal,metal,0.982655,True,False
data\external_test_realwaste\metal\Metal_130.jpg,metal,plastic,0.990627,False,False
data\external_test_realwaste\metal\Metal_131.jpg,metal,trash,0.855653,False,False
data\external_test_realwaste\metal\Metal_132.jpg,metal,metal,0.687702,True,False
data\external_test_realwaste\metal\Metal_133.jpg,metal,metal,0.880593,True,False
data\external_test_realwaste\metal\Metal_134.jpg,metal,plastic,0.8163,False,False
data\external_test_realwaste\metal\Metal_135.jpg,metal,metal,0.976703,True,False
data\external_test_realwaste\metal\Metal_136.jpg,metal,metal,0.722305,True,False
data\external_test_realwaste\metal\Metal_137.jpg,metal,metal,0.348704,True,True
data\external_test_realwaste\metal\Metal_138.jpg,metal,metal,0.986207,True,False
data\external_test_realwaste\metal\Metal_139.jpg,metal,metal,0.579481,True,True
data\external_test_realwaste\metal\Metal_14.jpg,metal,cardboard,0.653178,False,False
data\external_test_realwaste\metal\Metal_140.jpg,metal,paper,0.721456,False,False
data\external_test_realwaste\metal\Metal_141.jpg,metal,metal,0.608522,True,False
data\external_test_realwaste\metal\Metal_142.jpg,metal,trash,0.997084,False,False
data\external_test_realwaste\metal\Metal_143.jpg,metal,metal,0.834448,True,False
data\external_test_realwaste\metal\Metal_144.jpg,metal,plastic,0.872295,False,False
data\external_test_realwaste\metal\Metal_145.jpg,metal,cardboard,0.991634,False,False
data\external_test_realwaste\metal\Metal_146.jpg,metal,trash,0.474055,False,True
data\external_test_realwaste\metal\Metal_147.jpg,metal,glass,0.508939,False,True
data\external_test_realwaste\metal\Metal_148.jpg,metal,trash,0.97344,False,False
data\external_test_realwaste\metal\Metal_149.jpg,metal,metal,0.994372,True,False
data\external_test_realwaste\metal\Metal_15.jpg,metal,metal,0.565889,True,True
data\external_test_realwaste\metal\Metal_150.jpg,metal,metal,0.472667,True,True
data\external_test_realwaste\metal\Metal_151.jpg,metal,metal,0.998406,True,False
data\external_test_realwaste\metal\Metal_152.jpg,metal,metal,0.689979,True,False
data\external_test_realwaste\metal\Metal_153.jpg,metal,trash,0.659707,False,False
data\external_test_realwaste\metal\Metal_154.jpg,metal,trash,0.997549,False,False
data\external_test_realwaste\metal\Metal_155.jpg,metal,metal,0.998033,True,False
data\external_test_realwaste\metal\Metal_156.jpg,metal,metal,0.816267,True,False
data\external_test_realwaste\metal\Metal_157.jpg,metal,metal,0.580177,True,True
data\external_test_realwaste\metal\Metal_158.jpg,metal,metal,0.999878,True,False
data\external_test_realwaste\metal\Metal_159.jpg,metal,metal,0.982077,True,False
data\external_test_realwaste\metal\Metal_16.jpg,metal,metal,0.945336,True,False
data\external_test_realwaste\metal\Metal_160.jpg,metal,metal,0.979819,True,False
data\external_test_realwaste\metal\Metal_161.jpg,metal,metal,0.969885,True,False
data\external_test_realwaste\metal\Metal_162.jpg,metal,metal,0.824101,True,False
data\external_test_realwaste\metal\Metal_163.jpg,metal,trash,0.740862,False,False
data\external_test_realwaste\metal\Metal_164.jpg,metal,plastic,0.627654,False,False
data\external_test_realwaste\metal\Metal_165.jpg,metal,plastic,0.699291,False,False
data\external_test_realwaste\metal\Metal_166.jpg,metal,metal,0.993702,True,False
data\external_test_realwaste\metal\Metal_167.jpg,metal,trash,0.574629,False,True
data\external_test_realwaste\metal\Metal_168.jpg,metal,metal,0.484752,True,True
data\external_test_realwaste\metal\Metal_169.jpg,metal,metal,0.882819,True,False
data\external_test_realwaste\metal\Metal_17.jpg,metal,cardboard,0.325766,False,True
data\external_test_realwaste\metal\Metal_170.jpg,metal,metal,0.974222,True,False
data\external_test_realwaste\metal\Metal_171.jpg,metal,trash,0.992895,False,False
data\external_test_realwaste\metal\Metal_172.jpg,metal,metal,0.820562,True,False
data\external_test_realwaste\metal\Metal_173.jpg,metal,metal,0.990759,True,False
data\external_test_realwaste\metal\Metal_174.jpg,metal,metal,0.525214,True,True
data\external_test_realwaste\metal\Metal_175.jpg,metal,metal,0.999561,True,False
data\external_test_realwaste\metal\Metal_176.jpg,metal,metal,0.99096,True,False
data\external_test_realwaste\metal\Metal_177.jpg,metal,metal,0.951155,True,False
data\external_test_realwaste\metal\Metal_178.jpg,metal,trash,0.428348,False,True
data\external_test_realwaste\metal\Metal_179.jpg,metal,plastic,0.650215,False,False
data\external_test_realwaste\metal\Metal_18.jpg,metal,metal,0.728356,True,False
data\external_test_realwaste\metal\Metal_180.jpg,metal,plastic,0.565056,False,True
data\external_test_realwaste\metal\Metal_181.jpg,metal,trash,0.651303,False,False
data\external_test_realwaste\metal\Metal_182.jpg,metal,trash,0.568679,False,True
data\external_test_realwaste\metal\Metal_183.jpg,metal,plastic,0.683138,False,False
data\external_test_realwaste\metal\Metal_184.jpg,metal,metal,0.988464,True,False
data\external_test_realwaste\metal\Metal_185.jpg,metal,trash,0.46667,False,True
data\external_test_realwaste\metal\Metal_186.jpg,metal,paper,0.877501,False,False
data\external_test_realwaste\metal\Metal_187.jpg,metal,trash,0.971844,False,False
data\external_test_realwaste\metal\Metal_188.jpg,metal,metal,0.695642,True,False
data\external_test_realwaste\metal\Metal_189.jpg,metal,trash,0.883756,False,False
data\external_test_realwaste\metal\Metal_19.jpg,metal,metal,0.994412,True,False
data\external_test_realwaste\metal\Metal_190.jpg,metal,metal,0.942019,True,False
data\external_test_realwaste\metal\Metal_191.jpg,metal,metal,0.983693,True,False
data\external_test_realwaste\metal\Metal_192.jpg,metal,trash,0.99925,False,False
data\external_test_realwaste\metal\Metal_193.jpg,metal,metal,0.986053,True,False
data\external_test_realwaste\metal\Metal_194.jpg,metal,metal,0.959896,True,False
data\external_test_realwaste\metal\Metal_195.jpg,metal,metal,0.998751,True,False
data\external_test_realwaste\metal\Metal_196.jpg,metal,trash,0.588175,False,True
data\external_test_realwaste\metal\Metal_197.jpg,metal,metal,0.99867,True,False
data\external_test_realwaste\metal\Metal_198.jpg,metal,metal,0.457979,True,True
data\external_test_realwaste\metal\Metal_199.jpg,metal,plastic,0.795604,False,False
data\external_test_realwaste\metal\Metal_2.jpg,metal,metal,0.841877,True,False
data\external_test_realwaste\metal\Metal_20.jpg,metal,metal,0.926994,True,False
data\external_test_realwaste\metal\Metal_200.jpg,metal,trash,0.960952,False,False
data\external_test_realwaste\metal\Metal_201.jpg,metal,glass,0.960502,False,False
data\external_test_realwaste\metal\Metal_202.jpg,metal,plastic,0.893885,False,False
data\external_test_realwaste\metal\Metal_203.jpg,metal,trash,0.874309,False,False
data\external_test_realwaste\metal\Metal_204.jpg,metal,glass,0.910676,False,False
data\external_test_realwaste\metal\Metal_205.jpg,metal,trash,0.931845,False,False
data\external_test_realwaste\metal\Metal_206.jpg,metal,plastic,0.608693,False,False
data\external_test_realwaste\metal\Metal_207.jpg,metal,trash,0.883712,False,False
data\external_test_realwaste\metal\Metal_208.jpg,metal,plastic,0.862497,False,False
data\external_test_realwaste\metal\Metal_209.jpg,metal,metal,0.373953,True,True
data\external_test_realwaste\metal\Metal_21.jpg,metal,trash,0.536828,False,True
data\external_test_realwaste\metal\Metal_210.jpg,metal,plastic,0.517466,False,True
data\external_test_realwaste\metal\Metal_211.jpg,metal,trash,0.990525,False,False
data\external_test_realwaste\metal\Metal_212.jpg,metal,metal,0.999804,True,False
data\external_test_realwaste\metal\Metal_213.jpg,metal,trash,0.970766,False,False
data\external_test_realwaste\metal\Metal_214.jpg,metal,trash,0.829814,False,False
data\external_test_realwaste\metal\Metal_215.jpg,metal,trash,0.798751,False,False
data\external_test_realwaste\metal\Metal_216.jpg,metal,cardboard,0.905342,False,False
data\external_test_realwaste\metal\Metal_217.jpg,metal,cardboard,0.745382,False,False
data\external_test_realwaste\metal\Metal_218.jpg,metal,plastic,0.811805,False,False
data\external_test_realwaste\metal\Metal_219.jpg,metal,trash,0.717279,False,False
data\external_test_realwaste\metal\Metal_22.jpg,metal,metal,0.836418,True,False
data\external_test_realwaste\metal\Metal_220.jpg,metal,cardboard,0.504038,False,True
data\external_test_realwaste\metal\Metal_221.jpg,metal,glass,0.79002,False,False
data\external_test_realwaste\metal\Metal_222.jpg,metal,glass,0.650951,False,False
data\external_test_realwaste\metal\Metal_223.jpg,metal,metal,0.530974,True,True
data\external_test_realwaste\metal\Metal_224.jpg,metal,metal,0.994321,True,False
data\external_test_realwaste\metal\Metal_225.jpg,metal,trash,0.580613,False,True
data\external_test_realwaste\metal\Metal_226.jpg,metal,metal,0.715261,True,False
data\external_test_realwaste\metal\Metal_227.jpg,metal,metal,0.955395,True,False
data\external_test_realwaste\metal\Metal_228.jpg,metal,plastic,0.517906,False,True
data\external_test_realwaste\metal\Metal_229.jpg,metal,metal,0.799007,True,False
data\external_test_realwaste\metal\Metal_23.jpg,metal,metal,0.903858,True,False
data\external_test_realwaste\metal\Metal_230.jpg,metal,trash,0.835161,False,False
data\external_test_realwaste\metal\Metal_231.jpg,metal,plastic,0.668048,False,False
data\external_test_realwaste\metal\Metal_232.jpg,metal,trash,0.756969,False,False
data\external_test_realwaste\metal\Metal_233.jpg,metal,metal,0.544094,True,True
data\external_test_realwaste\metal\Metal_234.jpg,metal,metal,0.647568,True,False
data\external_test_realwaste\metal\Metal_235.jpg,metal,metal,0.999901,True,False
data\external_test_realwaste\metal\Metal_236.jpg,metal,metal,0.801075,True,False
data\external_test_realwaste\metal\Metal_237.jpg,metal,metal,0.604914,True,False
data\external_test_realwaste\metal\Metal_238.jpg,metal,trash,0.986842,False,False
data\external_test_realwaste\metal\Metal_239.jpg,metal,trash,0.915446,False,False
data\external_test_realwaste\metal\Metal_24.jpg,metal,trash,0.890521,False,False
data\external_test_realwaste\metal\Metal_240.jpg,metal,trash,0.621868,False,False
data\external_test_realwaste\metal\Metal_241.jpg,metal,glass,0.734784,False,False
data\external_test_realwaste\metal\Metal_242.jpg,metal,plastic,0.991871,False,False
data\external_test_realwaste\metal\Metal_243.jpg,metal,metal,0.716484,True,False
data\external_test_realwaste\metal\Metal_244.jpg,metal,glass,0.863281,False,False
data\external_test_realwaste\metal\Metal_245.jpg,metal,glass,0.453799,False,True
data\external_test_realwaste\metal\Metal_246.jpg,metal,metal,0.999962,True,False
data\external_test_realwaste\metal\Metal_247.jpg,metal,plastic,0.869724,False,False
data\external_test_realwaste\metal\Metal_248.jpg,metal,plastic,0.825522,False,False
data\external_test_realwaste\metal\Metal_249.jpg,metal,trash,0.726818,False,False
data\external_test_realwaste\metal\Metal_25.jpg,metal,metal,0.999226,True,False
data\external_test_realwaste\metal\Metal_250.jpg,metal,trash,0.745466,False,False
data\external_test_realwaste\metal\Metal_251.jpg,metal,trash,0.997463,False,False
data\external_test_realwaste\metal\Metal_252.jpg,metal,glass,0.944253,False,False
data\external_test_realwaste\metal\Metal_253.jpg,metal,cardboard,0.7116,False,False
data\external_test_realwaste\metal\Metal_254.jpg,metal,plastic,0.832203,False,False
data\external_test_realwaste\metal\Metal_255.jpg,metal,plastic,0.979269,False,False
data\external_test_realwaste\metal\Metal_256.jpg,metal,plastic,0.994217,False,False
data\external_test_realwaste\metal\Metal_257.jpg,metal,metal,0.998601,True,False
data\external_test_realwaste\metal\Metal_258.jpg,metal,glass,0.881716,False,False
data\external_test_realwaste\metal\Metal_259.jpg,metal,trash,0.926825,False,False
data\external_test_realwaste\metal\Metal_26.jpg,metal,metal,0.72613,True,False
data\external_test_realwaste\metal\Metal_260.jpg,metal,trash,0.528206,False,True
data\external_test_realwaste\metal\Metal_261.jpg,metal,metal,0.68402,True,False
data\external_test_realwaste\metal\Metal_262.jpg,metal,glass,0.619096,False,False
data\external_test_realwaste\metal\Metal_263.jpg,metal,glass,0.986238,False,False
data\external_test_realwaste\metal\Metal_264.jpg,metal,trash,0.9627,False,False
data\external_test_realwaste\metal\Metal_265.jpg,metal,trash,0.977121,False,False
data\external_test_realwaste\metal\Metal_266.jpg,metal,trash,0.997923,False,False
data\external_test_realwaste\metal\Metal_267.jpg,metal,glass,0.892623,False,False
data\external_test_realwaste\metal\Metal_268.jpg,metal,glass,0.991364,False,False
data\external_test_realwaste\metal\Metal_269.jpg,metal,trash,0.999761,False,False
data\external_test_realwaste\metal\Metal_27.jpg,metal,trash,0.675465,False,False
data\external_test_realwaste\metal\Metal_270.jpg,metal,trash,0.998651,False,False
data\external_test_realwaste\metal\Metal_271.jpg,metal,metal,0.41097,True,True
data\external_test_realwaste\metal\Metal_272.jpg,metal,metal,0.99992,True,False
data\external_test_realwaste\metal\Metal_273.jpg,metal,metal,0.99979,True,False
data\external_test_realwaste\metal\Metal_274.jpg,metal,metal,0.917048,True,False
data\external_test_realwaste\metal\Metal_275.jpg,metal,metal,0.987778,True,False
data\external_test_realwaste\metal\Metal_276.jpg,metal,metal,0.595325,True,True
data\external_test_realwaste\metal\Metal_277.jpg,metal,metal,0.999637,True,False
data\external_test_realwaste\metal\Metal_278.jpg,metal,plastic,0.927066,False,False
data\external_test_realwaste\metal\Metal_279.jpg,metal,glass,0.982556,False,False
data\external_test_realwaste\metal\Metal_28.jpg,metal,metal,0.891042,True,False
data\external_test_realwaste\metal\Metal_280.jpg,metal,trash,0.653889,False,False
data\external_test_realwaste\metal\Metal_281.jpg,metal,glass,0.416973,False,True
data\external_test_realwaste\metal\Metal_282.jpg,metal,trash,0.410737,False,True
data\external_test_realwaste\metal\Metal_283.jpg,metal,metal,0.84429,True,False
data\external_test_realwaste\metal\Metal_284.jpg,metal,plastic,0.933745,False,False
data\external_test_realwaste\metal\Metal_285.jpg,metal,trash,0.622724,False,False
data\external_test_realwaste\metal\Metal_286.jpg,metal,trash,0.359809,False,True
data\external_test_realwaste\metal\Metal_287.jpg,metal,metal,0.552682,True,True
data\external_test_realwaste\metal\Metal_288.jpg,metal,trash,0.556839,False,True
data\external_test_realwaste\metal\Metal_289.jpg,metal,glass,0.622324,False,False
data\external_test_realwaste\metal\Metal_29.jpg,metal,plastic,0.740917,False,False
data\external_test_realwaste\metal\Metal_290.jpg,metal,metal,0.926481,True,False
data\external_test_realwaste\metal\Metal_291.jpg,metal,metal,0.799235,True,False
data\external_test_realwaste\metal\Metal_292.jpg,metal,trash,0.636282,False,False
data\external_test_realwaste\metal\Metal_293.jpg,metal,trash,0.726392,False,False
data\external_test_realwaste\metal\Metal_294.jpg,metal,plastic,0.72286,False,False
data\external_test_realwaste\metal\Metal_295.jpg,metal,plastic,0.398383,False,True
data\external_test_realwaste\metal\Metal_296.jpg,metal,trash,0.562282,False,True
data\external_test_realwaste\metal\Metal_297.jpg,metal,plastic,0.793348,False,False
data\external_test_realwaste\metal\Metal_298.jpg,metal,trash,0.874352,False,False
data\external_test_realwaste\metal\Metal_299.jpg,metal,trash,0.618346,False,False
data\external_test_realwaste\metal\Metal_3.jpg,metal,metal,0.867323,True,False
data\external_test_realwaste\metal\Metal_30.jpg,metal,plastic,0.986025,False,False
data\external_test_realwaste\metal\Metal_300.jpg,metal,trash,0.979262,False,False
data\external_test_realwaste\metal\Metal_301.jpg,metal,metal,0.84581,True,False
data\external_test_realwaste\metal\Metal_302.jpg,metal,plastic,0.998763,False,False
data\external_test_realwaste\metal\Metal_303.jpg,metal,plastic,0.683326,False,False
data\external_test_realwaste\metal\Metal_304.jpg,metal,trash,0.956304,False,False
data\external_test_realwaste\metal\Metal_305.jpg,metal,trash,0.857525,False,False
data\external_test_realwaste\metal\Metal_306.jpg,metal,metal,0.888226,True,False
data\external_test_realwaste\metal\Metal_307.jpg,metal,trash,0.682421,False,False
data\external_test_realwaste\metal\Metal_308.jpg,metal,plastic,0.555281,False,True
data\external_test_realwaste\metal\Metal_309.jpg,metal,metal,0.398821,True,True
data\external_test_realwaste\metal\Metal_31.jpg,metal,plastic,0.501377,False,True
data\external_test_realwaste\metal\Metal_310.jpg,metal,trash,0.642336,False,False
data\external_test_realwaste\metal\Metal_311.jpg,metal,plastic,0.967514,False,False
data\external_test_realwaste\metal\Metal_312.jpg,metal,metal,0.908516,True,False
data\external_test_realwaste\metal\Metal_313.jpg,metal,trash,0.962783,False,False
data\external_test_realwaste\metal\Metal_314.jpg,metal,plastic,0.573656,False,True
data\external_test_realwaste\metal\Metal_315.jpg,metal,plastic,0.623578,False,False
data\external_test_realwaste\metal\Metal_316.jpg,metal,metal,0.486864,True,True
data\external_test_realwaste\metal\Metal_317.jpg,metal,trash,0.991061,False,False
data\external_test_realwaste\metal\Metal_318.jpg,metal,trash,0.984882,False,False
data\external_test_realwaste\metal\Metal_319.jpg,metal,trash,0.992342,False,False
data\external_test_realwaste\metal\Metal_32.jpg,metal,trash,0.619375,False,False
data\external_test_realwaste\metal\Metal_320.jpg,metal,trash,0.991993,False,False
data\external_test_realwaste\metal\Metal_321.jpg,metal,trash,0.753536,False,False
data\external_test_realwaste\metal\Metal_322.jpg,metal,trash,0.986733,False,False
data\external_test_realwaste\metal\Metal_323.jpg,metal,metal,0.903753,True,False
data\external_test_realwaste\metal\Metal_324.jpg,metal,trash,0.982407,False,False
data\external_test_realwaste\metal\Metal_325.jpg,metal,trash,0.955992,False,False
data\external_test_realwaste\metal\Metal_326.jpg,metal,trash,0.984477,False,False
data\external_test_realwaste\metal\Metal_327.jpg,metal,trash,0.44333,False,True
data\external_test_realwaste\metal\Metal_328.jpg,metal,trash,0.994116,False,False
data\external_test_realwaste\metal\Metal_329.jpg,metal,plastic,0.449721,False,True
data\external_test_realwaste\metal\Metal_33.jpg,metal,glass,0.998785,False,False
data\external_test_realwaste\metal\Metal_330.jpg,metal,trash,0.826273,False,False
data\external_test_realwaste\metal\Metal_331.jpg,metal,trash,0.682506,False,False
data\external_test_realwaste\metal\Metal_332.jpg,metal,trash,0.93714,False,False
data\external_test_realwaste\metal\Metal_333.jpg,metal,metal,0.925827,True,False
data\external_test_realwaste\metal\Metal_334.jpg,metal,trash,0.968451,False,False
data\external_test_realwaste\metal\Metal_335.jpg,metal,trash,0.970586,False,False
data\external_test_realwaste\metal\Metal_336.jpg,metal,trash,0.845941,False,False
data\external_test_realwaste\metal\Metal_337.jpg,metal,trash,0.850665,False,False
data\external_test_realwaste\metal\Metal_338.jpg,metal,metal,0.973879,True,False
data\external_test_realwaste\metal\Metal_339.jpg,metal,trash,0.76988,False,False
data\external_test_realwaste\metal\Metal_34.jpg,metal,cardboard,0.41064,False,True
data\external_test_realwaste\metal\Metal_340.jpg,metal,glass,0.616011,False,False
data\external_test_realwaste\metal\Metal_341.jpg,metal,glass,0.398929,False,True
data\external_test_realwaste\metal\Metal_342.jpg,metal,glass,0.459613,False,True
data\external_test_realwaste\metal\Metal_343.jpg,metal,cardboard,0.999589,False,False
data\external_test_realwaste\metal\Metal_344.jpg,metal,trash,0.926327,False,False
data\external_test_realwaste\metal\Metal_345.jpg,metal,trash,0.908875,False,False
data\external_test_realwaste\metal\Metal_346.jpg,metal,metal,0.999758,True,False
data\external_test_realwaste\metal\Metal_347.jpg,metal,trash,0.887372,False,False
data\external_test_realwaste\metal\Metal_348.jpg,metal,trash,0.804762,False,False
data\external_test_realwaste\metal\Metal_349.jpg,metal,trash,0.653917,False,False
data\external_test_realwaste\metal\Metal_35.jpg,metal,trash,0.983757,False,False
data\external_test_realwaste\metal\Metal_350.jpg,metal,trash,0.919532,False,False
data\external_test_realwaste\metal\Metal_351.jpg,metal,trash,0.917863,False,False
data\external_test_realwaste\metal\Metal_352.jpg,metal,metal,0.998382,True,False
data\external_test_realwaste\metal\Metal_353.jpg,metal,metal,0.940937,True,False
data\external_test_realwaste\metal\Metal_354.jpg,metal,metal,0.991657,True,False
data\external_test_realwaste\metal\Metal_355.jpg,metal,metal,0.997492,True,False
data\external_test_realwaste\metal\Metal_356.jpg,metal,metal,0.623398,True,False
data\external_test_realwaste\metal\Metal_357.jpg,metal,metal,0.99743,True,False
data\external_test_realwaste\metal\Metal_358.jpg,metal,metal,0.977154,True,False
data\external_test_realwaste\metal\Metal_359.jpg,metal,trash,0.851936,False,False
data\external_test_realwaste\metal\Metal_36.jpg,metal,glass,0.985666,False,False
data\external_test_realwaste\metal\Metal_360.jpg,metal,trash,0.981751,False,False
data\external_test_realwaste\metal\Metal_361.jpg,metal,metal,0.891839,True,False
data\external_test_realwaste\metal\Metal_362.jpg,metal,trash,0.473917,False,True
data\external_test_realwaste\metal\Metal_363.jpg,metal,trash,0.829241,False,False
data\external_test_realwaste\metal\Metal_364.jpg,metal,trash,0.99627,False,False
data\external_test_realwaste\metal\Metal_365.jpg,metal,trash,0.493537,False,True
data\external_test_realwaste\metal\Metal_366.jpg,metal,metal,0.999358,True,False
data\external_test_realwaste\metal\Metal_367.jpg,metal,trash,0.963666,False,False
data\external_test_realwaste\metal\Metal_368.jpg,metal,metal,0.975085,True,False
data\external_test_realwaste\metal\Metal_369.jpg,metal,metal,0.994089,True,False
data\external_test_realwaste\metal\Metal_37.jpg,metal,plastic,0.53726,False,True
data\external_test_realwaste\metal\Metal_370.jpg,metal,trash,0.803823,False,False
data\external_test_realwaste\metal\Metal_371.jpg,metal,trash,0.918485,False,False
data\external_test_realwaste\metal\Metal_372.jpg,metal,trash,0.694667,False,False
data\external_test_realwaste\metal\Metal_373.jpg,metal,trash,0.833661,False,False
data\external_test_realwaste\metal\Metal_374.jpg,metal,trash,0.507921,False,True
data\external_test_realwaste\metal\Metal_375.jpg,metal,trash,0.977302,False,False
data\external_test_realwaste\metal\Metal_376.jpg,metal,trash,0.999767,False,False
data\external_test_realwaste\metal\Metal_377.jpg,metal,trash,0.875254,False,False
data\external_test_realwaste\metal\Metal_378.jpg,metal,trash,0.959133,False,False
data\external_test_realwaste\metal\Metal_379.jpg,metal,trash,0.479748,False,True
data\external_test_realwaste\metal\Metal_38.jpg,metal,metal,0.694931,True,False
data\external_test_realwaste\metal\Metal_380.jpg,metal,trash,0.986211,False,False
data\external_test_realwaste\metal\Metal_381.jpg,metal,trash,0.996724,False,False
data\external_test_realwaste\metal\Metal_382.jpg,metal,trash,0.974231,False,False
data\external_test_realwaste\metal\Metal_383.jpg,metal,trash,0.845517,False,False
data\external_test_realwaste\metal\Metal_384.jpg,metal,trash,0.996009,False,False
data\external_test_realwaste\metal\Metal_385.jpg,metal,trash,0.968659,False,False
data\external_test_realwaste\metal\Metal_386.jpg,metal,trash,0.829728,False,False
data\external_test_realwaste\metal\Metal_387.jpg,metal,plastic,0.862311,False,False
data\external_test_realwaste\metal\Metal_388.jpg,metal,trash,0.981103,False,False
data\external_test_realwaste\metal\Metal_389.jpg,metal,metal,0.998771,True,False
data\external_test_realwaste\metal\Metal_39.jpg,metal,trash,0.978091,False,False
data\external_test_realwaste\metal\Metal_390.jpg,metal,metal,0.877444,True,False
data\external_test_realwaste\metal\Metal_391.jpg,metal,trash,0.919679,False,False
data\external_test_realwaste\metal\Metal_392.jpg,metal,metal,0.565262,True,True
data\external_test_realwaste\metal\Metal_393.jpg,metal,trash,0.55156,False,True
data\external_test_realwaste\metal\Metal_394.jpg,metal,cardboard,0.894138,False,False
data\external_test_realwaste\metal\Metal_395.jpg,metal,paper,0.946032,False,False
data\external_test_realwaste\metal\Metal_396.jpg,metal,trash,0.969364,False,False
data\external_test_realwaste\metal\Metal_397.jpg,metal,trash,0.678862,False,False
data\external_test_realwaste\metal\Metal_398.jpg,metal,trash,0.962122,False,False
data\external_test_realwaste\metal\Metal_399.jpg,metal,trash,0.852098,False,False
data\external_test_realwaste\metal\Metal_4.jpg,metal,metal,0.499328,True,True
data\external_test_realwaste\metal\Metal_40.jpg,metal,plastic,0.958627,False,False
data\external_test_realwaste\metal\Metal_400.jpg,metal,trash,0.881129,False,False
data\external_test_realwaste\metal\Metal_401.jpg,metal,metal,0.69231,True,False
data\external_test_realwaste\metal\Metal_402.jpg,metal,metal,0.975821,True,False
data\external_test_realwaste\metal\Metal_403.jpg,metal,metal,0.738868,True,False
data\external_test_realwaste\metal\Metal_404.jpg,metal,metal,0.96557,True,False
data\external_test_realwaste\metal\Metal_405.jpg,metal,metal,0.858615,True,False
data\external_test_realwaste\metal\Metal_406.jpg,metal,trash,0.720547,False,False
data\external_test_realwaste\metal\Metal_407.jpg,metal,metal,0.963089,True,False
data\external_test_realwaste\metal\Metal_408.jpg,metal,trash,0.69272,False,False
data\external_test_realwaste\metal\Metal_409.jpg,metal,trash,0.993414,False,False
data\external_test_realwaste\metal\Metal_41.jpg,metal,metal,0.984464,True,False
data\external_test_realwaste\metal\Metal_410.jpg,metal,trash,0.538976,False,True
data\external_test_realwaste\metal\Metal_411.jpg,metal,plastic,0.851868,False,False
data\external_test_realwaste\metal\Metal_412.jpg,metal,metal,0.998947,True,False
data\external_test_realwaste\metal\Metal_413.jpg,metal,trash,0.586183,False,True
data\external_test_realwaste\metal\Metal_414.jpg,metal,trash,0.99444,False,False
data\external_test_realwaste\metal\Metal_415.jpg,metal,metal,0.534364,True,True
data\external_test_realwaste\metal\Metal_416.jpg,metal,metal,0.560595,True,True
data\external_test_realwaste\metal\Metal_417.jpg,metal,trash,0.499106,False,True
data\external_test_realwaste\metal\Metal_418.jpg,metal,trash,0.758948,False,False
data\external_test_realwaste\metal\Metal_419.jpg,metal,trash,0.730815,False,False
data\external_test_realwaste\metal\Metal_42.jpg,metal,metal,0.44678,True,True
data\external_test_realwaste\metal\Metal_420.jpg,metal,trash,0.997865,False,False
data\external_test_realwaste\metal\Metal_421.jpg,metal,trash,0.981874,False,False
data\external_test_realwaste\metal\Metal_422.jpg,metal,trash,0.949117,False,False
data\external_test_realwaste\metal\Metal_423.jpg,metal,trash,0.813728,False,False
data\external_test_realwaste\metal\Metal_424.jpg,metal,trash,0.959549,False,False
data\external_test_realwaste\metal\Metal_425.jpg,metal,trash,0.545865,False,True
data\external_test_realwaste\metal\Metal_426.jpg,metal,metal,0.720288,True,False
data\external_test_realwaste\metal\Metal_427.jpg,metal,metal,0.952609,True,False
data\external_test_realwaste\metal\Metal_428.jpg,metal,metal,0.694046,True,False
data\external_test_realwaste\metal\Metal_429.jpg,metal,trash,0.576734,False,True
data\external_test_realwaste\metal\Metal_43.jpg,metal,metal,0.999736,True,False
data\external_test_realwaste\metal\Metal_430.jpg,metal,metal,0.962428,True,False
data\external_test_realwaste\metal\Metal_431.jpg,metal,metal,0.951396,True,False
data\external_test_realwaste\metal\Metal_432.jpg,metal,metal,0.500536,True,True
data\external_test_realwaste\metal\Metal_433.jpg,metal,trash,0.984002,False,False
data\external_test_realwaste\metal\Metal_434.jpg,metal,paper,0.748179,False,False
data\external_test_realwaste\metal\Metal_435.jpg,metal,trash,0.76944,False,False
data\external_test_realwaste\metal\Metal_436.jpg,metal,trash,0.969983,False,False
data\external_test_realwaste\metal\Metal_437.jpg,metal,trash,0.980636,False,False
data\external_test_realwaste\metal\Metal_438.jpg,metal,metal,0.752949,True,False
data\external_test_realwaste\metal\Metal_439.jpg,metal,metal,0.995304,True,False
data\external_test_realwaste\metal\Metal_44.jpg,metal,metal,0.836607,True,False
data\external_test_realwaste\metal\Metal_440.jpg,metal,metal,0.884885,True,False
data\external_test_realwaste\metal\Metal_441.jpg,metal,metal,0.999492,True,False
data\external_test_realwaste\metal\Metal_442.jpg,metal,metal,0.9875,True,False
data\external_test_realwaste\metal\Metal_443.jpg,metal,trash,0.575169,False,True
data\external_test_realwaste\metal\Metal_444.jpg,metal,trash,0.89384,False,False
data\external_test_realwaste\metal\Metal_445.jpg,metal,metal,0.999962,True,False
data\external_test_realwaste\metal\Metal_446.jpg,metal,paper,0.798506,False,False
data\external_test_realwaste\metal\Metal_447.jpg,metal,metal,0.951127,True,False
data\external_test_realwaste\metal\Metal_448.jpg,metal,metal,0.996808,True,False
data\external_test_realwaste\metal\Metal_449.jpg,metal,metal,0.996952,True,False
data\external_test_realwaste\metal\Metal_45.jpg,metal,metal,0.734114,True,False
data\external_test_realwaste\metal\Metal_450.jpg,metal,trash,0.743208,False,False
data\external_test_realwaste\metal\Metal_451.jpg,metal,metal,0.994711,True,False
data\external_test_realwaste\metal\Metal_452.jpg,metal,metal,0.829118,True,False
data\external_test_realwaste\metal\Metal_453.jpg,metal,plastic,0.725796,False,False
data\external_test_realwaste\metal\Metal_454.jpg,metal,metal,0.722637,True,False
data\external_test_realwaste\metal\Metal_455.jpg,metal,glass,0.756067,False,False
data\external_test_realwaste\metal\Metal_456.jpg,metal,metal,0.96809,True,False
data\external_test_realwaste\metal\Metal_457.jpg,metal,trash,0.970878,False,False
data\external_test_realwaste\metal\Metal_458.jpg,metal,metal,0.783282,True,False
data\external_test_realwaste\metal\Metal_459.jpg,metal,trash,0.995656,False,False
data\external_test_realwaste\metal\Metal_46.jpg,metal,metal,0.654764,True,False
data\external_test_realwaste\metal\Metal_460.jpg,metal,metal,0.9736,True,False
data\external_test_realwaste\metal\Metal_461.jpg,metal,trash,0.901092,False,False
data\external_test_realwaste\metal\Metal_462.jpg,metal,trash,0.850908,False,False
data\external_test_realwaste\metal\Metal_463.jpg,metal,trash,0.998345,False,False
data\external_test_realwaste\metal\Metal_464.jpg,metal,plastic,0.647274,False,False
data\external_test_realwaste\metal\Metal_465.jpg,metal,metal,0.362806,True,True
data\external_test_realwaste\metal\Metal_466.jpg,metal,metal,0.56207,True,True
data\external_test_realwaste\metal\Metal_467.jpg,metal,metal,0.777322,True,False
data\external_test_realwaste\metal\Metal_468.jpg,metal,trash,0.675615,False,False
data\external_test_realwaste\metal\Metal_469.jpg,metal,metal,0.601969,True,False
data\external_test_realwaste\metal\Metal_47.jpg,metal,metal,0.76373,True,False
data\external_test_realwaste\metal\Metal_470.jpg,metal,metal,0.723754,True,False
data\external_test_realwaste\metal\Metal_471.jpg,metal,trash,0.952922,False,False
data\external_test_realwaste\metal\Metal_472.jpg,metal,metal,0.945369,True,False
data\external_test_realwaste\metal\Metal_473.jpg,metal,trash,0.696692,False,False
data\external_test_realwaste\metal\Metal_474.jpg,metal,trash,0.627275,False,False
data\external_test_realwaste\metal\Metal_475.jpg,metal,glass,0.776958,False,False
data\external_test_realwaste\metal\Metal_476.jpg,metal,plastic,0.865407,False,False
data\external_test_realwaste\metal\Metal_477.jpg,metal,glass,0.49387,False,True
data\external_test_realwaste\metal\Metal_478.jpg,metal,plastic,0.463349,False,True
data\external_test_realwaste\metal\Metal_479.jpg,metal,metal,0.681184,True,False
data\external_test_realwaste\metal\Metal_48.jpg,metal,glass,0.275531,False,True
data\external_test_realwaste\metal\Metal_480.jpg,metal,paper,0.623523,False,False
data\external_test_realwaste\metal\Metal_481.jpg,metal,metal,0.987169,True,False
data\external_test_realwaste\metal\Metal_482.jpg,metal,trash,0.813594,False,False
data\external_test_realwaste\metal\Metal_483.jpg,metal,plastic,0.632536,False,False
data\external_test_realwaste\metal\Metal_484.jpg,metal,metal,0.777617,True,False
data\external_test_realwaste\metal\Metal_485.jpg,metal,metal,0.951471,True,False
data\external_test_realwaste\metal\Metal_486.jpg,metal,metal,0.991141,True,False
data\external_test_realwaste\metal\Metal_487.jpg,metal,metal,0.930696,True,False
data\external_test_realwaste\metal\Metal_488.jpg,metal,metal,0.923925,True,False
data\external_test_realwaste\metal\Metal_489.jpg,metal,metal,0.826755,True,False
data\external_test_realwaste\metal\Metal_49.jpg,metal,metal,0.999622,True,False
data\external_test_realwaste\metal\Metal_490.jpg,metal,metal,0.970762,True,False
data\external_test_realwaste\metal\Metal_491.jpg,metal,trash,0.977004,False,False
data\external_test_realwaste\metal\Metal_492.jpg,metal,trash,0.732364,False,False
data\external_test_realwaste\metal\Metal_493.jpg,metal,metal,0.999134,True,False
data\external_test_realwaste\metal\Metal_494.jpg,metal,metal,0.920678,True,False
data\external_test_realwaste\metal\Metal_495.jpg,metal,glass,0.918073,False,False
data\external_test_realwaste\metal\Metal_496.jpg,metal,trash,0.78782,False,False
data\external_test_realwaste\metal\Metal_497.jpg,metal,trash,0.824782,False,False
data\external_test_realwaste\metal\Metal_498.jpg,metal,metal,0.833365,True,False
data\external_test_realwaste\metal\Metal_499.jpg,metal,metal,0.89946,True,False
data\external_test_realwaste\metal\Metal_5.jpg,metal,metal,0.847623,True,False
data\external_test_realwaste\metal\Metal_50.jpg,metal,metal,0.998099,True,False
data\external_test_realwaste\metal\Metal_500.jpg,metal,metal,0.615248,True,False
data\external_test_realwaste\metal\Metal_501.jpg,metal,metal,0.986776,True,False
data\external_test_realwaste\metal\Metal_502.jpg,metal,metal,0.546915,True,True
data\external_test_realwaste\metal\Metal_503.jpg,metal,trash,0.458342,False,True
data\external_test_realwaste\metal\Metal_504.jpg,metal,plastic,0.51226,False,True
data\external_test_realwaste\metal\Metal_505.jpg,metal,trash,0.943181,False,False
data\external_test_realwaste\metal\Metal_506.jpg,metal,trash,0.979021,False,False
data\external_test_realwaste\metal\Metal_507.jpg,metal,trash,0.792691,False,False
data\external_test_realwaste\metal\Metal_508.jpg,metal,trash,0.998746,False,False
data\external_test_realwaste\metal\Metal_509.jpg,metal,trash,0.942697,False,False
data\external_test_realwaste\metal\Metal_51.jpg,metal,metal,0.627854,True,False
data\external_test_realwaste\metal\Metal_510.jpg,metal,metal,0.872489,True,False
data\external_test_realwaste\metal\Metal_511.jpg,metal,plastic,0.445552,False,True
data\external_test_realwaste\metal\Metal_512.jpg,metal,metal,0.982677,True,False
data\external_test_realwaste\metal\Metal_513.jpg,metal,metal,0.996864,True,False
data\external_test_realwaste\metal\Metal_514.jpg,metal,trash,0.830974,False,False
data\external_test_realwaste\metal\Metal_515.jpg,metal,cardboard,0.866522,False,False
data\external_test_realwaste\metal\Metal_516.jpg,metal,trash,0.423798,False,True
data\external_test_realwaste\metal\Metal_517.jpg,metal,trash,0.637329,False,False
data\external_test_realwaste\metal\Metal_518.jpg,metal,glass,0.501927,False,True
data\external_test_realwaste\metal\Metal_519.jpg,metal,cardboard,0.695673,False,False
data\external_test_realwaste\metal\Metal_52.jpg,metal,metal,0.988235,True,False
data\external_test_realwaste\metal\Metal_520.jpg,metal,trash,0.897966,False,False
data\external_test_realwaste\metal\Metal_521.jpg,metal,trash,0.981997,False,False
data\external_test_realwaste\metal\Metal_522.jpg,metal,trash,0.779557,False,False
data\external_test_realwaste\metal\Metal_523.jpg,metal,trash,0.790298,False,False
data\external_test_realwaste\metal\Metal_524.jpg,metal,plastic,0.499684,False,True
data\external_test_realwaste\metal\Metal_525.jpg,metal,glass,0.512834,False,True
data\external_test_realwaste\metal\Metal_526.jpg,metal,paper,0.864525,False,False
data\external_test_realwaste\metal\Metal_527.jpg,metal,metal,0.31228,True,True
data\external_test_realwaste\metal\Metal_528.jpg,metal,trash,0.773701,False,False
data\external_test_realwaste\metal\Metal_529.jpg,metal,trash,0.8222,False,False
data\external_test_realwaste\metal\Metal_53.jpg,metal,metal,0.76101,True,False
data\external_test_realwaste\metal\Metal_530.jpg,metal,metal,0.786528,True,False
data\external_test_realwaste\metal\Metal_531.jpg,metal,trash,0.822817,False,False
data\external_test_realwaste\metal\Metal_532.jpg,metal,metal,0.956182,True,False
data\external_test_realwaste\metal\Metal_533.jpg,metal,plastic,0.780516,False,False
data\external_test_realwaste\metal\Metal_534.jpg,metal,metal,0.999135,True,False
data\external_test_realwaste\metal\Metal_535.jpg,metal,trash,0.669813,False,False
data\external_test_realwaste\metal\Metal_536.jpg,metal,metal,0.736163,True,False
data\external_test_realwaste\metal\Metal_537.jpg,metal,glass,0.531069,False,True
data\external_test_realwaste\metal\Metal_538.jpg,metal,trash,0.92891,False,False
data\external_test_realwaste\metal\Metal_539.jpg,metal,trash,0.982482,False,False
data\external_test_realwaste\metal\Metal_54.jpg,metal,metal,0.827835,True,False
data\external_test_realwaste\metal\Metal_540.jpg,metal,metal,0.988651,True,False
data\external_test_realwaste\metal\Metal_541.jpg,metal,plastic,0.544629,False,True
data\external_test_realwaste\metal\Metal_542.jpg,metal,metal,0.53499,True,True
data\external_test_realwaste\metal\Metal_543.jpg,metal,trash,0.950227,False,False
data\external_test_realwaste\metal\Metal_544.jpg,metal,trash,0.527589,False,True
data\external_test_realwaste\metal\Metal_545.jpg,metal,metal,0.999483,True,False
data\external_test_realwaste\metal\Metal_546.jpg,metal,trash,0.942315,False,False
data\external_test_realwaste\metal\Metal_547.jpg,metal,trash,0.98976,False,False
data\external_test_realwaste\metal\Metal_548.jpg,metal,trash,0.930507,False,False
data\external_test_realwaste\metal\Metal_549.jpg,metal,trash,0.962365,False,False
data\external_test_realwaste\metal\Metal_55.jpg,metal,metal,0.99876,True,False
data\external_test_realwaste\metal\Metal_550.jpg,metal,metal,0.966351,True,False
data\external_test_realwaste\metal\Metal_551.jpg,metal,glass,0.672879,False,False
data\external_test_realwaste\metal\Metal_552.jpg,metal,metal,0.928436,True,False
data\external_test_realwaste\metal\Metal_553.jpg,metal,trash,0.891482,False,False
data\external_test_realwaste\metal\Metal_554.jpg,metal,trash,0.876108,False,False
data\external_test_realwaste\metal\Metal_555.jpg,metal,trash,0.945966,False,False
data\external_test_realwaste\metal\Metal_556.jpg,metal,metal,0.998957,True,False
data\external_test_realwaste\metal\Metal_557.jpg,metal,metal,0.999431,True,False
data\external_test_realwaste\metal\Metal_558.jpg,metal,trash,0.785326,False,False
data\external_test_realwaste\metal\Metal_559.jpg,metal,trash,0.434584,False,True
data\external_test_realwaste\metal\Metal_56.jpg,metal,metal,0.994899,True,False
data\external_test_realwaste\metal\Metal_560.jpg,metal,trash,0.998798,False,False
data\external_test_realwaste\metal\Metal_561.jpg,metal,trash,0.959149,False,False
data\external_test_realwaste\metal\Metal_562.jpg,metal,trash,0.99054,False,False
data\external_test_realwaste\metal\Metal_563.jpg,metal,trash,0.986075,False,False
data\external_test_realwaste\metal\Metal_564.jpg,metal,trash,0.801622,False,False
data\external_test_realwaste\metal\Metal_565.jpg,metal,trash,0.940223,False,False
data\external_test_realwaste\metal\Metal_566.jpg,metal,trash,0.791459,False,False
data\external_test_realwaste\metal\Metal_567.jpg,metal,glass,0.648641,False,False
data\external_test_realwaste\metal\Metal_568.jpg,metal,metal,0.961446,True,False
data\external_test_realwaste\metal\Metal_569.jpg,metal,trash,0.53444,False,True
data\external_test_realwaste\metal\Metal_57.jpg,metal,metal,0.92828,True,False
data\external_test_realwaste\metal\Metal_570.jpg,metal,glass,0.637387,False,False
data\external_test_realwaste\metal\Metal_571.jpg,metal,trash,0.974739,False,False
data\external_test_realwaste\metal\Metal_572.jpg,metal,trash,0.786316,False,False
data\external_test_realwaste\metal\Metal_573.jpg,metal,trash,0.738113,False,False
data\external_test_realwaste\metal\Metal_574.jpg,metal,glass,0.386276,False,True
data\external_test_realwaste\metal\Metal_575.jpg,metal,trash,0.968461,False,False
data\external_test_realwaste\metal\Metal_576.jpg,metal,cardboard,0.897849,False,False
data\external_test_realwaste\metal\Metal_577.jpg,metal,cardboard,0.91312,False,False
data\external_test_realwaste\metal\Metal_578.jpg,metal,glass,0.419345,False,True
data\external_test_realwaste\metal\Metal_579.jpg,metal,metal,0.996804,True,False
data\external_test_realwaste\metal\Metal_58.jpg,metal,metal,0.926975,True,False
data\external_test_realwaste\metal\Metal_580.jpg,metal,plastic,0.951411,False,False
data\external_test_realwaste\metal\Metal_581.jpg,metal,plastic,0.662901,False,False
data\external_test_realwaste\metal\Metal_582.jpg,metal,metal,0.767746,True,False
data\external_test_realwaste\metal\Metal_583.jpg,metal,plastic,0.640149,False,False
data\external_test_realwaste\metal\Metal_584.jpg,metal,plastic,0.800536,False,False
data\external_test_realwaste\metal\Metal_585.jpg,metal,trash,0.848249,False,False
data\external_test_realwaste\metal\Metal_586.jpg,metal,trash,0.971231,False,False
data\external_test_realwaste\metal\Metal_587.jpg,metal,trash,0.861738,False,False
data\external_test_realwaste\metal\Metal_588.jpg,metal,trash,0.796974,False,False
data\external_test_realwaste\metal\Metal_589.jpg,metal,trash,0.985734,False,False
data\external_test_realwaste\metal\Metal_59.jpg,metal,metal,0.999245,True,False
data\external_test_realwaste\metal\Metal_590.jpg,metal,metal,0.999762,True,False
data\external_test_realwaste\metal\Metal_591.jpg,metal,trash,0.875565,False,False
data\external_test_realwaste\metal\Metal_592.jpg,metal,trash,0.802647,False,False
data\external_test_realwaste\metal\Metal_593.jpg,metal,trash,0.929048,False,False
data\external_test_realwaste\metal\Metal_594.jpg,metal,trash,0.948887,False,False
data\external_test_realwaste\metal\Metal_595.jpg,metal,trash,0.82029,False,False
data\external_test_realwaste\metal\Metal_596.jpg,metal,metal,0.978321,True,False
data\external_test_realwaste\metal\Metal_597.jpg,metal,trash,0.73225,False,False
data\external_test_realwaste\metal\Metal_598.jpg,metal,metal,0.497518,True,True
data\external_test_realwaste\metal\Metal_599.jpg,metal,plastic,0.62446,False,False
data\external_test_realwaste\metal\Metal_6.jpg,metal,metal,0.862847,True,False
data\external_test_realwaste\metal\Metal_60.jpg,metal,trash,0.656253,False,False
data\external_test_realwaste\metal\Metal_600.jpg,metal,trash,0.760035,False,False
data\external_test_realwaste\metal\Metal_601.jpg,metal,metal,0.983562,True,False
data\external_test_realwaste\metal\Metal_602.jpg,metal,trash,0.952578,False,False
data\external_test_realwaste\metal\Metal_603.jpg,metal,metal,0.829043,True,False
data\external_test_realwaste\metal\Metal_604.jpg,metal,plastic,0.521667,False,True
data\external_test_realwaste\metal\Metal_605.jpg,metal,plastic,0.968414,False,False
data\external_test_realwaste\metal\Metal_606.jpg,metal,metal,0.999446,True,False
data\external_test_realwaste\metal\Metal_607.jpg,metal,metal,0.766519,True,False
data\external_test_realwaste\metal\Metal_608.jpg,metal,trash,0.585376,False,True
data\external_test_realwaste\metal\Metal_609.jpg,metal,metal,0.731036,True,False
data\external_test_realwaste\metal\Metal_61.jpg,metal,metal,0.878652,True,False
data\external_test_realwaste\metal\Metal_610.jpg,metal,metal,0.855653,True,False
data\external_test_realwaste\metal\Metal_611.jpg,metal,metal,0.994266,True,False
data\external_test_realwaste\metal\Metal_612.jpg,metal,metal,0.999771,True,False
data\external_test_realwaste\metal\Metal_613.jpg,metal,trash,0.993407,False,False
data\external_test_realwaste\metal\Metal_614.jpg,metal,trash,0.537287,False,True
data\external_test_realwaste\metal\Metal_615.jpg,metal,trash,0.718025,False,False
data\external_test_realwaste\metal\Metal_616.jpg,metal,trash,0.966911,False,False
data\external_test_realwaste\metal\Metal_617.jpg,metal,metal,0.452912,True,True
data\external_test_realwaste\metal\Metal_618.jpg,metal,metal,0.999032,True,False
data\external_test_realwaste\metal\Metal_619.jpg,metal,cardboard,0.998574,False,False
data\external_test_realwaste\metal\Metal_62.jpg,metal,plastic,0.999271,False,False
data\external_test_realwaste\metal\Metal_620.jpg,metal,trash,0.909791,False,False
data\external_test_realwaste\metal\Metal_621.jpg,metal,trash,0.978735,False,False
data\external_test_realwaste\metal\Metal_622.jpg,metal,trash,0.999072,False,False
data\external_test_realwaste\metal\Metal_623.jpg,metal,metal,0.996346,True,False
data\external_test_realwaste\metal\Metal_624.jpg,metal,trash,0.996089,False,False
data\external_test_realwaste\metal\Metal_625.jpg,metal,trash,0.990521,False,False
data\external_test_realwaste\metal\Metal_626.jpg,metal,trash,0.986581,False,False
data\external_test_realwaste\metal\Metal_627.jpg,metal,metal,0.605256,True,False
data\external_test_realwaste\metal\Metal_628.jpg,metal,trash,0.911959,False,False
data\external_test_realwaste\metal\Metal_629.jpg,metal,trash,0.778458,False,False
data\external_test_realwaste\metal\Metal_63.jpg,metal,metal,0.828218,True,False
data\external_test_realwaste\metal\Metal_630.jpg,metal,trash,0.548468,False,True
data\external_test_realwaste\metal\Metal_631.jpg,metal,trash,0.9085,False,False
data\external_test_realwaste\metal\Metal_632.jpg,metal,trash,0.915435,False,False
data\external_test_realwaste\metal\Metal_633.jpg,metal,trash,0.99734,False,False
data\external_test_realwaste\metal\Metal_634.jpg,metal,metal,0.998035,True,False
data\external_test_realwaste\metal\Metal_635.jpg,metal,trash,0.980887,False,False
data\external_test_realwaste\metal\Metal_636.jpg,metal,trash,0.997538,False,False
data\external_test_realwaste\metal\Metal_637.jpg,metal,trash,0.856196,False,False
data\external_test_realwaste\metal\Metal_638.jpg,metal,metal,0.855242,True,False
data\external_test_realwaste\metal\Metal_639.jpg,metal,trash,0.967562,False,False
data\external_test_realwaste\metal\Metal_64.jpg,metal,trash,0.709657,False,False
data\external_test_realwaste\metal\Metal_640.jpg,metal,trash,0.635134,False,False
data\external_test_realwaste\metal\Metal_641.jpg,metal,metal,0.685119,True,False
data\external_test_realwaste\metal\Metal_642.jpg,metal,metal,0.774685,True,False
data\external_test_realwaste\metal\Metal_643.jpg,metal,trash,0.479458,False,True
data\external_test_realwaste\metal\Metal_644.jpg,metal,plastic,0.427387,False,True
data\external_test_realwaste\metal\Metal_645.jpg,metal,trash,0.476677,False,True
data\external_test_realwaste\metal\Metal_646.jpg,metal,metal,0.981247,True,False
data\external_test_realwaste\metal\Metal_647.jpg,metal,metal,0.940489,True,False
data\external_test_realwaste\metal\Metal_648.jpg,metal,metal,0.990438,True,False
data\external_test_realwaste\metal\Metal_649.jpg,metal,trash,0.965533,False,False
data\external_test_realwaste\metal\Metal_65.jpg,metal,metal,0.484145,True,True
data\external_test_realwaste\metal\Metal_650.jpg,metal,metal,0.986073,True,False
data\external_test_realwaste\metal\Metal_651.jpg,metal,metal,0.903539,True,False
data\external_test_realwaste\metal\Metal_652.jpg,metal,metal,0.954345,True,False
data\external_test_realwaste\metal\Metal_653.jpg,metal,cardboard,0.959631,False,False
data\external_test_realwaste\metal\Metal_654.jpg,metal,metal,0.999022,True,False
data\external_test_realwaste\metal\Metal_655.jpg,metal,metal,0.86212,True,False
data\external_test_realwaste\metal\Metal_656.jpg,metal,metal,0.999949,True,False
data\external_test_realwaste\metal\Metal_657.jpg,metal,trash,0.580315,False,True
data\external_test_realwaste\metal\Metal_658.jpg,metal,metal,0.945316,True,False
data\external_test_realwaste\metal\Metal_659.jpg,metal,trash,0.972401,False,False
data\external_test_realwaste\metal\Metal_66.jpg,metal,metal,0.977706,True,False
data\external_test_realwaste\metal\Metal_660.jpg,metal,trash,0.745389,False,False
data\external_test_realwaste\metal\Metal_661.jpg,metal,metal,0.443862,True,True
data\external_test_realwaste\metal\Metal_662.jpg,metal,plastic,0.890663,False,False
data\external_test_realwaste\metal\Metal_663.jpg,metal,trash,0.70714,False,False
data\external_test_realwaste\metal\Metal_664.jpg,metal,trash,0.969704,False,False
data\external_test_realwaste\metal\Metal_665.jpg,metal,trash,0.873661,False,False
data\external_test_realwaste\metal\Metal_666.jpg,metal,trash,0.882919,False,False
data\external_test_realwaste\metal\Metal_667.jpg,metal,metal,0.992231,True,False
data\external_test_realwaste\metal\Metal_668.jpg,metal,trash,0.53313,False,True
data\external_test_realwaste\metal\Metal_669.jpg,metal,trash,0.84082,False,False
data\external_test_realwaste\metal\Metal_67.jpg,metal,glass,0.723714,False,False
data\external_test_realwaste\metal\Metal_670.jpg,metal,cardboard,0.99728,False,False
data\external_test_realwaste\metal\Metal_671.jpg,metal,metal,0.629322,True,False
data\external_test_realwaste\metal\Metal_672.jpg,metal,trash,0.776835,False,False
data\external_test_realwaste\metal\Metal_673.jpg,metal,trash,0.862521,False,False
data\external_test_realwaste\metal\Metal_674.jpg,metal,metal,0.995536,True,False
data\external_test_realwaste\metal\Metal_675.jpg,metal,metal,0.501555,True,True
data\external_test_realwaste\metal\Metal_676.jpg,metal,metal,0.366103,True,True
data\external_test_realwaste\metal\Metal_677.jpg,metal,plastic,0.797408,False,False
data\external_test_realwaste\metal\Metal_678.jpg,metal,plastic,0.740745,False,False
data\external_test_realwaste\metal\Metal_679.jpg,metal,metal,0.803638,True,False
data\external_test_realwaste\metal\Metal_68.jpg,metal,metal,0.99992,True,False
data\external_test_realwaste\metal\Metal_680.jpg,metal,trash,0.980629,False,False
data\external_test_realwaste\metal\Metal_681.jpg,metal,trash,0.486199,False,True
data\external_test_realwaste\metal\Metal_682.jpg,metal,metal,0.437377,True,True
data\external_test_realwaste\metal\Metal_683.jpg,metal,plastic,0.519072,False,True
data\external_test_realwaste\metal\Metal_684.jpg,metal,trash,0.860944,False,False
data\external_test_realwaste\metal\Metal_685.jpg,metal,trash,0.67118,False,False
data\external_test_realwaste\metal\Metal_686.jpg,metal,metal,0.998992,True,False
data\external_test_realwaste\metal\Metal_687.jpg,metal,metal,0.998437,True,False
data\external_test_realwaste\metal\Metal_688.jpg,metal,metal,0.775237,True,False
data\external_test_realwaste\metal\Metal_689.jpg,metal,plastic,0.861311,False,False
data\external_test_realwaste\metal\Metal_69.jpg,metal,metal,0.460923,True,True
data\external_test_realwaste\metal\Metal_690.jpg,metal,metal,0.998859,True,False
data\external_test_realwaste\metal\Metal_691.jpg,metal,glass,0.960146,False,False
data\external_test_realwaste\metal\Metal_692.jpg,metal,metal,0.663305,True,False
data\external_test_realwaste\metal\Metal_693.jpg,metal,metal,0.948174,True,False
data\external_test_realwaste\metal\Metal_694.jpg,metal,metal,0.999794,True,False
data\external_test_realwaste\metal\Metal_695.jpg,metal,metal,0.998595,True,False
data\external_test_realwaste\metal\Metal_696.jpg,metal,metal,0.941575,True,False
data\external_test_realwaste\metal\Metal_697.jpg,metal,metal,0.999915,True,False
data\external_test_realwaste\metal\Metal_698.jpg,metal,metal,0.982361,True,False
data\external_test_realwaste\metal\Metal_699.jpg,metal,metal,0.782283,True,False
data\external_test_realwaste\metal\Metal_7.jpg,metal,metal,0.616602,True,False
data\external_test_realwaste\metal\Metal_70.jpg,metal,metal,0.999696,True,False
data\external_test_realwaste\metal\Metal_700.jpg,metal,metal,0.876058,True,False
data\external_test_realwaste\metal\Metal_701.jpg,metal,metal,0.960332,True,False
data\external_test_realwaste\metal\Metal_702.jpg,metal,glass,0.732648,False,False
data\external_test_realwaste\metal\Metal_703.jpg,metal,metal,0.984252,True,False
data\external_test_realwaste\metal\Metal_704.jpg,metal,metal,0.948054,True,False
data\external_test_realwaste\metal\Metal_705.jpg,metal,trash,0.529458,False,True
data\external_test_realwaste\metal\Metal_706.jpg,metal,metal,0.347893,True,True
data\external_test_realwaste\metal\Metal_707.jpg,metal,metal,0.640835,True,False
data\external_test_realwaste\metal\Metal_708.jpg,metal,trash,0.99404,False,False
data\external_test_realwaste\metal\Metal_709.jpg,metal,metal,0.54086,True,True
data\external_test_realwaste\metal\Metal_71.jpg,metal,plastic,0.874728,False,False
data\external_test_realwaste\metal\Metal_710.jpg,metal,glass,0.88537,False,False
data\external_test_realwaste\metal\Metal_711.jpg,metal,glass,0.951414,False,False
data\external_test_realwaste\metal\Metal_712.jpg,metal,metal,0.996313,True,False
data\external_test_realwaste\metal\Metal_713.jpg,metal,glass,0.981508,False,False
data\external_test_realwaste\metal\Metal_714.jpg,metal,plastic,0.620753,False,False
data\external_test_realwaste\metal\Metal_715.jpg,metal,trash,0.895872,False,False
data\external_test_realwaste\metal\Metal_716.jpg,metal,metal,0.450751,True,True
data\external_test_realwaste\metal\Metal_717.jpg,metal,glass,0.887288,False,False
data\external_test_realwaste\metal\Metal_718.jpg,metal,metal,0.757243,True,False
data\external_test_realwaste\metal\Metal_719.jpg,metal,metal,0.957263,True,False
data\external_test_realwaste\metal\Metal_72.jpg,metal,metal,0.989695,True,False
data\external_test_realwaste\metal\Metal_720.jpg,metal,plastic,0.79398,False,False
data\external_test_realwaste\metal\Metal_721.jpg,metal,plastic,0.757976,False,False
data\external_test_realwaste\metal\Metal_722.jpg,metal,metal,0.801353,True,False
data\external_test_realwaste\metal\Metal_723.jpg,metal,trash,0.846115,False,False
data\external_test_realwaste\metal\Metal_724.jpg,metal,metal,0.911613,True,False
data\external_test_realwaste\metal\Metal_725.jpg,metal,metal,0.993316,True,False
data\external_test_realwaste\metal\Metal_726.jpg,metal,plastic,0.600269,False,False
data\external_test_realwaste\metal\Metal_727.jpg,metal,trash,0.616369,False,False
data\external_test_realwaste\metal\Metal_728.jpg,metal,metal,0.690779,True,False
data\external_test_realwaste\metal\Metal_729.jpg,metal,trash,0.923993,False,False
data\external_test_realwaste\metal\Metal_73.jpg,metal,metal,0.574046,True,True
data\external_test_realwaste\metal\Metal_730.jpg,metal,metal,0.811188,True,False
data\external_test_realwaste\metal\Metal_731.jpg,metal,plastic,0.894217,False,False
data\external_test_realwaste\metal\Metal_732.jpg,metal,trash,0.571207,False,True
data\external_test_realwaste\metal\Metal_733.jpg,metal,plastic,0.748363,False,False
data\external_test_realwaste\metal\Metal_734.jpg,metal,trash,0.795437,False,False
data\external_test_realwaste\metal\Metal_735.jpg,metal,metal,0.703104,True,False
data\external_test_realwaste\metal\Metal_736.jpg,metal,trash,0.485413,False,True
data\external_test_realwaste\metal\Metal_737.jpg,metal,glass,0.847919,False,False
data\external_test_realwaste\metal\Metal_738.jpg,metal,metal,0.728926,True,False
data\external_test_realwaste\metal\Metal_739.jpg,metal,metal,0.652512,True,False
data\external_test_realwaste\metal\Metal_74.jpg,metal,plastic,0.828015,False,False
data\external_test_realwaste\metal\Metal_740.jpg,metal,trash,0.920011,False,False
data\external_test_realwaste\metal\Metal_741.jpg,metal,metal,0.679913,True,False
data\external_test_realwaste\metal\Metal_742.jpg,metal,metal,0.983219,True,False
data\external_test_realwaste\metal\Metal_743.jpg,metal,metal,0.963267,True,False
data\external_test_realwaste\metal\Metal_744.jpg,metal,metal,0.999742,True,False
data\external_test_realwaste\metal\Metal_745.jpg,metal,metal,0.585833,True,True
data\external_test_realwaste\metal\Metal_746.jpg,metal,plastic,0.833683,False,False
data\external_test_realwaste\metal\Metal_747.jpg,metal,glass,0.583188,False,True
data\external_test_realwaste\metal\Metal_748.jpg,metal,trash,0.402524,False,True
data\external_test_realwaste\metal\Metal_749.jpg,metal,trash,0.592312,False,True
data\external_test_realwaste\metal\Metal_75.jpg,metal,metal,0.997535,True,False
data\external_test_realwaste\metal\Metal_750.jpg,metal,metal,0.999908,True,False
data\external_test_realwaste\metal\Metal_751.jpg,metal,trash,0.998246,False,False
data\external_test_realwaste\metal\Metal_752.jpg,metal,trash,0.998754,False,False
data\external_test_realwaste\metal\Metal_753.jpg,metal,trash,0.990933,False,False
data\external_test_realwaste\metal\Metal_754.jpg,metal,trash,0.985642,False,False
data\external_test_realwaste\metal\Metal_755.jpg,metal,trash,0.913185,False,False
data\external_test_realwaste\metal\Metal_756.jpg,metal,metal,0.399969,True,True
data\external_test_realwaste\metal\Metal_757.jpg,metal,plastic,0.698675,False,False
data\external_test_realwaste\metal\Metal_758.jpg,metal,metal,0.826569,True,False
data\external_test_realwaste\metal\Metal_759.jpg,metal,metal,0.971812,True,False
data\external_test_realwaste\metal\Metal_76.jpg,metal,metal,0.998399,True,False
data\external_test_realwaste\metal\Metal_760.jpg,metal,plastic,0.557511,False,True
data\external_test_realwaste\metal\Metal_761.jpg,metal,plastic,0.896555,False,False
data\external_test_realwaste\metal\Metal_762.jpg,metal,glass,0.453756,False,True
data\external_test_realwaste\metal\Metal_763.jpg,metal,metal,0.999163,True,False
data\external_test_realwaste\metal\Metal_764.jpg,metal,metal,0.978365,True,False
data\external_test_realwaste\metal\Metal_765.jpg,metal,metal,0.980312,True,False
data\external_test_realwaste\metal\Metal_766.jpg,metal,metal,0.972718,True,False
data\external_test_realwaste\metal\Metal_767.jpg,metal,metal,0.998265,True,False
data\external_test_realwaste\metal\Metal_768.jpg,metal,metal,0.92846,True,False
data\external_test_realwaste\metal\Metal_769.jpg,metal,metal,0.630604,True,False
data\external_test_realwaste\metal\Metal_77.jpg,metal,metal,0.567042,True,True
data\external_test_realwaste\metal\Metal_770.jpg,metal,metal,0.698052,True,False
data\external_test_realwaste\metal\Metal_771.jpg,metal,metal,0.771138,True,False
data\external_test_realwaste\metal\Metal_772.jpg,metal,metal,0.934359,True,False
data\external_test_realwaste\metal\Metal_773.jpg,metal,metal,0.994367,True,False
data\external_test_realwaste\metal\Metal_774.jpg,metal,metal,0.999979,True,False
data\external_test_realwaste\metal\Metal_775.jpg,metal,metal,0.999969,True,False
data\external_test_realwaste\metal\Metal_776.jpg,metal,trash,0.665358,False,False
data\external_test_realwaste\metal\Metal_777.jpg,metal,metal,0.953254,True,False
data\external_test_realwaste\metal\Metal_778.jpg,metal,metal,0.808564,True,False
data\external_test_realwaste\metal\Metal_779.jpg,metal,metal,0.802308,True,False
data\external_test_realwaste\metal\Metal_78.jpg,metal,metal,0.977369,True,False
data\external_test_realwaste\metal\Metal_780.jpg,metal,trash,0.988431,False,False
data\external_test_realwaste\metal\Metal_781.jpg,metal,trash,0.86743,False,False
data\external_test_realwaste\metal\Metal_782.jpg,metal,metal,0.980049,True,False
data\external_test_realwaste\metal\Metal_783.jpg,metal,trash,0.979351,False,False
data\external_test_realwaste\metal\Metal_784.jpg,metal,metal,0.948416,True,False
data\external_test_realwaste\metal\Metal_785.jpg,metal,plastic,0.361704,False,True
data\external_test_realwaste\metal\Metal_786.jpg,metal,metal,0.989336,True,False
data\external_test_realwaste\metal\Metal_787.jpg,metal,plastic,0.995085,False,False
data\external_test_realwaste\metal\Metal_788.jpg,metal,metal,0.933466,True,False
data\external_test_realwaste\metal\Metal_789.jpg,metal,metal,0.997143,True,False
data\external_test_realwaste\metal\Metal_79.jpg,metal,metal,0.970475,True,False
data\external_test_realwaste\metal\Metal_790.jpg,metal,metal,0.896265,True,False
data\external_test_realwaste\metal\Metal_8.jpg,metal,metal,0.720488,True,False
data\external_test_realwaste\metal\Metal_80.jpg,metal,metal,0.694159,True,False
data\external_test_realwaste\metal\Metal_81.jpg,metal,metal,0.996046,True,False
data\external_test_realwaste\metal\Metal_82.jpg,metal,paper,0.393575,False,True
data\external_test_realwaste\metal\Metal_83.jpg,metal,metal,0.707569,True,False
data\external_test_realwaste\metal\Metal_84.jpg,metal,metal,0.894633,True,False
data\external_test_realwaste\metal\Metal_85.jpg,metal,metal,0.761403,True,False
data\external_test_realwaste\metal\Metal_86.jpg,metal,metal,0.867245,True,False
data\external_test_realwaste\metal\Metal_87.jpg,metal,trash,0.740924,False,False
data\external_test_realwaste\metal\Metal_88.jpg,metal,metal,0.875333,True,False
data\external_test_realwaste\metal\Metal_89.jpg,metal,metal,0.562121,True,True
data\external_test_realwaste\metal\Metal_9.jpg,metal,metal,0.976335,True,False
data\external_test_realwaste\metal\Metal_90.jpg,metal,trash,0.771507,False,False
data\external_test_realwaste\metal\Metal_91.jpg,metal,trash,0.714637,False,False
data\external_test_realwaste\metal\Metal_92.jpg,metal,metal,0.630303,True,False
data\external_test_realwaste\metal\Metal_93.jpg,metal,glass,0.540935,False,True
data\external_test_realwaste\metal\Metal_94.jpg,metal,glass,0.749183,False,False
data\external_test_realwaste\metal\Metal_95.jpg,metal,metal,0.565845,True,True
data\external_test_realwaste\metal\Metal_96.jpg,metal,metal,0.990007,True,False
data\external_test_realwaste\metal\Metal_97.jpg,metal,metal,0.989783,True,False
data\external_test_realwaste\metal\Metal_98.jpg,metal,metal,0.995727,True,False
data\external_test_realwaste\metal\Metal_99.jpg,metal,metal,0.40109,True,True
data\external_test_realwaste\paper\Paper_1.jpg,paper,plastic,0.39789,False,True
data\external_test_realwaste\paper\Paper_10.jpg,paper,paper,0.973943,True,False
data\external_test_realwaste\paper\Paper_100.jpg,paper,trash,0.996808,False,False
data\external_test_realwaste\paper\Paper_101.jpg,paper,paper,0.999972,True,False
data\external_test_realwaste\paper\Paper_102.jpg,paper,trash,0.995929,False,False
data\external_test_realwaste\paper\Paper_103.jpg,paper,trash,0.809353,False,False
data\external_test_realwaste\paper\Paper_104.jpg,paper,paper,0.747901,True,False
data\external_test_realwaste\paper\Paper_105.jpg,paper,trash,0.521079,False,True
data\external_test_realwaste\paper\Paper_106.jpg,paper,trash,0.913359,False,False
data\external_test_realwaste\paper\Paper_107.jpg,paper,paper,0.969502,True,False
data\external_test_realwaste\paper\Paper_108.jpg,paper,trash,0.887286,False,False
data\external_test_realwaste\paper\Paper_109.jpg,paper,metal,0.694942,False,False
data\external_test_realwaste\paper\Paper_11.jpg,paper,trash,0.949121,False,False
data\external_test_realwaste\paper\Paper_110.jpg,paper,paper,0.880605,True,False
data\external_test_realwaste\paper\Paper_111.jpg,paper,trash,0.877346,False,False
data\external_test_realwaste\paper\Paper_112.jpg,paper,trash,0.904394,False,False
data\external_test_realwaste\paper\Paper_113.jpg,paper,paper,0.978071,True,False
data\external_test_realwaste\paper\Paper_114.jpg,paper,paper,0.852118,True,False
data\external_test_realwaste\paper\Paper_115.jpg,paper,paper,0.984661,True,False
data\external_test_realwaste\paper\Paper_116.jpg,paper,paper,0.997728,True,False
data\external_test_realwaste\paper\Paper_117.jpg,paper,paper,0.985526,True,False
data\external_test_realwaste\paper\Paper_118.jpg,paper,paper,0.996234,True,False
data\external_test_realwaste\paper\Paper_119.jpg,paper,paper,0.983505,True,False
data\external_test_realwaste\paper\Paper_12.jpg,paper,paper,0.918707,True,False
data\external_test_realwaste\paper\Paper_120.jpg,paper,trash,0.844514,False,False
data\external_test_realwaste\paper\Paper_121.jpg,paper,paper,0.999379,True,False
data\external_test_realwaste\paper\Paper_122.jpg,paper,trash,0.99594,False,False
data\external_test_realwaste\paper\Paper_123.jpg,paper,trash,0.844132,False,False
data\external_test_realwaste\paper\Paper_124.jpg,paper,paper,0.999539,True,False
data\external_test_realwaste\paper\Paper_125.jpg,paper,trash,0.757855,False,False
data\external_test_realwaste\paper\Paper_126.jpg,paper,paper,0.750929,True,False
data\external_test_realwaste\paper\Paper_127.jpg,paper,trash,0.991501,False,False
data\external_test_realwaste\paper\Paper_128.jpg,paper,trash,0.999978,False,False
data\external_test_realwaste\paper\Paper_129.jpg,paper,paper,0.969384,True,False
data\external_test_realwaste\paper\Paper_13.jpg,paper,paper,0.999975,True,False
data\external_test_realwaste\paper\Paper_130.jpg,paper,trash,0.875465,False,False
data\external_test_realwaste\paper\Paper_131.jpg,paper,paper,0.537685,True,True
data\external_test_realwaste\paper\Paper_132.jpg,paper,trash,0.985123,False,False
data\external_test_realwaste\paper\Paper_133.jpg,paper,trash,0.932677,False,False
data\external_test_realwaste\paper\Paper_134.jpg,paper,paper,0.999897,True,False
data\external_test_realwaste\paper\Paper_135.jpg,paper,paper,0.987655,True,False
data\external_test_realwaste\paper\Paper_136.jpg,paper,trash,0.758948,False,False
data\external_test_realwaste\paper\Paper_137.jpg,paper,paper,0.643202,True,False
data\external_test_realwaste\paper\Paper_138.jpg,paper,trash,0.559741,False,True
data\external_test_realwaste\paper\Paper_139.jpg,paper,trash,0.996854,False,False
data\external_test_realwaste\paper\Paper_14.jpg,paper,trash,0.957861,False,False
data\external_test_realwaste\paper\Paper_140.jpg,paper,trash,0.92028,False,False
data\external_test_realwaste\paper\Paper_141.jpg,paper,trash,0.972486,False,False
data\external_test_realwaste\paper\Paper_142.jpg,paper,trash,0.894431,False,False
data\external_test_realwaste\paper\Paper_143.jpg,paper,trash,0.378423,False,True
data\external_test_realwaste\paper\Paper_144.jpg,paper,trash,0.968336,False,False
data\external_test_realwaste\paper\Paper_145.jpg,paper,trash,0.984709,False,False
data\external_test_realwaste\paper\Paper_146.jpg,paper,paper,0.939209,True,False
data\external_test_realwaste\paper\Paper_147.jpg,paper,plastic,0.371652,False,True
data\external_test_realwaste\paper\Paper_148.jpg,paper,paper,0.85992,True,False
data\external_test_realwaste\paper\Paper_149.jpg,paper,trash,0.420601,False,True
data\external_test_realwaste\paper\Paper_15.jpg,paper,paper,0.880271,True,False
data\external_test_realwaste\paper\Paper_150.jpg,paper,plastic,0.497835,False,True
data\external_test_realwaste\paper\Paper_151.jpg,paper,plastic,0.592693,False,True
data\external_test_realwaste\paper\Paper_152.jpg,paper,plastic,0.757987,False,False
data\external_test_realwaste\paper\Paper_153.jpg,paper,trash,0.990646,False,False
data\external_test_realwaste\paper\Paper_154.jpg,paper,trash,0.999737,False,False
data\external_test_realwaste\paper\Paper_155.jpg,paper,trash,0.854381,False,False
data\external_test_realwaste\paper\Paper_156.jpg,paper,trash,0.995961,False,False
data\external_test_realwaste\paper\Paper_157.jpg,paper,paper,0.722419,True,False
data\external_test_realwaste\paper\Paper_158.jpg,paper,trash,0.987147,False,False
data\external_test_realwaste\paper\Paper_159.jpg,paper,plastic,0.825869,False,False
data\external_test_realwaste\paper\Paper_16.jpg,paper,metal,0.354953,False,True
data\external_test_realwaste\paper\Paper_160.jpg,paper,plastic,0.596044,False,True
data\external_test_realwaste\paper\Paper_161.jpg,paper,trash,0.918441,False,False
data\external_test_realwaste\paper\Paper_162.jpg,paper,trash,0.936436,False,False
data\external_test_realwaste\paper\Paper_163.jpg,paper,trash,0.689251,False,False
data\external_test_realwaste\paper\Paper_164.jpg,paper,paper,0.952278,True,False
data\external_test_realwaste\paper\Paper_165.jpg,paper,trash,0.841356,False,False
data\external_test_realwaste\paper\Paper_166.jpg,paper,trash,0.95079,False,False
data\external_test_realwaste\paper\Paper_167.jpg,paper,trash,0.993907,False,False
data\external_test_realwaste\paper\Paper_168.jpg,paper,paper,0.879251,True,False
data\external_test_realwaste\paper\Paper_169.jpg,paper,trash,0.731188,False,False
data\external_test_realwaste\paper\Paper_17.jpg,paper,metal,0.769699,False,False
data\external_test_realwaste\paper\Paper_170.jpg,paper,plastic,0.814389,False,False
data\external_test_realwaste\paper\Paper_171.jpg,paper,plastic,0.598213,False,True
data\external_test_realwaste\paper\Paper_172.jpg,paper,trash,0.892981,False,False
data\external_test_realwaste\paper\Paper_173.jpg,paper,trash,0.85099,False,False
data\external_test_realwaste\paper\Paper_174.jpg,paper,paper,0.723246,True,False
data\external_test_realwaste\paper\Paper_175.jpg,paper,trash,0.994091,False,False
data\external_test_realwaste\paper\Paper_176.jpg,paper,trash,0.648478,False,False
data\external_test_realwaste\paper\Paper_177.jpg,paper,paper,0.969232,True,False
data\external_test_realwaste\paper\Paper_178.jpg,paper,trash,0.995588,False,False
data\external_test_realwaste\paper\Paper_179.jpg,paper,trash,0.978699,False,False
data\external_test_realwaste\paper\Paper_18.jpg,paper,paper,0.970595,True,False
data\external_test_realwaste\paper\Paper_180.jpg,paper,plastic,0.483776,False,True
data\external_test_realwaste\paper\Paper_181.jpg,paper,trash,0.816202,False,False
data\external_test_realwaste\paper\Paper_182.jpg,paper,paper,0.703106,True,False
data\external_test_realwaste\paper\Paper_183.jpg,paper,trash,0.92861,False,False
data\external_test_realwaste\paper\Paper_184.jpg,paper,plastic,0.747698,False,False
data\external_test_realwaste\paper\Paper_185.jpg,paper,trash,0.991172,False,False
data\external_test_realwaste\paper\Paper_186.jpg,paper,paper,0.497268,True,True
data\external_test_realwaste\paper\Paper_187.jpg,paper,trash,0.974186,False,False
data\external_test_realwaste\paper\Paper_188.jpg,paper,trash,0.977523,False,False
data\external_test_realwaste\paper\Paper_189.jpg,paper,plastic,0.65695,False,False
data\external_test_realwaste\paper\Paper_19.jpg,paper,paper,0.999344,True,False
data\external_test_realwaste\paper\Paper_190.jpg,paper,trash,0.775833,False,False
data\external_test_realwaste\paper\Paper_191.jpg,paper,paper,0.574235,True,True
data\external_test_realwaste\paper\Paper_192.jpg,paper,plastic,0.69555,False,False
data\external_test_realwaste\paper\Paper_193.jpg,paper,trash,0.997053,False,False
data\external_test_realwaste\paper\Paper_194.jpg,paper,trash,0.625693,False,False
data\external_test_realwaste\paper\Paper_195.jpg,paper,trash,0.988289,False,False
data\external_test_realwaste\paper\Paper_196.jpg,paper,trash,0.987215,False,False
data\external_test_realwaste\paper\Paper_197.jpg,paper,trash,0.698567,False,False
data\external_test_realwaste\paper\Paper_198.jpg,paper,plastic,0.865407,False,False
data\external_test_realwaste\paper\Paper_199.jpg,paper,trash,0.701127,False,False
data\external_test_realwaste\paper\Paper_2.jpg,paper,paper,0.999864,True,False
data\external_test_realwaste\paper\Paper_20.jpg,paper,paper,0.989882,True,False
data\external_test_realwaste\paper\Paper_200.jpg,paper,paper,0.616988,True,False
data\external_test_realwaste\paper\Paper_201.jpg,paper,trash,0.979129,False,False
data\external_test_realwaste\paper\Paper_202.jpg,paper,trash,0.790677,False,False
data\external_test_realwaste\paper\Paper_203.jpg,paper,trash,0.870201,False,False
data\external_test_realwaste\paper\Paper_204.jpg,paper,trash,0.999066,False,False
data\external_test_realwaste\paper\Paper_205.jpg,paper,metal,0.529115,False,True
data\external_test_realwaste\paper\Paper_206.jpg,paper,trash,0.991263,False,False
data\external_test_realwaste\paper\Paper_207.jpg,paper,paper,0.736558,True,False
data\external_test_realwaste\paper\Paper_208.jpg,paper,trash,0.464474,False,True
data\external_test_realwaste\paper\Paper_209.jpg,paper,trash,0.984608,False,False
data\external_test_realwaste\paper\Paper_21.jpg,paper,paper,0.969293,True,False
data\external_test_realwaste\paper\Paper_210.jpg,paper,trash,0.95967,False,False
data\external_test_realwaste\paper\Paper_211.jpg,paper,trash,0.995505,False,False
data\external_test_realwaste\paper\Paper_212.jpg,paper,trash,0.997013,False,False
data\external_test_realwaste\paper\Paper_213.jpg,paper,trash,0.999546,False,False
data\external_test_realwaste\paper\Paper_214.jpg,paper,trash,0.99091,False,False
data\external_test_realwaste\paper\Paper_215.jpg,paper,trash,0.919863,False,False
data\external_test_realwaste\paper\Paper_216.jpg,paper,trash,0.996761,False,False
data\external_test_realwaste\paper\Paper_217.jpg,paper,trash,0.675485,False,False
data\external_test_realwaste\paper\Paper_218.jpg,paper,trash,0.745246,False,False
data\external_test_realwaste\paper\Paper_219.jpg,paper,trash,0.971661,False,False
data\external_test_realwaste\paper\Paper_22.jpg,paper,trash,0.884425,False,False
data\external_test_realwaste\paper\Paper_220.jpg,paper,trash,0.80235,False,False
data\external_test_realwaste\paper\Paper_221.jpg,paper,trash,0.904157,False,False
data\external_test_realwaste\paper\Paper_222.jpg,paper,trash,0.986157,False,False
data\external_test_realwaste\paper\Paper_223.jpg,paper,paper,0.878426,True,False
data\external_test_realwaste\paper\Paper_224.jpg,paper,paper,0.961601,True,False
data\external_test_realwaste\paper\Paper_225.jpg,paper,trash,0.884195,False,False
data\external_test_realwaste\paper\Paper_226.jpg,paper,trash,0.944107,False,False
data\external_test_realwaste\paper\Paper_227.jpg,paper,paper,0.588398,True,True
data\external_test_realwaste\paper\Paper_228.jpg,paper,paper,0.995348,True,False
data\external_test_realwaste\paper\Paper_229.jpg,paper,trash,0.747886,False,False
data\external_test_realwaste\paper\Paper_23.jpg,paper,paper,0.999975,True,False
data\external_test_realwaste\paper\Paper_230.jpg,paper,trash,0.757035,False,False
data\external_test_realwaste\paper\Paper_231.jpg,paper,paper,0.86239,True,False
data\external_test_realwaste\paper\Paper_232.jpg,paper,trash,0.977005,False,False
data\external_test_realwaste\paper\Paper_233.jpg,paper,paper,0.999344,True,False
data\external_test_realwaste\paper\Paper_234.jpg,paper,trash,0.991312,False,False
data\external_test_realwaste\paper\Paper_235.jpg,paper,trash,0.508163,False,True
data\external_test_realwaste\paper\Paper_236.jpg,paper,trash,0.948421,False,False
data\external_test_realwaste\paper\Paper_237.jpg,paper,trash,0.775718,False,False
data\external_test_realwaste\paper\Paper_238.jpg,paper,trash,0.984922,False,False
data\external_test_realwaste\paper\Paper_239.jpg,paper,trash,0.768989,False,False
data\external_test_realwaste\paper\Paper_24.jpg,paper,paper,0.79207,True,False
data\external_test_realwaste\paper\Paper_240.jpg,paper,trash,0.849733,False,False
data\external_test_realwaste\paper\Paper_241.jpg,paper,paper,0.999682,True,False
data\external_test_realwaste\paper\Paper_242.jpg,paper,trash,0.915597,False,False
data\external_test_realwaste\paper\Paper_243.jpg,paper,trash,0.853892,False,False
data\external_test_realwaste\paper\Paper_244.jpg,paper,trash,0.562128,False,True
data\external_test_realwaste\paper\Paper_245.jpg,paper,paper,0.839788,True,False
data\external_test_realwaste\paper\Paper_246.jpg,paper,trash,0.747696,False,False
data\external_test_realwaste\paper\Paper_247.jpg,paper,paper,0.958502,True,False
data\external_test_realwaste\paper\Paper_248.jpg,paper,trash,0.973899,False,False
data\external_test_realwaste\paper\Paper_249.jpg,paper,paper,0.990296,True,False
data\external_test_realwaste\paper\Paper_25.jpg,paper,paper,0.996011,True,False
data\external_test_realwaste\paper\Paper_250.jpg,paper,trash,0.90356,False,False
data\external_test_realwaste\paper\Paper_251.jpg,paper,trash,0.864023,False,False
data\external_test_realwaste\paper\Paper_252.jpg,paper,trash,0.978542,False,False
data\external_test_realwaste\paper\Paper_253.jpg,paper,metal,0.547692,False,True
data\external_test_realwaste\paper\Paper_254.jpg,paper,trash,0.522435,False,True
data\external_test_realwaste\paper\Paper_255.jpg,paper,trash,0.978381,False,False
data\external_test_realwaste\paper\Paper_256.jpg,paper,trash,0.658384,False,False
data\external_test_realwaste\paper\Paper_257.jpg,paper,trash,0.815682,False,False
data\external_test_realwaste\paper\Paper_258.jpg,paper,trash,0.975658,False,False
data\external_test_realwaste\paper\Paper_259.jpg,paper,metal,0.724077,False,False
data\external_test_realwaste\paper\Paper_26.jpg,paper,trash,0.568913,False,True
data\external_test_realwaste\paper\Paper_260.jpg,paper,trash,0.938792,False,False
data\external_test_realwaste\paper\Paper_261.jpg,paper,trash,0.879107,False,False
data\external_test_realwaste\paper\Paper_262.jpg,paper,trash,0.930611,False,False
data\external_test_realwaste\paper\Paper_263.jpg,paper,trash,0.999049,False,False
data\external_test_realwaste\paper\Paper_264.jpg,paper,trash,0.957183,False,False
data\external_test_realwaste\paper\Paper_265.jpg,paper,trash,0.985022,False,False
data\external_test_realwaste\paper\Paper_266.jpg,paper,trash,0.990171,False,False
data\external_test_realwaste\paper\Paper_267.jpg,paper,trash,0.981434,False,False
data\external_test_realwaste\paper\Paper_268.jpg,paper,paper,0.999212,True,False
data\external_test_realwaste\paper\Paper_269.jpg,paper,trash,0.989675,False,False
data\external_test_realwaste\paper\Paper_27.jpg,paper,trash,0.695776,False,False
data\external_test_realwaste\paper\Paper_270.jpg,paper,trash,0.955653,False,False
data\external_test_realwaste\paper\Paper_271.jpg,paper,trash,0.95124,False,False
data\external_test_realwaste\paper\Paper_272.jpg,paper,trash,0.997237,False,False
data\external_test_realwaste\paper\Paper_273.jpg,paper,trash,0.994442,False,False
data\external_test_realwaste\paper\Paper_274.jpg,paper,paper,0.990786,True,False
data\external_test_realwaste\paper\Paper_275.jpg,paper,trash,0.908653,False,False
data\external_test_realwaste\paper\Paper_276.jpg,paper,trash,0.805233,False,False
data\external_test_realwaste\paper\Paper_277.jpg,paper,trash,0.947448,False,False
data\external_test_realwaste\paper\Paper_278.jpg,paper,paper,0.519282,True,True
data\external_test_realwaste\paper\Paper_279.jpg,paper,paper,0.947041,True,False
data\external_test_realwaste\paper\Paper_28.jpg,paper,trash,0.583395,False,True
data\external_test_realwaste\paper\Paper_280.jpg,paper,trash,0.545698,False,True
data\external_test_realwaste\paper\Paper_281.jpg,paper,trash,0.929605,False,False
data\external_test_realwaste\paper\Paper_282.jpg,paper,trash,0.997681,False,False
data\external_test_realwaste\paper\Paper_283.jpg,paper,trash,0.9859,False,False
data\external_test_realwaste\paper\Paper_284.jpg,paper,paper,0.789945,True,False
data\external_test_realwaste\paper\Paper_285.jpg,paper,trash,0.942898,False,False
data\external_test_realwaste\paper\Paper_286.jpg,paper,trash,0.954407,False,False
data\external_test_realwaste\paper\Paper_287.jpg,paper,paper,0.600164,True,False
data\external_test_realwaste\paper\Paper_288.jpg,paper,paper,0.673236,True,False
data\external_test_realwaste\paper\Paper_289.jpg,paper,trash,0.731803,False,False
data\external_test_realwaste\paper\Paper_29.jpg,paper,paper,0.999963,True,False
data\external_test_realwaste\paper\Paper_290.jpg,paper,paper,0.991059,True,False
data\external_test_realwaste\paper\Paper_291.jpg,paper,trash,0.734263,False,False
data\external_test_realwaste\paper\Paper_292.jpg,paper,trash,0.971788,False,False
data\external_test_realwaste\paper\Paper_293.jpg,paper,paper,0.600353,True,False
data\external_test_realwaste\paper\Paper_294.jpg,paper,trash,0.708392,False,False
data\external_test_realwaste\paper\Paper_295.jpg,paper,trash,0.97466,False,False
data\external_test_realwaste\paper\Paper_296.jpg,paper,paper,0.989411,True,False
data\external_test_realwaste\paper\Paper_297.jpg,paper,trash,0.571491,False,True
data\external_test_realwaste\paper\Paper_298.jpg,paper,trash,0.7894,False,False
data\external_test_realwaste\paper\Paper_299.jpg,paper,trash,0.794999,False,False
data\external_test_realwaste\paper\Paper_3.jpg,paper,paper,0.786345,True,False
data\external_test_realwaste\paper\Paper_30.jpg,paper,trash,0.902088,False,False
data\external_test_realwaste\paper\Paper_300.jpg,paper,paper,0.781823,True,False
data\external_test_realwaste\paper\Paper_301.jpg,paper,paper,0.895658,True,False
data\external_test_realwaste\paper\Paper_302.jpg,paper,trash,0.646308,False,False
data\external_test_realwaste\paper\Paper_303.jpg,paper,paper,0.947548,True,False
data\external_test_realwaste\paper\Paper_304.jpg,paper,trash,0.991388,False,False
data\external_test_realwaste\paper\Paper_305.jpg,paper,trash,0.990239,False,False
data\external_test_realwaste\paper\Paper_306.jpg,paper,trash,0.727472,False,False
data\external_test_realwaste\paper\Paper_307.jpg,paper,paper,0.999996,True,False
data\external_test_realwaste\paper\Paper_308.jpg,paper,paper,0.868662,True,False
data\external_test_realwaste\paper\Paper_309.jpg,paper,paper,0.520638,True,True
data\external_test_realwaste\paper\Paper_31.jpg,paper,paper,0.941304,True,False
data\external_test_realwaste\paper\Paper_310.jpg,paper,trash,0.892588,False,False
data\external_test_realwaste\paper\Paper_311.jpg,paper,paper,0.954578,True,False
data\external_test_realwaste\paper\Paper_312.jpg,paper,paper,0.798643,True,False
data\external_test_realwaste\paper\Paper_313.jpg,paper,paper,0.999857,True,False
data\external_test_realwaste\paper\Paper_314.jpg,paper,paper,0.968584,True,False
data\external_test_realwaste\paper\Paper_315.jpg,paper,paper,0.901821,True,False
data\external_test_realwaste\paper\Paper_316.jpg,paper,paper,0.571884,True,True
data\external_test_realwaste\paper\Paper_317.jpg,paper,trash,0.92999,False,False
data\external_test_realwaste\paper\Paper_318.jpg,paper,trash,0.983993,False,False
data\external_test_realwaste\paper\Paper_319.jpg,paper,paper,0.835036,True,False
data\external_test_realwaste\paper\Paper_32.jpg,paper,paper,0.738868,True,False
data\external_test_realwaste\paper\Paper_320.jpg,paper,trash,0.952437,False,False
data\external_test_realwaste\paper\Paper_321.jpg,paper,trash,0.965768,False,False
data\external_test_realwaste\paper\Paper_322.jpg,paper,trash,0.64727,False,False
data\external_test_realwaste\paper\Paper_323.jpg,paper,trash,0.98386,False,False
data\external_test_realwaste\paper\Paper_324.jpg,paper,trash,0.994446,False,False
data\external_test_realwaste\paper\Paper_325.jpg,paper,trash,0.951969,False,False
data\external_test_realwaste\paper\Paper_326.jpg,paper,trash,0.998714,False,False
data\external_test_realwaste\paper\Paper_327.jpg,paper,trash,0.398738,False,True
data\external_test_realwaste\paper\Paper_328.jpg,paper,trash,0.783383,False,False
data\external_test_realwaste\paper\Paper_329.jpg,paper,metal,0.513683,False,True
data\external_test_realwaste\paper\Paper_33.jpg,paper,trash,0.649875,False,False
data\external_test_realwaste\paper\Paper_330.jpg,paper,trash,0.972516,False,False
data\external_test_realwaste\paper\Paper_331.jpg,paper,trash,0.482389,False,True
data\external_test_realwaste\paper\Paper_332.jpg,paper,trash,0.984865,False,False
data\external_test_realwaste\paper\Paper_333.jpg,paper,trash,0.881451,False,False
data\external_test_realwaste\paper\Paper_334.jpg,paper,trash,0.837647,False,False
data\external_test_realwaste\paper\Paper_335.jpg,paper,paper,0.968426,True,False
data\external_test_realwaste\paper\Paper_336.jpg,paper,trash,0.9661,False,False
data\external_test_realwaste\paper\Paper_337.jpg,paper,trash,0.84106,False,False
data\external_test_realwaste\paper\Paper_338.jpg,paper,trash,0.862629,False,False
data\external_test_realwaste\paper\Paper_339.jpg,paper,trash,0.90591,False,False
data\external_test_realwaste\paper\Paper_34.jpg,paper,cardboard,0.964256,False,False
data\external_test_realwaste\paper\Paper_340.jpg,paper,trash,0.973988,False,False
data\external_test_realwaste\paper\Paper_341.jpg,paper,paper,0.902183,True,False
data\external_test_realwaste\paper\Paper_342.jpg,paper,trash,0.929854,False,False
data\external_test_realwaste\paper\Paper_343.jpg,paper,paper,0.735227,True,False
data\external_test_realwaste\paper\Paper_344.jpg,paper,paper,0.886871,True,False
data\external_test_realwaste\paper\Paper_345.jpg,paper,trash,0.774989,False,False
data\external_test_realwaste\paper\Paper_346.jpg,paper,trash,0.989148,False,False
data\external_test_realwaste\paper\Paper_347.jpg,paper,trash,0.715508,False,False
data\external_test_realwaste\paper\Paper_348.jpg,paper,plastic,0.464246,False,True
data\external_test_realwaste\paper\Paper_349.jpg,paper,trash,0.879959,False,False
data\external_test_realwaste\paper\Paper_35.jpg,paper,trash,0.82541,False,False
data\external_test_realwaste\paper\Paper_350.jpg,paper,trash,0.618096,False,False
data\external_test_realwaste\paper\Paper_351.jpg,paper,paper,0.858228,True,False
data\external_test_realwaste\paper\Paper_352.jpg,paper,paper,0.990382,True,False
data\external_test_realwaste\paper\Paper_353.jpg,paper,paper,0.999977,True,False
data\external_test_realwaste\paper\Paper_354.jpg,paper,paper,0.52545,True,True
data\external_test_realwaste\paper\Paper_355.jpg,paper,trash,0.986786,False,False
data\external_test_realwaste\paper\Paper_356.jpg,paper,paper,0.999411,True,False
data\external_test_realwaste\paper\Paper_357.jpg,paper,paper,0.690703,True,False
data\external_test_realwaste\paper\Paper_358.jpg,paper,paper,0.990726,True,False
data\external_test_realwaste\paper\Paper_359.jpg,paper,trash,0.630998,False,False
data\external_test_realwaste\paper\Paper_36.jpg,paper,paper,0.695598,True,False
data\external_test_realwaste\paper\Paper_360.jpg,paper,paper,0.76,True,False
data\external_test_realwaste\paper\Paper_361.jpg,paper,paper,0.999895,True,False
data\external_test_realwaste\paper\Paper_362.jpg,paper,paper,0.999513,True,False
data\external_test_realwaste\paper\Paper_363.jpg,paper,paper,0.999912,True,False
data\external_test_realwaste\paper\Paper_364.jpg,paper,paper,0.983028,True,False
data\external_test_realwaste\paper\Paper_365.jpg,paper,trash,0.964221,False,False
data\external_test_realwaste\paper\Paper_366.jpg,paper,paper,0.999952,True,False
data\external_test_realwaste\paper\Paper_367.jpg,paper,trash,0.9965,False,False
data\external_test_realwaste\paper\Paper_368.jpg,paper,trash,0.99302,False,False
data\external_test_realwaste\paper\Paper_369.jpg,paper,paper,0.874297,True,False
data\external_test_realwaste\paper\Paper_37.jpg,paper,paper,0.620725,True,False
data\external_test_realwaste\paper\Paper_370.jpg,paper,paper,0.986999,True,False
data\external_test_realwaste\paper\Paper_371.jpg,paper,paper,0.849915,True,False
data\external_test_realwaste\paper\Paper_372.jpg,paper,paper,0.968646,True,False
data\external_test_realwaste\paper\Paper_373.jpg,paper,paper,0.999784,True,False
data\external_test_realwaste\paper\Paper_374.jpg,paper,trash,0.985425,False,False
data\external_test_realwaste\paper\Paper_375.jpg,paper,paper,0.999989,True,False
data\external_test_realwaste\paper\Paper_376.jpg,paper,paper,0.999998,True,False
data\external_test_realwaste\paper\Paper_377.jpg,paper,trash,0.96033,False,False
data\external_test_realwaste\paper\Paper_378.jpg,paper,paper,0.990013,True,False
data\external_test_realwaste\paper\Paper_379.jpg,paper,paper,0.982598,True,False
data\external_test_realwaste\paper\Paper_38.jpg,paper,trash,0.552341,False,True
data\external_test_realwaste\paper\Paper_380.jpg,paper,paper,0.999578,True,False
data\external_test_realwaste\paper\Paper_381.jpg,paper,paper,0.545126,True,True
data\external_test_realwaste\paper\Paper_382.jpg,paper,paper,0.99997,True,False
data\external_test_realwaste\paper\Paper_383.jpg,paper,paper,0.999636,True,False
data\external_test_realwaste\paper\Paper_384.jpg,paper,paper,0.999919,True,False
data\external_test_realwaste\paper\Paper_385.jpg,paper,trash,0.996172,False,False
data\external_test_realwaste\paper\Paper_386.jpg,paper,paper,0.72446,True,False
data\external_test_realwaste\paper\Paper_387.jpg,paper,trash,0.999432,False,False
data\external_test_realwaste\paper\Paper_388.jpg,paper,trash,0.957575,False,False
data\external_test_realwaste\paper\Paper_389.jpg,paper,trash,0.989031,False,False
data\external_test_realwaste\paper\Paper_39.jpg,paper,trash,0.666833,False,False
data\external_test_realwaste\paper\Paper_390.jpg,paper,paper,0.946297,True,False
data\external_test_realwaste\paper\Paper_391.jpg,paper,paper,0.992709,True,False
data\external_test_realwaste\paper\Paper_392.jpg,paper,paper,0.999662,True,False
data\external_test_realwaste\paper\Paper_393.jpg,paper,trash,0.540367,False,True
data\external_test_realwaste\paper\Paper_394.jpg,paper,paper,0.995772,True,False
data\external_test_realwaste\paper\Paper_395.jpg,paper,paper,0.949756,True,False
data\external_test_realwaste\paper\Paper_396.jpg,paper,paper,0.999947,True,False
data\external_test_realwaste\paper\Paper_397.jpg,paper,trash,0.99985,False,False
data\external_test_realwaste\paper\Paper_398.jpg,paper,trash,0.576596,False,True
data\external_test_realwaste\paper\Paper_399.jpg,paper,paper,0.957117,True,False
data\external_test_realwaste\paper\Paper_4.jpg,paper,paper,0.999103,True,False
data\external_test_realwaste\paper\Paper_40.jpg,paper,trash,0.934394,False,False
data\external_test_realwaste\paper\Paper_400.jpg,paper,paper,0.772582,True,False
data\external_test_realwaste\paper\Paper_401.jpg,paper,paper,1.0,True,False
data\external_test_realwaste\paper\Paper_402.jpg,paper,paper,0.862164,True,False
data\external_test_realwaste\paper\Paper_403.jpg,paper,trash,0.86922,False,False
data\external_test_realwaste\paper\Paper_404.jpg,paper,trash,0.99259,False,False
data\external_test_realwaste\paper\Paper_405.jpg,paper,trash,0.954226,False,False
data\external_test_realwaste\paper\Paper_406.jpg,paper,trash,0.832485,False,False
data\external_test_realwaste\paper\Paper_407.jpg,paper,trash,0.883454,False,False
data\external_test_realwaste\paper\Paper_408.jpg,paper,trash,0.926558,False,False
data\external_test_realwaste\paper\Paper_409.jpg,paper,trash,0.985004,False,False
data\external_test_realwaste\paper\Paper_41.jpg,paper,trash,0.958265,False,False
data\external_test_realwaste\paper\Paper_410.jpg,paper,trash,0.983454,False,False
data\external_test_realwaste\paper\Paper_411.jpg,paper,trash,0.867379,False,False
data\external_test_realwaste\paper\Paper_412.jpg,paper,paper,0.830482,True,False
data\external_test_realwaste\paper\Paper_413.jpg,paper,trash,0.914611,False,False
data\external_test_realwaste\paper\Paper_414.jpg,paper,paper,0.481646,True,True
data\external_test_realwaste\paper\Paper_415.jpg,paper,paper,0.926571,True,False
data\external_test_realwaste\paper\Paper_416.jpg,paper,trash,0.720927,False,False
data\external_test_realwaste\paper\Paper_417.jpg,paper,trash,0.97799,False,False
data\external_test_realwaste\paper\Paper_418.jpg,paper,paper,0.539393,True,True
data\external_test_realwaste\paper\Paper_419.jpg,paper,trash,0.998327,False,False
data\external_test_realwaste\paper\Paper_42.jpg,paper,trash,0.914813,False,False
data\external_test_realwaste\paper\Paper_420.jpg,paper,trash,0.622948,False,False
data\external_test_realwaste\paper\Paper_421.jpg,paper,paper,0.745958,True,False
data\external_test_realwaste\paper\Paper_422.jpg,paper,paper,0.9899,True,False
data\external_test_realwaste\paper\Paper_423.jpg,paper,paper,0.846631,True,False
data\external_test_realwaste\paper\Paper_424.jpg,paper,trash,0.986189,False,False
data\external_test_realwaste\paper\Paper_425.jpg,paper,trash,0.992941,False,False
data\external_test_realwaste\paper\Paper_426.jpg,paper,trash,0.880065,False,False
data\external_test_realwaste\paper\Paper_427.jpg,paper,paper,0.978156,True,False
data\external_test_realwaste\paper\Paper_428.jpg,paper,trash,0.889315,False,False
data\external_test_realwaste\paper\Paper_429.jpg,paper,trash,0.999832,False,False
data\external_test_realwaste\paper\Paper_43.jpg,paper,trash,0.68976,False,False
data\external_test_realwaste\paper\Paper_430.jpg,paper,trash,0.952709,False,False
data\external_test_realwaste\paper\Paper_431.jpg,paper,trash,0.961401,False,False
data\external_test_realwaste\paper\Paper_432.jpg,paper,trash,0.997688,False,False
data\external_test_realwaste\paper\Paper_433.jpg,paper,trash,0.948661,False,False
data\external_test_realwaste\paper\Paper_434.jpg,paper,paper,0.950989,True,False
data\external_test_realwaste\paper\Paper_435.jpg,paper,trash,0.874733,False,False
data\external_test_realwaste\paper\Paper_436.jpg,paper,trash,0.938552,False,False
data\external_test_realwaste\paper\Paper_437.jpg,paper,trash,0.741894,False,False
data\external_test_realwaste\paper\Paper_438.jpg,paper,trash,0.999074,False,False
data\external_test_realwaste\paper\Paper_439.jpg,paper,trash,0.988049,False,False
data\external_test_realwaste\paper\Paper_44.jpg,paper,paper,0.83889,True,False
data\external_test_realwaste\paper\Paper_440.jpg,paper,trash,0.919155,False,False
data\external_test_realwaste\paper\Paper_441.jpg,paper,paper,0.909726,True,False
data\external_test_realwaste\paper\Paper_442.jpg,paper,trash,0.972037,False,False
data\external_test_realwaste\paper\Paper_443.jpg,paper,trash,0.758309,False,False
data\external_test_realwaste\paper\Paper_444.jpg,paper,trash,0.842055,False,False
data\external_test_realwaste\paper\Paper_445.jpg,paper,paper,0.997063,True,False
data\external_test_realwaste\paper\Paper_446.jpg,paper,paper,0.858125,True,False
data\external_test_realwaste\paper\Paper_447.jpg,paper,trash,0.998945,False,False
data\external_test_realwaste\paper\Paper_448.jpg,paper,paper,0.997999,True,False
data\external_test_realwaste\paper\Paper_449.jpg,paper,paper,0.999818,True,False
data\external_test_realwaste\paper\Paper_45.jpg,paper,paper,0.901039,True,False
data\external_test_realwaste\paper\Paper_450.jpg,paper,paper,0.99911,True,False
data\external_test_realwaste\paper\Paper_451.jpg,paper,trash,0.940113,False,False
data\external_test_realwaste\paper\Paper_452.jpg,paper,trash,0.95308,False,False
data\external_test_realwaste\paper\Paper_453.jpg,paper,trash,0.920423,False,False
data\external_test_realwaste\paper\Paper_454.jpg,paper,paper,0.807611,True,False
data\external_test_realwaste\paper\Paper_455.jpg,paper,trash,0.979355,False,False
data\external_test_realwaste\paper\Paper_456.jpg,paper,trash,0.956387,False,False
data\external_test_realwaste\paper\Paper_457.jpg,paper,trash,0.8725,False,False
data\external_test_realwaste\paper\Paper_458.jpg,paper,trash,0.797117,False,False
data\external_test_realwaste\paper\Paper_459.jpg,paper,paper,0.879841,True,False
data\external_test_realwaste\paper\Paper_46.jpg,paper,paper,0.992852,True,False
data\external_test_realwaste\paper\Paper_460.jpg,paper,trash,0.836562,False,False
data\external_test_realwaste\paper\Paper_461.jpg,paper,trash,0.675789,False,False
data\external_test_realwaste\paper\Paper_462.jpg,paper,paper,0.507873,True,True
data\external_test_realwaste\paper\Paper_463.jpg,paper,paper,0.985387,True,False
data\external_test_realwaste\paper\Paper_464.jpg,paper,trash,0.694458,False,False
data\external_test_realwaste\paper\Paper_465.jpg,paper,paper,0.66997,True,False
data\external_test_realwaste\paper\Paper_466.jpg,paper,paper,0.91369,True,False
data\external_test_realwaste\paper\Paper_467.jpg,paper,paper,0.997118,True,False
data\external_test_realwaste\paper\Paper_468.jpg,paper,paper,0.997767,True,False
data\external_test_realwaste\paper\Paper_469.jpg,paper,paper,0.772844,True,False
data\external_test_realwaste\paper\Paper_47.jpg,paper,paper,0.908932,True,False
data\external_test_realwaste\paper\Paper_470.jpg,paper,paper,0.743496,True,False
data\external_test_realwaste\paper\Paper_471.jpg,paper,paper,0.998568,True,False
data\external_test_realwaste\paper\Paper_472.jpg,paper,paper,0.982301,True,False
data\external_test_realwaste\paper\Paper_473.jpg,paper,trash,0.798879,False,False
data\external_test_realwaste\paper\Paper_474.jpg,paper,paper,0.965827,True,False
data\external_test_realwaste\paper\Paper_475.jpg,paper,paper,0.971331,True,False
data\external_test_realwaste\paper\Paper_476.jpg,paper,paper,0.961956,True,False
data\external_test_realwaste\paper\Paper_477.jpg,paper,trash,0.718026,False,False
data\external_test_realwaste\paper\Paper_478.jpg,paper,trash,0.528052,False,True
data\external_test_realwaste\paper\Paper_479.jpg,paper,paper,0.927667,True,False
data\external_test_realwaste\paper\Paper_48.jpg,paper,plastic,0.499116,False,True
data\external_test_realwaste\paper\Paper_480.jpg,paper,trash,0.544575,False,True
data\external_test_realwaste\paper\Paper_481.jpg,paper,trash,0.721098,False,False
data\external_test_realwaste\paper\Paper_482.jpg,paper,trash,0.952478,False,False
data\external_test_realwaste\paper\Paper_483.jpg,paper,trash,0.96736,False,False
data\external_test_realwaste\paper\Paper_484.jpg,paper,paper,0.801083,True,False
data\external_test_realwaste\paper\Paper_485.jpg,paper,paper,0.999194,True,False
data\external_test_realwaste\paper\Paper_486.jpg,paper,paper,0.516138,True,True
data\external_test_realwaste\paper\Paper_487.jpg,paper,trash,0.984014,False,False
data\external_test_realwaste\paper\Paper_488.jpg,paper,trash,0.577499,False,True
data\external_test_realwaste\paper\Paper_489.jpg,paper,trash,0.863276,False,False
data\external_test_realwaste\paper\Paper_49.jpg,paper,paper,0.662794,True,False
data\external_test_realwaste\paper\Paper_490.jpg,paper,paper,0.931749,True,False
data\external_test_realwaste\paper\Paper_491.jpg,paper,paper,0.528746,True,True
data\external_test_realwaste\paper\Paper_492.jpg,paper,trash,0.886063,False,False
data\external_test_realwaste\paper\Paper_493.jpg,paper,trash,0.983959,False,False
data\external_test_realwaste\paper\Paper_494.jpg,paper,trash,0.999967,False,False
data\external_test_realwaste\paper\Paper_495.jpg,paper,trash,0.994748,False,False
data\external_test_realwaste\paper\Paper_496.jpg,paper,trash,0.999832,False,False
data\external_test_realwaste\paper\Paper_497.jpg,paper,paper,0.997826,True,False
data\external_test_realwaste\paper\Paper_498.jpg,paper,paper,0.897083,True,False
data\external_test_realwaste\paper\Paper_499.jpg,paper,trash,0.682854,False,False
data\external_test_realwaste\paper\Paper_5.jpg,paper,paper,0.929784,True,False
data\external_test_realwaste\paper\Paper_50.jpg,paper,paper,0.629177,True,False
data\external_test_realwaste\paper\Paper_500.jpg,paper,trash,0.970889,False,False
data\external_test_realwaste\paper\Paper_51.jpg,paper,trash,0.430696,False,True
data\external_test_realwaste\paper\Paper_52.jpg,paper,paper,0.547666,True,True
data\external_test_realwaste\paper\Paper_53.jpg,paper,paper,0.995956,True,False
data\external_test_realwaste\paper\Paper_54.jpg,paper,paper,0.999313,True,False
data\external_test_realwaste\paper\Paper_55.jpg,paper,trash,0.50118,False,True
data\external_test_realwaste\paper\Paper_56.jpg,paper,paper,0.964521,True,False
data\external_test_realwaste\paper\Paper_57.jpg,paper,paper,0.740831,True,False
data\external_test_realwaste\paper\Paper_58.jpg,paper,trash,0.99681,False,False
data\external_test_realwaste\paper\Paper_59.jpg,paper,trash,0.984215,False,False
data\external_test_realwaste\paper\Paper_6.jpg,paper,paper,0.69185,True,False
data\external_test_realwaste\paper\Paper_60.jpg,paper,paper,0.640226,True,False
data\external_test_realwaste\paper\Paper_61.jpg,paper,paper,0.848199,True,False
data\external_test_realwaste\paper\Paper_62.jpg,paper,paper,0.933577,True,False
data\external_test_realwaste\paper\Paper_63.jpg,paper,paper,0.530293,True,True
data\external_test_realwaste\paper\Paper_64.jpg,paper,trash,0.752576,False,False
data\external_test_realwaste\paper\Paper_65.jpg,paper,paper,0.999375,True,False
data\external_test_realwaste\paper\Paper_66.jpg,paper,paper,0.99746,True,False
data\external_test_realwaste\paper\Paper_67.jpg,paper,trash,0.985774,False,False
data\external_test_realwaste\paper\Paper_68.jpg,paper,trash,0.934304,False,False
data\external_test_realwaste\paper\Paper_69.jpg,paper,paper,0.845329,True,False
data\external_test_realwaste\paper\Paper_7.jpg,paper,paper,0.773368,True,False
data\external_test_realwaste\paper\Paper_70.jpg,paper,paper,0.968398,True,False
data\external_test_realwaste\paper\Paper_71.jpg,paper,paper,0.998929,True,False
data\external_test_realwaste\paper\Paper_72.jpg,paper,trash,0.966279,False,False
data\external_test_realwaste\paper\Paper_73.jpg,paper,trash,0.986711,False,False
data\external_test_realwaste\paper\Paper_74.jpg,paper,trash,0.951442,False,False
data\external_test_realwaste\paper\Paper_75.jpg,paper,paper,0.999955,True,False
data\external_test_realwaste\paper\Paper_76.jpg,paper,paper,0.999716,True,False
data\external_test_realwaste\paper\Paper_77.jpg,paper,paper,0.998263,True,False
data\external_test_realwaste\paper\Paper_78.jpg,paper,paper,0.981194,True,False
data\external_test_realwaste\paper\Paper_79.jpg,paper,trash,0.978604,False,False
data\external_test_realwaste\paper\Paper_8.jpg,paper,trash,0.978152,False,False
data\external_test_realwaste\paper\Paper_80.jpg,paper,trash,0.997194,False,False
data\external_test_realwaste\paper\Paper_81.jpg,paper,trash,0.751869,False,False
data\external_test_realwaste\paper\Paper_82.jpg,paper,paper,0.999892,True,False
data\external_test_realwaste\paper\Paper_83.jpg,paper,paper,0.991084,True,False
data\external_test_realwaste\paper\Paper_84.jpg,paper,trash,0.944064,False,False
data\external_test_realwaste\paper\Paper_85.jpg,paper,paper,0.527682,True,True
data\external_test_realwaste\paper\Paper_86.jpg,paper,trash,0.51561,False,True
data\external_test_realwaste\paper\Paper_87.jpg,paper,paper,0.954941,True,False
data\external_test_realwaste\paper\Paper_88.jpg,paper,trash,0.759049,False,False
data\external_test_realwaste\paper\Paper_89.jpg,paper,paper,0.782188,True,False
data\external_test_realwaste\paper\Paper_9.jpg,paper,trash,0.823203,False,False
data\external_test_realwaste\paper\Paper_90.jpg,paper,paper,0.997051,True,False
data\external_test_realwaste\paper\Paper_91.jpg,paper,paper,0.729502,True,False
data\external_test_realwaste\paper\Paper_92.jpg,paper,trash,0.816229,False,False
data\external_test_realwaste\paper\Paper_93.jpg,paper,paper,1.0,True,False
data\external_test_realwaste\paper\Paper_94.jpg,paper,plastic,0.678843,False,False
data\external_test_realwaste\paper\Paper_95.jpg,paper,paper,0.999865,True,False
data\external_test_realwaste\paper\Paper_96.jpg,paper,trash,0.970662,False,False
data\external_test_realwaste\paper\Paper_97.jpg,paper,trash,0.673465,False,False
data\external_test_realwaste\paper\Paper_98.jpg,paper,paper,0.944889,True,False
data\external_test_realwaste\paper\Paper_99.jpg,paper,trash,0.98489,False,False
data\external_test_realwaste\plastic\Plastic_1.jpg,plastic,plastic,0.959048,True,False
data\external_test_realwaste\plastic\Plastic_10.jpg,plastic,plastic,0.972387,True,False
data\external_test_realwaste\plastic\Plastic_100.jpg,plastic,plastic,0.896784,True,False
data\external_test_realwaste\plastic\Plastic_101.jpg,plastic,plastic,0.999148,True,False
data\external_test_realwaste\plastic\Plastic_102.jpg,plastic,metal,0.646125,False,False
data\external_test_realwaste\plastic\Plastic_103.jpg,plastic,trash,0.976363,False,False
data\external_test_realwaste\plastic\Plastic_104.jpg,plastic,metal,0.62253,False,False
data\external_test_realwaste\plastic\Plastic_105.jpg,plastic,plastic,0.643914,True,False
data\external_test_realwaste\plastic\Plastic_106.jpg,plastic,plastic,0.992429,True,False
data\external_test_realwaste\plastic\Plastic_107.jpg,plastic,plastic,0.88819,True,False
data\external_test_realwaste\plastic\Plastic_108.jpg,plastic,trash,0.880186,False,False
data\external_test_realwaste\plastic\Plastic_109.jpg,plastic,trash,0.969407,False,False
data\external_test_realwaste\plastic\Plastic_11.jpg,plastic,plastic,0.980033,True,False
data\external_test_realwaste\plastic\Plastic_110.jpg,plastic,trash,0.990086,False,False
data\external_test_realwaste\plastic\Plastic_111.jpg,plastic,trash,0.613972,False,False
data\external_test_realwaste\plastic\Plastic_112.jpg,plastic,plastic,0.987665,True,False
data\external_test_realwaste\plastic\Plastic_113.jpg,plastic,plastic,0.912272,True,False
data\external_test_realwaste\plastic\Plastic_114.jpg,plastic,trash,0.854137,False,False
data\external_test_realwaste\plastic\Plastic_115.jpg,plastic,trash,0.571054,False,True
data\external_test_realwaste\plastic\Plastic_116.jpg,plastic,plastic,0.893562,True,False
data\external_test_realwaste\plastic\Plastic_117.jpg,plastic,trash,0.999403,False,False
data\external_test_realwaste\plastic\Plastic_118.jpg,plastic,trash,0.68188,False,False
data\external_test_realwaste\plastic\Plastic_119.jpg,plastic,trash,0.989467,False,False
data\external_test_realwaste\plastic\Plastic_12.jpg,plastic,plastic,0.976322,True,False
data\external_test_realwaste\plastic\Plastic_120.jpg,plastic,plastic,0.943085,True,False
data\external_test_realwaste\plastic\Plastic_121.jpg,plastic,trash,0.400706,False,True
data\external_test_realwaste\plastic\Plastic_122.jpg,plastic,trash,0.999359,False,False
data\external_test_realwaste\plastic\Plastic_123.jpg,plastic,trash,0.783722,False,False
data\external_test_realwaste\plastic\Plastic_124.jpg,plastic,trash,0.913767,False,False
data\external_test_realwaste\plastic\Plastic_125.jpg,plastic,plastic,0.85815,True,False
data\external_test_realwaste\plastic\Plastic_126.jpg,plastic,metal,0.757091,False,False
data\external_test_realwaste\plastic\Plastic_127.jpg,plastic,plastic,0.831711,True,False
data\external_test_realwaste\plastic\Plastic_128.jpg,plastic,metal,0.622567,False,False
data\external_test_realwaste\plastic\Plastic_129.jpg,plastic,trash,0.490169,False,True
data\external_test_realwaste\plastic\Plastic_13.jpg,plastic,plastic,0.977825,True,False
data\external_test_realwaste\plastic\Plastic_130.jpg,plastic,trash,0.82542,False,False
data\external_test_realwaste\plastic\Plastic_131.jpg,plastic,metal,0.484234,False,True
data\external_test_realwaste\plastic\Plastic_132.jpg,plastic,trash,0.841115,False,False
data\external_test_realwaste\plastic\Plastic_133.jpg,plastic,trash,0.981989,False,False
data\external_test_realwaste\plastic\Plastic_134.jpg,plastic,trash,0.953835,False,False
data\external_test_realwaste\plastic\Plastic_135.jpg,plastic,plastic,0.989503,True,False
data\external_test_realwaste\plastic\Plastic_136.jpg,plastic,plastic,0.684706,True,False
data\external_test_realwaste\plastic\Plastic_137.jpg,plastic,metal,0.805874,False,False
data\external_test_realwaste\plastic\Plastic_138.jpg,plastic,metal,0.954616,False,False
data\external_test_realwaste\plastic\Plastic_139.jpg,plastic,trash,0.869769,False,False
data\external_test_realwaste\plastic\Plastic_14.jpg,plastic,plastic,0.949497,True,False
data\external_test_realwaste\plastic\Plastic_140.jpg,plastic,trash,0.783002,False,False
data\external_test_realwaste\plastic\Plastic_141.jpg,plastic,trash,0.987416,False,False
data\external_test_realwaste\plastic\Plastic_142.jpg,plastic,plastic,0.478127,True,True
data\external_test_realwaste\plastic\Plastic_143.jpg,plastic,metal,0.91805,False,False
data\external_test_realwaste\plastic\Plastic_144.jpg,plastic,metal,0.964971,False,False
data\external_test_realwaste\plastic\Plastic_145.jpg,plastic,cardboard,0.787437,False,False
data\external_test_realwaste\plastic\Plastic_146.jpg,plastic,plastic,0.512201,True,True
data\external_test_realwaste\plastic\Plastic_147.jpg,plastic,plastic,0.979114,True,False
data\external_test_realwaste\plastic\Plastic_148.jpg,plastic,plastic,0.567731,True,True
data\external_test_realwaste\plastic\Plastic_149.jpg,plastic,glass,0.54989,False,True
data\external_test_realwaste\plastic\Plastic_15.jpg,plastic,plastic,0.972112,True,False
data\external_test_realwaste\plastic\Plastic_150.jpg,plastic,trash,0.605139,False,False
data\external_test_realwaste\plastic\Plastic_151.jpg,plastic,trash,0.995579,False,False
data\external_test_realwaste\plastic\Plastic_152.jpg,plastic,plastic,0.999832,True,False
data\external_test_realwaste\plastic\Plastic_153.jpg,plastic,plastic,0.994051,True,False
data\external_test_realwaste\plastic\Plastic_154.jpg,plastic,plastic,0.870565,True,False
data\external_test_realwaste\plastic\Plastic_155.jpg,plastic,trash,0.946857,False,False
data\external_test_realwaste\plastic\Plastic_156.jpg,plastic,trash,0.998593,False,False
data\external_test_realwaste\plastic\Plastic_157.jpg,plastic,plastic,0.959165,True,False
data\external_test_realwaste\plastic\Plastic_158.jpg,plastic,trash,0.995271,False,False
data\external_test_realwaste\plastic\Plastic_159.jpg,plastic,trash,0.998293,False,False
data\external_test_realwaste\plastic\Plastic_16.jpg,plastic,trash,0.561384,False,True
data\external_test_realwaste\plastic\Plastic_160.jpg,plastic,trash,0.988647,False,False
data\external_test_realwaste\plastic\Plastic_161.jpg,plastic,metal,0.997421,False,False
data\external_test_realwaste\plastic\Plastic_162.jpg,plastic,metal,0.981838,False,False
data\external_test_realwaste\plastic\Plastic_163.jpg,plastic,plastic,0.495314,True,True
data\external_test_realwaste\plastic\Plastic_164.jpg,plastic,trash,0.996076,False,False
data\external_test_realwaste\plastic\Plastic_165.jpg,plastic,trash,0.990876,False,False
data\external_test_realwaste\plastic\Plastic_166.jpg,plastic,trash,0.999985,False,False
data\external_test_realwaste\plastic\Plastic_167.jpg,plastic,trash,0.873185,False,False
data\external_test_realwaste\plastic\Plastic_168.jpg,plastic,plastic,0.948486,True,False
data\external_test_realwaste\plastic\Plastic_169.jpg,plastic,trash,0.996651,False,False
data\external_test_realwaste\plastic\Plastic_17.jpg,plastic,plastic,0.878184,True,False
data\external_test_realwaste\plastic\Plastic_170.jpg,plastic,trash,0.985216,False,False
data\external_test_realwaste\plastic\Plastic_171.jpg,plastic,metal,0.844316,False,False
data\external_test_realwaste\plastic\Plastic_172.jpg,plastic,trash,0.986364,False,False
data\external_test_realwaste\plastic\Plastic_173.jpg,plastic,trash,0.560126,False,True
data\external_test_realwaste\plastic\Plastic_174.jpg,plastic,plastic,0.991296,True,False
data\external_test_realwaste\plastic\Plastic_175.jpg,plastic,trash,0.99947,False,False
data\external_test_realwaste\plastic\Plastic_176.jpg,plastic,trash,0.988962,False,False
data\external_test_realwaste\plastic\Plastic_177.jpg,plastic,trash,0.886796,False,False
data\external_test_realwaste\plastic\Plastic_178.jpg,plastic,plastic,0.848127,True,False
data\external_test_realwaste\plastic\Plastic_179.jpg,plastic,plastic,0.971704,True,False
data\external_test_realwaste\plastic\Plastic_18.jpg,plastic,trash,0.692712,False,False
data\external_test_realwaste\plastic\Plastic_180.jpg,plastic,plastic,0.96202,True,False
data\external_test_realwaste\plastic\Plastic_181.jpg,plastic,plastic,0.437421,True,True
data\external_test_realwaste\plastic\Plastic_182.jpg,plastic,trash,0.695535,False,False
data\external_test_realwaste\plastic\Plastic_183.jpg,plastic,plastic,0.699601,True,False
data\external_test_realwaste\plastic\Plastic_184.jpg,plastic,trash,0.99959,False,False
data\external_test_realwaste\plastic\Plastic_185.jpg,plastic,plastic,0.958611,True,False
data\external_test_realwaste\plastic\Plastic_186.jpg,plastic,metal,0.803385,False,False
data\external_test_realwaste\plastic\Plastic_187.jpg,plastic,trash,0.99998,False,False
data\external_test_realwaste\plastic\Plastic_188.jpg,plastic,trash,0.996925,False,False
data\external_test_realwaste\plastic\Plastic_189.jpg,plastic,trash,0.934789,False,False
data\external_test_realwaste\plastic\Plastic_19.jpg,plastic,trash,0.765886,False,False
data\external_test_realwaste\plastic\Plastic_190.jpg,plastic,plastic,0.980452,True,False
data\external_test_realwaste\plastic\Plastic_191.jpg,plastic,trash,0.995375,False,False
data\external_test_realwaste\plastic\Plastic_192.jpg,plastic,trash,0.516782,False,True
data\external_test_realwaste\plastic\Plastic_193.jpg,plastic,trash,0.999622,False,False
data\external_test_realwaste\plastic\Plastic_194.jpg,plastic,trash,0.99944,False,False
data\external_test_realwaste\plastic\Plastic_195.jpg,plastic,plastic,0.936036,True,False
data\external_test_realwaste\plastic\Plastic_196.jpg,plastic,plastic,0.997893,True,False
data\external_test_realwaste\plastic\Plastic_197.jpg,plastic,metal,0.987999,False,False
data\external_test_realwaste\plastic\Plastic_198.jpg,plastic,trash,0.990706,False,False
data\external_test_realwaste\plastic\Plastic_199.jpg,plastic,trash,0.98537,False,False
data\external_test_realwaste\plastic\Plastic_2.jpg,plastic,plastic,0.928446,True,False
data\external_test_realwaste\plastic\Plastic_20.jpg,plastic,trash,0.99705,False,False
data\external_test_realwaste\plastic\Plastic_200.jpg,plastic,metal,0.992018,False,False
data\external_test_realwaste\plastic\Plastic_201.jpg,plastic,plastic,0.98957,True,False
data\external_test_realwaste\plastic\Plastic_202.jpg,plastic,trash,0.962404,False,False
data\external_test_realwaste\plastic\Plastic_203.jpg,plastic,trash,0.995905,False,False
data\external_test_realwaste\plastic\Plastic_204.jpg,plastic,trash,0.518099,False,True
data\external_test_realwaste\plastic\Plastic_205.jpg,plastic,metal,0.798431,False,False
data\external_test_realwaste\plastic\Plastic_206.jpg,plastic,plastic,0.98353,True,False
data\external_test_realwaste\plastic\Plastic_207.jpg,plastic,plastic,0.967118,True,False
data\external_test_realwaste\plastic\Plastic_208.jpg,plastic,plastic,0.920158,True,False
data\external_test_realwaste\plastic\Plastic_209.jpg,plastic,trash,0.842522,False,False
data\external_test_realwaste\plastic\Plastic_21.jpg,plastic,plastic,0.54445,True,True
data\external_test_realwaste\plastic\Plastic_210.jpg,plastic,trash,0.903054,False,False
data\external_test_realwaste\plastic\Plastic_211.jpg,plastic,trash,0.979377,False,False
data\external_test_realwaste\plastic\Plastic_212.jpg,plastic,metal,0.8666,False,False
data\external_test_realwaste\plastic\Plastic_213.jpg,plastic,trash,0.965264,False,False
data\external_test_realwaste\plastic\Plastic_214.jpg,plastic,metal,0.976018,False,False
data\external_test_realwaste\plastic\Plastic_215.jpg,plastic,plastic,0.587925,True,True
data\external_test_realwaste\plastic\Plastic_216.jpg,plastic,trash,0.628087,False,False
data\external_test_realwaste\plastic\Plastic_217.jpg,plastic,plastic,0.79553,True,False
data\external_test_realwaste\plastic\Plastic_218.jpg,plastic,trash,0.501971,False,True
data\external_test_realwaste\plastic\Plastic_219.jpg,plastic,trash,0.999665,False,False
data\external_test_realwaste\plastic\Plastic_22.jpg,plastic,metal,0.316422,False,True
data\external_test_realwaste\plastic\Plastic_220.jpg,plastic,trash,0.49041,False,True
data\external_test_realwaste\plastic\Plastic_221.jpg,plastic,trash,0.958221,False,False
data\external_test_realwaste\plastic\Plastic_222.jpg,plastic,plastic,0.702666,True,False
data\external_test_realwaste\plastic\Plastic_223.jpg,plastic,plastic,0.932362,True,False
data\external_test_realwaste\plastic\Plastic_224.jpg,plastic,glass,0.81712,False,False
data\external_test_realwaste\plastic\Plastic_225.jpg,plastic,trash,0.954494,False,False
data\external_test_realwaste\plastic\Plastic_226.jpg,plastic,trash,0.80908,False,False
data\external_test_realwaste\plastic\Plastic_227.jpg,plastic,plastic,0.678779,True,False
data\external_test_realwaste\plastic\Plastic_228.jpg,plastic,trash,0.761993,False,False
data\external_test_realwaste\plastic\Plastic_229.jpg,plastic,trash,0.392258,False,True
data\external_test_realwaste\plastic\Plastic_23.jpg,plastic,plastic,0.456615,True,True
data\external_test_realwaste\plastic\Plastic_230.jpg,plastic,trash,0.791413,False,False
data\external_test_realwaste\plastic\Plastic_231.jpg,plastic,plastic,0.992042,True,False
data\external_test_realwaste\plastic\Plastic_232.jpg,plastic,trash,0.9089,False,False
data\external_test_realwaste\plastic\Plastic_233.jpg,plastic,trash,0.983551,False,False
data\external_test_realwaste\plastic\Plastic_234.jpg,plastic,plastic,0.90922,True,False
data\external_test_realwaste\plastic\Plastic_235.jpg,plastic,trash,0.626486,False,False
data\external_test_realwaste\plastic\Plastic_236.jpg,plastic,plastic,0.983374,True,False
data\external_test_realwaste\plastic\Plastic_237.jpg,plastic,trash,0.657196,False,False
data\external_test_realwaste\plastic\Plastic_238.jpg,plastic,plastic,0.99954,True,False
data\external_test_realwaste\plastic\Plastic_239.jpg,plastic,plastic,0.994501,True,False
data\external_test_realwaste\plastic\Plastic_24.jpg,plastic,metal,0.495137,False,True
data\external_test_realwaste\plastic\Plastic_240.jpg,plastic,metal,0.594115,False,True
data\external_test_realwaste\plastic\Plastic_241.jpg,plastic,paper,0.948022,False,False
data\external_test_realwaste\plastic\Plastic_242.jpg,plastic,metal,0.99359,False,False
data\external_test_realwaste\plastic\Plastic_243.jpg,plastic,plastic,0.993952,True,False
data\external_test_realwaste\plastic\Plastic_244.jpg,plastic,plastic,0.982515,True,False
data\external_test_realwaste\plastic\Plastic_245.jpg,plastic,plastic,0.995299,True,False
data\external_test_realwaste\plastic\Plastic_246.jpg,plastic,trash,0.712631,False,False
data\external_test_realwaste\plastic\Plastic_247.jpg,plastic,trash,0.596079,False,True
data\external_test_realwaste\plastic\Plastic_248.jpg,plastic,trash,0.998436,False,False
data\external_test_realwaste\plastic\Plastic_249.jpg,plastic,trash,0.629164,False,False
data\external_test_realwaste\plastic\Plastic_25.jpg,plastic,plastic,0.588869,True,True
data\external_test_realwaste\plastic\Plastic_250.jpg,plastic,plastic,0.601137,True,False
data\external_test_realwaste\plastic\Plastic_251.jpg,plastic,plastic,0.450046,True,True
data\external_test_realwaste\plastic\Plastic_252.jpg,plastic,trash,0.836456,False,False
data\external_test_realwaste\plastic\Plastic_253.jpg,plastic,trash,0.947139,False,False
data\external_test_realwaste\plastic\Plastic_254.jpg,plastic,trash,0.511523,False,True
data\external_test_realwaste\plastic\Plastic_255.jpg,plastic,trash,0.482767,False,True
data\external_test_realwaste\plastic\Plastic_256.jpg,plastic,trash,0.948796,False,False
data\external_test_realwaste\plastic\Plastic_257.jpg,plastic,plastic,0.974967,True,False
data\external_test_realwaste\plastic\Plastic_258.jpg,plastic,plastic,0.420276,True,True
data\external_test_realwaste\plastic\Plastic_259.jpg,plastic,trash,0.95901,False,False
data\external_test_realwaste\plastic\Plastic_26.jpg,plastic,trash,0.99347,False,False
data\external_test_realwaste\plastic\Plastic_260.jpg,plastic,trash,0.999684,False,False
data\external_test_realwaste\plastic\Plastic_261.jpg,plastic,trash,0.970127,False,False
data\external_test_realwaste\plastic\Plastic_262.jpg,plastic,trash,0.825431,False,False
data\external_test_realwaste\plastic\Plastic_263.jpg,plastic,trash,0.782739,False,False
data\external_test_realwaste\plastic\Plastic_264.jpg,plastic,plastic,0.827466,True,False
data\external_test_realwaste\plastic\Plastic_265.jpg,plastic,plastic,0.992448,True,False
data\external_test_realwaste\plastic\Plastic_266.jpg,plastic,plastic,0.934242,True,False
data\external_test_realwaste\plastic\Plastic_267.jpg,plastic,plastic,0.996113,True,False
data\external_test_realwaste\plastic\Plastic_268.jpg,plastic,trash,0.965299,False,False
data\external_test_realwaste\plastic\Plastic_269.jpg,plastic,plastic,0.811422,True,False
data\external_test_realwaste\plastic\Plastic_27.jpg,plastic,plastic,0.993268,True,False
data\external_test_realwaste\plastic\Plastic_270.jpg,plastic,plastic,0.999971,True,False
data\external_test_realwaste\plastic\Plastic_271.jpg,plastic,trash,0.410133,False,True
data\external_test_realwaste\plastic\Plastic_272.jpg,plastic,plastic,0.892223,True,False
data\external_test_realwaste\plastic\Plastic_273.jpg,plastic,trash,0.837415,False,False
data\external_test_realwaste\plastic\Plastic_274.jpg,plastic,plastic,0.999991,True,False
data\external_test_realwaste\plastic\Plastic_275.jpg,plastic,plastic,0.919131,True,False
data\external_test_realwaste\plastic\Plastic_276.jpg,plastic,plastic,0.911017,True,False
data\external_test_realwaste\plastic\Plastic_277.jpg,plastic,plastic,0.836059,True,False
data\external_test_realwaste\plastic\Plastic_278.jpg,plastic,cardboard,0.337702,False,True
data\external_test_realwaste\plastic\Plastic_279.jpg,plastic,paper,0.90612,False,False
data\external_test_realwaste\plastic\Plastic_28.jpg,plastic,plastic,0.998921,True,False
data\external_test_realwaste\plastic\Plastic_280.jpg,plastic,trash,0.999475,False,False
data\external_test_realwaste\plastic\Plastic_281.jpg,plastic,glass,0.588484,False,True
data\external_test_realwaste\plastic\Plastic_282.jpg,plastic,trash,0.583493,False,True
data\external_test_realwaste\plastic\Plastic_283.jpg,plastic,trash,0.776189,False,False
data\external_test_realwaste\plastic\Plastic_284.jpg,plastic,plastic,0.996621,True,False
data\external_test_realwaste\plastic\Plastic_285.jpg,plastic,plastic,0.996719,True,False
data\external_test_realwaste\plastic\Plastic_286.jpg,plastic,glass,0.794441,False,False
data\external_test_realwaste\plastic\Plastic_287.jpg,plastic,plastic,0.945034,True,False
data\external_test_realwaste\plastic\Plastic_288.jpg,plastic,glass,0.479565,False,True
data\external_test_realwaste\plastic\Plastic_289.jpg,plastic,plastic,0.934806,True,False
data\external_test_realwaste\plastic\Plastic_29.jpg,plastic,plastic,0.912791,True,False
data\external_test_realwaste\plastic\Plastic_290.jpg,plastic,plastic,0.971513,True,False
data\external_test_realwaste\plastic\Plastic_291.jpg,plastic,plastic,0.976977,True,False
data\external_test_realwaste\plastic\Plastic_292.jpg,plastic,paper,0.754092,False,False
data\external_test_realwaste\plastic\Plastic_293.jpg,plastic,plastic,0.943718,True,False
data\external_test_realwaste\plastic\Plastic_294.jpg,plastic,plastic,0.999044,True,False
data\external_test_realwaste\plastic\Plastic_295.jpg,plastic,plastic,0.996992,True,False
data\external_test_realwaste\plastic\Plastic_296.jpg,plastic,trash,0.980981,False,False
data\external_test_realwaste\plastic\Plastic_297.jpg,plastic,trash,0.83196,False,False
data\external_test_realwaste\plastic\Plastic_298.jpg,plastic,plastic,0.346861,True,True
data\external_test_realwaste\plastic\Plastic_299.jpg,plastic,plastic,0.905329,True,False
data\external_test_realwaste\plastic\Plastic_3.jpg,plastic,plastic,0.9995,True,False
data\external_test_realwaste\plastic\Plastic_30.jpg,plastic,plastic,0.897853,True,False
data\external_test_realwaste\plastic\Plastic_300.jpg,plastic,paper,0.4016,False,True
data\external_test_realwaste\plastic\Plastic_301.jpg,plastic,plastic,0.93804,True,False
data\external_test_realwaste\plastic\Plastic_302.jpg,plastic,plastic,0.791252,True,False
data\external_test_realwaste\plastic\Plastic_303.jpg,plastic,glass,0.909642,False,False
data\external_test_realwaste\plastic\Plastic_304.jpg,plastic,trash,0.703742,False,False
data\external_test_realwaste\plastic\Plastic_305.jpg,plastic,plastic,0.944965,True,False
data\external_test_realwaste\plastic\Plastic_306.jpg,plastic,trash,0.732007,False,False
data\external_test_realwaste\plastic\Plastic_307.jpg,plastic,plastic,0.966987,True,False
data\external_test_realwaste\plastic\Plastic_308.jpg,plastic,trash,0.976743,False,False
data\external_test_realwaste\plastic\Plastic_309.jpg,plastic,trash,0.643258,False,False
data\external_test_realwaste\plastic\Plastic_31.jpg,plastic,trash,0.949117,False,False
data\external_test_realwaste\plastic\Plastic_310.jpg,plastic,plastic,0.997299,True,False
data\external_test_realwaste\plastic\Plastic_311.jpg,plastic,plastic,0.417862,True,True
data\external_test_realwaste\plastic\Plastic_312.jpg,plastic,glass,0.449819,False,True
data\external_test_realwaste\plastic\Plastic_313.jpg,plastic,trash,0.437746,False,True
data\external_test_realwaste\plastic\Plastic_314.jpg,plastic,metal,0.582113,False,True
data\external_test_realwaste\plastic\Plastic_315.jpg,plastic,plastic,0.707961,True,False
data\external_test_realwaste\plastic\Plastic_316.jpg,plastic,trash,0.977599,False,False
data\external_test_realwaste\plastic\Plastic_317.jpg,plastic,metal,0.35782,False,True
data\external_test_realwaste\plastic\Plastic_318.jpg,plastic,plastic,0.995394,True,False
data\external_test_realwaste\plastic\Plastic_319.jpg,plastic,plastic,0.644579,True,False
data\external_test_realwaste\plastic\Plastic_32.jpg,plastic,trash,0.97599,False,False
data\external_test_realwaste\plastic\Plastic_320.jpg,plastic,trash,0.670293,False,False
data\external_test_realwaste\plastic\Plastic_321.jpg,plastic,trash,0.669888,False,False
data\external_test_realwaste\plastic\Plastic_322.jpg,plastic,plastic,0.457031,True,True
data\external_test_realwaste\plastic\Plastic_323.jpg,plastic,plastic,0.788986,True,False
data\external_test_realwaste\plastic\Plastic_324.jpg,plastic,trash,0.749565,False,False
data\external_test_realwaste\plastic\Plastic_325.jpg,plastic,plastic,0.866165,True,False
data\external_test_realwaste\plastic\Plastic_326.jpg,plastic,trash,0.893833,False,False
data\external_test_realwaste\plastic\Plastic_327.jpg,plastic,trash,0.93981,False,False
data\external_test_realwaste\plastic\Plastic_328.jpg,plastic,plastic,0.862729,True,False
data\external_test_realwaste\plastic\Plastic_329.jpg,plastic,plastic,0.740062,True,False
data\external_test_realwaste\plastic\Plastic_33.jpg,plastic,glass,0.809784,False,False
data\external_test_realwaste\plastic\Plastic_330.jpg,plastic,plastic,0.982688,True,False
data\external_test_realwaste\plastic\Plastic_331.jpg,plastic,cardboard,0.745556,False,False
data\external_test_realwaste\plastic\Plastic_332.jpg,plastic,glass,0.510156,False,True
data\external_test_realwaste\plastic\Plastic_333.jpg,plastic,trash,0.387882,False,True
data\external_test_realwaste\plastic\Plastic_334.jpg,plastic,plastic,0.97723,True,False
data\external_test_realwaste\plastic\Plastic_335.jpg,plastic,plastic,0.993352,True,False
data\external_test_realwaste\plastic\Plastic_336.jpg,plastic,plastic,0.989339,True,False
data\external_test_realwaste\plastic\Plastic_337.jpg,plastic,plastic,0.99728,True,False
data\external_test_realwaste\plastic\Plastic_338.jpg,plastic,plastic,0.946894,True,False
data\external_test_realwaste\plastic\Plastic_339.jpg,plastic,cardboard,0.521896,False,True
data\external_test_realwaste\plastic\Plastic_34.jpg,plastic,cardboard,0.417966,False,True
data\external_test_realwaste\plastic\Plastic_340.jpg,plastic,plastic,0.513464,True,True
data\external_test_realwaste\plastic\Plastic_341.jpg,plastic,plastic,0.532871,True,True
data\external_test_realwaste\plastic\Plastic_342.jpg,plastic,cardboard,0.537877,False,True
data\external_test_realwaste\plastic\Plastic_343.jpg,plastic,plastic,0.84865,True,False
data\external_test_realwaste\plastic\Plastic_344.jpg,plastic,glass,0.899017,False,False
data\external_test_realwaste\plastic\Plastic_345.jpg,plastic,trash,0.528215,False,True
data\external_test_realwaste\plastic\Plastic_346.jpg,plastic,metal,0.324015,False,True
data\external_test_realwaste\plastic\Plastic_347.jpg,plastic,plastic,0.847404,True,False
data\external_test_realwaste\plastic\Plastic_348.jpg,plastic,glass,0.722347,False,False
data\external_test_realwaste\plastic\Plastic_349.jpg,plastic,trash,0.860234,False,False
data\external_test_realwaste\plastic\Plastic_35.jpg,plastic,trash,0.670994,False,False
data\external_test_realwaste\plastic\Plastic_350.jpg,plastic,trash,0.801682,False,False
data\external_test_realwaste\plastic\Plastic_351.jpg,plastic,plastic,0.738458,True,False
data\external_test_realwaste\plastic\Plastic_352.jpg,plastic,plastic,0.750382,True,False
data\external_test_realwaste\plastic\Plastic_353.jpg,plastic,plastic,0.971018,True,False
data\external_test_realwaste\plastic\Plastic_354.jpg,plastic,cardboard,0.937871,False,False
data\external_test_realwaste\plastic\Plastic_355.jpg,plastic,glass,0.931417,False,False
data\external_test_realwaste\plastic\Plastic_356.jpg,plastic,plastic,0.476597,True,True
data\external_test_realwaste\plastic\Plastic_357.jpg,plastic,plastic,0.985046,True,False
data\external_test_realwaste\plastic\Plastic_358.jpg,plastic,glass,0.919642,False,False
data\external_test_realwaste\plastic\Plastic_359.jpg,plastic,trash,0.760367,False,False
data\external_test_realwaste\plastic\Plastic_36.jpg,plastic,trash,0.788728,False,False
data\external_test_realwaste\plastic\Plastic_360.jpg,plastic,glass,0.914814,False,False
data\external_test_realwaste\plastic\Plastic_361.jpg,plastic,trash,0.852225,False,False
data\external_test_realwaste\plastic\Plastic_362.jpg,plastic,glass,0.64644,False,False
data\external_test_realwaste\plastic\Plastic_363.jpg,plastic,trash,0.432112,False,True
data\external_test_realwaste\plastic\Plastic_364.jpg,plastic,plastic,0.358254,True,True
data\external_test_realwaste\plastic\Plastic_365.jpg,plastic,plastic,0.99093,True,False
data\external_test_realwaste\plastic\Plastic_366.jpg,plastic,plastic,0.716645,True,False
data\external_test_realwaste\plastic\Plastic_367.jpg,plastic,trash,0.754244,False,False
data\external_test_realwaste\plastic\Plastic_368.jpg,plastic,trash,0.591531,False,True
data\external_test_realwaste\plastic\Plastic_369.jpg,plastic,plastic,0.846616,True,False
data\external_test_realwaste\plastic\Plastic_37.jpg,plastic,trash,0.984954,False,False
data\external_test_realwaste\plastic\Plastic_370.jpg,plastic,trash,0.988455,False,False
data\external_test_realwaste\plastic\Plastic_371.jpg,plastic,trash,0.99369,False,False
data\external_test_realwaste\plastic\Plastic_372.jpg,plastic,trash,0.993009,False,False
data\external_test_realwaste\plastic\Plastic_373.jpg,plastic,trash,0.982639,False,False
data\external_test_realwaste\plastic\Plastic_374.jpg,plastic,trash,0.591064,False,True
data\external_test_realwaste\plastic\Plastic_375.jpg,plastic,trash,0.996748,False,False
data\external_test_realwaste\plastic\Plastic_376.jpg,plastic,trash,0.962811,False,False
data\external_test_realwaste\plastic\Plastic_377.jpg,plastic,trash,0.987427,False,False
data\external_test_realwaste\plastic\Plastic_378.jpg,plastic,trash,0.967073,False,False
data\external_test_realwaste\plastic\Plastic_379.jpg,plastic,plastic,0.999757,True,False
data\external_test_realwaste\plastic\Plastic_38.jpg,plastic,trash,0.911021,False,False
data\external_test_realwaste\plastic\Plastic_380.jpg,plastic,trash,0.986435,False,False
data\external_test_realwaste\plastic\Plastic_381.jpg,plastic,plastic,0.61875,True,False
data\external_test_realwaste\plastic\Plastic_382.jpg,plastic,trash,0.575439,False,True
data\external_test_realwaste\plastic\Plastic_383.jpg,plastic,trash,0.870386,False,False
data\external_test_realwaste\plastic\Plastic_384.jpg,plastic,trash,0.922146,False,False
data\external_test_realwaste\plastic\Plastic_385.jpg,plastic,trash,0.998627,False,False
data\external_test_realwaste\plastic\Plastic_386.jpg,plastic,trash,0.982432,False,False
data\external_test_realwaste\plastic\Plastic_387.jpg,plastic,trash,0.995228,False,False
data\external_test_realwaste\plastic\Plastic_388.jpg,plastic,trash,0.999913,False,False
data\external_test_realwaste\plastic\Plastic_389.jpg,plastic,trash,0.99936,False,False
data\external_test_realwaste\plastic\Plastic_39.jpg,plastic,plastic,0.895658,True,False
data\external_test_realwaste\plastic\Plastic_390.jpg,plastic,metal,0.567696,False,True
data\external_test_realwaste\plastic\Plastic_391.jpg,plastic,trash,0.986702,False,False
data\external_test_realwaste\plastic\Plastic_392.jpg,plastic,trash,0.743079,False,False
data\external_test_realwaste\plastic\Plastic_393.jpg,plastic,trash,0.98234,False,False
data\external_test_realwaste\plastic\Plastic_394.jpg,plastic,plastic,0.917642,True,False
data\external_test_realwaste\plastic\Plastic_395.jpg,plastic,trash,0.513593,False,True
data\external_test_realwaste\plastic\Plastic_396.jpg,plastic,trash,0.370964,False,True
data\external_test_realwaste\plastic\Plastic_397.jpg,plastic,trash,0.553452,False,True
data\external_test_realwaste\plastic\Plastic_398.jpg,plastic,plastic,0.921156,True,False
data\external_test_realwaste\plastic\Plastic_399.jpg,plastic,trash,0.999882,False,False
data\external_test_realwaste\plastic\Plastic_4.jpg,plastic,plastic,0.577048,True,True
data\external_test_realwaste\plastic\Plastic_40.jpg,plastic,trash,0.835357,False,False
data\external_test_realwaste\plastic\Plastic_400.jpg,plastic,plastic,0.818885,True,False
data\external_test_realwaste\plastic\Plastic_401.jpg,plastic,trash,0.989669,False,False
data\external_test_realwaste\plastic\Plastic_402.jpg,plastic,plastic,0.661226,True,False
data\external_test_realwaste\plastic\Plastic_403.jpg,plastic,metal,0.630302,False,False
data\external_test_realwaste\plastic\Plastic_404.jpg,plastic,trash,0.748791,False,False
data\external_test_realwaste\plastic\Plastic_405.jpg,plastic,glass,0.578608,False,True
data\external_test_realwaste\plastic\Plastic_406.jpg,plastic,trash,0.706312,False,False
data\external_test_realwaste\plastic\Plastic_407.jpg,plastic,plastic,0.973891,True,False
data\external_test_realwaste\plastic\Plastic_408.jpg,plastic,plastic,0.927501,True,False
data\external_test_realwaste\plastic\Plastic_409.jpg,plastic,plastic,0.948478,True,False
data\external_test_realwaste\plastic\Plastic_41.jpg,plastic,glass,0.798993,False,False
data\external_test_realwaste\plastic\Plastic_410.jpg,plastic,plastic,0.996153,True,False
data\external_test_realwaste\plastic\Plastic_411.jpg,plastic,trash,0.568854,False,True
data\external_test_realwaste\plastic\Plastic_412.jpg,plastic,trash,0.987361,False,False
data\external_test_realwaste\plastic\Plastic_413.jpg,plastic,plastic,0.995218,True,False
data\external_test_realwaste\plastic\Plastic_414.jpg,plastic,plastic,0.933249,True,False
data\external_test_realwaste\plastic\Plastic_415.jpg,plastic,plastic,0.983535,True,False
data\external_test_realwaste\plastic\Plastic_416.jpg,plastic,plastic,0.644126,True,False
data\external_test_realwaste\plastic\Plastic_417.jpg,plastic,plastic,0.540649,True,True
data\external_test_realwaste\plastic\Plastic_418.jpg,plastic,plastic,0.986123,True,False
data\external_test_realwaste\plastic\Plastic_419.jpg,plastic,plastic,0.999399,True,False
data\external_test_realwaste\plastic\Plastic_42.jpg,plastic,trash,0.810651,False,False
data\external_test_realwaste\plastic\Plastic_420.jpg,plastic,plastic,0.962854,True,False
data\external_test_realwaste\plastic\Plastic_421.jpg,plastic,plastic,0.961285,True,False
data\external_test_realwaste\plastic\Plastic_422.jpg,plastic,trash,0.987861,False,False
data\external_test_realwaste\plastic\Plastic_423.jpg,plastic,trash,0.986027,False,False
data\external_test_realwaste\plastic\Plastic_424.jpg,plastic,trash,0.599077,False,True
data\external_test_realwaste\plastic\Plastic_425.jpg,plastic,plastic,0.597599,True,True
data\external_test_realwaste\plastic\Plastic_426.jpg,plastic,trash,0.775943,False,False
data\external_test_realwaste\plastic\Plastic_427.jpg,plastic,plastic,0.682369,True,False
data\external_test_realwaste\plastic\Plastic_428.jpg,plastic,trash,0.810323,False,False
data\external_test_realwaste\plastic\Plastic_429.jpg,plastic,trash,0.763443,False,False
data\external_test_realwaste\plastic\Plastic_43.jpg,plastic,plastic,0.53739,True,True
data\external_test_realwaste\plastic\Plastic_430.jpg,plastic,metal,0.72343,False,False
data\external_test_realwaste\plastic\Plastic_431.jpg,plastic,plastic,0.606367,True,False
data\external_test_realwaste\plastic\Plastic_432.jpg,plastic,trash,0.532663,False,True
data\external_test_realwaste\plastic\Plastic_433.jpg,plastic,glass,0.437845,False,True
data\external_test_realwaste\plastic\Plastic_434.jpg,plastic,trash,0.858336,False,False
data\external_test_realwaste\plastic\Plastic_435.jpg,plastic,plastic,0.999751,True,False
data\external_test_realwaste\plastic\Plastic_436.jpg,plastic,plastic,0.893374,True,False
data\external_test_realwaste\plastic\Plastic_437.jpg,plastic,trash,0.749621,False,False
data\external_test_realwaste\plastic\Plastic_438.jpg,plastic,plastic,0.981237,True,False
data\external_test_realwaste\plastic\Plastic_439.jpg,plastic,plastic,0.519412,True,True
data\external_test_realwaste\plastic\Plastic_44.jpg,plastic,trash,0.999307,False,False
data\external_test_realwaste\plastic\Plastic_440.jpg,plastic,trash,0.647305,False,False
data\external_test_realwaste\plastic\Plastic_441.jpg,plastic,plastic,0.709418,True,False
data\external_test_realwaste\plastic\Plastic_442.jpg,plastic,plastic,0.812601,True,False
data\external_test_realwaste\plastic\Plastic_443.jpg,plastic,trash,0.855766,False,False
data\external_test_realwaste\plastic\Plastic_444.jpg,plastic,plastic,0.860449,True,False
data\external_test_realwaste\plastic\Plastic_445.jpg,plastic,plastic,0.7012,True,False
data\external_test_realwaste\plastic\Plastic_446.jpg,plastic,trash,0.998147,False,False
data\external_test_realwaste\plastic\Plastic_447.jpg,plastic,plastic,0.61497,True,False
data\external_test_realwaste\plastic\Plastic_448.jpg,plastic,plastic,0.621767,True,False
data\external_test_realwaste\plastic\Plastic_449.jpg,plastic,plastic,0.985952,True,False
data\external_test_realwaste\plastic\Plastic_45.jpg,plastic,trash,0.816874,False,False
data\external_test_realwaste\plastic\Plastic_450.jpg,plastic,trash,0.481305,False,True
data\external_test_realwaste\plastic\Plastic_451.jpg,plastic,plastic,0.609562,True,False
data\external_test_realwaste\plastic\Plastic_452.jpg,plastic,plastic,0.78288,True,False
data\external_test_realwaste\plastic\Plastic_453.jpg,plastic,plastic,0.636418,True,False
data\external_test_realwaste\plastic\Plastic_454.jpg,plastic,trash,0.883237,False,False
data\external_test_realwaste\plastic\Plastic_455.jpg,plastic,plastic,0.997056,True,False
data\external_test_realwaste\plastic\Plastic_456.jpg,plastic,trash,0.99409,False,False
data\external_test_realwaste\plastic\Plastic_457.jpg,plastic,trash,0.960901,False,False
data\external_test_realwaste\plastic\Plastic_458.jpg,plastic,trash,0.962179,False,False
data\external_test_realwaste\plastic\Plastic_459.jpg,plastic,plastic,0.994152,True,False
data\external_test_realwaste\plastic\Plastic_46.jpg,plastic,trash,0.553035,False,True
data\external_test_realwaste\plastic\Plastic_460.jpg,plastic,trash,0.796936,False,False
data\external_test_realwaste\plastic\Plastic_461.jpg,plastic,plastic,0.589554,True,True
data\external_test_realwaste\plastic\Plastic_462.jpg,plastic,plastic,0.618626,True,False
data\external_test_realwaste\plastic\Plastic_463.jpg,plastic,trash,0.999677,False,False
data\external_test_realwaste\plastic\Plastic_464.jpg,plastic,trash,0.995856,False,False
data\external_test_realwaste\plastic\Plastic_465.jpg,plastic,trash,0.983274,False,False
data\external_test_realwaste\plastic\Plastic_466.jpg,plastic,trash,0.998943,False,False
data\external_test_realwaste\plastic\Plastic_467.jpg,plastic,trash,0.531706,False,True
data\external_test_realwaste\plastic\Plastic_468.jpg,plastic,plastic,0.493354,True,True
data\external_test_realwaste\plastic\Plastic_469.jpg,plastic,trash,0.997037,False,False
data\external_test_realwaste\plastic\Plastic_47.jpg,plastic,trash,0.873693,False,False
data\external_test_realwaste\plastic\Plastic_470.jpg,plastic,trash,0.730622,False,False
data\external_test_realwaste\plastic\Plastic_471.jpg,plastic,trash,0.619402,False,False
data\external_test_realwaste\plastic\Plastic_472.jpg,plastic,plastic,0.994149,True,False
data\external_test_realwaste\plastic\Plastic_473.jpg,plastic,plastic,0.95129,True,False
data\external_test_realwaste\plastic\Plastic_474.jpg,plastic,plastic,0.975632,True,False
data\external_test_realwaste\plastic\Plastic_475.jpg,plastic,plastic,0.999958,True,False
data\external_test_realwaste\plastic\Plastic_476.jpg,plastic,plastic,0.982747,True,False
data\external_test_realwaste\plastic\Plastic_477.jpg,plastic,plastic,0.978959,True,False
data\external_test_realwaste\plastic\Plastic_478.jpg,plastic,plastic,0.975017,True,False
data\external_test_realwaste\plastic\Plastic_479.jpg,plastic,trash,0.53277,False,True
data\external_test_realwaste\plastic\Plastic_48.jpg,plastic,trash,0.969419,False,False
data\external_test_realwaste\plastic\Plastic_480.jpg,plastic,plastic,0.67163,True,False
data\external_test_realwaste\plastic\Plastic_481.jpg,plastic,trash,0.770326,False,False
data\external_test_realwaste\plastic\Plastic_482.jpg,plastic,trash,0.980078,False,False
data\external_test_realwaste\plastic\Plastic_483.jpg,plastic,trash,0.999275,False,False
data\external_test_realwaste\plastic\Plastic_484.jpg,plastic,trash,0.999446,False,False
data\external_test_realwaste\plastic\Plastic_485.jpg,plastic,plastic,0.725378,True,False
data\external_test_realwaste\plastic\Plastic_486.jpg,plastic,trash,0.496712,False,True
data\external_test_realwaste\plastic\Plastic_487.jpg,plastic,trash,0.997058,False,False
data\external_test_realwaste\plastic\Plastic_488.jpg,plastic,trash,0.999806,False,False
data\external_test_realwaste\plastic\Plastic_489.jpg,plastic,trash,0.972583,False,False
data\external_test_realwaste\plastic\Plastic_49.jpg,plastic,glass,0.491755,False,True
data\external_test_realwaste\plastic\Plastic_490.jpg,plastic,plastic,0.594394,True,True
data\external_test_realwaste\plastic\Plastic_491.jpg,plastic,plastic,0.73217,True,False
data\external_test_realwaste\plastic\Plastic_492.jpg,plastic,plastic,0.895115,True,False
data\external_test_realwaste\plastic\Plastic_493.jpg,plastic,plastic,0.993346,True,False
data\external_test_realwaste\plastic\Plastic_494.jpg,plastic,plastic,0.546848,True,True
data\external_test_realwaste\plastic\Plastic_495.jpg,plastic,metal,0.56498,False,True
data\external_test_realwaste\plastic\Plastic_496.jpg,plastic,plastic,0.992109,True,False
data\external_test_realwaste\plastic\Plastic_497.jpg,plastic,plastic,0.999092,True,False
data\external_test_realwaste\plastic\Plastic_498.jpg,plastic,plastic,0.475967,True,True
data\external_test_realwaste\plastic\Plastic_499.jpg,plastic,trash,0.963112,False,False
data\external_test_realwaste\plastic\Plastic_5.jpg,plastic,metal,0.346128,False,True
data\external_test_realwaste\plastic\Plastic_50.jpg,plastic,trash,0.996941,False,False
data\external_test_realwaste\plastic\Plastic_500.jpg,plastic,plastic,0.476606,True,True
data\external_test_realwaste\plastic\Plastic_501.jpg,plastic,trash,0.950595,False,False
data\external_test_realwaste\plastic\Plastic_502.jpg,plastic,glass,0.407091,False,True
data\external_test_realwaste\plastic\Plastic_503.jpg,plastic,plastic,0.994168,True,False
data\external_test_realwaste\plastic\Plastic_504.jpg,plastic,plastic,0.900333,True,False
data\external_test_realwaste\plastic\Plastic_505.jpg,plastic,plastic,0.999536,True,False
data\external_test_realwaste\plastic\Plastic_506.jpg,plastic,plastic,0.994548,True,False
data\external_test_realwaste\plastic\Plastic_507.jpg,plastic,plastic,0.95481,True,False
data\external_test_realwaste\plastic\Plastic_508.jpg,plastic,plastic,0.973498,True,False
data\external_test_realwaste\plastic\Plastic_509.jpg,plastic,trash,0.631761,False,False
data\external_test_realwaste\plastic\Plastic_51.jpg,plastic,plastic,0.754727,True,False
data\external_test_realwaste\plastic\Plastic_510.jpg,plastic,trash,0.722659,False,False
data\external_test_realwaste\plastic\Plastic_511.jpg,plastic,plastic,0.982392,True,False
data\external_test_realwaste\plastic\Plastic_512.jpg,plastic,trash,0.987176,False,False
data\external_test_realwaste\plastic\Plastic_513.jpg,plastic,plastic,0.883061,True,False
data\external_test_realwaste\plastic\Plastic_514.jpg,plastic,glass,0.554112,False,True
data\external_test_realwaste\plastic\Plastic_515.jpg,plastic,trash,0.991204,False,False
data\external_test_realwaste\plastic\Plastic_516.jpg,plastic,plastic,0.970374,True,False
data\external_test_realwaste\plastic\Plastic_517.jpg,plastic,plastic,0.995363,True,False
data\external_test_realwaste\plastic\Plastic_518.jpg,plastic,plastic,0.933975,True,False
data\external_test_realwaste\plastic\Plastic_519.jpg,plastic,plastic,0.905986,True,False
data\external_test_realwaste\plastic\Plastic_52.jpg,plastic,plastic,0.61377,True,False
data\external_test_realwaste\plastic\Plastic_520.jpg,plastic,plastic,0.999977,True,False
data\external_test_realwaste\plastic\Plastic_521.jpg,plastic,glass,0.994063,False,False
data\external_test_realwaste\plastic\Plastic_522.jpg,plastic,plastic,0.995963,True,False
data\external_test_realwaste\plastic\Plastic_523.jpg,plastic,trash,0.997267,False,False
data\external_test_realwaste\plastic\Plastic_524.jpg,plastic,plastic,0.971744,True,False
data\external_test_realwaste\plastic\Plastic_525.jpg,plastic,plastic,0.998708,True,False
data\external_test_realwaste\plastic\Plastic_526.jpg,plastic,plastic,0.976885,True,False
data\external_test_realwaste\plastic\Plastic_527.jpg,plastic,trash,0.907401,False,False
data\external_test_realwaste\plastic\Plastic_528.jpg,plastic,plastic,0.991589,True,False
data\external_test_realwaste\plastic\Plastic_529.jpg,plastic,trash,0.98542,False,False
data\external_test_realwaste\plastic\Plastic_53.jpg,plastic,trash,0.973288,False,False
data\external_test_realwaste\plastic\Plastic_530.jpg,plastic,plastic,0.781898,True,False
data\external_test_realwaste\plastic\Plastic_531.jpg,plastic,glass,0.964534,False,False
data\external_test_realwaste\plastic\Plastic_532.jpg,plastic,plastic,0.84686,True,False
data\external_test_realwaste\plastic\Plastic_533.jpg,plastic,cardboard,0.610895,False,False
data\external_test_realwaste\plastic\Plastic_534.jpg,plastic,trash,0.977472,False,False
data\external_test_realwaste\plastic\Plastic_535.jpg,plastic,trash,0.995701,False,False
data\external_test_realwaste\plastic\Plastic_536.jpg,plastic,plastic,0.967772,True,False
data\external_test_realwaste\plastic\Plastic_537.jpg,plastic,plastic,0.796987,True,False
data\external_test_realwaste\plastic\Plastic_538.jpg,plastic,plastic,0.991919,True,False
data\external_test_realwaste\plastic\Plastic_539.jpg,plastic,plastic,0.629343,True,False
data\external_test_realwaste\plastic\Plastic_54.jpg,plastic,trash,0.99794,False,False
data\external_test_realwaste\plastic\Plastic_540.jpg,plastic,plastic,0.963505,True,False
data\external_test_realwaste\plastic\Plastic_541.jpg,plastic,trash,0.996698,False,False
data\external_test_realwaste\plastic\Plastic_542.jpg,plastic,plastic,0.74339,True,False
data\external_test_realwaste\plastic\Plastic_543.jpg,plastic,plastic,0.559696,True,True
data\external_test_realwaste\plastic\Plastic_544.jpg,plastic,trash,0.951084,False,False
data\external_test_realwaste\plastic\Plastic_545.jpg,plastic,trash,0.484105,False,True
data\external_test_realwaste\plastic\Plastic_546.jpg,plastic,plastic,0.615641,True,False
data\external_test_realwaste\plastic\Plastic_547.jpg,plastic,trash,0.807352,False,False
data\external_test_realwaste\plastic\Plastic_548.jpg,plastic,trash,0.978294,False,False
data\external_test_realwaste\plastic\Plastic_549.jpg,plastic,plastic,0.832196,True,False
data\external_test_realwaste\plastic\Plastic_55.jpg,plastic,trash,0.953347,False,False
data\external_test_realwaste\plastic\Plastic_550.jpg,plastic,plastic,0.597241,True,True
data\external_test_realwaste\plastic\Plastic_551.jpg,plastic,trash,0.808181,False,False
data\external_test_realwaste\plastic\Plastic_552.jpg,plastic,trash,0.900557,False,False
data\external_test_realwaste\plastic\Plastic_553.jpg,plastic,plastic,0.609231,True,False
data\external_test_realwaste\plastic\Plastic_554.jpg,plastic,trash,0.763435,False,False
data\external_test_realwaste\plastic\Plastic_555.jpg,plastic,trash,0.61444,False,False
data\external_test_realwaste\plastic\Plastic_556.jpg,plastic,plastic,0.998148,True,False
data\external_test_realwaste\plastic\Plastic_557.jpg,plastic,plastic,0.853639,True,False
data\external_test_realwaste\plastic\Plastic_558.jpg,plastic,trash,0.982253,False,False
data\external_test_realwaste\plastic\Plastic_559.jpg,plastic,trash,0.893566,False,False
data\external_test_realwaste\plastic\Plastic_56.jpg,plastic,trash,0.986279,False,False
data\external_test_realwaste\plastic\Plastic_560.jpg,plastic,plastic,0.928623,True,False
data\external_test_realwaste\plastic\Plastic_561.jpg,plastic,plastic,0.54545,True,True
data\external_test_realwaste\plastic\Plastic_562.jpg,plastic,plastic,0.925347,True,False
data\external_test_realwaste\plastic\Plastic_563.jpg,plastic,plastic,0.549408,True,True
data\external_test_realwaste\plastic\Plastic_564.jpg,plastic,plastic,0.904856,True,False
data\external_test_realwaste\plastic\Plastic_565.jpg,plastic,plastic,0.913642,True,False
data\external_test_realwaste\plastic\Plastic_566.jpg,plastic,trash,0.950907,False,False
data\external_test_realwaste\plastic\Plastic_567.jpg,plastic,glass,0.919146,False,False
data\external_test_realwaste\plastic\Plastic_568.jpg,plastic,plastic,0.587187,True,True
data\external_test_realwaste\plastic\Plastic_569.jpg,plastic,plastic,0.996703,True,False
data\external_test_realwaste\plastic\Plastic_57.jpg,plastic,paper,0.802641,False,False
data\external_test_realwaste\plastic\Plastic_570.jpg,plastic,plastic,0.658401,True,False
data\external_test_realwaste\plastic\Plastic_571.jpg,plastic,plastic,0.990851,True,False
data\external_test_realwaste\plastic\Plastic_572.jpg,plastic,plastic,0.999857,True,False
data\external_test_realwaste\plastic\Plastic_573.jpg,plastic,plastic,0.999961,True,False
data\external_test_realwaste\plastic\Plastic_574.jpg,plastic,plastic,0.999912,True,False
data\external_test_realwaste\plastic\Plastic_575.jpg,plastic,plastic,0.998605,True,False
data\external_test_realwaste\plastic\Plastic_576.jpg,plastic,trash,0.998992,False,False
data\external_test_realwaste\plastic\Plastic_577.jpg,plastic,trash,0.827863,False,False
data\external_test_realwaste\plastic\Plastic_578.jpg,plastic,plastic,0.922189,True,False
data\external_test_realwaste\plastic\Plastic_579.jpg,plastic,trash,0.998405,False,False
data\external_test_realwaste\plastic\Plastic_58.jpg,plastic,trash,0.823572,False,False
data\external_test_realwaste\plastic\Plastic_580.jpg,plastic,plastic,0.857146,True,False
data\external_test_realwaste\plastic\Plastic_581.jpg,plastic,trash,0.875713,False,False
data\external_test_realwaste\plastic\Plastic_582.jpg,plastic,trash,0.683767,False,False
data\external_test_realwaste\plastic\Plastic_583.jpg,plastic,plastic,0.817514,True,False
data\external_test_realwaste\plastic\Plastic_584.jpg,plastic,plastic,0.573313,True,True
data\external_test_realwaste\plastic\Plastic_585.jpg,plastic,trash,0.617288,False,False
data\external_test_realwaste\plastic\Plastic_586.jpg,plastic,plastic,0.999845,True,False
data\external_test_realwaste\plastic\Plastic_587.jpg,plastic,trash,0.761711,False,False
data\external_test_realwaste\plastic\Plastic_588.jpg,plastic,plastic,0.998457,True,False
data\external_test_realwaste\plastic\Plastic_589.jpg,plastic,trash,0.815276,False,False
data\external_test_realwaste\plastic\Plastic_59.jpg,plastic,plastic,0.608164,True,False
data\external_test_realwaste\plastic\Plastic_590.jpg,plastic,plastic,0.883931,True,False
data\external_test_realwaste\plastic\Plastic_591.jpg,plastic,plastic,0.850036,True,False
data\external_test_realwaste\plastic\Plastic_592.jpg,plastic,trash,0.991769,False,False
data\external_test_realwaste\plastic\Plastic_593.jpg,plastic,plastic,0.962817,True,False
data\external_test_realwaste\plastic\Plastic_594.jpg,plastic,plastic,0.911458,True,False
data\external_test_realwaste\plastic\Plastic_595.jpg,plastic,plastic,0.98849,True,False
data\external_test_realwaste\plastic\Plastic_596.jpg,plastic,plastic,0.958657,True,False
data\external_test_realwaste\plastic\Plastic_597.jpg,plastic,plastic,0.919622,True,False
data\external_test_realwaste\plastic\Plastic_598.jpg,plastic,plastic,0.902366,True,False
data\external_test_realwaste\plastic\Plastic_599.jpg,plastic,plastic,0.865312,True,False
data\external_test_realwaste\plastic\Plastic_6.jpg,plastic,trash,0.875837,False,False
data\external_test_realwaste\plastic\Plastic_60.jpg,plastic,trash,0.96715,False,False
data\external_test_realwaste\plastic\Plastic_600.jpg,plastic,trash,0.999296,False,False
data\external_test_realwaste\plastic\Plastic_601.jpg,plastic,trash,0.506018,False,True
data\external_test_realwaste\plastic\Plastic_602.jpg,plastic,paper,0.521365,False,True
data\external_test_realwaste\plastic\Plastic_603.jpg,plastic,trash,0.938865,False,False
data\external_test_realwaste\plastic\Plastic_604.jpg,plastic,plastic,0.837769,True,False
data\external_test_realwaste\plastic\Plastic_605.jpg,plastic,plastic,0.999785,True,False
data\external_test_realwaste\plastic\Plastic_606.jpg,plastic,plastic,0.956577,True,False
data\external_test_realwaste\plastic\Plastic_607.jpg,plastic,plastic,0.885343,True,False
data\external_test_realwaste\plastic\Plastic_608.jpg,plastic,plastic,0.998477,True,False
data\external_test_realwaste\plastic\Plastic_609.jpg,plastic,plastic,0.980129,True,False
data\external_test_realwaste\plastic\Plastic_61.jpg,plastic,trash,0.998695,False,False
data\external_test_realwaste\plastic\Plastic_610.jpg,plastic,trash,0.93296,False,False
data\external_test_realwaste\plastic\Plastic_611.jpg,plastic,trash,0.863874,False,False
data\external_test_realwaste\plastic\Plastic_612.jpg,plastic,trash,0.939705,False,False
data\external_test_realwaste\plastic\Plastic_613.jpg,plastic,glass,0.788536,False,False
data\external_test_realwaste\plastic\Plastic_614.jpg,plastic,plastic,0.909776,True,False
data\external_test_realwaste\plastic\Plastic_615.jpg,plastic,plastic,0.824626,True,False
data\external_test_realwaste\plastic\Plastic_616.jpg,plastic,plastic,0.950363,True,False
data\external_test_realwaste\plastic\Plastic_617.jpg,plastic,trash,0.794267,False,False
data\external_test_realwaste\plastic\Plastic_618.jpg,plastic,trash,0.512041,False,True
data\external_test_realwaste\plastic\Plastic_619.jpg,plastic,trash,0.962664,False,False
data\external_test_realwaste\plastic\Plastic_62.jpg,plastic,plastic,0.66954,True,False
data\external_test_realwaste\plastic\Plastic_620.jpg,plastic,trash,0.996878,False,False
data\external_test_realwaste\plastic\Plastic_621.jpg,plastic,trash,0.998164,False,False
data\external_test_realwaste\plastic\Plastic_622.jpg,plastic,trash,0.997671,False,False
data\external_test_realwaste\plastic\Plastic_623.jpg,plastic,trash,0.52419,False,True
data\external_test_realwaste\plastic\Plastic_624.jpg,plastic,trash,0.764554,False,False
data\external_test_realwaste\plastic\Plastic_625.jpg,plastic,plastic,0.893645,True,False
data\external_test_realwaste\plastic\Plastic_626.jpg,plastic,trash,0.879704,False,False
data\external_test_realwaste\plastic\Plastic_627.jpg,plastic,plastic,0.897662,True,False
data\external_test_realwaste\plastic\Plastic_628.jpg,plastic,trash,0.961576,False,False
data\external_test_realwaste\plastic\Plastic_629.jpg,plastic,plastic,0.920166,True,False
data\external_test_realwaste\plastic\Plastic_63.jpg,plastic,trash,0.811252,False,False
data\external_test_realwaste\plastic\Plastic_630.jpg,plastic,trash,0.995001,False,False
data\external_test_realwaste\plastic\Plastic_631.jpg,plastic,trash,0.95238,False,False
data\external_test_realwaste\plastic\Plastic_632.jpg,plastic,trash,0.583173,False,True
data\external_test_realwaste\plastic\Plastic_633.jpg,plastic,plastic,0.500406,True,True
data\external_test_realwaste\plastic\Plastic_634.jpg,plastic,plastic,0.505874,True,True
data\external_test_realwaste\plastic\Plastic_635.jpg,plastic,trash,0.992555,False,False
data\external_test_realwaste\plastic\Plastic_636.jpg,plastic,trash,0.899535,False,False
data\external_test_realwaste\plastic\Plastic_637.jpg,plastic,trash,0.99657,False,False
data\external_test_realwaste\plastic\Plastic_638.jpg,plastic,trash,0.844886,False,False
data\external_test_realwaste\plastic\Plastic_639.jpg,plastic,trash,0.995912,False,False
data\external_test_realwaste\plastic\Plastic_64.jpg,plastic,trash,0.963461,False,False
data\external_test_realwaste\plastic\Plastic_640.jpg,plastic,trash,0.993057,False,False
data\external_test_realwaste\plastic\Plastic_641.jpg,plastic,plastic,0.978093,True,False
data\external_test_realwaste\plastic\Plastic_642.jpg,plastic,trash,0.710117,False,False
data\external_test_realwaste\plastic\Plastic_643.jpg,plastic,trash,0.989452,False,False
data\external_test_realwaste\plastic\Plastic_644.jpg,plastic,trash,0.951418,False,False
data\external_test_realwaste\plastic\Plastic_645.jpg,plastic,plastic,0.960323,True,False
data\external_test_realwaste\plastic\Plastic_646.jpg,plastic,trash,0.990462,False,False
data\external_test_realwaste\plastic\Plastic_647.jpg,plastic,trash,0.989311,False,False
data\external_test_realwaste\plastic\Plastic_648.jpg,plastic,glass,0.915958,False,False
data\external_test_realwaste\plastic\Plastic_649.jpg,plastic,trash,0.77606,False,False
data\external_test_realwaste\plastic\Plastic_65.jpg,plastic,trash,0.993376,False,False
data\external_test_realwaste\plastic\Plastic_650.jpg,plastic,trash,0.816043,False,False
data\external_test_realwaste\plastic\Plastic_651.jpg,plastic,trash,0.917355,False,False
data\external_test_realwaste\plastic\Plastic_652.jpg,plastic,trash,0.992898,False,False
data\external_test_realwaste\plastic\Plastic_653.jpg,plastic,trash,0.720821,False,False
data\external_test_realwaste\plastic\Plastic_654.jpg,plastic,plastic,0.916299,True,False
data\external_test_realwaste\plastic\Plastic_655.jpg,plastic,trash,0.992895,False,False
data\external_test_realwaste\plastic\Plastic_656.jpg,plastic,plastic,0.708507,True,False
data\external_test_realwaste\plastic\Plastic_657.jpg,plastic,plastic,0.977841,True,False
data\external_test_realwaste\plastic\Plastic_658.jpg,plastic,trash,0.98841,False,False
data\external_test_realwaste\plastic\Plastic_659.jpg,plastic,trash,0.947959,False,False
data\external_test_realwaste\plastic\Plastic_66.jpg,plastic,trash,0.999796,False,False
data\external_test_realwaste\plastic\Plastic_660.jpg,plastic,plastic,0.966845,True,False
data\external_test_realwaste\plastic\Plastic_661.jpg,plastic,plastic,0.824801,True,False
data\external_test_realwaste\plastic\Plastic_662.jpg,plastic,plastic,0.513624,True,True
data\external_test_realwaste\plastic\Plastic_663.jpg,plastic,plastic,0.949681,True,False
data\external_test_realwaste\plastic\Plastic_664.jpg,plastic,trash,0.83647,False,False
data\external_test_realwaste\plastic\Plastic_665.jpg,plastic,plastic,0.992461,True,False
data\external_test_realwaste\plastic\Plastic_666.jpg,plastic,plastic,0.844506,True,False
data\external_test_realwaste\plastic\Plastic_667.jpg,plastic,plastic,0.986688,True,False
data\external_test_realwaste\plastic\Plastic_668.jpg,plastic,plastic,0.951512,True,False
data\external_test_realwaste\plastic\Plastic_669.jpg,plastic,trash,0.625127,False,False
data\external_test_realwaste\plastic\Plastic_67.jpg,plastic,trash,0.994717,False,False
data\external_test_realwaste\plastic\Plastic_670.jpg,plastic,trash,0.998713,False,False
data\external_test_realwaste\plastic\Plastic_671.jpg,plastic,trash,0.972247,False,False
data\external_test_realwaste\plastic\Plastic_672.jpg,plastic,trash,0.992284,False,False
data\external_test_realwaste\plastic\Plastic_673.jpg,plastic,trash,0.981392,False,False
data\external_test_realwaste\plastic\Plastic_674.jpg,plastic,trash,0.977061,False,False
data\external_test_realwaste\plastic\Plastic_675.jpg,plastic,trash,0.742231,False,False
data\external_test_realwaste\plastic\Plastic_676.jpg,plastic,trash,0.999931,False,False
data\external_test_realwaste\plastic\Plastic_677.jpg,plastic,trash,0.988626,False,False
data\external_test_realwaste\plastic\Plastic_678.jpg,plastic,trash,0.994402,False,False
data\external_test_realwaste\plastic\Plastic_679.jpg,plastic,trash,0.667589,False,False
data\external_test_realwaste\plastic\Plastic_68.jpg,plastic,glass,0.449652,False,True
data\external_test_realwaste\plastic\Plastic_680.jpg,plastic,trash,0.968117,False,False
data\external_test_realwaste\plastic\Plastic_681.jpg,plastic,trash,0.948713,False,False
data\external_test_realwaste\plastic\Plastic_682.jpg,plastic,trash,0.903016,False,False
data\external_test_realwaste\plastic\Plastic_683.jpg,plastic,plastic,0.849858,True,False
data\external_test_realwaste\plastic\Plastic_684.jpg,plastic,trash,0.996327,False,False
data\external_test_realwaste\plastic\Plastic_685.jpg,plastic,trash,0.783203,False,False
data\external_test_realwaste\plastic\Plastic_686.jpg,plastic,trash,0.977758,False,False
data\external_test_realwaste\plastic\Plastic_687.jpg,plastic,plastic,0.886557,True,False
data\external_test_realwaste\plastic\Plastic_688.jpg,plastic,trash,0.983708,False,False
data\external_test_realwaste\plastic\Plastic_689.jpg,plastic,plastic,0.602248,True,False
data\external_test_realwaste\plastic\Plastic_69.jpg,plastic,trash,0.951116,False,False
data\external_test_realwaste\plastic\Plastic_690.jpg,plastic,trash,0.999129,False,False
data\external_test_realwaste\plastic\Plastic_691.jpg,plastic,trash,0.994213,False,False
data\external_test_realwaste\plastic\Plastic_692.jpg,plastic,trash,0.953985,False,False
data\external_test_realwaste\plastic\Plastic_693.jpg,plastic,trash,0.988436,False,False
data\external_test_realwaste\plastic\Plastic_694.jpg,plastic,trash,0.678573,False,False
data\external_test_realwaste\plastic\Plastic_695.jpg,plastic,trash,0.993933,False,False
data\external_test_realwaste\plastic\Plastic_696.jpg,plastic,trash,0.981579,False,False
data\external_test_realwaste\plastic\Plastic_697.jpg,plastic,trash,0.999606,False,False
data\external_test_realwaste\plastic\Plastic_698.jpg,plastic,trash,0.841896,False,False
data\external_test_realwaste\plastic\Plastic_699.jpg,plastic,trash,0.99837,False,False
data\external_test_realwaste\plastic\Plastic_7.jpg,plastic,trash,0.641917,False,False
data\external_test_realwaste\plastic\Plastic_70.jpg,plastic,metal,0.831225,False,False
data\external_test_realwaste\plastic\Plastic_700.jpg,plastic,trash,0.980898,False,False
data\external_test_realwaste\plastic\Plastic_701.jpg,plastic,plastic,0.895715,True,False
data\external_test_realwaste\plastic\Plastic_702.jpg,plastic,glass,0.887269,False,False
data\external_test_realwaste\plastic\Plastic_703.jpg,plastic,trash,0.991171,False,False
data\external_test_realwaste\plastic\Plastic_704.jpg,plastic,trash,0.926503,False,False
data\external_test_realwaste\plastic\Plastic_705.jpg,plastic,trash,0.99811,False,False
data\external_test_realwaste\plastic\Plastic_706.jpg,plastic,trash,0.995867,False,False
data\external_test_realwaste\plastic\Plastic_707.jpg,plastic,plastic,0.930037,True,False
data\external_test_realwaste\plastic\Plastic_708.jpg,plastic,plastic,0.986517,True,False
data\external_test_realwaste\plastic\Plastic_709.jpg,plastic,trash,0.848359,False,False
data\external_test_realwaste\plastic\Plastic_71.jpg,plastic,cardboard,0.577159,False,True
data\external_test_realwaste\plastic\Plastic_710.jpg,plastic,trash,0.556159,False,True
data\external_test_realwaste\plastic\Plastic_711.jpg,plastic,trash,0.984026,False,False
data\external_test_realwaste\plastic\Plastic_712.jpg,plastic,plastic,0.875313,True,False
data\external_test_realwaste\plastic\Plastic_713.jpg,plastic,trash,0.592509,False,True
data\external_test_realwaste\plastic\Plastic_714.jpg,plastic,trash,0.988874,False,False
data\external_test_realwaste\plastic\Plastic_715.jpg,plastic,plastic,0.767574,True,False
data\external_test_realwaste\plastic\Plastic_716.jpg,plastic,trash,0.74776,False,False
data\external_test_realwaste\plastic\Plastic_717.jpg,plastic,trash,0.543243,False,True
data\external_test_realwaste\plastic\Plastic_718.jpg,plastic,plastic,0.850576,True,False
data\external_test_realwaste\plastic\Plastic_719.jpg,plastic,trash,0.679853,False,False
data\external_test_realwaste\plastic\Plastic_72.jpg,plastic,trash,0.570818,False,True
data\external_test_realwaste\plastic\Plastic_720.jpg,plastic,plastic,0.792522,True,False
data\external_test_realwaste\plastic\Plastic_721.jpg,plastic,trash,0.874297,False,False
data\external_test_realwaste\plastic\Plastic_722.jpg,plastic,trash,0.981909,False,False
data\external_test_realwaste\plastic\Plastic_723.jpg,plastic,trash,0.994083,False,False
data\external_test_realwaste\plastic\Plastic_724.jpg,plastic,trash,0.967954,False,False
data\external_test_realwaste\plastic\Plastic_725.jpg,plastic,trash,0.864401,False,False
data\external_test_realwaste\plastic\Plastic_726.jpg,plastic,plastic,0.902207,True,False
data\external_test_realwaste\plastic\Plastic_727.jpg,plastic,trash,0.833634,False,False
data\external_test_realwaste\plastic\Plastic_728.jpg,plastic,trash,0.672241,False,False
data\external_test_realwaste\plastic\Plastic_729.jpg,plastic,trash,0.824004,False,False
data\external_test_realwaste\plastic\Plastic_73.jpg,plastic,trash,0.999084,False,False
data\external_test_realwaste\plastic\Plastic_730.jpg,plastic,trash,0.475683,False,True
data\external_test_realwaste\plastic\Plastic_731.jpg,plastic,trash,0.899827,False,False
data\external_test_realwaste\plastic\Plastic_732.jpg,plastic,trash,0.994616,False,False
data\external_test_realwaste\plastic\Plastic_733.jpg,plastic,trash,0.997286,False,False
data\external_test_realwaste\plastic\Plastic_734.jpg,plastic,trash,0.928247,False,False
data\external_test_realwaste\plastic\Plastic_735.jpg,plastic,plastic,0.909792,True,False
data\external_test_realwaste\plastic\Plastic_736.jpg,plastic,trash,0.412133,False,True
data\external_test_realwaste\plastic\Plastic_737.jpg,plastic,trash,0.914056,False,False
data\external_test_realwaste\plastic\Plastic_738.jpg,plastic,plastic,0.825409,True,False
data\external_test_realwaste\plastic\Plastic_739.jpg,plastic,trash,0.445511,False,True
data\external_test_realwaste\plastic\Plastic_74.jpg,plastic,trash,0.997755,False,False
data\external_test_realwaste\plastic\Plastic_740.jpg,plastic,plastic,0.860063,True,False
data\external_test_realwaste\plastic\Plastic_741.jpg,plastic,plastic,0.691598,True,False
data\external_test_realwaste\plastic\Plastic_742.jpg,plastic,glass,0.851212,False,False
data\external_test_realwaste\plastic\Plastic_743.jpg,plastic,plastic,0.570371,True,True
data\external_test_realwaste\plastic\Plastic_744.jpg,plastic,glass,0.511751,False,True
data\external_test_realwaste\plastic\Plastic_745.jpg,plastic,trash,0.974327,False,False
data\external_test_realwaste\plastic\Plastic_746.jpg,plastic,glass,0.521931,False,True
data\external_test_realwaste\plastic\Plastic_747.jpg,plastic,trash,0.571829,False,True
data\external_test_realwaste\plastic\Plastic_748.jpg,plastic,cardboard,0.656524,False,False
data\external_test_realwaste\plastic\Plastic_749.jpg,plastic,trash,0.529224,False,True
data\external_test_realwaste\plastic\Plastic_75.jpg,plastic,trash,0.95601,False,False
data\external_test_realwaste\plastic\Plastic_750.jpg,plastic,trash,0.765662,False,False
data\external_test_realwaste\plastic\Plastic_751.jpg,plastic,trash,0.687115,False,False
data\external_test_realwaste\plastic\Plastic_752.jpg,plastic,trash,0.628682,False,False
data\external_test_realwaste\plastic\Plastic_753.jpg,plastic,trash,0.991444,False,False
data\external_test_realwaste\plastic\Plastic_754.jpg,plastic,trash,0.915886,False,False
data\external_test_realwaste\plastic\Plastic_755.jpg,plastic,trash,0.940686,False,False
data\external_test_realwaste\plastic\Plastic_756.jpg,plastic,trash,0.952759,False,False
data\external_test_realwaste\plastic\Plastic_757.jpg,plastic,trash,0.704517,False,False
data\external_test_realwaste\plastic\Plastic_758.jpg,plastic,plastic,0.759257,True,False
data\external_test_realwaste\plastic\Plastic_759.jpg,plastic,trash,0.966763,False,False
data\external_test_realwaste\plastic\Plastic_76.jpg,plastic,trash,0.943721,False,False
data\external_test_realwaste\plastic\Plastic_760.jpg,plastic,trash,0.99509,False,False
data\external_test_realwaste\plastic\Plastic_761.jpg,plastic,trash,0.696962,False,False
data\external_test_realwaste\plastic\Plastic_762.jpg,plastic,metal,0.371024,False,True
data\external_test_realwaste\plastic\Plastic_763.jpg,plastic,plastic,0.650168,True,False
data\external_test_realwaste\plastic\Plastic_764.jpg,plastic,trash,0.79931,False,False
data\external_test_realwaste\plastic\Plastic_765.jpg,plastic,plastic,0.529288,True,True
data\external_test_realwaste\plastic\Plastic_766.jpg,plastic,glass,0.52422,False,True
data\external_test_realwaste\plastic\Plastic_767.jpg,plastic,trash,0.93983,False,False
data\external_test_realwaste\plastic\Plastic_768.jpg,plastic,plastic,0.723953,True,False
data\external_test_realwaste\plastic\Plastic_769.jpg,plastic,trash,0.818933,False,False
data\external_test_realwaste\plastic\Plastic_77.jpg,plastic,trash,0.895254,False,False
data\external_test_realwaste\plastic\Plastic_770.jpg,plastic,plastic,0.790265,True,False
data\external_test_realwaste\plastic\Plastic_771.jpg,plastic,plastic,0.441136,True,True
data\external_test_realwaste\plastic\Plastic_772.jpg,plastic,plastic,0.992748,True,False
data\external_test_realwaste\plastic\Plastic_773.jpg,plastic,plastic,0.734282,True,False
data\external_test_realwaste\plastic\Plastic_774.jpg,plastic,plastic,0.90079,True,False
data\external_test_realwaste\plastic\Plastic_775.jpg,plastic,plastic,0.931569,True,False
data\external_test_realwaste\plastic\Plastic_776.jpg,plastic,metal,0.967519,False,False
data\external_test_realwaste\plastic\Plastic_777.jpg,plastic,trash,0.938743,False,False
data\external_test_realwaste\plastic\Plastic_778.jpg,plastic,trash,0.932202,False,False
data\external_test_realwaste\plastic\Plastic_779.jpg,plastic,trash,0.978277,False,False
data\external_test_realwaste\plastic\Plastic_78.jpg,plastic,trash,0.674702,False,False
data\external_test_realwaste\plastic\Plastic_780.jpg,plastic,plastic,0.905364,True,False
data\external_test_realwaste\plastic\Plastic_781.jpg,plastic,plastic,0.993426,True,False
data\external_test_realwaste\plastic\Plastic_782.jpg,plastic,plastic,0.998702,True,False
data\external_test_realwaste\plastic\Plastic_783.jpg,plastic,trash,0.894277,False,False
data\external_test_realwaste\plastic\Plastic_784.jpg,plastic,plastic,0.902921,True,False
data\external_test_realwaste\plastic\Plastic_785.jpg,plastic,plastic,0.999427,True,False
data\external_test_realwaste\plastic\Plastic_786.jpg,plastic,plastic,0.990577,True,False
data\external_test_realwaste\plastic\Plastic_787.jpg,plastic,plastic,0.70511,True,False
data\external_test_realwaste\plastic\Plastic_788.jpg,plastic,trash,0.664391,False,False
data\external_test_realwaste\plastic\Plastic_789.jpg,plastic,plastic,0.999847,True,False
data\external_test_realwaste\plastic\Plastic_79.jpg,plastic,plastic,0.994294,True,False
data\external_test_realwaste\plastic\Plastic_790.jpg,plastic,glass,0.995496,False,False
data\external_test_realwaste\plastic\Plastic_791.jpg,plastic,trash,0.980393,False,False
data\external_test_realwaste\plastic\Plastic_792.jpg,plastic,plastic,0.632655,True,False
data\external_test_realwaste\plastic\Plastic_793.jpg,plastic,plastic,0.954711,True,False
data\external_test_realwaste\plastic\Plastic_794.jpg,plastic,plastic,0.588078,True,True
data\external_test_realwaste\plastic\Plastic_795.jpg,plastic,trash,0.999827,False,False
data\external_test_realwaste\plastic\Plastic_796.jpg,plastic,plastic,0.998127,True,False
data\external_test_realwaste\plastic\Plastic_797.jpg,plastic,plastic,0.999974,True,False
data\external_test_realwaste\plastic\Plastic_798.jpg,plastic,trash,0.981368,False,False
data\external_test_realwaste\plastic\Plastic_799.jpg,plastic,plastic,0.820634,True,False
data\external_test_realwaste\plastic\Plastic_8.jpg,plastic,plastic,0.981009,True,False
data\external_test_realwaste\plastic\Plastic_80.jpg,plastic,metal,0.359292,False,True
data\external_test_realwaste\plastic\Plastic_800.jpg,plastic,plastic,0.992169,True,False
data\external_test_realwaste\plastic\Plastic_801.jpg,plastic,glass,0.722711,False,False
data\external_test_realwaste\plastic\Plastic_802.jpg,plastic,plastic,0.863474,True,False
data\external_test_realwaste\plastic\Plastic_803.jpg,plastic,plastic,0.578304,True,True
data\external_test_realwaste\plastic\Plastic_804.jpg,plastic,trash,0.99015,False,False
data\external_test_realwaste\plastic\Plastic_805.jpg,plastic,trash,0.932594,False,False
data\external_test_realwaste\plastic\Plastic_806.jpg,plastic,trash,0.848208,False,False
data\external_test_realwaste\plastic\Plastic_807.jpg,plastic,trash,0.757803,False,False
data\external_test_realwaste\plastic\Plastic_808.jpg,plastic,trash,0.91252,False,False
data\external_test_realwaste\plastic\Plastic_809.jpg,plastic,trash,0.947577,False,False
data\external_test_realwaste\plastic\Plastic_81.jpg,plastic,trash,0.727747,False,False
data\external_test_realwaste\plastic\Plastic_810.jpg,plastic,trash,0.990765,False,False
data\external_test_realwaste\plastic\Plastic_811.jpg,plastic,plastic,0.987917,True,False
data\external_test_realwaste\plastic\Plastic_812.jpg,plastic,trash,0.843044,False,False
data\external_test_realwaste\plastic\Plastic_813.jpg,plastic,plastic,0.997817,True,False
data\external_test_realwaste\plastic\Plastic_814.jpg,plastic,plastic,0.987097,True,False
data\external_test_realwaste\plastic\Plastic_815.jpg,plastic,plastic,0.958742,True,False
data\external_test_realwaste\plastic\Plastic_816.jpg,plastic,plastic,0.912174,True,False
data\external_test_realwaste\plastic\Plastic_817.jpg,plastic,plastic,0.939417,True,False
data\external_test_realwaste\plastic\Plastic_818.jpg,plastic,plastic,0.896654,True,False
data\external_test_realwaste\plastic\Plastic_819.jpg,plastic,plastic,0.993382,True,False
data\external_test_realwaste\plastic\Plastic_82.jpg,plastic,metal,0.500168,False,True
data\external_test_realwaste\plastic\Plastic_820.jpg,plastic,plastic,0.99956,True,False
data\external_test_realwaste\plastic\Plastic_821.jpg,plastic,plastic,0.743397,True,False
data\external_test_realwaste\plastic\Plastic_822.jpg,plastic,trash,0.57958,False,True
data\external_test_realwaste\plastic\Plastic_823.jpg,plastic,plastic,0.701014,True,False
data\external_test_realwaste\plastic\Plastic_824.jpg,plastic,plastic,0.882113,True,False
data\external_test_realwaste\plastic\Plastic_825.jpg,plastic,trash,0.979112,False,False
data\external_test_realwaste\plastic\Plastic_826.jpg,plastic,plastic,0.999957,True,False
data\external_test_realwaste\plastic\Plastic_827.jpg,plastic,plastic,0.585564,True,True
data\external_test_realwaste\plastic\Plastic_828.jpg,plastic,plastic,0.525439,True,True
data\external_test_realwaste\plastic\Plastic_829.jpg,plastic,plastic,0.949115,True,False
data\external_test_realwaste\plastic\Plastic_83.jpg,plastic,trash,0.439365,False,True
data\external_test_realwaste\plastic\Plastic_830.jpg,plastic,trash,0.947156,False,False
data\external_test_realwaste\plastic\Plastic_831.jpg,plastic,plastic,0.723189,True,False
data\external_test_realwaste\plastic\Plastic_832.jpg,plastic,plastic,0.986798,True,False
data\external_test_realwaste\plastic\Plastic_833.jpg,plastic,plastic,0.960098,True,False
data\external_test_realwaste\plastic\Plastic_834.jpg,plastic,glass,0.918547,False,False
data\external_test_realwaste\plastic\Plastic_835.jpg,plastic,trash,0.622382,False,False
data\external_test_realwaste\plastic\Plastic_836.jpg,plastic,plastic,0.479224,True,True
data\external_test_realwaste\plastic\Plastic_837.jpg,plastic,plastic,0.502239,True,True
data\external_test_realwaste\plastic\Plastic_838.jpg,plastic,plastic,0.650169,True,False
data\external_test_realwaste\plastic\Plastic_839.jpg,plastic,trash,0.955232,False,False
data\external_test_realwaste\plastic\Plastic_84.jpg,plastic,metal,0.692274,False,False
data\external_test_realwaste\plastic\Plastic_840.jpg,plastic,trash,0.987831,False,False
data\external_test_realwaste\plastic\Plastic_841.jpg,plastic,plastic,0.893753,True,False
data\external_test_realwaste\plastic\Plastic_842.jpg,plastic,trash,0.995388,False,False
data\external_test_realwaste\plastic\Plastic_843.jpg,plastic,trash,0.998535,False,False
data\external_test_realwaste\plastic\Plastic_844.jpg,plastic,trash,0.999685,False,False
data\external_test_realwaste\plastic\Plastic_845.jpg,plastic,glass,0.99426,False,False
data\external_test_realwaste\plastic\Plastic_846.jpg,plastic,plastic,0.565042,True,True
data\external_test_realwaste\plastic\Plastic_847.jpg,plastic,plastic,0.990562,True,False
data\external_test_realwaste\plastic\Plastic_848.jpg,plastic,trash,0.921084,False,False
data\external_test_realwaste\plastic\Plastic_849.jpg,plastic,trash,0.895836,False,False
data\external_test_realwaste\plastic\Plastic_85.jpg,plastic,plastic,0.946955,True,False
data\external_test_realwaste\plastic\Plastic_850.jpg,plastic,trash,0.961429,False,False
data\external_test_realwaste\plastic\Plastic_851.jpg,plastic,trash,0.892895,False,False
data\external_test_realwaste\plastic\Plastic_852.jpg,plastic,plastic,0.970243,True,False
data\external_test_realwaste\plastic\Plastic_853.jpg,plastic,plastic,0.769803,True,False
data\external_test_realwaste\plastic\Plastic_854.jpg,plastic,plastic,0.998351,True,False
data\external_test_realwaste\plastic\Plastic_855.jpg,plastic,plastic,0.881843,True,False
data\external_test_realwaste\plastic\Plastic_856.jpg,plastic,trash,0.804807,False,False
data\external_test_realwaste\plastic\Plastic_857.jpg,plastic,plastic,0.928513,True,False
data\external_test_realwaste\plastic\Plastic_858.jpg,plastic,plastic,0.992981,True,False
data\external_test_realwaste\plastic\Plastic_859.jpg,plastic,glass,0.501567,False,True
data\external_test_realwaste\plastic\Plastic_86.jpg,plastic,trash,0.610467,False,False
data\external_test_realwaste\plastic\Plastic_860.jpg,plastic,plastic,0.932722,True,False
data\external_test_realwaste\plastic\Plastic_861.jpg,plastic,plastic,0.779358,True,False
data\external_test_realwaste\plastic\Plastic_862.jpg,plastic,plastic,0.997413,True,False
data\external_test_realwaste\plastic\Plastic_863.jpg,plastic,plastic,0.985808,True,False
data\external_test_realwaste\plastic\Plastic_864.jpg,plastic,plastic,0.999318,True,False
data\external_test_realwaste\plastic\Plastic_865.jpg,plastic,plastic,0.997936,True,False
data\external_test_realwaste\plastic\Plastic_866.jpg,plastic,plastic,0.983582,True,False
data\external_test_realwaste\plastic\Plastic_867.jpg,plastic,trash,0.985979,False,False
data\external_test_realwaste\plastic\Plastic_868.jpg,plastic,trash,0.773645,False,False
data\external_test_realwaste\plastic\Plastic_869.jpg,plastic,trash,0.491192,False,True
data\external_test_realwaste\plastic\Plastic_87.jpg,plastic,paper,0.818769,False,False
data\external_test_realwaste\plastic\Plastic_870.jpg,plastic,plastic,0.985279,True,False
data\external_test_realwaste\plastic\Plastic_871.jpg,plastic,plastic,0.993903,True,False
data\external_test_realwaste\plastic\Plastic_872.jpg,plastic,plastic,0.971434,True,False
data\external_test_realwaste\plastic\Plastic_873.jpg,plastic,plastic,0.599764,True,True
data\external_test_realwaste\plastic\Plastic_874.jpg,plastic,trash,0.905176,False,False
data\external_test_realwaste\plastic\Plastic_875.jpg,plastic,glass,0.795458,False,False
data\external_test_realwaste\plastic\Plastic_876.jpg,plastic,trash,0.954212,False,False
data\external_test_realwaste\plastic\Plastic_877.jpg,plastic,trash,0.529063,False,True
data\external_test_realwaste\plastic\Plastic_878.jpg,plastic,trash,0.923901,False,False
data\external_test_realwaste\plastic\Plastic_879.jpg,plastic,metal,0.757272,False,False
data\external_test_realwaste\plastic\Plastic_88.jpg,plastic,trash,0.572145,False,True
data\external_test_realwaste\plastic\Plastic_880.jpg,plastic,trash,0.993961,False,False
data\external_test_realwaste\plastic\Plastic_881.jpg,plastic,trash,0.999211,False,False
data\external_test_realwaste\plastic\Plastic_882.jpg,plastic,trash,0.735205,False,False
data\external_test_realwaste\plastic\Plastic_883.jpg,plastic,trash,0.968154,False,False
data\external_test_realwaste\plastic\Plastic_884.jpg,plastic,trash,0.768033,False,False
data\external_test_realwaste\plastic\Plastic_885.jpg,plastic,metal,0.529631,False,True
data\external_test_realwaste\plastic\Plastic_886.jpg,plastic,plastic,0.864661,True,False
data\external_test_realwaste\plastic\Plastic_887.jpg,plastic,plastic,0.76019,True,False
data\external_test_realwaste\plastic\Plastic_888.jpg,plastic,trash,0.995869,False,False
data\external_test_realwaste\plastic\Plastic_889.jpg,plastic,plastic,0.809179,True,False
data\external_test_realwaste\plastic\Plastic_89.jpg,plastic,glass,0.844059,False,False
data\external_test_realwaste\plastic\Plastic_890.jpg,plastic,trash,0.807613,False,False
data\external_test_realwaste\plastic\Plastic_891.jpg,plastic,plastic,0.962113,True,False
data\external_test_realwaste\plastic\Plastic_892.jpg,plastic,metal,0.749672,False,False
data\external_test_realwaste\plastic\Plastic_893.jpg,plastic,trash,0.585491,False,True
data\external_test_realwaste\plastic\Plastic_894.jpg,plastic,metal,0.365397,False,True
data\external_test_realwaste\plastic\Plastic_895.jpg,plastic,trash,0.95285,False,False
data\external_test_realwaste\plastic\Plastic_896.jpg,plastic,trash,0.850434,False,False
data\external_test_realwaste\plastic\Plastic_897.jpg,plastic,plastic,0.91757,True,False
data\external_test_realwaste\plastic\Plastic_898.jpg,plastic,plastic,0.932958,True,False
data\external_test_realwaste\plastic\Plastic_899.jpg,plastic,plastic,0.974465,True,False
data\external_test_realwaste\plastic\Plastic_9.jpg,plastic,glass,0.658234,False,False
data\external_test_realwaste\plastic\Plastic_90.jpg,plastic,trash,0.518707,False,True
data\external_test_realwaste\plastic\Plastic_900.jpg,plastic,plastic,0.996797,True,False
data\external_test_realwaste\plastic\Plastic_901.jpg,plastic,trash,0.944715,False,False
data\external_test_realwaste\plastic\Plastic_902.jpg,plastic,trash,0.598247,False,True
data\external_test_realwaste\plastic\Plastic_903.jpg,plastic,plastic,0.988488,True,False
data\external_test_realwaste\plastic\Plastic_904.jpg,plastic,plastic,0.773156,True,False
data\external_test_realwaste\plastic\Plastic_905.jpg,plastic,plastic,0.996084,True,False
data\external_test_realwaste\plastic\Plastic_906.jpg,plastic,plastic,0.99237,True,False
data\external_test_realwaste\plastic\Plastic_907.jpg,plastic,plastic,0.935749,True,False
data\external_test_realwaste\plastic\Plastic_908.jpg,plastic,plastic,0.976533,True,False
data\external_test_realwaste\plastic\Plastic_909.jpg,plastic,trash,0.927402,False,False
data\external_test_realwaste\plastic\Plastic_91.jpg,plastic,plastic,0.428394,True,True
data\external_test_realwaste\plastic\Plastic_910.jpg,plastic,trash,0.893355,False,False
data\external_test_realwaste\plastic\Plastic_911.jpg,plastic,plastic,0.879023,True,False
data\external_test_realwaste\plastic\Plastic_912.jpg,plastic,trash,0.996864,False,False
data\external_test_realwaste\plastic\Plastic_913.jpg,plastic,plastic,0.992349,True,False
data\external_test_realwaste\plastic\Plastic_914.jpg,plastic,trash,0.883984,False,False
data\external_test_realwaste\plastic\Plastic_915.jpg,plastic,trash,0.994411,False,False
data\external_test_realwaste\plastic\Plastic_916.jpg,plastic,trash,0.981916,False,False
data\external_test_realwaste\plastic\Plastic_917.jpg,plastic,plastic,0.916476,True,False
data\external_test_realwaste\plastic\Plastic_918.jpg,plastic,plastic,0.512282,True,True
data\external_test_realwaste\plastic\Plastic_919.jpg,plastic,plastic,0.99762,True,False
data\external_test_realwaste\plastic\Plastic_92.jpg,plastic,trash,0.892205,False,False
data\external_test_realwaste\plastic\Plastic_920.jpg,plastic,glass,0.650445,False,False
data\external_test_realwaste\plastic\Plastic_921.jpg,plastic,plastic,0.959194,True,False
data\external_test_realwaste\plastic\Plastic_93.jpg,plastic,plastic,0.391668,True,True
data\external_test_realwaste\plastic\Plastic_94.jpg,plastic,metal,0.795526,False,False
data\external_test_realwaste\plastic\Plastic_95.jpg,plastic,trash,0.780855,False,False
data\external_test_realwaste\plastic\Plastic_96.jpg,plastic,plastic,0.663261,True,False
data\external_test_realwaste\plastic\Plastic_97.jpg,plastic,trash,0.989805,False,False
data\external_test_realwaste\plastic\Plastic_98.jpg,plastic,plastic,0.826422,True,False
data\external_test_realwaste\plastic\Plastic_99.jpg,plastic,metal,0.941156,False,False
data\external_test_realwaste\trash\Miscellaneous Trash_1.jpg,trash,trash,0.913864,True,False
data\external_test_realwaste\trash\Miscellaneous Trash_10.jpg,trash,trash,0.907981,True,False
data\external_test_realwaste\trash\Miscellaneous Trash_100.jpg,trash,paper,0.996484,False,False
data\external_test_realwaste\trash\Miscellaneous Trash_101.jpg,trash,paper,0.614673,False,False
data\external_test_realwaste\trash\Miscellaneous Trash_102.jpg,trash,trash,0.599673,True,True
data\external_test_realwaste\trash\Miscellaneous Trash_103.jpg,trash,trash,0.996651,True,False
data\external_test_realwaste\trash\Miscellaneous Trash_104.jpg,trash,trash,0.95347,True,False
data\external_test_realwaste\trash\Miscellaneous Trash_105.jpg,trash,trash,0.999985,True,False
data\external_test_realwaste\trash\Miscellaneous Trash_106.jpg,trash,trash,0.955671,True,False
data\external_test_realwaste\trash\Miscellaneous Trash_107.jpg,trash,trash,0.999998,True,False
data\external_test_realwaste\trash\Miscellaneous Trash_108.jpg,trash,trash,0.999982,True,False
data\external_test_realwaste\trash\Miscellaneous Trash_109.jpg,trash,trash,0.99711,True,False
data\external_test_realwaste\trash\Miscellaneous Trash_11.jpg,trash,trash,0.99862,True,False
data\external_test_realwaste\trash\Miscellaneous Trash_110.jpg,trash,trash,0.695165,True,False
data\external_test_realwaste\trash\Miscellaneous Trash_111.jpg,trash,trash,0.892658,True,False
data\external_test_realwaste\trash\Miscellaneous Trash_112.jpg,trash,trash,0.906968,True,False
data\external_test_realwaste\trash\Miscellaneous Trash_113.jpg,trash,metal,0.800365,False,False
data\external_test_realwaste\trash\Miscellaneous Trash_114.jpg,trash,trash,0.932642,True,False
data\external_test_realwaste\trash\Miscellaneous Trash_115.jpg,trash,trash,0.532524,True,True
data\external_test_realwaste\trash\Miscellaneous Trash_116.jpg,trash,trash,0.989808,True,False
data\external_test_realwaste\trash\Miscellaneous Trash_117.jpg,trash,trash,0.778018,True,False
data\external_test_realwaste\trash\Miscellaneous Trash_118.jpg,trash,trash,0.971134,True,False
data\external_test_realwaste\trash\Miscellaneous Trash_119.jpg,trash,trash,0.97654,True,False
data\external_test_realwaste\trash\Miscellaneous Trash_12.jpg,trash,trash,0.72056,True,False
data\external_test_realwaste\trash\Miscellaneous Trash_120.jpg,trash,trash,0.976099,True,False
data\external_test_realwaste\trash\Miscellaneous Trash_121.jpg,trash,cardboard,0.923794,False,False
data\external_test_realwaste\trash\Miscellaneous Trash_122.jpg,trash,paper,0.939024,False,False
data\external_test_realwaste\trash\Miscellaneous Trash_123.jpg,trash,trash,0.972543,True,False
data\external_test_realwaste\trash\Miscellaneous Trash_124.jpg,trash,metal,0.817355,False,False
data\external_test_realwaste\trash\Miscellaneous Trash_125.jpg,trash,trash,0.823118,True,False
data\external_test_realwaste\trash\Miscellaneous Trash_126.jpg,trash,trash,0.999999,True,False
data\external_test_realwaste\trash\Miscellaneous Trash_127.jpg,trash,trash,0.928205,True,False
data\external_test_realwaste\trash\Miscellaneous Trash_128.jpg,trash,trash,0.87919,True,False
data\external_test_realwaste\trash\Miscellaneous Trash_129.jpg,trash,plastic,0.566953,False,True
data\external_test_realwaste\trash\Miscellaneous Trash_13.jpg,trash,metal,0.647164,False,False
data\external_test_realwaste\trash\Miscellaneous Trash_130.jpg,trash,plastic,0.802158,False,False
data\external_test_realwaste\trash\Miscellaneous Trash_131.jpg,trash,trash,0.937807,True,False
data\external_test_realwaste\trash\Miscellaneous Trash_132.jpg,trash,trash,0.968028,True,False
data\external_test_realwaste\trash\Miscellaneous Trash_133.jpg,trash,trash,0.986162,True,False
data\external_test_realwaste\trash\Miscellaneous Trash_134.jpg,trash,trash,0.920145,True,False
data\external_test_realwaste\trash\Miscellaneous Trash_135.jpg,trash,cardboard,0.757624,False,False
data\external_test_realwaste\trash\Miscellaneous Trash_136.jpg,trash,trash,0.978592,True,False
data\external_test_realwaste\trash\Miscellaneous Trash_137.jpg,trash,trash,0.758774,True,False
data\external_test_realwaste\trash\Miscellaneous Trash_138.jpg,trash,trash,0.485872,True,True
data\external_test_realwaste\trash\Miscellaneous Trash_139.jpg,trash,trash,0.916573,True,False
data\external_test_realwaste\trash\Miscellaneous Trash_14.jpg,trash,trash,0.971823,True,False
data\external_test_realwaste\trash\Miscellaneous Trash_140.jpg,trash,trash,0.971479,True,False
data\external_test_realwaste\trash\Miscellaneous Trash_141.jpg,trash,trash,0.836351,True,False
data\external_test_realwaste\trash\Miscellaneous Trash_142.jpg,trash,trash,0.987013,True,False
data\external_test_realwaste\trash\Miscellaneous Trash_143.jpg,trash,trash,0.994357,True,False
data\external_test_realwaste\trash\Miscellaneous Trash_144.jpg,trash,trash,0.995651,True,False
data\external_test_realwaste\trash\Miscellaneous Trash_145.jpg,trash,trash,0.970001,True,False
data\external_test_realwaste\trash\Miscellaneous Trash_146.jpg,trash,trash,0.980259,True,False
data\external_test_realwaste\trash\Miscellaneous Trash_147.jpg,trash,trash,0.981798,True,False
data\external_test_realwaste\trash\Miscellaneous Trash_148.jpg,trash,trash,0.99955,True,False
data\external_test_realwaste\trash\Miscellaneous Trash_149.jpg,trash,trash,0.955451,True,False
data\external_test_realwaste\trash\Miscellaneous Trash_15.jpg,trash,trash,0.989443,True,False
data\external_test_realwaste\trash\Miscellaneous Trash_150.jpg,trash,paper,0.569025,False,True
data\external_test_realwaste\trash\Miscellaneous Trash_151.jpg,trash,metal,0.48314,False,True
data\external_test_realwaste\trash\Miscellaneous Trash_152.jpg,trash,trash,0.738888,True,False
data\external_test_realwaste\trash\Miscellaneous Trash_153.jpg,trash,trash,0.996403,True,False
data\external_test_realwaste\trash\Miscellaneous Trash_154.jpg,trash,trash,0.80509,True,False
data\external_test_realwaste\trash\Miscellaneous Trash_155.jpg,trash,trash,0.871786,True,False
data\external_test_realwaste\trash\Miscellaneous Trash_156.jpg,trash,metal,0.809031,False,False
data\external_test_realwaste\trash\Miscellaneous Trash_157.jpg,trash,trash,0.748353,True,False
data\external_test_realwaste\trash\Miscellaneous Trash_158.jpg,trash,trash,0.970755,True,False
data\external_test_realwaste\trash\Miscellaneous Trash_159.jpg,trash,trash,0.767033,True,False
data\external_test_realwaste\trash\Miscellaneous Trash_16.jpg,trash,trash,0.989587,True,False
data\external_test_realwaste\trash\Miscellaneous Trash_160.jpg,trash,trash,0.851565,True,False
data\external_test_realwaste\trash\Miscellaneous Trash_161.jpg,trash,trash,0.617335,True,False
data\external_test_realwaste\trash\Miscellaneous Trash_162.jpg,trash,trash,0.742588,True,False
data\external_test_realwaste\trash\Miscellaneous Trash_163.jpg,trash,trash,0.934259,True,False
data\external_test_realwaste\trash\Miscellaneous Trash_164.jpg,trash,trash,0.999975,True,False
data\external_test_realwaste\trash\Miscellaneous Trash_165.jpg,trash,trash,0.999998,True,False
data\external_test_realwaste\trash\Miscellaneous Trash_166.jpg,trash,trash,0.931112,True,False
data\external_test_realwaste\trash\Miscellaneous Trash_167.jpg,trash,paper,0.748452,False,False
data\external_test_realwaste\trash\Miscellaneous Trash_168.jpg,trash,trash,0.73328,True,False
data\external_test_realwaste\trash\Miscellaneous Trash_169.jpg,trash,trash,0.998852,True,False
data\external_test_realwaste\trash\Miscellaneous Trash_17.jpg,trash,paper,0.958436,False,False
data\external_test_realwaste\trash\Miscellaneous Trash_170.jpg,trash,plastic,0.85716,False,False
data\external_test_realwaste\trash\Miscellaneous Trash_171.jpg,trash,trash,0.99645,True,False
data\external_test_realwaste\trash\Miscellaneous Trash_172.jpg,trash,trash,0.99785,True,False
data\external_test_realwaste\trash\Miscellaneous Trash_173.jpg,trash,trash,0.999503,True,False
data\external_test_realwaste\trash\Miscellaneous Trash_174.jpg,trash,trash,0.836972,True,False
data\external_test_realwaste\trash\Miscellaneous Trash_175.jpg,trash,trash,0.998742,True,False
data\external_test_realwaste\trash\Miscellaneous Trash_176.jpg,trash,trash,0.93248,True,False
data\external_test_realwaste\trash\Miscellaneous Trash_177.jpg,trash,trash,0.736099,True,False
data\external_test_realwaste\trash\Miscellaneous Trash_178.jpg,trash,trash,0.999986,True,False
data\external_test_realwaste\trash\Miscellaneous Trash_179.jpg,trash,cardboard,0.874557,False,False
data\external_test_realwaste\trash\Miscellaneous Trash_18.jpg,trash,trash,0.982661,True,False
data\external_test_realwaste\trash\Miscellaneous Trash_180.jpg,trash,trash,0.996968,True,False
data\external_test_realwaste\trash\Miscellaneous Trash_181.jpg,trash,trash,0.996335,True,False
data\external_test_realwaste\trash\Miscellaneous Trash_182.jpg,trash,paper,0.968352,False,False
data\external_test_realwaste\trash\Miscellaneous Trash_183.jpg,trash,trash,0.791301,True,False
data\external_test_realwaste\trash\Miscellaneous Trash_184.jpg,trash,trash,0.995432,True,False
data\external_test_realwaste\trash\Miscellaneous Trash_185.jpg,trash,trash,0.896274,True,False
data\external_test_realwaste\trash\Miscellaneous Trash_186.jpg,trash,trash,0.734024,True,False
data\external_test_realwaste\trash\Miscellaneous Trash_187.jpg,trash,trash,0.982894,True,False
data\external_test_realwaste\trash\Miscellaneous Trash_188.jpg,trash,trash,0.986631,True,False
data\external_test_realwaste\trash\Miscellaneous Trash_189.jpg,trash,paper,0.542071,False,True
data\external_test_realwaste\trash\Miscellaneous Trash_19.jpg,trash,trash,0.927687,True,False
data\external_test_realwaste\trash\Miscellaneous Trash_190.jpg,trash,trash,0.997391,True,False
data\external_test_realwaste\trash\Miscellaneous Trash_191.jpg,trash,paper,0.798601,False,False
data\external_test_realwaste\trash\Miscellaneous Trash_192.jpg,trash,trash,0.949726,True,False
data\external_test_realwaste\trash\Miscellaneous Trash_193.jpg,trash,trash,0.965493,True,False
data\external_test_realwaste\trash\Miscellaneous Trash_194.jpg,trash,trash,0.408994,True,True
data\external_test_realwaste\trash\Miscellaneous Trash_195.jpg,trash,paper,0.640956,False,False
data\external_test_realwaste\trash\Miscellaneous Trash_196.jpg,trash,glass,0.589676,False,True
data\external_test_realwaste\trash\Miscellaneous Trash_197.jpg,trash,plastic,0.94298,False,False
data\external_test_realwaste\trash\Miscellaneous Trash_198.jpg,trash,trash,0.961345,True,False
data\external_test_realwaste\trash\Miscellaneous Trash_199.jpg,trash,trash,0.9581,True,False
data\external_test_realwaste\trash\Miscellaneous Trash_2.jpg,trash,paper,0.984784,False,False
data\external_test_realwaste\trash\Miscellaneous Trash_20.jpg,trash,trash,0.811524,True,False
data\external_test_realwaste\trash\Miscellaneous Trash_200.jpg,trash,trash,0.99856,True,False
data\external_test_realwaste\trash\Miscellaneous Trash_201.jpg,trash,trash,0.874099,True,False
data\external_test_realwaste\trash\Miscellaneous Trash_202.jpg,trash,trash,0.558131,True,True
data\external_test_realwaste\trash\Miscellaneous Trash_203.jpg,trash,trash,0.950939,True,False
data\external_test_realwaste\trash\Miscellaneous Trash_204.jpg,trash,paper,0.75049,False,False
data\external_test_realwaste\trash\Miscellaneous Trash_205.jpg,trash,trash,0.524472,True,True
data\external_test_realwaste\trash\Miscellaneous Trash_206.jpg,trash,trash,0.674656,True,False
data\external_test_realwaste\trash\Miscellaneous Trash_207.jpg,trash,trash,0.995243,True,False
data\external_test_realwaste\trash\Miscellaneous Trash_208.jpg,trash,trash,0.582654,True,True
data\external_test_realwaste\trash\Miscellaneous Trash_209.jpg,trash,plastic,0.518797,False,True
data\external_test_realwaste\trash\Miscellaneous Trash_21.jpg,trash,trash,0.883118,True,False
data\external_test_realwaste\trash\Miscellaneous Trash_210.jpg,trash,trash,0.53779,True,True
data\external_test_realwaste\trash\Miscellaneous Trash_211.jpg,trash,paper,0.998112,False,False
data\external_test_realwaste\trash\Miscellaneous Trash_212.jpg,trash,trash,0.999957,True,False
data\external_test_realwaste\trash\Miscellaneous Trash_213.jpg,trash,paper,0.994071,False,False
data\external_test_realwaste\trash\Miscellaneous Trash_214.jpg,trash,paper,0.995206,False,False
data\external_test_realwaste\trash\Miscellaneous Trash_215.jpg,trash,trash,0.998955,True,False
data\external_test_realwaste\trash\Miscellaneous Trash_216.jpg,trash,trash,0.987951,True,False
data\external_test_realwaste\trash\Miscellaneous Trash_217.jpg,trash,trash,0.987409,True,False
data\external_test_realwaste\trash\Miscellaneous Trash_218.jpg,trash,trash,0.753384,True,False
data\external_test_realwaste\trash\Miscellaneous Trash_219.jpg,trash,trash,0.999954,True,False
data\external_test_realwaste\trash\Miscellaneous Trash_22.jpg,trash,trash,0.759418,True,False
data\external_test_realwaste\trash\Miscellaneous Trash_220.jpg,trash,trash,0.998432,True,False
data\external_test_realwaste\trash\Miscellaneous Trash_221.jpg,trash,trash,0.999895,True,False
data\external_test_realwaste\trash\Miscellaneous Trash_222.jpg,trash,trash,0.731436,True,False
data\external_test_realwaste\trash\Miscellaneous Trash_223.jpg,trash,glass,0.42155,False,True
data\external_test_realwaste\trash\Miscellaneous Trash_224.jpg,trash,trash,0.996385,True,False
data\external_test_realwaste\trash\Miscellaneous Trash_225.jpg,trash,trash,0.894002,True,False
data\external_test_realwaste\trash\Miscellaneous Trash_226.jpg,trash,trash,0.99985,True,False
data\external_test_realwaste\trash\Miscellaneous Trash_227.jpg,trash,trash,0.999574,True,False
data\external_test_realwaste\trash\Miscellaneous Trash_228.jpg,trash,trash,0.995648,True,False
data\external_test_realwaste\trash\Miscellaneous Trash_229.jpg,trash,trash,0.988683,True,False
data\external_test_realwaste\trash\Miscellaneous Trash_23.jpg,trash,trash,0.992499,True,False
data\external_test_realwaste\trash\Miscellaneous Trash_230.jpg,trash,trash,0.99659,True,False
data\external_test_realwaste\trash\Miscellaneous Trash_231.jpg,trash,trash,0.999821,True,False
data\external_test_realwaste\trash\Miscellaneous Trash_232.jpg,trash,trash,0.995184,True,False
data\external_test_realwaste\trash\Miscellaneous Trash_233.jpg,trash,trash,0.999645,True,False
data\external_test_realwaste\trash\Miscellaneous Trash_234.jpg,trash,trash,0.562848,True,True
data\external_test_realwaste\trash\Miscellaneous Trash_235.jpg,trash,trash,0.996417,True,False
data\external_test_realwaste\trash\Miscellaneous Trash_236.jpg,trash,trash,0.972522,True,False
data\external_test_realwaste\trash\Miscellaneous Trash_237.jpg,trash,trash,0.848439,True,False
data\external_test_realwaste\trash\Miscellaneous Trash_238.jpg,trash,trash,0.989949,True,False
data\external_test_realwaste\trash\Miscellaneous Trash_239.jpg,trash,trash,0.956142,True,False
data\external_test_realwaste\trash\Miscellaneous Trash_24.jpg,trash,trash,0.455286,True,True
data\external_test_realwaste\trash\Miscellaneous Trash_240.jpg,trash,trash,0.997365,True,False
data\external_test_realwaste\trash\Miscellaneous Trash_241.jpg,trash,trash,0.786179,True,False
data\external_test_realwaste\trash\Miscellaneous Trash_242.jpg,trash,trash,0.995941,True,False
data\external_test_realwaste\trash\Miscellaneous Trash_243.jpg,trash,trash,0.985342,True,False
data\external_test_realwaste\trash\Miscellaneous Trash_244.jpg,trash,trash,0.965052,True,False
data\external_test_realwaste\trash\Miscellaneous Trash_245.jpg,trash,trash,0.999988,True,False
data\external_test_realwaste\trash\Miscellaneous Trash_246.jpg,trash,trash,0.972201,True,False
data\external_test_realwaste\trash\Miscellaneous Trash_247.jpg,trash,trash,0.927984,True,False
data\external_test_realwaste\trash\Miscellaneous Trash_248.jpg,trash,trash,0.956351,True,False
data\external_test_realwaste\trash\Miscellaneous Trash_249.jpg,trash,paper,0.512063,False,True
data\external_test_realwaste\trash\Miscellaneous Trash_25.jpg,trash,trash,0.994841,True,False
data\external_test_realwaste\trash\Miscellaneous Trash_250.jpg,trash,plastic,0.796755,False,False
data\external_test_realwaste\trash\Miscellaneous Trash_251.jpg,trash,trash,0.862683,True,False
data\external_test_realwaste\trash\Miscellaneous Trash_252.jpg,trash,trash,0.947123,True,False
data\external_test_realwaste\trash\Miscellaneous Trash_253.jpg,trash,trash,0.964589,True,False
data\external_test_realwaste\trash\Miscellaneous Trash_254.jpg,trash,plastic,0.653843,False,False
data\external_test_realwaste\trash\Miscellaneous Trash_255.jpg,trash,trash,0.999986,True,False
data\external_test_realwaste\trash\Miscellaneous Trash_256.jpg,trash,trash,0.996737,True,False
data\external_test_realwaste\trash\Miscellaneous Trash_257.jpg,trash,metal,0.863584,False,False
data\external_test_realwaste\trash\Miscellaneous Trash_258.jpg,trash,trash,0.999977,True,False
data\external_test_realwaste\trash\Miscellaneous Trash_259.jpg,trash,trash,0.89536,True,False
data\external_test_realwaste\trash\Miscellaneous Trash_26.jpg,trash,trash,0.822898,True,False
data\external_test_realwaste\trash\Miscellaneous Trash_260.jpg,trash,trash,0.999713,True,False
data\external_test_realwaste\trash\Miscellaneous Trash_261.jpg,trash,trash,0.986599,True,False
data\external_test_realwaste\trash\Miscellaneous Trash_262.jpg,trash,trash,0.998919,True,False
data\external_test_realwaste\trash\Miscellaneous Trash_263.jpg,trash,trash,0.993037,True,False
data\external_test_realwaste\trash\Miscellaneous Trash_264.jpg,trash,trash,0.98346,True,False
data\external_test_realwaste\trash\Miscellaneous Trash_265.jpg,trash,trash,0.996417,True,False
data\external_test_realwaste\trash\Miscellaneous Trash_266.jpg,trash,trash,0.994118,True,False
data\external_test_realwaste\trash\Miscellaneous Trash_267.jpg,trash,trash,0.999012,True,False
data\external_test_realwaste\trash\Miscellaneous Trash_268.jpg,trash,trash,0.94921,True,False
data\external_test_realwaste\trash\Miscellaneous Trash_269.jpg,trash,trash,0.991968,True,False
data\external_test_realwaste\trash\Miscellaneous Trash_27.jpg,trash,trash,0.997416,True,False
data\external_test_realwaste\trash\Miscellaneous Trash_270.jpg,trash,trash,0.989019,True,False
data\external_test_realwaste\trash\Miscellaneous Trash_271.jpg,trash,trash,0.994001,True,False
data\external_test_realwaste\trash\Miscellaneous Trash_272.jpg,trash,glass,0.744846,False,False
data\external_test_realwaste\trash\Miscellaneous Trash_273.jpg,trash,cardboard,0.945153,False,False
data\external_test_realwaste\trash\Miscellaneous Trash_274.jpg,trash,glass,0.787036,False,False
data\external_test_realwaste\trash\Miscellaneous Trash_275.jpg,trash,glass,0.986425,False,False
data\external_test_realwaste\trash\Miscellaneous Trash_276.jpg,trash,trash,0.94892,True,False
data\external_test_realwaste\trash\Miscellaneous Trash_277.jpg,trash,trash,0.993602,True,False
data\external_test_realwaste\trash\Miscellaneous Trash_278.jpg,trash,cardboard,0.997649,False,False
data\external_test_realwaste\trash\Miscellaneous Trash_279.jpg,trash,trash,0.517347,True,True
data\external_test_realwaste\trash\Miscellaneous Trash_28.jpg,trash,trash,0.837545,True,False
data\external_test_realwaste\trash\Miscellaneous Trash_280.jpg,trash,cardboard,0.997567,False,False
data\external_test_realwaste\trash\Miscellaneous Trash_281.jpg,trash,cardboard,0.984069,False,False
data\external_test_realwaste\trash\Miscellaneous Trash_282.jpg,trash,paper,0.988669,False,False
data\external_test_realwaste\trash\Miscellaneous Trash_283.jpg,trash,trash,0.908528,True,False
data\external_test_realwaste\trash\Miscellaneous Trash_284.jpg,trash,trash,0.986897,True,False
data\external_test_realwaste\trash\Miscellaneous Trash_285.jpg,trash,trash,0.623043,True,False
data\external_test_realwaste\trash\Miscellaneous Trash_286.jpg,trash,plastic,0.38434,False,True
data\external_test_realwaste\trash\Miscellaneous Trash_287.jpg,trash,trash,0.999665,True,False
data\external_test_realwaste\trash\Miscellaneous Trash_288.jpg,trash,paper,0.983003,False,False
data\external_test_realwaste\trash\Miscellaneous Trash_289.jpg,trash,trash,0.78123,True,False
data\external_test_realwaste\trash\Miscellaneous Trash_29.jpg,trash,trash,0.965577,True,False
data\external_test_realwaste\trash\Miscellaneous Trash_290.jpg,trash,metal,0.929777,False,False
data\external_test_realwaste\trash\Miscellaneous Trash_291.jpg,trash,trash,0.974658,True,False
data\external_test_realwaste\trash\Miscellaneous Trash_292.jpg,trash,trash,0.911842,True,False
data\external_test_realwaste\trash\Miscellaneous Trash_293.jpg,trash,paper,0.56468,False,True
data\external_test_realwaste\trash\Miscellaneous Trash_294.jpg,trash,trash,0.743347,True,False
data\external_test_realwaste\trash\Miscellaneous Trash_295.jpg,trash,paper,0.86432,False,False
data\external_test_realwaste\trash\Miscellaneous Trash_296.jpg,trash,trash,0.999144,True,False
data\external_test_realwaste\trash\Miscellaneous Trash_297.jpg,trash,trash,0.970885,True,False
data\external_test_realwaste\trash\Miscellaneous Trash_298.jpg,trash,paper,0.744574,False,False
data\external_test_realwaste\trash\Miscellaneous Trash_299.jpg,trash,trash,0.896256,True,False
data\external_test_realwaste\trash\Miscellaneous Trash_3.jpg,trash,trash,0.989103,True,False
data\external_test_realwaste\trash\Miscellaneous Trash_30.jpg,trash,trash,0.988872,True,False
data\external_test_realwaste\trash\Miscellaneous Trash_300.jpg,trash,trash,0.982039,True,False
data\external_test_realwaste\trash\Miscellaneous Trash_301.jpg,trash,glass,0.428702,False,True
data\external_test_realwaste\trash\Miscellaneous Trash_302.jpg,trash,trash,0.718759,True,False
data\external_test_realwaste\trash\Miscellaneous Trash_303.jpg,trash,trash,0.999376,True,False
data\external_test_realwaste\trash\Miscellaneous Trash_304.jpg,trash,trash,0.999997,True,False
data\external_test_realwaste\trash\Miscellaneous Trash_305.jpg,trash,trash,0.999931,True,False
data\external_test_realwaste\trash\Miscellaneous Trash_306.jpg,trash,trash,0.999993,True,False
data\external_test_realwaste\trash\Miscellaneous Trash_307.jpg,trash,trash,0.999995,True,False
data\external_test_realwaste\trash\Miscellaneous Trash_308.jpg,trash,trash,0.987697,True,False
data\external_test_realwaste\trash\Miscellaneous Trash_309.jpg,trash,trash,0.980642,True,False
data\external_test_realwaste\trash\Miscellaneous Trash_31.jpg,trash,trash,0.995404,True,False
data\external_test_realwaste\trash\Miscellaneous Trash_310.jpg,trash,trash,0.998688,True,False
data\external_test_realwaste\trash\Miscellaneous Trash_311.jpg,trash,cardboard,0.983983,False,False
data\external_test_realwaste\trash\Miscellaneous Trash_312.jpg,trash,trash,0.939036,True,False
data\external_test_realwaste\trash\Miscellaneous Trash_313.jpg,trash,trash,0.996588,True,False
data\external_test_realwaste\trash\Miscellaneous Trash_314.jpg,trash,trash,0.859004,True,False
data\external_test_realwaste\trash\Miscellaneous Trash_315.jpg,trash,cardboard,0.557802,False,True
data\external_test_realwaste\trash\Miscellaneous Trash_316.jpg,trash,trash,0.997964,True,False
data\external_test_realwaste\trash\Miscellaneous Trash_317.jpg,trash,trash,0.971665,True,False
data\external_test_realwaste\trash\Miscellaneous Trash_318.jpg,trash,cardboard,0.999696,False,False
data\external_test_realwaste\trash\Miscellaneous Trash_319.jpg,trash,cardboard,0.997267,False,False
data\external_test_realwaste\trash\Miscellaneous Trash_32.jpg,trash,trash,0.975512,True,False
data\external_test_realwaste\trash\Miscellaneous Trash_320.jpg,trash,cardboard,0.999876,False,False
data\external_test_realwaste\trash\Miscellaneous Trash_321.jpg,trash,trash,0.993335,True,False
data\external_test_realwaste\trash\Miscellaneous Trash_322.jpg,trash,trash,0.999998,True,False
data\external_test_realwaste\trash\Miscellaneous Trash_323.jpg,trash,trash,0.823705,True,False
data\external_test_realwaste\trash\Miscellaneous Trash_324.jpg,trash,trash,0.999963,True,False
data\external_test_realwaste\trash\Miscellaneous Trash_325.jpg,trash,trash,0.999989,True,False
data\external_test_realwaste\trash\Miscellaneous Trash_326.jpg,trash,trash,0.999996,True,False
data\external_test_realwaste\trash\Miscellaneous Trash_327.jpg,trash,trash,0.999966,True,False
data\external_test_realwaste\trash\Miscellaneous Trash_328.jpg,trash,trash,0.999992,True,False
data\external_test_realwaste\trash\Miscellaneous Trash_329.jpg,trash,trash,0.999995,True,False
data\external_test_realwaste\trash\Miscellaneous Trash_33.jpg,trash,trash,0.593312,True,True
data\external_test_realwaste\trash\Miscellaneous Trash_330.jpg,trash,trash,0.999999,True,False
data\external_test_realwaste\trash\Miscellaneous Trash_331.jpg,trash,trash,0.999969,True,False
data\external_test_realwaste\trash\Miscellaneous Trash_332.jpg,trash,paper,0.788366,False,False
data\external_test_realwaste\trash\Miscellaneous Trash_333.jpg,trash,paper,0.598844,False,True
data\external_test_realwaste\trash\Miscellaneous Trash_334.jpg,trash,plastic,0.862285,False,False
data\external_test_realwaste\trash\Miscellaneous Trash_335.jpg,trash,trash,0.9742,True,False
data\external_test_realwaste\trash\Miscellaneous Trash_336.jpg,trash,trash,0.999962,True,False
data\external_test_realwaste\trash\Miscellaneous Trash_337.jpg,trash,trash,0.912264,True,False
data\external_test_realwaste\trash\Miscellaneous Trash_338.jpg,trash,trash,0.997074,True,False
data\external_test_realwaste\trash\Miscellaneous Trash_339.jpg,trash,paper,0.637248,False,False
data\external_test_realwaste\trash\Miscellaneous Trash_34.jpg,trash,trash,0.512892,True,True
data\external_test_realwaste\trash\Miscellaneous Trash_340.jpg,trash,paper,0.475689,False,True
data\external_test_realwaste\trash\Miscellaneous Trash_341.jpg,trash,paper,0.994877,False,False
data\external_test_realwaste\trash\Miscellaneous Trash_342.jpg,trash,cardboard,0.61987,False,False
data\external_test_realwaste\trash\Miscellaneous Trash_343.jpg,trash,paper,0.977437,False,False
data\external_test_realwaste\trash\Miscellaneous Trash_344.jpg,trash,paper,0.768003,False,False
data\external_test_realwaste\trash\Miscellaneous Trash_345.jpg,trash,paper,0.999348,False,False
data\external_test_realwaste\trash\Miscellaneous Trash_346.jpg,trash,trash,0.897295,True,False
data\external_test_realwaste\trash\Miscellaneous Trash_347.jpg,trash,paper,0.762208,False,False
data\external_test_realwaste\trash\Miscellaneous Trash_348.jpg,trash,paper,0.628112,False,False
data\external_test_realwaste\trash\Miscellaneous Trash_349.jpg,trash,plastic,0.663037,False,False
data\external_test_realwaste\trash\Miscellaneous Trash_35.jpg,trash,trash,0.92455,True,False
data\external_test_realwaste\trash\Miscellaneous Trash_350.jpg,trash,paper,0.999434,False,False
data\external_test_realwaste\trash\Miscellaneous Trash_351.jpg,trash,paper,0.904007,False,False
data\external_test_realwaste\trash\Miscellaneous Trash_352.jpg,trash,paper,0.985029,False,False
data\external_test_realwaste\trash\Miscellaneous Trash_353.jpg,trash,paper,0.530718,False,True
data\external_test_realwaste\trash\Miscellaneous Trash_354.jpg,trash,trash,0.985285,True,False
data\external_test_realwaste\trash\Miscellaneous Trash_355.jpg,trash,paper,0.999777,False,False
data\external_test_realwaste\trash\Miscellaneous Trash_356.jpg,trash,paper,0.9558,False,False
data\external_test_realwaste\trash\Miscellaneous Trash_357.jpg,trash,trash,0.984777,True,False
data\external_test_realwaste\trash\Miscellaneous Trash_358.jpg,trash,metal,0.649689,False,False
data\external_test_realwaste\trash\Miscellaneous Trash_359.jpg,trash,trash,0.999936,True,False
data\external_test_realwaste\trash\Miscellaneous Trash_36.jpg,trash,trash,0.999592,True,False
data\external_test_realwaste\trash\Miscellaneous Trash_360.jpg,trash,trash,0.999874,True,False
data\external_test_realwaste\trash\Miscellaneous Trash_361.jpg,trash,trash,0.998881,True,False
data\external_test_realwaste\trash\Miscellaneous Trash_362.jpg,trash,trash,0.839131,True,False
data\external_test_realwaste\trash\Miscellaneous Trash_363.jpg,trash,trash,0.988568,True,False
data\external_test_realwaste\trash\Miscellaneous Trash_364.jpg,trash,trash,0.731916,True,False
data\external_test_realwaste\trash\Miscellaneous Trash_365.jpg,trash,trash,0.644206,True,False
data\external_test_realwaste\trash\Miscellaneous Trash_366.jpg,trash,trash,0.823253,True,False
data\external_test_realwaste\trash\Miscellaneous Trash_367.jpg,trash,plastic,0.528383,False,True
data\external_test_realwaste\trash\Miscellaneous Trash_368.jpg,trash,trash,0.576898,True,True
data\external_test_realwaste\trash\Miscellaneous Trash_369.jpg,trash,trash,0.970604,True,False
data\external_test_realwaste\trash\Miscellaneous Trash_37.jpg,trash,trash,0.996022,True,False
data\external_test_realwaste\trash\Miscellaneous Trash_370.jpg,trash,trash,0.899625,True,False
data\external_test_realwaste\trash\Miscellaneous Trash_371.jpg,trash,trash,0.99752,True,False
data\external_test_realwaste\trash\Miscellaneous Trash_372.jpg,trash,trash,0.949454,True,False
data\external_test_realwaste\trash\Miscellaneous Trash_373.jpg,trash,trash,0.84136,True,False
data\external_test_realwaste\trash\Miscellaneous Trash_374.jpg,trash,paper,0.993591,False,False
data\external_test_realwaste\trash\Miscellaneous Trash_375.jpg,trash,trash,0.998127,True,False
data\external_test_realwaste\trash\Miscellaneous Trash_376.jpg,trash,paper,0.700143,False,False
data\external_test_realwaste\trash\Miscellaneous Trash_377.jpg,trash,trash,0.993792,True,False
data\external_test_realwaste\trash\Miscellaneous Trash_378.jpg,trash,trash,0.92169,True,False
data\external_test_realwaste\trash\Miscellaneous Trash_379.jpg,trash,trash,0.673532,True,False
data\external_test_realwaste\trash\Miscellaneous Trash_38.jpg,trash,trash,0.996861,True,False
data\external_test_realwaste\trash\Miscellaneous Trash_380.jpg,trash,trash,0.998783,True,False
data\external_test_realwaste\trash\Miscellaneous Trash_381.jpg,trash,trash,0.998213,True,False
data\external_test_realwaste\trash\Miscellaneous Trash_382.jpg,trash,trash,0.999983,True,False
data\external_test_realwaste\trash\Miscellaneous Trash_383.jpg,trash,trash,0.999936,True,False
data\external_test_realwaste\trash\Miscellaneous Trash_384.jpg,trash,trash,0.999986,True,False
data\external_test_realwaste\trash\Miscellaneous Trash_385.jpg,trash,trash,0.998112,True,False
data\external_test_realwaste\trash\Miscellaneous Trash_386.jpg,trash,trash,0.755197,True,False
data\external_test_realwaste\trash\Miscellaneous Trash_387.jpg,trash,cardboard,0.818654,False,False
data\external_test_realwaste\trash\Miscellaneous Trash_388.jpg,trash,trash,0.988946,True,False
data\external_test_realwaste\trash\Miscellaneous Trash_389.jpg,trash,trash,0.770335,True,False
data\external_test_realwaste\trash\Miscellaneous Trash_39.jpg,trash,trash,0.989293,True,False
data\external_test_realwaste\trash\Miscellaneous Trash_390.jpg,trash,trash,0.963349,True,False
data\external_test_realwaste\trash\Miscellaneous Trash_391.jpg,trash,trash,0.999326,True,False
data\external_test_realwaste\trash\Miscellaneous Trash_392.jpg,trash,trash,0.994891,True,False
data\external_test_realwaste\trash\Miscellaneous Trash_393.jpg,trash,trash,0.999128,True,False
data\external_test_realwaste\trash\Miscellaneous Trash_394.jpg,trash,trash,0.992847,True,False
data\external_test_realwaste\trash\Miscellaneous Trash_395.jpg,trash,trash,0.999001,True,False
data\external_test_realwaste\trash\Miscellaneous Trash_396.jpg,trash,trash,0.997448,True,False
data\external_test_realwaste\trash\Miscellaneous Trash_397.jpg,trash,trash,0.895394,True,False
data\external_test_realwaste\trash\Miscellaneous Trash_398.jpg,trash,trash,0.866343,True,False
data\external_test_realwaste\trash\Miscellaneous Trash_399.jpg,trash,trash,0.999768,True,False
data\external_test_realwaste\trash\Miscellaneous Trash_4.jpg,trash,metal,0.907075,False,False
data\external_test_realwaste\trash\Miscellaneous Trash_40.jpg,trash,trash,0.937428,True,False
data\external_test_realwaste\trash\Miscellaneous Trash_400.jpg,trash,trash,0.99906,True,False
data\external_test_realwaste\trash\Miscellaneous Trash_401.jpg,trash,trash,0.997762,True,False
data\external_test_realwaste\trash\Miscellaneous Trash_402.jpg,trash,glass,0.697545,False,False
data\external_test_realwaste\trash\Miscellaneous Trash_403.jpg,trash,trash,0.98756,True,False
data\external_test_realwaste\trash\Miscellaneous Trash_404.jpg,trash,trash,0.994513,True,False
data\external_test_realwaste\trash\Miscellaneous Trash_405.jpg,trash,trash,0.987221,True,False
data\external_test_realwaste\trash\Miscellaneous Trash_406.jpg,trash,paper,0.570019,False,True
data\external_test_realwaste\trash\Miscellaneous Trash_407.jpg,trash,trash,0.657359,True,False
data\external_test_realwaste\trash\Miscellaneous Trash_408.jpg,trash,trash,0.663088,True,False
data\external_test_realwaste\trash\Miscellaneous Trash_409.jpg,trash,plastic,0.978195,False,False
data\external_test_realwaste\trash\Miscellaneous Trash_41.jpg,trash,glass,0.834229,False,False
data\external_test_realwaste\trash\Miscellaneous Trash_410.jpg,trash,trash,0.749929,True,False
data\external_test_realwaste\trash\Miscellaneous Trash_411.jpg,trash,trash,0.693283,True,False
data\external_test_realwaste\trash\Miscellaneous Trash_412.jpg,trash,plastic,0.555975,False,True
data\external_test_realwaste\trash\Miscellaneous Trash_413.jpg,trash,trash,0.999692,True,False
data\external_test_realwaste\trash\Miscellaneous Trash_414.jpg,trash,trash,0.998864,True,False
data\external_test_realwaste\trash\Miscellaneous Trash_415.jpg,trash,trash,0.999403,True,False
data\external_test_realwaste\trash\Miscellaneous Trash_416.jpg,trash,trash,0.999776,True,False
data\external_test_realwaste\trash\Miscellaneous Trash_417.jpg,trash,trash,0.990501,True,False
data\external_test_realwaste\trash\Miscellaneous Trash_418.jpg,trash,trash,0.99915,True,False
data\external_test_realwaste\trash\Miscellaneous Trash_419.jpg,trash,trash,0.995663,True,False
data\external_test_realwaste\trash\Miscellaneous Trash_42.jpg,trash,trash,0.357956,True,True
data\external_test_realwaste\trash\Miscellaneous Trash_420.jpg,trash,plastic,0.608964,False,False
data\external_test_realwaste\trash\Miscellaneous Trash_421.jpg,trash,trash,0.999444,True,False
data\external_test_realwaste\trash\Miscellaneous Trash_422.jpg,trash,trash,0.885201,True,False
data\external_test_realwaste\trash\Miscellaneous Trash_423.jpg,trash,trash,0.999732,True,False
data\external_test_realwaste\trash\Miscellaneous Trash_424.jpg,trash,trash,0.984889,True,False
data\external_test_realwaste\trash\Miscellaneous Trash_425.jpg,trash,trash,0.999857,True,False
data\external_test_realwaste\trash\Miscellaneous Trash_426.jpg,trash,plastic,0.851225,False,False
data\external_test_realwaste\trash\Miscellaneous Trash_427.jpg,trash,paper,0.572925,False,True
data\external_test_realwaste\trash\Miscellaneous Trash_428.jpg,trash,glass,0.748056,False,False
data\external_test_realwaste\trash\Miscellaneous Trash_429.jpg,trash,trash,0.813111,True,False
data\external_test_realwaste\trash\Miscellaneous Trash_43.jpg,trash,glass,0.846301,False,False
data\external_test_realwaste\trash\Miscellaneous Trash_430.jpg,trash,paper,0.576524,False,True
data\external_test_realwaste\trash\Miscellaneous Trash_431.jpg,trash,trash,0.961741,True,False
data\external_test_realwaste\trash\Miscellaneous Trash_432.jpg,trash,trash,0.975881,True,False
data\external_test_realwaste\trash\Miscellaneous Trash_433.jpg,trash,paper,0.784329,False,False
data\external_test_realwaste\trash\Miscellaneous Trash_434.jpg,trash,trash,0.998927,True,False
data\external_test_realwaste\trash\Miscellaneous Trash_435.jpg,trash,trash,0.992281,True,False
data\external_test_realwaste\trash\Miscellaneous Trash_436.jpg,trash,glass,0.822181,False,False
data\external_test_realwaste\trash\Miscellaneous Trash_437.jpg,trash,trash,0.876696,True,False
data\external_test_realwaste\trash\Miscellaneous Trash_438.jpg,trash,trash,0.558923,True,True
data\external_test_realwaste\trash\Miscellaneous Trash_439.jpg,trash,trash,0.994776,True,False
data\external_test_realwaste\trash\Miscellaneous Trash_44.jpg,trash,paper,0.598366,False,True
data\external_test_realwaste\trash\Miscellaneous Trash_440.jpg,trash,trash,0.996651,True,False
data\external_test_realwaste\trash\Miscellaneous Trash_441.jpg,trash,trash,0.841877,True,False
data\external_test_realwaste\trash\Miscellaneous Trash_442.jpg,trash,trash,0.842745,True,False
data\external_test_realwaste\trash\Miscellaneous Trash_443.jpg,trash,trash,0.998918,True,False
data\external_test_realwaste\trash\Miscellaneous Trash_444.jpg,trash,trash,0.963619,True,False
data\external_test_realwaste\trash\Miscellaneous Trash_445.jpg,trash,trash,0.973532,True,False
data\external_test_realwaste\trash\Miscellaneous Trash_446.jpg,trash,trash,0.999694,True,False
data\external_test_realwaste\trash\Miscellaneous Trash_447.jpg,trash,trash,0.999982,True,False
data\external_test_realwaste\trash\Miscellaneous Trash_448.jpg,trash,trash,0.999259,True,False
data\external_test_realwaste\trash\Miscellaneous Trash_449.jpg,trash,trash,0.980697,True,False
data\external_test_realwaste\trash\Miscellaneous Trash_45.jpg,trash,trash,0.975317,True,False
data\external_test_realwaste\trash\Miscellaneous Trash_450.jpg,trash,trash,0.950469,True,False
data\external_test_realwaste\trash\Miscellaneous Trash_451.jpg,trash,trash,0.909823,True,False
data\external_test_realwaste\trash\Miscellaneous Trash_452.jpg,trash,trash,0.912916,True,False
data\external_test_realwaste\trash\Miscellaneous Trash_453.jpg,trash,trash,0.998428,True,False
data\external_test_realwaste\trash\Miscellaneous Trash_454.jpg,trash,trash,0.991606,True,False
data\external_test_realwaste\trash\Miscellaneous Trash_455.jpg,trash,trash,0.976067,True,False
data\external_test_realwaste\trash\Miscellaneous Trash_456.jpg,trash,trash,0.998856,True,False
data\external_test_realwaste\trash\Miscellaneous Trash_457.jpg,trash,trash,0.995794,True,False
data\external_test_realwaste\trash\Miscellaneous Trash_458.jpg,trash,trash,0.991592,True,False
data\external_test_realwaste\trash\Miscellaneous Trash_459.jpg,trash,trash,0.998423,True,False
data\external_test_realwaste\trash\Miscellaneous Trash_46.jpg,trash,trash,0.994427,True,False
data\external_test_realwaste\trash\Miscellaneous Trash_460.jpg,trash,plastic,0.633698,False,False
data\external_test_realwaste\trash\Miscellaneous Trash_461.jpg,trash,trash,0.834986,True,False
data\external_test_realwaste\trash\Miscellaneous Trash_462.jpg,trash,trash,0.473078,True,True
data\external_test_realwaste\trash\Miscellaneous Trash_463.jpg,trash,trash,0.990921,True,False
data\external_test_realwaste\trash\Miscellaneous Trash_464.jpg,trash,trash,0.990253,True,False
data\external_test_realwaste\trash\Miscellaneous Trash_465.jpg,trash,trash,0.974003,True,False
data\external_test_realwaste\trash\Miscellaneous Trash_466.jpg,trash,trash,0.999535,True,False
data\external_test_realwaste\trash\Miscellaneous Trash_467.jpg,trash,trash,0.999866,True,False
data\external_test_realwaste\trash\Miscellaneous Trash_468.jpg,trash,trash,0.994329,True,False
data\external_test_realwaste\trash\Miscellaneous Trash_469.jpg,trash,trash,0.997299,True,False
data\external_test_realwaste\trash\Miscellaneous Trash_47.jpg,trash,paper,0.933686,False,False
data\external_test_realwaste\trash\Miscellaneous Trash_470.jpg,trash,trash,0.995906,True,False
data\external_test_realwaste\trash\Miscellaneous Trash_471.jpg,trash,trash,0.999791,True,False
data\external_test_realwaste\trash\Miscellaneous Trash_472.jpg,trash,trash,0.986618,True,False
data\external_test_realwaste\trash\Miscellaneous Trash_473.jpg,trash,trash,0.999363,True,False
data\external_test_realwaste\trash\Miscellaneous Trash_474.jpg,trash,trash,0.962586,True,False
data\external_test_realwaste\trash\Miscellaneous Trash_475.jpg,trash,trash,0.808608,True,False
data\external_test_realwaste\trash\Miscellaneous Trash_476.jpg,trash,trash,0.676716,True,False
data\external_test_realwaste\trash\Miscellaneous Trash_477.jpg,trash,trash,0.998224,True,False
data\external_test_realwaste\trash\Miscellaneous Trash_478.jpg,trash,trash,0.993783,True,False
data\external_test_realwaste\trash\Miscellaneous Trash_479.jpg,trash,trash,0.999997,True,False
data\external_test_realwaste\trash\Miscellaneous Trash_48.jpg,trash,paper,0.752578,False,False
data\external_test_realwaste\trash\Miscellaneous Trash_480.jpg,trash,trash,0.984009,True,False
data\external_test_realwaste\trash\Miscellaneous Trash_481.jpg,trash,trash,0.997643,True,False
data\external_test_realwaste\trash\Miscellaneous Trash_482.jpg,trash,trash,0.999802,True,False
data\external_test_realwaste\trash\Miscellaneous Trash_483.jpg,trash,trash,0.985638,True,False
data\external_test_realwaste\trash\Miscellaneous Trash_484.jpg,trash,trash,0.797649,True,False
data\external_test_realwaste\trash\Miscellaneous Trash_485.jpg,trash,trash,0.990648,True,False
data\external_test_realwaste\trash\Miscellaneous Trash_486.jpg,trash,plastic,0.68858,False,False
data\external_test_realwaste\trash\Miscellaneous Trash_487.jpg,trash,trash,0.949536,True,False
data\external_test_realwaste\trash\Miscellaneous Trash_488.jpg,trash,trash,0.983068,True,False
data\external_test_realwaste\trash\Miscellaneous Trash_489.jpg,trash,trash,0.999039,True,False
data\external_test_realwaste\trash\Miscellaneous Trash_49.jpg,trash,plastic,0.822763,False,False
data\external_test_realwaste\trash\Miscellaneous Trash_490.jpg,trash,trash,0.998521,True,False
data\external_test_realwaste\trash\Miscellaneous Trash_491.jpg,trash,trash,0.990553,True,False
data\external_test_realwaste\trash\Miscellaneous Trash_492.jpg,trash,trash,0.998298,True,False
data\external_test_realwaste\trash\Miscellaneous Trash_493.jpg,trash,trash,0.990793,True,False
data\external_test_realwaste\trash\Miscellaneous Trash_494.jpg,trash,trash,0.999364,True,False
data\external_test_realwaste\trash\Miscellaneous Trash_495.jpg,trash,trash,0.995531,True,False
data\external_test_realwaste\trash\Miscellaneous Trash_5.jpg,trash,trash,0.940863,True,False
data\external_test_realwaste\trash\Miscellaneous Trash_50.jpg,trash,trash,0.909081,True,False
data\external_test_realwaste\trash\Miscellaneous Trash_51.jpg,trash,trash,0.999411,True,False
data\external_test_realwaste\trash\Miscellaneous Trash_52.jpg,trash,trash,0.998633,True,False
data\external_test_realwaste\trash\Miscellaneous Trash_53.jpg,trash,trash,0.999993,True,False
data\external_test_realwaste\trash\Miscellaneous Trash_54.jpg,trash,trash,0.948144,True,False
data\external_test_realwaste\trash\Miscellaneous Trash_55.jpg,trash,trash,0.999999,True,False
data\external_test_realwaste\trash\Miscellaneous Trash_56.jpg,trash,trash,0.978923,True,False
data\external_test_realwaste\trash\Miscellaneous Trash_57.jpg,trash,trash,0.412299,True,True
data\external_test_realwaste\trash\Miscellaneous Trash_58.jpg,trash,trash,0.996645,True,False
data\external_test_realwaste\trash\Miscellaneous Trash_59.jpg,trash,paper,0.556004,False,True
data\external_test_realwaste\trash\Miscellaneous Trash_6.jpg,trash,trash,0.670819,True,False
data\external_test_realwaste\trash\Miscellaneous Trash_60.jpg,trash,trash,0.690716,True,False
data\external_test_realwaste\trash\Miscellaneous Trash_61.jpg,trash,trash,0.719641,True,False
data\external_test_realwaste\trash\Miscellaneous Trash_62.jpg,trash,paper,0.998229,False,False
data\external_test_realwaste\trash\Miscellaneous Trash_63.jpg,trash,trash,0.990615,True,False
data\external_test_realwaste\trash\Miscellaneous Trash_64.jpg,trash,paper,0.99935,False,False
data\external_test_realwaste\trash\Miscellaneous Trash_65.jpg,trash,paper,0.995734,False,False
data\external_test_realwaste\trash\Miscellaneous Trash_66.jpg,trash,trash,0.989754,True,False
data\external_test_realwaste\trash\Miscellaneous Trash_67.jpg,trash,trash,0.991768,True,False
data\external_test_realwaste\trash\Miscellaneous Trash_68.jpg,trash,trash,0.997027,True,False
data\external_test_realwaste\trash\Miscellaneous Trash_69.jpg,trash,trash,0.887613,True,False
data\external_test_realwaste\trash\Miscellaneous Trash_7.jpg,trash,trash,0.985326,True,False
data\external_test_realwaste\trash\Miscellaneous Trash_70.jpg,trash,trash,0.995617,True,False
data\external_test_realwaste\trash\Miscellaneous Trash_71.jpg,trash,trash,0.99993,True,False
data\external_test_realwaste\trash\Miscellaneous Trash_72.jpg,trash,trash,0.465427,True,True
data\external_test_realwaste\trash\Miscellaneous Trash_73.jpg,trash,trash,0.59935,True,True
data\external_test_realwaste\trash\Miscellaneous Trash_74.jpg,trash,trash,0.68368,True,False
data\external_test_realwaste\trash\Miscellaneous Trash_75.jpg,trash,trash,0.409019,True,True
data\external_test_realwaste\trash\Miscellaneous Trash_76.jpg,trash,trash,0.881313,True,False
data\external_test_realwaste\trash\Miscellaneous Trash_77.jpg,trash,trash,0.997196,True,False
data\external_test_realwaste\trash\Miscellaneous Trash_78.jpg,trash,trash,0.997762,True,False
data\external_test_realwaste\trash\Miscellaneous Trash_79.jpg,trash,cardboard,0.405808,False,True
data\external_test_realwaste\trash\Miscellaneous Trash_8.jpg,trash,trash,0.93664,True,False
data\external_test_realwaste\trash\Miscellaneous Trash_80.jpg,trash,trash,0.999678,True,False
data\external_test_realwaste\trash\Miscellaneous Trash_81.jpg,trash,trash,0.972916,True,False
data\external_test_realwaste\trash\Miscellaneous Trash_82.jpg,trash,trash,0.999989,True,False
data\external_test_realwaste\trash\Miscellaneous Trash_83.jpg,trash,trash,0.999999,True,False
data\external_test_realwaste\trash\Miscellaneous Trash_84.jpg,trash,trash,0.987467,True,False
data\external_test_realwaste\trash\Miscellaneous Trash_85.jpg,trash,trash,0.999801,True,False
data\external_test_realwaste\trash\Miscellaneous Trash_86.jpg,trash,trash,0.888689,True,False
data\external_test_realwaste\trash\Miscellaneous Trash_87.jpg,trash,trash,0.99978,True,False
data\external_test_realwaste\trash\Miscellaneous Trash_88.jpg,trash,paper,0.621747,False,False
data\external_test_realwaste\trash\Miscellaneous Trash_89.jpg,trash,trash,0.880033,True,False
data\external_test_realwaste\trash\Miscellaneous Trash_9.jpg,trash,trash,0.913632,True,False
data\external_test_realwaste\trash\Miscellaneous Trash_90.jpg,trash,paper,0.697218,False,False
data\external_test_realwaste\trash\Miscellaneous Trash_91.jpg,trash,paper,0.997523,False,False
data\external_test_realwaste\trash\Miscellaneous Trash_92.jpg,trash,plastic,0.757502,False,False
data\external_test_realwaste\trash\Miscellaneous Trash_93.jpg,trash,paper,0.993799,False,False
data\external_test_realwaste\trash\Miscellaneous Trash_94.jpg,trash,trash,0.931141,True,False
data\external_test_realwaste\trash\Miscellaneous Trash_95.jpg,trash,trash,0.958931,True,False
data\external_test_realwaste\trash\Miscellaneous Trash_96.jpg,trash,trash,0.854667,True,False
data\external_test_realwaste\trash\Miscellaneous Trash_97.jpg,trash,trash,0.842361,True,False
data\external_test_realwaste\trash\Miscellaneous Trash_98.jpg,trash,trash,0.337873,True,True
data\external_test_realwaste\trash\Miscellaneous Trash_99.jpg,trash,trash,0.999699,True,False
